"seasonal","trend","remainder","date"
6500.92426783209,34421.3077788748,4262.76795329313,2009-05-01
2420.34024541623,34424.2682764384,2011.39147814533,2009-05-02
-4442.10523641906,34427.2287740021,1826.87646241697,2009-05-03
-2380.77956464368,34430.1892715657,2933.59029307793,2009-05-04
-2089.47329282349,34433.1497691294,2015.32352369409,2009-05-05
-655.860523328672,34436.1102666931,1868.75025663562,2009-05-06
646.954113934039,34439.0707642567,2535.97512180926,2009-05-07
6500.92426783209,34442.0312618204,3695.04447034755,2009-05-08
2420.34024541623,34444.991759384,1277.66799519976,2009-05-09
-4442.10523641906,34447.9522569477,-4082.84702052861,2009-05-10
-2380.77956464368,34450.9127545113,177.866810132349,2009-05-11
-2089.47329282349,34453.873252075,-345.399959251496,2009-05-12
-655.860523328672,34456.8337496386,-51.973226309965,2009-05-13
646.954113934039,34459.7942472023,2100.25163886367,2009-05-14
6500.92426783209,34462.7547447659,2706.32098740197,2009-05-15
2420.34024541623,34465.7152423296,-520.055487745827,2009-05-16
-4442.10523641906,34468.6757398933,-462.570503474191,2009-05-17
-2380.77956464368,34471.6362374569,971.143327186772,2009-05-18
-2089.47329282349,34474.5967350206,707.876557802927,2009-05-19
-655.860523328672,34477.5572325842,-254.696709255542,2009-05-20
646.954113934039,34480.5177301479,-671.471844081905,2009-05-21
6500.92426783209,34483.4782277115,2858.59750445639,2009-05-22
2420.34024541623,34486.4387252752,1121.2210293086,2009-05-23
-4442.10523641906,34489.3992228388,-2778.29398641977,2009-05-24
-2380.77956464368,34492.3597204025,-1615.58015575881,2009-05-25
-2089.47329282349,34495.3202179661,54.1530748573496,2009-05-26
-655.860523328672,34498.2807155298,-277.42019220112,2009-05-27
646.954113934039,34501.2412130934,-824.195327027483,2009-05-28
6500.92426783209,34504.2017106571,219.874021510805,2009-05-29
2420.34024541623,34507.1622082208,-1519.50245363699,2009-05-30
-4442.10523641906,34510.1227057844,2267.98253063465,2009-05-31
-2380.77956464368,34513.0832033481,-1018.30363870439,2009-06-01
-2089.47329282349,34516.0437009117,-1372.57040808824,2009-06-02
-655.860523328672,34519.0041984754,-83.1436751467045,2009-06-03
646.954113934039,34521.964696039,2562.08119002693,2009-06-04
6500.92426783209,34524.9251936027,673.150538565227,2009-06-05
2420.34024541623,34527.8856911663,1300.77406341743,2009-06-06
-4442.10523641906,34530.84618873,2594.25904768907,2009-06-07
-2380.77956464368,34534.4006287683,-7959.62106412463,2009-06-08
-2089.47329282349,34537.9550688066,-4582.48177598315,2009-06-09
-655.860523328672,34541.509508845,-4979.64898551629,2009-06-10
646.954113934039,34545.0639488833,-1930.01806281731,2009-06-11
6500.92426783209,34548.6183889216,-35.5426567536852,2009-06-12
2420.34024541623,34552.1728289599,-3125.51307437615,2009-06-13
-4442.10523641906,34555.7272689982,-5207.62203257918,2009-06-14
-2380.77956464368,34559.2817090366,-2208.50214439288,2009-06-15
-2089.47329282349,34562.8361490749,-2807.3628562514,2009-06-16
-655.860523328672,34566.3905891132,-586.530065784536,2009-06-17
646.954113934039,34569.9450291515,50.1008569144324,2009-06-18
6500.92426783209,34573.4994691898,1463.57626297807,2009-06-19
2420.34024541623,34577.0539092282,-279.394154644397,2009-06-20
-4442.10523641906,34580.6083492665,2120.49688715257,2009-06-21
-2380.77956464368,34584.1627893048,-1036.38322466113,2009-06-22
-2089.47329282349,34587.7172293431,-3356.24393651965,2009-06-23
-655.860523328672,34591.2716693815,165.588853947214,2009-06-24
646.954113934039,34594.8261094198,723.219776646183,2009-06-25
6500.92426783209,34598.3805494581,3547.69518270982,2009-06-26
2420.34024541623,34601.9349894964,432.724765087354,2009-06-27
-4442.10523641906,34605.4894295347,-226.384193115678,2009-06-28
-2380.77956464368,34609.0438695731,1678.73569507062,2009-06-29
-2089.47329282349,34612.5983096114,965.874983212103,2009-06-30
-655.860523328672,34616.1527496497,3016.70777367897,2009-07-01
646.954113934039,34619.707189688,-1750.66130362207,2009-07-02
6500.92426783209,34623.2616297263,460.814102441567,2009-07-03
2420.34024541623,34626.8160697647,490.843684819105,2009-07-04
-4442.10523641906,34630.370509803,3527.73472661607,2009-07-05
-2380.77956464368,34633.9249498413,2630.85461480237,2009-07-06
-2089.47329282349,34637.4793898796,3247.99390294385,2009-07-07
-655.860523328672,34641.033829918,3446.82669341072,2009-07-08
646.954113934039,34644.5882699563,3473.45761610968,2009-07-09
6500.92426783209,34648.1427099946,2658.93302217331,2009-07-10
2420.34024541623,34651.6971500329,-4501.03739544914,2009-07-11
-4442.10523641906,34655.2515900712,-1630.14635365218,2009-07-12
-2380.77956464368,34658.8060301096,-1606.02646546588,2009-07-13
-2089.47329282349,34662.3604701479,-358.887177324395,2009-07-14
-655.860523328672,34666.3797705454,694.480752783267,2009-07-15
646.954113934039,34670.3990709429,778.646815123037,2009-07-16
6500.92426783209,34674.4183713404,151.657360827463,2009-07-17
2420.34024541623,34678.437671738,-1701.77791715421,2009-07-18
-4442.10523641906,34682.4569721355,6619.64826428356,2009-07-19
-2380.77956464368,34686.476272533,873.303292110657,2009-07-20
-2089.47329282349,34690.4955729305,593.977719892944,2009-07-21
-655.860523328672,34694.5148733281,-2142.65434999939,2009-07-22
646.954113934039,34698.5341737256,318.511712340376,2009-07-23
6500.92426783209,34702.5534741231,2013.5222580448,2009-07-24
2420.34024541623,34706.5727745206,566.086980063134,2009-07-25
-4442.10523641906,34710.5920749182,1136.5131615009,2009-07-26
-2380.77956464368,34714.6113753157,2185.168189328,2009-07-27
-2089.47329282349,34718.6306757132,90.8426171102838,2009-07-28
-655.860523328672,34722.6499761107,901.210547217946,2009-07-29
646.954113934039,34726.6692765083,840.376609557708,2009-07-30
6500.92426783209,34730.6885769058,1731.38715526213,2009-07-31
2420.34024541623,34734.7078773033,-56.0481227195269,2009-08-01
-4442.10523641906,34738.7271777008,-832.621941281759,2009-08-02
-2380.77956464368,34742.7464780983,1324.03308654534,2009-08-03
-2089.47329282349,34746.7657784959,-561.292485672377,2009-08-04
-655.860523328672,34750.7850788934,630.075444435279,2009-08-05
646.954113934039,34754.8043792909,-121.758493224952,2009-08-06
6500.92426783209,34758.8236796884,2193.25205247947,2009-08-07
2420.34024541623,34762.842980086,2073.81677449781,2009-08-08
-4442.10523641906,34766.8622804835,-336.757044064419,2009-08-09
-2380.77956464368,34770.881580881,-1027.10201623732,2009-08-10
-2089.47329282349,34774.9008812785,-1608.42758845504,2009-08-11
-655.860523328672,34778.9201816761,-737.059658347382,2009-08-12
646.954113934039,34782.9394820736,-725.893596007612,2009-08-13
6500.92426783209,34786.9587824711,2966.11694969681,2009-08-14
2420.34024541623,34790.9780828686,2499.68167171515,2009-08-15
-4442.10523641906,34794.9973832661,-4615.89214684708,2009-08-16
-2380.77956464368,34799.0166836637,-365.237119019992,2009-08-17
-2089.47329282349,34803.0359840612,-782.562691237705,2009-08-18
-655.860523328672,34807.0552844587,-47.194761130042,2009-08-19
646.954113934039,34811.0745848562,-1528.02869879027,2009-08-20
6500.92426783209,34815.1241869862,416.951545181699,2009-08-21
2420.34024541623,34819.1737891162,-301.514034532418,2009-08-22
-4442.10523641906,34823.2233912462,-1520.11815482711,2009-08-23
-2380.77956464368,34827.2729933762,-3278.49342873247,2009-08-24
-2089.47329282349,34831.3225955061,-4936.84930268264,2009-08-25
-655.860523328672,34835.3721976361,-3181.51167430743,2009-08-26
646.954113934039,34839.4217997661,-268.375913700125,2009-08-27
6500.92426783209,34843.4714018961,1438.60433027185,2009-08-28
2420.34024541623,34847.521004026,-2854.86124944227,2009-08-29
-4442.10523641906,34851.570606156,-4139.46536973696,2009-08-30
-2380.77956464368,34855.620208286,-3498.84064364231,2009-08-31
-2089.47329282349,34859.669810416,-2311.1965175925,2009-09-01
-655.860523328672,34863.719412546,-702.858889217285,2009-09-02
646.954113934039,34867.7690146759,-2476.72312860997,2009-09-03
6500.92426783209,34871.8186168059,-2846.742884638,2009-09-04
2420.34024541623,34875.8682189359,-1798.20846435212,2009-09-05
-4442.10523641906,34879.9178210659,-6349.81258464681,2009-09-06
-2380.77956464368,34883.9674231958,-2153.18785855217,2009-09-07
-2089.47329282349,34888.0170253258,-2927.54373250234,2009-09-08
-655.860523328672,34892.0666274558,-1800.20610412713,2009-09-09
646.954113934039,34896.1162295858,-2073.07034351982,2009-09-10
6500.92426783209,34900.1658317158,52.9099004521486,2009-09-11
2420.34024541623,34904.2154338457,246.444320738032,2009-09-12
-4442.10523641906,34908.2650359757,-4405.15979955666,2009-09-13
-2380.77956464368,34912.3146381057,-2017.53507346202,2009-09-14
-2089.47329282349,34916.3642402357,-811.89094741219,2009-09-15
-655.860523328672,34920.4138423657,-539.553319036982,2009-09-16
646.954113934039,34924.4634444956,-5828.41755842967,2009-09-17
6500.92426783209,34928.5130466256,-528.437314457697,2009-09-18
2420.34024541623,34932.5626487556,-1434.90289417181,2009-09-19
-4442.10523641906,34936.6122508856,-1227.50701446651,2009-09-20
-2380.77956464368,34940.6618530155,1982.11771162813,2009-09-21
-2089.47329282349,34944.7114551455,2351.76183767796,2009-09-22
-655.860523328672,34948.7610572755,3410.09946605317,2009-09-23
646.954113934039,34952.8106594055,1393.23522666048,2009-09-24
6500.92426783209,34956.8602615355,4981.21547063245,2009-09-25
2420.34024541623,34960.9098636654,-4448.25010908167,2009-09-26
-4442.10523641906,34965.074514602,-4241.96927818296,2009-09-27
-2380.77956464368,34969.2391655386,1805.54039910507,2009-09-28
-2089.47329282349,34973.4038164752,3644.0694763483,2009-09-29
-655.860523328672,34977.5684674118,4138.29205591689,2009-09-30
646.954113934039,34981.7331183484,2602.3127677176,2009-10-01
6500.92426783209,34985.8977692849,1474.17796288297,2009-10-02
2420.34024541623,34990.0624202215,181.597334362239,2009-10-03
-4442.10523641906,34994.2270711581,-2831.12183473905,2009-10-04
-2380.77956464368,34998.3917220947,-865.612157451018,2009-10-05
-2089.47329282349,35002.5563730313,-2167.0830802078,2009-10-06
-655.860523328672,35006.7210239679,-1393.8605006392,2009-10-07
646.954113934039,35010.8856749045,-1557.83978883849,2009-10-08
6500.92426783209,35015.050325841,946.025406326873,2009-10-09
2420.34024541623,35019.2149767776,-379.555222193849,2009-10-10
-4442.10523641906,35023.3796277142,1456.72560870485,2009-10-11
-2380.77956464368,35027.5442786508,-1704.76471400711,2009-10-12
-2089.47329282349,35031.7089295874,-1248.23563676389,2009-10-13
-655.860523328672,35035.873580524,-2562.01305719529,2009-10-14
646.954113934039,35040.0382314605,-1828.99234539458,2009-10-15
6500.92426783209,35044.2028823971,-681.127150229222,2009-10-16
2420.34024541623,35048.3675333337,-2302.70777874994,2009-10-17
-4442.10523641906,35052.5321842703,-2443.42694785124,2009-10-18
-2380.77956464368,35056.6968352069,-1191.91727056321,2009-10-19
-2089.47329282349,35060.8614861435,-1910.38819331998,2009-10-20
-655.860523328672,35065.0261370801,-2590.16561375138,2009-10-21
646.954113934039,35069.1907880166,-2288.14490195068,2009-10-22
6500.92426783209,35073.3554389532,115.72029321469,2009-10-23
2420.34024541623,35077.5200898898,-2036.86033530604,2009-10-24
-4442.10523641906,35081.6847408264,-5181.57950440733,2009-10-25
-2380.77956464368,35085.849391763,-1316.0698271193,2009-10-26
-2089.47329282349,35090.0140426996,-1607.54074987608,2009-10-27
-655.860523328672,35094.1786936361,-792.318170307473,2009-10-28
646.954113934039,35098.3433445727,678.702541493236,2009-10-29
6500.92426783209,35102.5079955093,863.567736658595,2009-10-30
2420.34024541623,35106.6726464459,-4692.01289186213,2009-10-31
-4442.10523641906,35110.8372973825,-3782.73206096343,2009-11-01
-2380.77956464368,35115.0019483191,12584.7776163246,2009-11-02
-2089.47329282349,35121.4299617701,-9391.9566689466,2009-11-03
-655.860523328672,35127.8579752211,295.002548107579,2009-11-04
646.954113934039,35134.2859886721,-2692.24010260615,2009-11-05
6500.92426783209,35140.7140021231,-863.638269955212,2009-11-06
2420.34024541623,35147.1420155741,-2819.48226099036,2009-11-07
-4442.10523641906,35153.5700290251,-5372.46479260609,2009-11-08
-2380.77956464368,35159.9980424762,-1708.21847783248,2009-11-09
-2089.47329282349,35166.4260559272,-1312.95276310368,2009-11-10
-655.860523328672,35172.8540693782,79.0064539504892,2009-11-11
646.954113934039,35179.2820828292,3979.76380323677,2009-11-12
6500.92426783209,35185.7100962802,4432.36563588771,2009-11-13
2420.34024541623,35192.1381097312,4364.52164485255,2009-11-14
-4442.10523641906,35198.5661231822,917.539113236824,2009-11-15
-2380.77956464368,35204.9941366332,2926.78542801043,2009-11-16
-2089.47329282349,35211.4221500843,2660.05114273923,2009-11-17
-655.860523328672,35217.8501635353,3494.0103597934,2009-11-18
646.954113934039,35224.2781769863,3033.76770907968,2009-11-19
6500.92426783209,35230.7061904373,1165.36954173062,2009-11-20
2420.34024541623,35237.1342038883,790.525550695456,2009-11-21
-4442.10523641906,35243.5622173393,-4055.45698092027,2009-11-22
-2380.77956464368,35249.9902307903,3453.78933385334,2009-11-23
-2089.47329282349,35256.4182442414,4571.05504858214,2009-11-24
-655.860523328672,35262.8462576924,2502.01426563631,2009-11-25
646.954113934039,35269.2742711434,862.771614922589,2009-11-26
6500.92426783209,35275.7022845944,4530.37344757353,2009-11-27
2420.34024541623,35282.1302980454,-1311.47054346163,2009-11-28
-4442.10523641906,35288.5583114964,-78.4530750773556,2009-11-29
-2380.77956464368,35294.9863249474,2624.79323969625,2009-11-30
-2089.47329282349,35301.4143383984,3738.05895442505,2009-12-01
-655.860523328672,35307.8423518495,4331.01817147922,2009-12-02
646.954113934039,35314.2703653005,1678.7755207655,2009-12-03
6500.92426783209,35320.6983787515,4492.37735341644,2009-12-04
2420.34024541623,35327.1263922025,2526.53336238128,2009-12-05
-4442.10523641906,35333.5544056535,4171.55083076555,2009-12-06
-2380.77956464368,35339.9824191045,4521.79714553916,2009-12-07
-2089.47329282349,35346.4104325555,-1155.93713973204,2009-12-08
-655.860523328672,35352.8384460065,5544.02207732213,2009-12-09
646.954113934039,35358.0177470618,4127.02813900418,2009-12-10
6500.92426783209,35363.197048117,3284.87868405088,2009-12-11
2420.34024541623,35368.3763491723,4800.28340541149,2009-12-12
-4442.10523641906,35373.5556502275,2325.54958619153,2009-12-13
-2380.77956464368,35378.7349512828,6488.04461336091,2009-12-14
-2089.47329282349,35383.914252338,7462.55904048547,2009-12-15
-655.860523328672,35389.0935533933,961.766969935408,2009-12-16
646.954113934039,35394.2728544485,914.773031617449,2009-12-17
6500.92426783209,35399.4521555038,5525.62357666415,2009-12-18
2420.34024541623,35404.631456559,1262.02829802476,2009-12-19
-4442.10523641906,35409.8107576143,3971.29447880481,2009-12-20
-2380.77956464368,35414.9900586695,10476.7895059742,2009-12-21
-2089.47329282349,35420.1693597247,10349.3039330987,2009-12-22
-655.860523328672,35425.34866078,8585.51186254869,2009-12-23
646.954113934039,35430.5279618352,1232.51792423073,2009-12-24
6500.92426783209,35435.7072628905,-23310.6315307226,2009-12-25
2420.34024541623,35440.8865639457,11196.773190638,2009-12-26
-4442.10523641906,35446.065865001,2395.03937141809,2009-12-27
-2380.77956464368,35451.2451660562,1883.53439858746,2009-12-28
-2089.47329282349,35456.4244671115,4032.04882571202,2009-12-29
-655.860523328672,35461.6037681667,-981.743244838042,2009-12-30
646.954113934039,35466.783069222,6928.26281684401,2009-12-31
6500.92426783209,35471.9623702772,-9544.8866381093,2010-01-01
2420.34024541623,35477.1416713325,-7527.48191674868,2010-01-02
-4442.10523641906,35482.3209723877,-4115.21573596863,2010-01-03
-2380.77956464368,35487.5002734429,971.279291200735,2010-01-04
-2089.47329282349,35492.6795744982,-555.206281674698,2010-01-05
-655.860523328672,35497.8588755534,-73.9983522247639,2010-01-06
646.954113934039,35503.0381766087,-1994.99229054272,2010-01-07
6500.92426783209,35508.2174776639,-7223.14174549602,2010-01-08
2420.34024541623,35513.3967787192,-10857.7370241354,2010-01-09
-4442.10523641906,35518.5760797744,-6441.47084335536,2010-01-10
-2380.77956464368,35523.7553808297,-8078.97581618598,2010-01-11
-2089.47329282349,35528.9346818849,-7058.46138906143,2010-01-12
-655.860523328672,35534.1139829402,-1351.25345961149,2010-01-13
646.954113934039,35539.2932839954,417.752602070555,2010-01-14
6500.92426783209,35544.4725850507,-802.396852882739,2010-01-15
2420.34024541623,35542.282402725,-6134.62264814118,2010-01-16
-4442.10523641906,35540.0922203993,-3464.98698398019,2010-01-17
-2380.77956464368,35537.9020380736,-1054.12247342987,2010-01-18
-2089.47329282349,35535.7118557479,2735.76143707563,2010-01-19
-655.860523328672,35533.5216734222,4124.33884990651,2010-01-20
646.954113934039,35531.3314910965,3171.7143949695,2010-01-21
6500.92426783209,35529.1413087708,-1344.06557660285,2010-01-22
2420.34024541623,35526.9511264451,-2805.29137186129,2010-01-23
-4442.10523641906,35524.7609441194,2099.3442922997,2010-01-24
-2380.77956464368,35522.5707617937,5873.20880285001,2010-01-25
-2089.47329282349,35520.380579468,5590.09271335552,2010-01-26
-655.860523328672,35518.1903971423,3476.6701261864,2010-01-27
646.954113934039,35516.0002148166,1594.04567124939,2010-01-28
6500.92426783209,35513.8100324909,46.2656996770384,2010-01-29
2420.34024541623,35511.6198501652,-3998.9600955814,2010-01-30
-4442.10523641906,35509.4296678395,-4709.32443142041,2010-01-31
-2380.77956464368,35507.2394855138,-1952.4599208701,2010-02-01
-2089.47329282349,35505.0493031881,-4777.57601036459,2010-02-02
-655.860523328672,35502.8591208624,-4902.99859753371,2010-02-03
646.954113934039,35500.6689385367,-6848.62305247072,2010-02-04
6500.92426783209,35498.478756211,-2168.40302404307,2010-02-05
2420.34024541623,35496.2885738853,-4508.62881930151,2010-02-06
-4442.10523641906,35494.0983915596,-6091.99315514052,2010-02-07
-2380.77956464368,35491.9082092339,-3549.1286445902,2010-02-08
-2089.47329282349,35489.7180269082,-4918.2447340847,2010-02-09
-655.860523328672,35487.5278445825,-3146.66732125382,2010-02-10
646.954113934039,35485.3376622568,-5189.29177619084,2010-02-11
6500.92426783209,35483.1474799311,-174.071747763184,2010-02-12
2420.34024541623,35480.9572976054,1585.70245697838,2010-02-13
-4442.10523641906,35478.7671152797,8258.33812113936,2010-02-14
-2380.77956464368,35476.576932954,805.202631689681,2010-02-15
-2089.47329282349,35474.3867506283,-667.913457804811,2010-02-16
-655.860523328672,35472.1965683026,-1080.33604497393,2010-02-17
646.954113934039,35470.0063859769,-1266.96049991094,2010-02-18
6500.92426783209,35467.8162036512,-1120.7404714833,2010-02-19
2420.34024541623,35465.6260213255,-4638.96626674174,2010-02-20
-4442.10523641906,35463.4358389998,-2670.33060258075,2010-02-21
-2380.77956464368,35455.1635084201,3304.61605622355,2010-02-22
-2089.47329282349,35446.8911778405,5723.58211498304,2010-02-23
-655.860523328672,35438.6188472608,1344.2416760679,2010-02-24
646.954113934039,35430.3465166811,1405.69936938487,2010-02-25
6500.92426783209,35422.0741861014,-712.998453933498,2010-02-26
2420.34024541623,35413.8018555217,-2827.14210093796,2010-02-27
-4442.10523641906,35405.5295249421,-4014.42428852299,2010-02-28
-2380.77956464368,35397.2571943624,1257.52237028131,2010-03-01
-2089.47329282349,35388.9848637827,1780.4884290408,2010-03-02
-655.860523328672,35380.712533203,953.147990125661,2010-03-03
646.954113934039,35372.4402026233,174.605683442634,2010-03-04
6500.92426783209,35364.1678720437,687.907860124258,2010-03-05
2420.34024541623,35355.895541464,-3686.2357868802,2010-03-06
-4442.10523641906,35347.6232108843,3146.48202553477,2010-03-07
-2380.77956464368,35339.3508803046,4795.42868433907,2010-03-08
-2089.47329282349,35331.0785497249,4418.39474309856,2010-03-09
-655.860523328672,35322.8062191452,1343.05430418342,2010-03-10
646.954113934039,35314.5338885656,-17.4880024996091,2010-03-11
6500.92426783209,35306.2615579859,1745.81417418202,2010-03-12
2420.34024541623,35297.9892274062,1294.67052717756,2010-03-13
-4442.10523641906,35289.7168968265,2017.38833959253,2010-03-14
-2380.77956464368,35281.4445662468,-187.665001603171,2010-03-15
-2089.47329282349,35273.1722356672,362.301057156314,2010-03-16
-655.860523328672,35264.8999050875,1721.96061824118,2010-03-17
646.954113934039,35256.6275745078,186.418311558155,2010-03-18
6500.92426783209,35248.3552439281,-3493.27951176022,2010-03-19
2420.34024541623,35240.0829133485,3670.57684123532,2010-03-20
-4442.10523641906,35231.8105827688,243.294653650286,2010-03-21
-2380.77956464368,35223.5382521891,88.2413124545856,2010-03-22
-2089.47329282349,35215.2659216094,1975.20737121408,2010-03-23
-655.860523328672,35206.9935910297,2572.86693229894,2010-03-24
646.954113934039,35198.7212604501,3410.32462561591,2010-03-25
6500.92426783209,35190.4489298704,1897.62680229754,2010-03-26
2420.34024541623,35182.1765992907,4061.48315529308,2010-03-27
-4442.10523641906,35173.904268711,4029.20096770805,2010-03-28
-2380.77956464368,35165.6319381313,4766.14762651234,2010-03-29
-2089.47329282349,35157.3596075517,6168.11368527183,2010-03-30
-655.860523328672,35147.4555840217,6237.40493930702,2010-03-31
646.954113934039,35137.5515604917,9112.49432557431,2010-04-01
6500.92426783209,35127.6475369617,-11332.5718047937,2010-04-02
2420.34024541623,35117.7435134317,3554.91624115211,2010-04-03
-4442.10523641906,35107.8394899017,2970.2657465174,2010-04-04
-2380.77956464368,35097.9354663717,-2666.15590172798,2010-04-05
-2089.47329282349,35088.0314428417,7084.44184998182,2010-04-06
-655.860523328672,35078.1274193117,6294.733104017,2010-04-07
646.954113934039,35068.2233957817,7076.82249028429,2010-04-08
6500.92426783209,35058.3193722517,6368.75635991625,2010-04-09
2420.34024541623,35048.4153487217,3429.2444058621,2010-04-10
-4442.10523641906,35038.5113251917,-2077.40608877261,2010-04-11
-2380.77956464368,35028.6073016617,1698.17226298201,2010-04-12
-2089.47329282349,35018.7032781317,3157.77001469181,2010-04-13
-655.860523328672,35008.7992546017,3657.061268727,2010-04-14
646.954113934039,34998.8952310717,4124.15065499429,2010-04-15
6500.92426783209,34988.9912075417,6079.08452462623,2010-04-16
2420.34024541623,34979.0871840117,3312.57257057209,2010-04-17
-4442.10523641906,34969.1831604817,1651.92207593738,2010-04-18
-2380.77956464368,34959.2791369517,1930.50042769199,2010-04-19
-2089.47329282349,34949.3751134217,-803.901820598199,2010-04-20
-655.860523328672,34939.4710898917,-1116.61056656302,2010-04-21
646.954113934039,34929.5670663617,-1553.52118029573,2010-04-22
6500.92426783209,34919.6630428317,-1629.58731066378,2010-04-23
2420.34024541623,34909.7590193017,43.9007352820772,2010-04-24
-4442.10523641906,34899.8549957717,10640.2502406474,2010-04-25
-2380.77956464368,34889.9509722417,-5813.17140759802,2010-04-26
-2089.47329282349,34880.0469487117,-1320.57365588821,2010-04-27
-655.860523328672,34870.1429251817,-98.2824018530227,2010-04-28
646.954113934039,34860.2389016517,-605.193015585734,2010-04-29
6500.92426783209,34850.3348781217,1189.74085404621,2010-04-30
2420.34024541623,34840.4308545917,37.2288999920711,2010-05-01
-4442.10523641906,34830.5268310617,-1887.42159464264,2010-05-02
-2380.77956464368,34820.6228075317,694.156757111974,2010-05-03
-2089.47329282349,34810.7187840017,-2647.24549117822,2010-05-04
-655.860523328672,34800.8147604717,-681.954237143036,2010-05-05
646.954113934039,34790.9107369417,1026.13514912425,2010-05-06
6500.92426783209,34783.1005164838,1537.97521568415,2010-05-07
2420.34024541623,34775.2902960258,1920.36945855796,2010-05-08
-4442.10523641906,34767.4800755679,-2911.3748391488,2010-05-09
-2380.77956464368,34759.6698551099,-1404.89029046624,2010-05-10
-2089.47329282349,34751.859634652,-2670.38634182849,2010-05-11
-655.860523328672,34744.049414194,-2115.18889086535,2010-05-12
646.954113934039,34736.2391937361,-2982.19330767011,2010-05-13
6500.92426783209,34728.4289732781,-1367.35324111021,2010-05-14
2420.34024541623,34720.6187528202,-986.958998236405,2010-05-15
-4442.10523641906,34712.8085323622,-3000.70329594317,2010-05-16
-2380.77956464368,34704.9983119043,-1891.21874726061,2010-05-17
-2089.47329282349,34697.1880914463,-1182.71479862285,2010-05-18
-655.860523328672,34689.3778709884,1829.48265234028,2010-05-19
646.954113934039,34681.5676505304,-1193.52176446448,2010-05-20
6500.92426783209,34673.7574300725,1309.31830209542,2010-05-21
2420.34024541623,34665.9472096145,2493.71254496922,2010-05-22
-4442.10523641906,34658.1369891566,1248.96824726246,2010-05-23
-2380.77956464368,34650.3267686987,-662.547204054972,2010-05-24
-2089.47329282349,34642.5165482407,-2167.04325541722,2010-05-25
-655.860523328672,34634.7063277828,-2461.84580445408,2010-05-26
646.954113934039,34626.8961073248,-2154.85022125885,2010-05-27
6500.92426783209,34619.0858868669,511.989845301054,2010-05-28
2420.34024541623,34611.2756664089,-718.615911825138,2010-05-29
-4442.10523641906,34603.465445951,-2041.3602095319,2010-05-30
-2380.77956464368,34595.655225493,-3862.87566084933,2010-05-31
-2089.47329282349,34587.8450050351,-3297.37171221158,2010-06-01
-655.860523328672,34580.0347845771,-2377.17426124844,2010-06-02
646.954113934039,34572.2245641192,-3479.17867805322,2010-06-03
6500.92426783209,34564.4143436612,489.661388506684,2010-06-04
2420.34024541623,34556.6041232033,-1881.94436861951,2010-06-05
-4442.10523641906,34548.7939027453,-3611.68866632627,2010-06-06
-2380.77956464368,34540.9836822874,-2585.2041176437,2010-06-07
-2089.47329282349,34533.1734618294,-2731.70016900595,2010-06-08
-655.860523328672,34525.3632413715,-4622.50271804282,2010-06-09
646.954113934039,34517.5530209135,-638.507134847576,2010-06-10
6500.92426783209,34509.7428004556,383.332931712321,2010-06-11
2420.34024541623,34501.9325799976,-498.272825413871,2010-06-12
-4442.10523641906,34495.0249635692,2447.08027284986,2010-06-13
-2380.77956464368,34488.1173471408,-6164.33778249708,2010-06-14
-2089.47329282349,34481.2097307123,-2848.73643788883,2010-06-15
-655.860523328672,34474.3021142839,-4783.4415909552,2010-06-16
646.954113934039,34467.3944978554,-5463.34861178948,2010-06-17
6500.92426783209,34460.486881427,-1290.41114925909,2010-06-18
2420.34024541623,34453.5792649986,-532.919510414788,2010-06-19
-4442.10523641906,34446.6716485701,-3677.56641215106,2010-06-20
-2380.77956464368,34439.7640321417,-3153.98446749799,2010-06-21
-2089.47329282349,34432.8564157132,-2632.38312288975,2010-06-22
-655.860523328672,34425.9487992848,-2747.08827595612,2010-06-23
646.954113934039,34419.0411828564,-2364.99529679039,2010-06-24
6500.92426783209,34412.1335664279,-4666.05783426,2010-06-25
2420.34024541623,34405.2259499995,-1119.5661954157,2010-06-26
-4442.10523641906,34398.318333571,-313.213097151973,2010-06-27
-2380.77956464368,34391.4107171426,-541.631152498914,2010-06-28
-2089.47329282349,34384.5031007142,-2139.02980789067,2010-06-29
-655.860523328672,34377.5954842857,551.265039042963,2010-06-30
646.954113934039,34370.6878678573,275.358018208695,2010-07-01
6500.92426783209,34363.7802514288,163.295480739085,2010-07-02
2420.34024541623,34356.8726350004,1992.78711958339,2010-07-03
-4442.10523641906,34349.9650185719,-750.859782152882,2010-07-04
-2380.77956464368,34343.0574021435,2465.72216250018,2010-07-05
-2089.47329282349,34336.1497857151,4527.32350710842,2010-07-06
-655.860523328672,34329.2421692866,4432.61835404205,2010-07-07
646.954113934039,34322.3345528582,3466.71133320778,2010-07-08
6500.92426783209,34315.4269364297,4517.64879573817,2010-07-09
2420.34024541623,34308.5193200013,-1986.85956541753,2010-07-10
-4442.10523641906,34301.6117035729,-1114.5064671538,2010-07-11
-2380.77956464368,34294.7040871444,-894.92452250074,2010-07-12
-2089.47329282349,34287.796470716,1105.67682210751,2010-07-13
-655.860523328672,34280.8888542875,714.971669041137,2010-07-14
646.954113934039,34273.9812378591,172.064648206862,2010-07-15
6500.92426783209,34267.0736214307,731.002110737252,2010-07-16
2420.34024541623,34260.1660050022,1796.49374958155,2010-07-17
-4442.10523641906,34253.2583885738,-4179.15315215471,2010-07-18
-2380.77956464368,34246.3507721453,-310.571207501656,2010-07-19
-2089.47329282349,34246.4395333138,-1067.96624049034,2010-07-20
-655.860523328672,34246.5282944823,-459.667771153661,2010-07-21
646.954113934039,34246.6170556508,-1955.57116958487,2010-07-22
6500.92426783209,34246.7058168193,374.36991534858,2010-07-23
2420.34024541623,34246.7945779878,976.865176595944,2010-07-24
-4442.10523641906,34246.8833391563,-104.778102737269,2010-07-25
-2380.77956464368,34246.9721003248,1607.80746431885,2010-07-26
-2089.47329282349,34247.0608614933,2299.41243133016,2010-07-27
-655.860523328672,34247.1496226618,-826.289099333153,2010-07-28
646.954113934039,34247.2383838303,804.807502235635,2010-07-29
6500.92426783209,34247.3271449988,7449.74858716909,2010-07-30
2420.34024541623,34247.4159061673,5837.24384841644,2010-07-31
-4442.10523641906,34247.5046673358,569.600569083239,2010-08-01
-2380.77956464368,34247.5934285043,582.18613613936,2010-08-02
-2089.47329282349,34247.6821896728,1568.79110315067,2010-08-03
-655.860523328672,34247.7709508413,10.0895724873553,2010-08-04
646.954113934039,34247.8597120098,1286.18617405614,2010-08-05
6500.92426783209,34247.9484731783,1317.1272589896,2010-08-06
2420.34024541623,34248.0372343468,-156.377479763047,2010-08-07
-4442.10523641906,34248.1259955153,927.979240903747,2010-08-08
-2380.77956464368,34248.2147566838,1521.56480795986,2010-08-09
-2089.47329282349,34248.3035178523,-3286.83022502883,2010-08-10
-655.860523328672,34248.3922790208,-3772.53175569214,2010-08-11
646.954113934039,34248.4810401893,672.564845876652,2010-08-12
6500.92426783209,34248.5698013578,4400.5059308101,2010-08-13
2420.34024541623,34248.6585625263,472.001192057462,2010-08-14
-4442.10523641906,34248.7473236948,1057.35791272426,2010-08-15
-2380.77956464368,34248.8360848633,-1983.05652021963,2010-08-16
-2089.47329282349,34248.9248460318,-1062.45155320832,2010-08-17
-655.860523328672,34249.0136072003,-3776.15308387164,2010-08-18
646.954113934039,34249.1023683688,-2269.05648230284,2010-08-19
6500.92426783209,34249.1911295373,-1388.11539736939,2010-08-20
2420.34024541623,34249.2798907058,-340.62013612203,2010-08-21
-4442.10523641906,34249.3686518743,-1164.26341545524,2010-08-22
-2380.77956464368,34249.4574130428,-1500.67784839912,2010-08-23
-2089.47329282349,34249.5461742113,-4244.07288138782,2010-08-24
-655.860523328672,34249.6349353798,-3966.77441205113,2010-08-25
646.954113934039,34256.7989933467,-2868.75310728076,2010-08-26
6500.92426783209,34263.9630513136,136.112680854276,2010-08-27
2420.34024541623,34271.1271092806,5078.53264530322,2010-08-28
-4442.10523641906,34278.2911672475,1701.81406917159,2010-08-29
-2380.77956464368,34285.4552252144,-1927.67566057071,2010-08-30
-2089.47329282349,34292.6192831813,-4499.14599035783,2010-08-31
-655.860523328672,34299.7833411482,-5394.92281781956,2010-09-01
646.954113934039,34306.9473991151,-1796.90151304919,2010-09-02
6500.92426783209,34314.1114570821,515.964275085847,2010-09-03
2420.34024541623,34321.275515049,-3374.61576046522,2010-09-04
-4442.10523641906,34328.4395730159,-4250.33433659685,2010-09-05
-2380.77956464368,34335.6036309828,-2672.82406633914,2010-09-06
-2089.47329282349,34342.7676889497,-1333.29439612626,2010-09-07
-655.860523328672,34349.9317469167,-1145.07122358799,2010-09-08
646.954113934039,34357.0958048836,-491.049918817618,2010-09-09
6500.92426783209,34364.2598628505,503.815869317412,2010-09-10
2420.34024541623,34371.4239208174,-840.764166233646,2010-09-11
-4442.10523641906,34378.5879787843,-3765.48274236528,2010-09-12
-2380.77956464368,34385.7520367513,-1536.97247210758,2010-09-13
-2089.47329282349,34392.9160947182,-1275.44280189469,2010-09-14
-655.860523328672,34400.0801526851,-3400.21962935642,2010-09-15
646.954113934039,34407.244210652,-2140.19832458605,2010-09-16
6500.92426783209,34414.4082686189,-271.332536451016,2010-09-17
2420.34024541623,34421.5723265858,132.087427997925,2010-09-18
-4442.10523641906,34428.7363845528,674.368851866297,2010-09-19
-2380.77956464368,34435.9004425197,91.8791221239953,2010-09-20
-2089.47329282349,34443.0645004866,731.408792336886,2010-09-21
-655.860523328672,34450.2285584535,2174.63196487515,2010-09-22
646.954113934039,34457.3926164204,3729.65326964552,2010-09-23
6500.92426783209,34464.5566743874,10785.5190577805,2010-09-24
2420.34024541623,34471.7207323543,-710.06097777051,2010-09-25
-4442.10523641906,34478.8847903212,1540.22044609786,2010-09-26
-2380.77956464368,34486.0488482881,801.73071635556,2010-09-27
-2089.47329282349,34493.212906255,3333.26038656845,2010-09-28
-655.860523328672,34500.376964222,3127.48355910672,2010-09-29
646.954113934039,34507.5410221889,4433.50486387709,2010-09-30
6500.92426783209,34514.7050801558,4063.37065201212,2010-10-01
2420.34024541623,34523.6562814274,766.00347315635,2010-10-02
-4442.10523641906,34532.6074826991,309.497753720003,2010-10-03
-2380.77956464368,34541.5586839707,-82.7791193270095,2010-10-04
-2089.47329282349,34550.5098852423,-584.036592418837,2010-10-05
-655.860523328672,34559.461086514,-1637.60056318528,2010-10-06
646.954113934039,34568.4122877856,-1122.36640171963,2010-10-07
6500.92426783209,34577.3634890572,-512.287756889309,2010-10-08
2420.34024541623,34586.3146903289,-508.654935745079,2010-10-09
-4442.10523641906,34595.2658916005,1674.83934481857,2010-10-10
-2380.77956464368,34604.2170928721,-1545.43752822844,2010-10-11
-2089.47329282349,34613.1682941438,-3351.69500132027,2010-10-12
-655.860523328672,34622.1194954154,-4820.25897208671,2010-10-13
646.954113934039,34631.070696687,-651.024810621057,2010-10-14
6500.92426783209,34640.0218979586,-9666.94616579074,2010-10-15
2420.34024541623,34648.9730992303,-4940.31334464651,2010-10-16
-4442.10523641906,34657.9243005019,-3505.81906408285,2010-10-17
-2380.77956464368,34666.8755017735,-2019.09593712986,2010-10-18
-2089.47329282349,34675.8267030452,-3099.3534102217,2010-10-19
-655.860523328672,34684.7779043168,-2281.91738098814,2010-10-20
646.954113934039,34693.7291055884,-1055.68321952249,2010-10-21
6500.92426783209,34702.6803068601,901.395425307834,2010-10-22
2420.34024541623,34711.6315081317,-2422.97175354794,2010-10-23
-4442.10523641906,34720.5827094033,-3240.47747298428,2010-10-24
-2380.77956464368,34729.533910675,-2487.75434603129,2010-10-25
-2089.47329282349,34738.4851119466,-2733.01181912313,2010-10-26
-655.860523328672,34747.4363132182,-2990.57578988957,2010-10-27
646.954113934039,34756.3875144899,-1927.34162842391,2010-10-28
6500.92426783209,34765.3387157615,1571.73701640641,2010-10-29
2420.34024541623,34774.2899170331,-10681.6301624494,2010-10-30
-4442.10523641906,34783.2411183048,-2673.13588188571,2010-10-31
-2380.77956464368,34792.1923195764,13830.5872450673,2010-11-01
-2089.47329282349,34801.143520848,-7048.67022802456,2010-11-02
-655.860523328672,34810.0947221197,-501.234198790997,2010-11-03
646.954113934039,34819.0459233913,-2298.00003732535,2010-11-04
6500.92426783209,34827.9971246629,862.078607504976,2010-11-05
2420.34024541623,34836.9483259346,-1449.2885713508,2010-11-06
-4442.10523641906,34845.8995272062,-3217.79429078714,2010-11-07
-2380.77956464368,34856.5397111119,-858.760146468179,2010-11-08
-2089.47329282349,34867.1798950175,-587.706602194019,2010-11-09
-655.860523328672,34877.8200789232,-1448.95955559449,2010-11-10
646.954113934039,34888.4602628288,1608.58562323715,2010-11-11
6500.92426783209,34899.1004467345,-597.024714566556,2010-11-12
2420.34024541623,34909.7406306401,-5322.08087605635,2010-11-13
-4442.10523641906,34920.3808145458,-2155.27557812671,2010-11-14
-2380.77956464368,34931.0209984514,-511.241433807751,2010-11-15
-2089.47329282349,34941.6611823571,372.81211046641,2010-11-16
-655.860523328672,34952.3013662627,2188.55915706594,2010-11-17
646.954113934039,34962.9415501684,309.104335897573,2010-11-18
6500.92426783209,34973.581734074,4770.49399809387,2010-11-19
2420.34024541623,34984.2219179797,4249.43783660408,2010-11-20
-4442.10523641906,34994.8621018853,5791.24313453372,2010-11-21
-2380.77956464368,35005.502285791,3373.27727885268,2010-11-22
-2089.47329282349,35016.1424696967,1113.33082312683,2010-11-23
-655.860523328672,35026.7826536023,-897.922130273633,2010-11-24
646.954113934039,35037.422837508,-1723.376951442,2010-11-25
6500.92426783209,35048.0630214136,-894.987289245699,2010-11-26
2420.34024541623,35058.7032053193,-4232.04345073549,2010-11-27
-4442.10523641906,35069.3433892249,-938.238152805854,2010-11-28
-2380.77956464368,35079.9835731306,1219.79599151311,2010-11-29
-2089.47329282349,35090.6237570362,1469.84953578726,2010-11-30
-655.860523328672,35101.2639409419,1508.5965823868,2010-12-01
646.954113934039,35111.9041248475,2232.14176121843,2010-12-02
6500.92426783209,35122.5443087532,4201.53142341473,2010-12-03
2420.34024541623,35133.1844926588,3353.47526192493,2010-12-04
-4442.10523641906,35143.8246765645,5252.28055985457,2010-12-05
-2380.77956464368,35154.4648604701,2518.31470417354,2010-12-06
-2089.47329282349,35165.1050443758,1106.36824844769,2010-12-07
-655.860523328672,35175.7452282814,-2578.88470495278,2010-12-08
646.954113934039,35186.3854121871,4882.66047387886,2010-12-09
6500.92426783209,35197.0255960928,6315.05013607515,2010-12-10
2420.34024541623,35207.6657799984,2911.99397458536,2010-12-11
-4442.10523641906,35218.3059639041,1263.799272515,2010-12-12
-2380.77956464368,35228.9461478097,6322.83341683396,2010-12-13
-2089.47329282349,35239.5863317154,6136.88696110812,2010-12-14
-655.860523328672,35249.1786546893,4741.68186863934,2010-12-15
646.954113934039,35258.7709776633,8469.27490840267,2010-12-16
6500.92426783209,35268.3633006373,5271.71243153066,2010-12-17
2420.34024541623,35277.9556236112,963.704130972561,2010-12-18
-4442.10523641906,35287.5479465852,-1391.44271016611,2010-12-19
-2380.77956464368,35297.1402695591,6507.63929508455,2010-12-20
-2089.47329282349,35306.7325925331,9693.74070029039,2010-12-21
-655.860523328672,35316.3249155071,13549.5356078216,2010-12-22
646.954113934039,35325.917238481,10946.1286475849,2010-12-23
6500.92426783209,35335.509561455,3906.56617071294,2010-12-24
2420.34024541623,35345.1018844289,-16851.4421298452,2010-12-25
-4442.10523641906,35354.6942074029,20191.4110290162,2010-12-26
-2380.77956464368,35364.2865303769,4438.49303426682,2010-12-27
-2089.47329282349,35373.8788533508,6874.59443947268,2010-12-28
-655.860523328672,35383.4711763248,4922.3893470039,2010-12-29
646.954113934039,35393.0634992987,3002.98238676723,2010-12-30
6500.92426783209,35402.6558222727,2437.41990989522,2010-12-31
2420.34024541623,35412.2481452467,-2899.58839066288,2011-01-01
-4442.10523641906,35421.8404682206,-1253.73523180155,2011-01-02
-2380.77956464368,35431.4327911946,-5186.65322655089,2011-01-03
-2089.47329282349,35441.0251141685,621.448178654951,2011-01-04
-655.860523328672,35450.6174371425,388.243086186179,2011-01-05
646.954113934039,35460.2097601165,-1161.16387405049,2011-01-06
6500.92426783209,35469.8020830904,-5271.7263509225,2011-01-07
2420.34024541623,35479.3944060644,-8148.7346514806,2011-01-08
-4442.10523641906,35488.9867290383,-2863.88149261927,2011-01-09
-2380.77956464368,35498.5790520123,-1526.79948736862,2011-01-10
-2089.47329282349,35508.1713749863,-647.698082162766,2011-01-11
-655.860523328672,35517.7636979602,-2866.90317463154,2011-01-12
646.954113934039,35527.3560209342,-5318.31013486821,2011-01-13
6500.92426783209,35536.9483439081,-2667.87261174023,2011-01-14
2420.34024541623,35546.5406668821,-2139.88091229832,2011-01-15
-4442.10523641906,35556.1329898561,1768.972246563,2011-01-16
-2380.77956464368,35565.72531283,2503.05425181366,2011-01-17
-2089.47329282349,35575.317635804,2625.15565701951,2011-01-18
-655.860523328672,35584.9099587779,2848.95056455074,2011-01-19
646.954113934039,35594.5022817519,3409.54360431407,2011-01-20
6500.92426783209,35598.499453598,1023.5762785699,2011-01-21
2420.34024541623,35602.4966254441,1482.16312913966,2011-01-22
-4442.10523641906,35606.4937972902,1264.61143912884,2011-01-23
-2380.77956464368,35610.4909691363,1769.28859550734,2011-01-24
-2089.47329282349,35614.4881409824,5883.98515184104,2011-01-25
-655.860523328672,35618.4853128286,4394.37521050012,2011-01-26
646.954113934039,35622.4824846747,289.5634013913,2011-01-27
6500.92426783209,35626.4796565208,-909.40392435286,2011-01-28
2420.34024541623,35630.4768283669,-2260.81707378311,2011-01-29
-4442.10523641906,35634.474000213,-5902.36876379393,2011-01-30
-2380.77956464368,35638.4711720591,-2584.69160741542,2011-01-31
-2089.47329282349,35642.4683439052,-6842.99505108173,2011-02-01
-655.860523328672,35646.4655157513,-2220.60499242265,2011-02-02
646.954113934039,35650.4626875974,-1570.41680153146,2011-02-03
6500.92426783209,35654.4598594435,-6299.38412727563,2011-02-04
2420.34024541623,35658.4570312896,-9397.79727670587,2011-02-05
-4442.10523641906,35662.4542031358,1090.65103328331,2011-02-06
-2380.77956464368,35666.4513749819,-3313.67181033818,2011-02-07
-2089.47329282349,35670.448546828,-3080.97525400448,2011-02-08
-655.860523328672,35674.4457186741,-3273.5851953454,2011-02-09
646.954113934039,35678.4428905202,-1565.39700445422,2011-02-10
6500.92426783209,35682.4400623663,-4769.36433019838,2011-02-11
2420.34024541623,35686.4372342124,-2922.77747962863,2011-02-12
-4442.10523641906,35690.4344060585,-1070.32916963945,2011-02-13
-2380.77956464368,35694.4315779046,2822.34798673906,2011-02-14
-2089.47329282349,35698.4287497507,-2502.95545692724,2011-02-15
-655.860523328672,35702.4259215968,-432.565398268169,2011-02-16
646.954113934039,35706.423093443,-354.377207376987,2011-02-17
6500.92426783209,35710.4202652891,-633.344533121148,2011-02-18
2420.34024541623,35714.4174371352,-1472.7576825514,2011-02-19
-4442.10523641906,35718.4146089813,-2750.30937256222,2011-02-20
-2380.77956464368,35722.4117808274,-1097.63221618371,2011-02-21
-2089.47329282349,35726.4089526735,-31.935659850009,2011-02-22
-655.860523328672,35730.4061245196,-711.545601190934,2011-02-23
646.954113934039,35734.4032963657,-939.357410299752,2011-02-24
6500.92426783209,35738.4004682118,-285.324736043913,2011-02-25
2420.34024541623,35742.3976400579,-3701.73788547416,2011-02-26
-4442.10523641906,35740.2722418857,-4538.16700546664,2011-02-27
-2380.77956464368,35738.1468437135,1573.63272093021,2011-02-28
-2089.47329282349,35736.0214455412,706.451847282253,2011-03-01
-655.860523328672,35733.896047369,2705.96447595967,2011-03-02
646.954113934039,35731.7706491968,6917.27523686919,2011-03-03
6500.92426783209,35729.6452510245,1547.43048114338,2011-03-04
2420.34024541623,35727.5198528523,891.139901731462,2011-03-05
-4442.10523641906,35725.3944546801,-1442.28921826102,2011-03-06
-2380.77956464368,35723.2690565078,756.510508135834,2011-03-07
-2089.47329282349,35721.1436583356,1528.32963448788,2011-03-08
-655.860523328672,35719.0182601634,654.842263165294,2011-03-09
646.954113934039,35716.8928619911,241.153024074818,2011-03-10
6500.92426783209,35714.7674638189,3217.308268349,2011-03-11
2420.34024541623,35712.6420656467,3880.01768893709,2011-03-12
-4442.10523641906,35710.5166674744,11.588568944615,2011-03-13
-2380.77956464368,35708.3912693022,5812.38829534146,2011-03-14
-2089.47329282349,35706.26587113,-431.792578306493,2011-03-15
-655.860523328672,35704.1404729577,-684.279949629075,2011-03-16
646.954113934039,35702.0150747855,65.0308112804414,2011-03-17
6500.92426783209,35699.8896766133,-469.813944445377,2011-03-18
2420.34024541623,35697.7642784411,-633.104523857284,2011-03-19
-4442.10523641906,35695.6388802688,4040.46635615024,2011-03-20
-2380.77956464368,35693.5134820966,492.266082547088,2011-03-21
-2089.47329282349,35691.3880839244,-243.914791100869,2011-03-22
-655.860523328672,35689.2626857521,-1104.40216242345,2011-03-23
646.954113934039,35687.1372875799,-1288.09140151393,2011-03-24
6500.92426783209,35685.0118894077,1833.06384276025,2011-03-25
2420.34024541623,35682.8864912354,4129.77326334835,2011-03-26
-4442.10523641906,35680.7610930632,2078.34414335587,2011-03-27
-2380.77956464368,35678.635694891,1225.14386975272,2011-03-28
-2089.47329282349,35676.5102967187,-198.037003895246,2011-03-29
-655.860523328672,35674.3848985465,-1796.52437521783,2011-03-30
646.954113934039,35672.2595003743,316.786385691696,2011-03-31
6500.92426783209,35670.134102202,3321.94162996588,2011-04-01
2420.34024541623,35668.0087040298,4092.65105055397,2011-04-02
-4442.10523641906,35665.8833058576,2193.22193056149,2011-04-03
-2380.77956464368,35663.7579076853,461.021656958343,2011-04-04
-2089.47329282349,35657.0867441458,2201.38654867764,2011-04-05
-655.860523328672,35650.4155806064,1927.44494272231,2011-04-06
646.954113934039,35643.7444170669,2877.30146899909,2011-04-07
6500.92426783209,35637.0732535274,5437.00247864052,2011-04-08
2420.34024541623,35630.4020899879,1830.25766459587,2011-04-09
-4442.10523641906,35623.7309264484,2672.37430997064,2011-04-10
-2380.77956464368,35617.0597629089,4512.71980173475,2011-04-11
-2089.47329282349,35610.3885993694,2975.08469345405,2011-04-12
-655.860523328672,35603.71743583,5460.14308749871,2011-04-13
646.954113934039,35597.0462722905,7051.99961377549,2011-04-14
6500.92426783209,35590.375108751,8818.70062341692,2011-04-15
2420.34024541623,35583.7039452115,7374.95580937227,2011-04-16
-4442.10523641906,35577.032781672,9250.07245474705,2011-04-17
-2380.77956464368,35570.3616181325,6121.41794651115,2011-04-18
-2089.47329282349,35563.690454593,6980.78283823045,2011-04-19
-655.860523328672,35557.0192910536,6919.84123227512,2011-04-20
646.954113934039,35550.3481275141,10877.6977585519,2011-04-21
6500.92426783209,35543.6769639746,-3603.60123180667,2011-04-22
2420.34024541623,35537.0058004351,8109.65395414868,2011-04-23
-4442.10523641906,35530.3346368956,8511.77059952345,2011-04-24
-2380.77956464368,35523.6634733561,8884.11609128756,2011-04-25
-2089.47329282349,35516.9923098166,-3288.51901699316,2011-04-26
-655.860523328672,35510.3211462772,-1142.46062294848,2011-04-27
646.954113934039,35503.6499827377,21.3959033283027,2011-04-28
6500.92426783209,35496.9788191982,-183.903087030267,2011-04-29
2420.34024541623,35490.3076556587,-1603.64790107492,2011-04-30
-4442.10523641906,35483.6364921192,-4384.53125570015,2011-05-01
-2380.77956464368,35476.9653285797,-536.185763936039,2011-05-02
-2089.47329282349,35470.2941650402,-1113.82087221675,2011-05-03
-655.860523328672,35463.6230015007,-2277.76247817207,2011-05-04
646.954113934039,35456.9518379613,-1593.90595189529,2011-05-05
6500.92426783209,35450.2806744218,556.795057746138,2011-05-06
2420.34024541623,35443.6095108823,-701.949756298513,2011-05-07
-4442.10523641906,35436.9383473428,-6761.83311092374,2011-05-08
-2380.77956464368,35430.2671838033,-1691.48761915963,2011-05-09
-2089.47329282349,35423.5960202638,-2236.12272744034,2011-05-10
-655.860523328672,35416.9248567243,-5297.06433339567,2011-05-11
646.954113934039,35410.4061443401,-3529.36025827414,2011-05-12
6500.92426783209,35403.8874319559,2535.18830021205,2011-05-13
2420.34024541623,35397.3687195716,-880.708964987847,2011-05-14
-4442.10523641906,35390.8500071874,-1297.74477076832,2011-05-15
-2380.77956464368,35384.3312948031,-1455.55173015947,2011-05-16
-2089.47329282349,35377.8125824189,-2234.33928959542,2011-05-17
-655.860523328672,35371.2938700347,-2754.43334670599,2011-05-18
646.954113934039,35364.7751576504,-517.72927158446,2011-05-19
6500.92426783209,35358.2564452662,2332.81928690173,2011-05-20
2420.34024541623,35351.7377328819,13114.9220217018,2011-05-21
-4442.10523641906,35345.2190204977,4191.88621592135,2011-05-22
-2380.77956464368,35338.7003081135,-1919.92074346979,2011-05-23
-2089.47329282349,35332.1815957292,-3731.70830290574,2011-05-24
-655.860523328672,35325.662883345,-2942.80236001631,2011-05-25
646.954113934039,35319.1441709607,-1251.09828489478,2011-05-26
6500.92426783209,35312.6254585765,806.450273591399,2011-05-27
2420.34024541623,35306.1067461923,613.5530083915,2011-05-28
-4442.10523641906,35299.588033808,-1599.48279738897,2011-05-29
-2380.77956464368,35293.0693214238,-4253.28975678011,2011-05-30
-2089.47329282349,35286.5506090396,-4092.07731621607,2011-05-31
-655.860523328672,35280.0318966553,-3030.17137332664,2011-06-01
646.954113934039,35273.5131842711,-2975.46729820512,2011-06-02
6500.92426783209,35266.9944718868,-1667.91873971892,2011-06-03
2420.34024541623,35260.4757595026,-23.8160049188227,2011-06-04
-4442.10523641906,35253.9570471184,-1512.85181069929,2011-06-05
-2380.77956464368,35247.4383347341,-3086.65877009043,2011-06-06
-2089.47329282349,35240.9196223499,-6029.44632952639,2011-06-07
-655.860523328672,35234.4009099656,-4824.54038663697,2011-06-08
646.954113934039,35227.8821975814,-3547.83631151544,2011-06-09
6500.92426783209,35221.3634851972,716.712246970754,2011-06-10
2420.34024541623,35214.8447728129,1450.81498177085,2011-06-11
-4442.10523641906,35208.3260604287,4841.77917599038,2011-06-12
-2380.77956464368,35201.8073480444,-3190.02778340075,2011-06-13
-2089.47329282349,35195.2886356602,-908.815342836715,2011-06-14
-655.860523328672,35188.769923276,213.09060005271,2011-06-15
646.954113934039,35182.2512108917,193.794675174242,2011-06-16
6500.92426783209,35175.7324985075,1575.34323366043,2011-06-17
2420.34024541623,35172.2912958249,1481.36845875883,2011-06-18
-4442.10523641906,35168.8500931424,-921.744856723337,2011-06-19
-2380.77956464368,35165.4088904599,-1705.62932581618,2011-06-20
-2089.47329282349,35161.9676877773,-3911.49439495384,2011-06-21
-655.860523328672,35158.5264850948,-1909.66596176611,2011-06-22
646.954113934039,35155.0852824122,546.960603653723,2011-06-23
6500.92426783209,35151.6440797297,3061.43165243821,2011-06-24
2420.34024541623,35148.2028770472,2581.45687753661,2011-06-25
-4442.10523641906,35144.7616743646,1479.34356205444,2011-06-26
-2380.77956464368,35141.3204716821,-343.540907038405,2011-06-27
-2089.47329282349,35137.8792689995,-259.405976176051,2011-06-28
-655.860523328672,35134.438066317,-12.5775429883288,2011-06-29
646.954113934039,35130.9968636345,-367.9509775685,2011-06-30
6500.92426783209,35127.5556609519,682.520071215993,2011-07-01
2420.34024541623,35124.1144582694,1655.54529631439,2011-07-02
-4442.10523641906,35120.6732555868,-140.568019167782,2011-07-03
-2380.77956464368,35117.2320529043,2136.54751173938,2011-07-04
-2089.47329282349,35113.7908502218,-699.317557398273,2011-07-05
-655.860523328672,35110.3496475392,674.510875789449,2011-07-06
646.954113934039,35106.9084448567,1070.13744120928,2011-07-07
6500.92426783209,35103.4672421741,2406.60848999377,2011-07-08
2420.34024541623,35100.0260394916,1004.63371509217,2011-07-09
-4442.10523641906,35096.5848368091,-3987.47960039,2011-07-10
-2380.77956464368,35093.1436341265,2086.63593051716,2011-07-11
-2089.47329282349,35089.702431444,1651.7708613795,2011-07-12
-655.860523328672,35086.2612287614,1924.59929456723,2011-07-13
646.954113934039,35082.8200260789,1933.22585998706,2011-07-14
6500.92426783209,35079.3788233964,3093.69690877155,2011-07-15
2420.34024541623,35075.9376207138,1060.72213386995,2011-07-16
-4442.10523641906,35072.4964180313,-2011.39118161222,2011-07-17
-2380.77956464368,35069.0552153487,-778.275650705065,2011-07-18
-2089.47329282349,35065.6140126662,-799.140719842719,2011-07-19
-655.860523328672,35062.1728099837,-993.312286654989,2011-07-20
646.954113934039,35058.7316073011,-1501.68572123516,2011-07-21
6500.92426783209,35055.2904046186,296.785327549325,2011-07-22
2420.34024541623,35051.849201936,1256.81055264773,2011-07-23
-4442.10523641906,35048.4079992535,-2815.30276283444,2011-07-24
-2380.77956464368,35052.1421824733,-819.362617829582,2011-07-25
-2089.47329282349,35055.876365693,1460.59692713046,2011-07-26
-655.860523328672,35059.6105489128,2184.24997441589,2011-07-27
646.954113934039,35063.3447321325,-739.29884606658,2011-07-28
6500.92426783209,35067.0789153523,2264.99681681561,2011-07-29
2420.34024541623,35070.8130985721,33.8466560117085,2011-07-30
-4442.10523641906,35074.5472817918,5712.55795462724,2011-07-31
-2380.77956464368,35078.2814650116,-678.501900367904,2011-08-01
-2089.47329282349,35082.0156482313,-496.542355407852,2011-08-02
-655.860523328672,35085.7498314511,1735.11069187757,2011-08-03
646.954113934039,35089.4840146709,-1235.4381286049,2011-08-04
6500.92426783209,35093.2181978906,-459.142465722711,2011-08-05
2420.34024541623,35096.9523811104,-1953.29262652661,2011-08-06
-4442.10523641906,35100.6865643301,-2563.58132791107,2011-08-07
-2380.77956464368,35104.4207475499,-866.64118290622,2011-08-08
-2089.47329282349,35108.1549307697,-2679.68163794617,2011-08-09
-655.860523328672,35111.8891139894,-2849.02859066075,2011-08-10
646.954113934039,35115.6232972092,-1172.57741114321,2011-08-11
6500.92426783209,35119.3574804289,1736.71825173897,2011-08-12
2420.34024541623,35123.0916636487,-483.431909064922,2011-08-13
-4442.10523641906,35126.8258468685,-51.7206104493962,2011-08-14
-2380.77956464368,35130.5600300882,-2195.78046544454,2011-08-15
-2089.47329282349,35134.294213308,-1898.82092048449,2011-08-16
-655.860523328672,35138.0283965277,-3847.16787319906,2011-08-17
646.954113934039,35141.7625797475,-1299.71669368153,2011-08-18
6500.92426783209,35145.4967629673,1145.57896920066,2011-08-19
2420.34024541623,35149.230946187,1667.42880839676,2011-08-20
-4442.10523641906,35152.9651294068,2523.14010701229,2011-08-21
-2380.77956464368,35156.6993126265,-1339.91974798285,2011-08-22
-2089.47329282349,35160.4334958463,-1148.96020302281,2011-08-23
-655.860523328672,35164.167679066,107.692844262623,2011-08-24
646.954113934039,35167.9018622858,-2655.85597621985,2011-08-25
6500.92426783209,35171.6360455056,-1062.56031333766,2011-08-26
2420.34024541623,35175.3702287253,1027.28952585844,2011-08-27
-4442.10523641906,35179.1044119451,-1043.99917552603,2011-08-28
-2380.77956464368,35182.8385951649,-3648.05903052117,2011-08-29
-2089.47329282349,35186.5727783846,-2799.09948556112,2011-08-30
-655.860523328672,35199.005153969,233.85536935964,2011-08-31
646.954113934039,35211.4375295535,-2874.3916434875,2011-09-01
6500.92426783209,35223.8699051379,1572.20582703003,2011-09-02
2420.34024541623,35236.3022807223,269.357473861462,2011-09-03
-4442.10523641906,35248.7346563067,-5358.62941988767,2011-09-04
-2380.77956464368,35261.1670318912,-1522.38746724748,2011-09-05
-2089.47329282349,35273.5994074756,-3734.1261146521,2011-09-06
-655.860523328672,35286.03178306,-2397.17125973133,2011-09-07
646.954113934039,35298.4641586444,-2673.41827257847,2011-09-08
6500.92426783209,35310.8965342289,-3437.82080206094,2011-09-09
2420.34024541623,35323.3289098133,-1977.6691552295,2011-09-10
-4442.10523641906,35335.7612853977,-4831.65604897864,2011-09-11
-2380.77956464368,35348.1936609821,-2987.41409633845,2011-09-12
-2089.47329282349,35360.6260365666,-2600.15274374307,2011-09-13
-655.860523328672,35373.058412151,-4808.1978888223,2011-09-14
646.954113934039,35385.4907877354,-2294.44490166943,2011-09-15
6500.92426783209,35397.9231633198,-521.847431151909,2011-09-16
2420.34024541623,35410.3555389042,-1615.69578432047,2011-09-17
-4442.10523641906,35422.7879144887,-3498.68267806961,2011-09-18
-2380.77956464368,35435.2202900731,-1578.44072542942,2011-09-19
-2089.47329282349,35447.6526656575,-3293.17937283404,2011-09-20
-655.860523328672,35460.0850412419,-956.224517913273,2011-09-21
646.954113934039,35472.5174168264,-911.471530760406,2011-09-22
6500.92426783209,35484.9497924108,-3236.87406024288,2011-09-23
2420.34024541623,35497.3821679952,-1495.72241341144,2011-09-24
-4442.10523641906,35509.8145435796,307.290692839415,2011-09-25
-2380.77956464368,35522.2469191641,1633.53264547961,2011-09-26
-2089.47329282349,35534.6792947485,2548.79399807499,2011-09-27
-655.860523328672,35547.1116703329,-3843.25114700424,2011-09-28
646.954113934039,35559.5440459173,-2129.49815985138,2011-09-29
6500.92426783209,35571.9764215018,1928.09931066615,2011-09-30
2420.34024541623,35584.4087970862,-7064.74904250242,2011-10-01
-4442.10523641906,35596.8411726706,-2074.73593625155,2011-10-02
-2380.77956464368,35609.273548255,1819.50601638864,2011-10-03
-2089.47329282349,35621.7059238395,2220.76736898402,2011-10-04
-655.860523328672,35634.1382994239,5036.72222390478,2011-10-05
646.954113934039,35646.5706750083,2747.47521105765,2011-10-06
6500.92426783209,35668.2420261574,1841.83370601051,2011-10-07
2420.34024541623,35689.9133773065,-1491.25362272272,2011-10-08
-4442.10523641906,35711.5847284556,-3161.47949203651,2011-10-09
-2380.77956464368,35733.2560796047,-4105.47651496098,2011-10-10
-2089.47329282349,35754.9274307537,-2369.45413793026,2011-10-11
-655.860523328672,35776.5987819028,-1377.73825857417,2011-10-12
646.954113934039,35798.2701330519,-2203.22424698596,2011-10-13
6500.92426783209,35819.941484201,122.134247966904,2011-10-14
2420.34024541623,35841.6128353501,-3141.95308076633,2011-10-15
-4442.10523641906,35863.2841864992,-5967.17895008012,2011-10-16
-2380.77956464368,35884.9555376483,-2959.1759730046,2011-10-17
-2089.47329282349,35906.6268887974,-2195.15359597387,2011-10-18
-655.860523328672,35928.2982399464,-1703.43771661777,2011-10-19
646.954113934039,35949.9695910955,-2084.92370502957,2011-10-20
6500.92426783209,35971.6409422446,6533.43478992329,2011-10-21
2420.34024541623,35993.3122933937,-1428.65253880994,2011-10-22
-4442.10523641906,36014.9836445428,-1939.87840812373,2011-10-23
-2380.77956464368,36036.6549956919,-6163.8754310482,2011-10-24
-2089.47329282349,36058.326346841,-1954.85305401748,2011-10-25
-655.860523328672,36079.9976979901,2554.86282533861,2011-10-26
646.954113934039,36101.6690491391,-1085.62316307318,2011-10-27
6500.92426783209,36123.3404002882,-4031.26466812032,2011-10-28
2420.34024541623,36145.0117514373,-4428.35199685355,2011-10-29
-4442.10523641906,36166.6831025864,-2313.57786616735,2011-10-30
-2380.77956464368,36188.3544537355,12500.4251109082,2011-10-31
-2089.47329282349,36210.0258048846,-8240.55251206109,2011-11-01
-655.860523328672,36231.6971560337,-1932.836632705,2011-11-02
646.954113934039,36253.3685071828,-4347.3226211168,2011-11-03
6500.92426783209,36275.0398583318,-1223.96412616393,2011-11-04
2420.34024541623,36296.7112094809,-2113.05145489716,2011-11-05
-4442.10523641906,36318.38256063,-5594.27732421095,2011-11-06
-2380.77956464368,36340.0539117791,-830.274347135426,2011-11-07
-2089.47329282349,36361.7252629282,-2947.25197010471,2011-11-08
-655.860523328672,36383.3966140773,-2834.53609074861,2011-11-09
646.954113934039,36405.0679652264,659.977920839599,2011-11-10
6500.92426783209,36426.7393163755,3019.33641579246,2011-11-11
2420.34024541623,36448.4106675245,598.24908705923,2011-11-12
-4442.10523641906,36477.7379075028,-531.63267108376,2011-11-13
-2380.77956464368,36507.0651474811,-211.285582837423,2011-11-14
-2089.47329282349,36536.3923874594,-265.919094635894,2011-11-15
-655.860523328672,36565.7196274377,25.1408958910106,2011-11-16
646.954113934039,36595.0468674159,3256.99901865003,2011-11-17
6500.92426783209,36624.3741073942,667.701624773697,2011-11-18
2420.34024541623,36653.7013473725,-1063.04159278872,2011-11-19
-4442.10523641906,36683.0285873508,4233.07664906829,2011-11-20
-2380.77956464368,36712.3558273291,2610.42373731462,2011-11-21
-2089.47329282349,36741.6830673073,1481.79022551615,2011-11-22
-655.860523328672,36771.0103072856,244.850216043058,2011-11-23
646.954113934039,36800.3375472639,5068.70833880207,2011-11-24
6500.92426783209,36829.6647872422,3147.41094492574,2011-11-25
2420.34024541623,36858.9920272204,-7083.33227263668,2011-11-26
-4442.10523641906,36888.3192671987,787.785969220335,2011-11-27
-2380.77956464368,36917.646507177,1059.13305746667,2011-11-28
-2089.47329282349,36946.9737471553,319.499545668201,2011-11-29
-655.860523328672,36976.3009871336,-2251.44046380489,2011-11-30
646.954113934039,37005.6282271118,4266.41765895412,2011-12-01
6500.92426783209,37034.9554670901,5801.12026507779,2011-12-02
2420.34024541623,37064.2827070684,4084.37704751537,2011-12-03
-4442.10523641906,37093.6099470467,2088.49528937237,2011-12-04
-2380.77956464368,37122.937187025,2438.84237761871,2011-12-05
-2089.47329282349,37152.2644270032,3021.20886582025,2011-12-06
-655.860523328672,37181.5916669815,4308.26885634715,2011-12-07
646.954113934039,37210.9189069598,3139.12697910616,2011-12-08
6500.92426783209,37240.2461469381,1113.82958522983,2011-12-09
2420.34024541623,37269.5733869164,-239.913632332587,2011-12-10
-4442.10523641906,37298.9006268946,30.2046095244223,2011-12-11
-2380.77956464368,37328.2278668729,2781.55169777076,2011-12-12
-2089.47329282349,37357.5551068512,2709.91818597229,2011-12-13
-655.860523328672,37386.8823468295,3641.97817649919,2011-12-14
646.954113934039,37416.2095868078,4867.83629925821,2011-12-15
6500.92426783209,37445.536826786,4573.53890538188,2011-12-16
2420.34024541623,37474.8640667643,1205.79568781946,2011-12-17
-4442.10523641906,37504.1913067426,1761.91392967647,2011-12-18
-2380.77956464368,37533.5185467209,5800.26101792281,2011-12-19
-2089.47329282349,37560.5842638878,6729.88902893564,2011-12-20
-655.860523328672,37587.6499810548,7550.21054227385,2011-12-21
646.954113934039,37614.7156982218,10797.3301878442,2011-12-22
6500.92426783209,37641.7814153888,6022.29431677915,2011-12-23
2420.34024541623,37668.8471325557,-3003.18737797197,2011-12-24
-4442.10523641906,37695.9128497227,-16230.8076133037,2011-12-25
-2380.77956464368,37722.9785668897,16282.800997754,2011-12-26
-2089.47329282349,37750.0442840567,2346.42900876683,2011-12-27
-655.860523328672,37777.1100012236,3903.75052210504,2011-12-28
646.954113934039,37804.1757183906,1053.87016767535,2011-12-29
6500.92426783209,37831.2414355576,-4767.16570338968,2011-12-30
2420.34024541623,37858.3071527246,2547.35260185921,2011-12-31
-4442.10523641906,37885.3728698915,-1303.26763347247,2012-01-01
-2380.77956464368,37912.4385870585,-13451.6590224148,2012-01-02
-2089.47329282349,37939.5043042255,-6758.031011402,2012-01-03
-655.860523328672,37966.5700213925,-3840.70949806378,2012-01-04
646.954113934039,37993.6357385594,-2866.58985249347,2012-01-05
6500.92426783209,38020.7014557264,-3588.62572355849,2012-01-06
2420.34024541623,38047.7671728934,-8506.10741830961,2012-01-07
-4442.10523641906,38074.8328900604,-6110.72765364129,2012-01-08
-2380.77956464368,38101.8986072273,31.8809574163533,2012-01-09
-2089.47329282349,38128.9643243943,-3247.49103157081,2012-01-10
-655.860523328672,38156.0300415613,-6018.1695182326,2012-01-11
646.954113934039,38183.0957587282,-3198.04987266228,2012-01-12
6500.92426783209,38210.1614758952,-3775.08574372731,2012-01-13
2420.34024541623,38237.2271930622,-8314.56743847842,2012-01-14
-4442.10523641906,38264.2929102292,-2514.18767381011,2012-01-15
-2380.77956464368,38291.3586273961,-459.579062752469,2012-01-16
-2089.47329282349,38318.4243445631,-3412.95105173963,2012-01-17
-655.860523328672,38345.4900617301,-388.629538401423,2012-01-18
646.954113934039,38372.5557788971,1657.49010716889,2012-01-19
6500.92426783209,38399.621496064,-1634.54576389613,2012-01-20
2420.34024541623,38426.687213231,-2404.02745864724,2012-01-21
-4442.10523641906,38453.752930398,-2791.64769397893,2012-01-22
-2380.77956464368,38480.818647565,383.960917078715,2012-01-23
-2089.47329282349,38507.8843647319,-1860.41107190845,2012-01-24
-655.860523328672,38534.9500818989,3660.91044142976,2012-01-25
646.954113934039,38551.1912403968,2322.85464566915,2012-01-26
6500.92426783209,38567.4323988947,-4290.35666672682,2012-01-27
2420.34024541623,38583.6735573926,-7505.01380280886,2012-01-28
-4442.10523641906,38599.9147158905,-5774.80947947149,2012-01-29
-2380.77956464368,38616.1558743885,-4826.37630974477,2012-01-30
-2089.47329282349,38632.3970328864,-5584.92374006288,2012-01-31
-655.860523328672,38648.6381913843,-2189.7776680556,2012-02-01
646.954113934039,38664.8793498822,-3534.83346381622,2012-02-02
6500.92426783209,38681.1205083801,-5528.04477621218,2012-02-03
2420.34024541623,38697.361666878,-678.701912294229,2012-02-04
-4442.10523641906,38713.6028253759,-5724.49758895684,2012-02-05
-2380.77956464368,38729.8439838738,985.935580769859,2012-02-06
-2089.47329282349,38746.0851423717,462.388150451763,2012-02-07
-655.860523328672,38762.3263008696,909.534222459042,2012-02-08
646.954113934039,38778.5674593675,1507.47842669842,2012-02-09
6500.92426783209,38794.8086178654,876.267114302464,2012-02-10
2420.34024541623,38811.0497763634,-4261.39002177959,2012-02-11
-4442.10523641906,38827.2909348613,-5529.1856984422,2012-02-12
-2380.77956464368,38843.5320933592,3114.2474712845,2012-02-13
-2089.47329282349,38859.7732518571,4873.7000409664,2012-02-14
-655.860523328672,38876.014410355,-549.153887026325,2012-02-15
646.954113934039,38892.2555688529,-2844.20968278694,2012-02-16
6500.92426783209,38908.4967273508,3900.5790048171,2012-02-17
2420.34024541623,38924.7378858487,2623.92186873505,2012-02-18
-4442.10523641906,38940.9790443466,-1106.87380792756,2012-02-19
-2380.77956464368,38957.2202028445,3233.55936179914,2012-02-20
-2089.47329282349,38973.4613613424,3915.01193148104,2012-02-21
-655.860523328672,38989.7025198404,2960.15800348832,2012-02-22
646.954113934039,39005.9436783383,2106.1022077277,2012-02-23
6500.92426783209,39022.1848368362,223.890895331737,2012-02-24
2420.34024541623,39038.4259953341,-6155.76624075031,2012-02-25
-4442.10523641906,39054.667153832,-4612.56191741293,2012-02-26
-2380.77956464368,39070.9083123299,4141.87125231378,2012-02-27
-2089.47329282349,39087.1494708278,6811.32382199568,2012-02-28
-655.860523328672,39103.3906293257,9825.46989400296,2012-02-29
646.954113934039,39119.6317878236,6499.41409824233,2012-03-01
6500.92426783209,39135.8729463215,5989.20278584638,2012-03-02
2420.34024541623,39137.3636940217,-2439.70393943788,2012-03-03
-4442.10523641906,39138.8544417218,-2090.74920530271,2012-03-04
-2380.77956464368,39140.3451894219,5130.43437522179,2012-03-05
-2089.47329282349,39141.835937122,5515.63735570147,2012-03-06
-655.860523328672,39143.3266848221,6665.53383850654,2012-03-07
646.954113934039,39144.8174325222,6265.22845354371,2012-03-08
6500.92426783209,39146.3081802224,8030.76755194554,2012-03-09
2420.34024541623,39147.7989279225,3487.86082666129,2012-03-10
-4442.10523641906,39149.2896756226,8158.81556079646,2012-03-11
-2380.77956464368,39150.7804233227,3197.99914132095,2012-03-12
-2089.47329282349,39152.2711710228,4896.20212180064,2012-03-13
-655.860523328672,39153.761918723,4834.09860460571,2012-03-14
646.954113934039,39155.2526664231,4670.79321964288,2012-03-15
6500.92426783209,39156.7434141232,6055.33231804471,2012-03-16
2420.34024541623,39158.2341618233,4299.42559276045,2012-03-17
-4442.10523641906,39159.7249095234,4688.38032689562,2012-03-18
-2380.77956464368,39161.2156572236,4659.56390742012,2012-03-19
-2089.47329282349,39162.7064049237,4645.76688789981,2012-03-20
-655.860523328672,39164.1971526238,-529.336629295125,2012-03-21
646.954113934039,39165.6879003239,2287.35798574205,2012-03-22
6500.92426783209,39167.178648024,-1563.10291585612,2012-03-23
2420.34024541623,39168.6693957242,-4079.00964114039,2012-03-24
-4442.10523641906,39170.1601434243,-2959.05490700521,2012-03-25
-2380.77956464368,39171.6508911244,2299.12867351928,2012-03-26
-2089.47329282349,39173.1416388245,5601.33165399898,2012-03-27
-655.860523328672,39174.6323865246,3990.22813680404,2012-03-28
646.954113934039,39176.1231342247,5550.92275184122,2012-03-29
6500.92426783209,39177.6138819249,7463.46185024304,2012-03-30
2420.34024541623,39179.104629625,2678.55512495878,2012-03-31
-4442.10523641906,39180.5953773251,4039.50985909395,2012-04-01
-2380.77956464368,39182.0861250252,6747.69343961845,2012-04-02
-2089.47329282349,39183.5768727253,8435.89642009814,2012-04-03
-655.860523328672,39185.0676204255,8899.79290290321,2012-04-04
646.954113934039,39186.5583681256,11606.4875179404,2012-04-05
6500.92426783209,39188.0491158257,-12810.9733836578,2012-04-06
2420.34024541623,39189.5398635258,1316.11989105795,2012-04-07
-4442.10523641906,39191.0306112259,3480.07462519312,2012-04-08
-2380.77956464368,39177.3515417411,-7498.57197709745,2012-04-09
-2089.47329282349,39163.6724722563,5863.80082056716,2012-04-10
-655.860523328672,39149.9934027715,6552.86712055716,2012-04-11
646.954113934039,39136.3143332867,9394.73155277927,2012-04-12
6500.92426783209,39122.6352638019,10238.440468366,2012-04-13
2420.34024541623,39108.9561943171,4334.70356026669,2012-04-14
-4442.10523641906,39095.2771248323,-1307.17188841321,2012-04-15
-2380.77956464368,39081.5980553475,3928.18150929622,2012-04-16
-2089.47329282349,39067.9189858626,5882.55430696084,2012-04-17
-655.860523328672,39054.2399163778,5281.62060695084,2012-04-18
646.954113934039,39040.560846893,6117.48503917294,2012-04-19
6500.92426783209,39026.8817774082,7934.1939547597,2012-04-20
2420.34024541623,39013.2027079234,4385.45704666037,2012-04-21
-4442.10523641906,38999.5236384386,1177.58159798047,2012-04-22
-2380.77956464368,38985.8445689538,5196.9349956899,2012-04-23
-2089.47329282349,38972.165499469,5157.30779335452,2012-04-24
-655.860523328672,38958.4864299842,-5259.62590665548,2012-04-25
646.954113934039,38944.8073604993,2043.23852556662,2012-04-26
6500.92426783209,38931.1282910145,3433.94744115337,2012-04-27
2420.34024541623,38917.4492215297,-2462.78946694596,2012-04-28
-4442.10523641906,38903.7701520449,-5465.66491562586,2012-04-29
-2380.77956464368,38890.0910825601,703.688482083577,2012-04-30
-2089.47329282349,38876.4120130753,1817.0612797482,2012-05-01
-655.860523328672,38862.7329435905,-1118.87242026181,2012-05-02
646.954113934039,38849.0538741057,2727.99201196029,2012-05-03
6500.92426783209,38835.3748046209,3657.70092754705,2012-05-04
2420.34024541623,38821.6957351361,-4030.03598055228,2012-05-05
-4442.10523641906,38808.0166656512,-1983.91142923218,2012-05-06
-2380.77956464368,38794.3375961664,1370.44196847725,2012-05-07
-2089.47329282349,38780.6585266816,3277.81476614187,2012-05-08
-655.860523328672,38766.9794571968,3548.88106613186,2012-05-09
646.954113934039,38753.300387712,3658.74549835396,2012-05-10
6500.92426783209,38739.6213182272,3605.45441394072,2012-05-11
2420.34024541623,38725.9422487424,-511.2824941586,2012-05-12
-4442.10523641906,38712.2631792576,-9364.1579428385,2012-05-13
-2380.77956464368,38698.5841097728,546.195454870925,2012-05-14
-2089.47329282349,38684.9050402879,2018.56825253554,2012-05-15
-655.860523328672,38660.4936216981,2119.36690163062,2012-05-16
646.954113934039,38636.0822031082,2262.96368295779,2012-05-17
6500.92426783209,38611.6707845183,5535.40494764962,2012-05-18
2420.34024541623,38587.2593659284,618.400388655369,2012-05-19
-4442.10523641906,38562.8479473385,-1207.74271091945,2012-05-20
-2380.77956464368,38538.4365287486,1966.34303589505,2012-05-21
-2089.47329282349,38514.0251101587,3012.44818266474,2012-05-22
-655.860523328672,38489.6136915689,-594.75316824019,2012-05-23
646.954113934039,38465.202272979,-697.156386913011,2012-05-24
6500.92426783209,38440.7908543891,-3171.71512222118,2012-05-25
2420.34024541623,38416.3794357992,-1956.71968121543,2012-05-26
-4442.10523641906,38391.9680172093,-1331.86278079026,2012-05-27
-2380.77956464368,38367.5565986194,-1156.77703397576,2012-05-28
-2089.47329282349,38343.1451800295,-919.671887206059,2012-05-29
-655.860523328672,38318.7337614397,900.126761889012,2012-05-30
646.954113934039,38294.3223428498,3956.72354321619,2012-05-31
6500.92426783209,38269.9109242599,113.164807908019,2012-06-01
2420.34024541623,38245.49950567,-3345.83975108623,2012-06-02
-4442.10523641906,38221.0880870801,-5539.98285066106,2012-06-03
-2380.77956464368,38196.6766684902,-2892.89710384655,2012-06-04
-2089.47329282349,38172.2652499004,-1395.79195707686,2012-06-05
-655.860523328672,38147.8538313105,-816.993307981793,2012-06-06
646.954113934039,38123.4424127206,1825.60347334539,2012-06-07
6500.92426783209,38099.0309941307,1961.04473803722,2012-06-08
2420.34024541623,38074.6195755408,-1397.95982095703,2012-06-09
-4442.10523641906,38050.2081569509,1028.89707946814,2012-06-10
-2380.77956464368,38025.796738361,-8057.01717371736,2012-06-11
-2089.47329282349,38001.3853197712,368.087973052337,2012-06-12
-655.860523328672,37976.9739011813,-920.113377852591,2012-06-13
646.954113934039,37952.5624825914,1221.48340347459,2012-06-14
6500.92426783209,37928.1510640015,3932.92466816642,2012-06-15
2420.34024541623,37903.7396454116,363.920109172162,2012-06-16
-4442.10523641906,37879.3282268217,-1975.22299040266,2012-06-17
-2380.77956464368,37854.9168082318,-933.137243588157,2012-06-18
-2089.47329282349,37830.505389642,459.967903181532,2012-06-19
-655.860523328672,37806.0939710521,-309.233447723396,2012-06-20
646.954113934039,37781.6825524622,-2990.63666639622,2012-06-21
6500.92426783209,37753.9214295705,838.154302597388,2012-06-22
2420.34024541623,37726.1603066789,597.499447904906,2012-06-23
-4442.10523641906,37698.3991837872,-1434.29394736814,2012-06-24
-2380.77956464368,37670.6380608955,650.141503748135,2012-06-25
-2089.47329282349,37642.8769380039,1046.5963548196,2012-06-26
-655.860523328672,37615.1158151122,2962.74470821644,2012-06-27
646.954113934039,37587.3546922206,2420.6911938454,2012-06-28
6500.92426783209,37559.5935693289,3501.48216283901,2012-06-29
2420.34024541623,37531.8324464372,2406.82730814652,2012-06-30
-4442.10523641906,37504.0713235456,-3360.96608712653,2012-07-01
-2380.77956464368,37476.3102006539,3141.46936398975,2012-07-02
-2089.47329282349,37448.5490777623,4390.92421506122,2012-07-03
-655.860523328672,37420.7879548706,4705.07256845806,2012-07-04
646.954113934039,37393.026831979,4740.01905408701,2012-07-05
6500.92426783209,37365.2657090873,6921.81002308062,2012-07-06
2420.34024541623,37337.5045861956,4427.15516838814,2012-07-07
-4442.10523641906,37309.743463304,1324.36177311509,2012-07-08
-2380.77956464368,37281.9823404123,3972.79722423136,2012-07-09
-2089.47329282349,37254.2212175207,3233.25207530284,2012-07-10
-655.860523328672,37226.460094629,5009.40042869968,2012-07-11
646.954113934039,37198.6989717373,2892.34691432863,2012-07-12
6500.92426783209,37170.9378488457,5988.13788332223,2012-07-13
2420.34024541623,37143.176725954,32.4830286297583,2012-07-14
-4442.10523641906,37115.4156030624,-1182.31036664329,2012-07-15
-2380.77956464368,37087.6544801707,1101.12508447298,2012-07-16
-2089.47329282349,37059.893357279,1064.57993554445,2012-07-17
-655.860523328672,37032.1322343874,454.728288941296,2012-07-18
646.954113934039,37004.3711114957,1577.67477457025,2012-07-19
6500.92426783209,36976.6099886041,2206.46574356385,2012-07-20
2420.34024541623,36948.8488657124,8.81088887136866,2012-07-21
-4442.10523641906,36921.0877428207,-2441.98250640168,2012-07-22
-2380.77956464368,36893.3266199291,354.452944714598,2012-07-23
-2089.47329282349,36865.5654970374,971.907795786065,2012-07-24
-655.860523328672,36837.8043741458,1922.05614918291,2012-07-25
646.954113934039,36810.0432512541,1048.00263481186,2012-07-26
6500.92426783209,36782.2821283624,2664.79360380547,2012-07-27
2420.34024541623,36754.5210054708,872.138749112986,2012-07-28
-4442.10523641906,36736.4230769394,3137.68215947969,2012-07-29
-2380.77956464368,36718.325148408,-449.54558376428,2012-07-30
-2089.47329282349,36700.2272198765,-319.753927053061,2012-07-31
-655.860523328672,36682.1292913451,-3897.26876801647,2012-08-01
646.954113934039,36664.0313628137,-3535.98547674776,2012-08-02
6500.92426783209,36645.9334342823,766.142297885599,2012-08-03
2420.34024541623,36627.8355057509,-1365.17575116713,2012-08-04
-4442.10523641906,36609.7375772195,-4837.63234080042,2012-08-05
-2380.77956464368,36591.6396486881,-3190.8600840444,2012-08-06
-2089.47329282349,36573.5417201567,-2889.06842733317,2012-08-07
-655.860523328672,36555.4437916253,-8001.58326829658,2012-08-08
646.954113934039,36537.3458630938,-4170.29997702788,2012-08-09
6500.92426783209,36519.2479345624,-1860.17220239451,2012-08-10
2420.34024541623,36501.150006031,-5381.49025144724,2012-08-11
-4442.10523641906,36483.0520774996,-3081.94684108054,2012-08-12
-2380.77956464368,36464.9541489682,-2738.17458432451,2012-08-13
-2089.47329282349,36446.8562204368,-4738.38292761329,2012-08-14
-655.860523328672,36428.7582919054,-4086.89776857669,2012-08-15
646.954113934039,36410.660363374,-3100.61447730799,2012-08-16
6500.92426783209,36392.5624348425,-4048.48670267463,2012-08-17
2420.34024541623,36374.4645063111,-3941.80475172736,2012-08-18
-4442.10523641906,36356.3665777797,-2147.26134136065,2012-08-19
-2380.77956464368,36338.2686492483,-3266.48908460463,2012-08-20
-2089.47329282349,36320.1707207169,-3131.69742789341,2012-08-21
-655.860523328672,36302.0727921855,-3298.21226885681,2012-08-22
646.954113934039,36283.9748636541,-4378.92897758811,2012-08-23
6500.92426783209,36265.8769351227,-2330.80120295475,2012-08-24
2420.34024541623,36247.7790065912,-4068.11925200747,2012-08-25
-4442.10523641906,36229.6810780598,-4368.57584164077,2012-08-26
-2380.77956464368,36211.5831495284,-4112.80358488473,2012-08-27
-2089.47329282349,36193.485220997,-3251.01192817352,2012-08-28
-655.860523328672,36175.3872924656,-4636.52676913692,2012-08-29
646.954113934039,36157.2893639342,-5563.24347786822,2012-08-30
6500.92426783209,36139.1914354028,-2329.11570323486,2012-08-31
2420.34024541623,36121.0935068714,-2131.43375228759,2012-09-01
-4442.10523641906,36102.9955783399,-5946.89034192088,2012-09-02
-2380.77956464368,36084.8976498085,-3583.11808516485,2012-09-03
-2089.47329282349,36075.6464578176,-1537.1731649941,2012-09-04
-655.860523328672,36066.3952658266,-2480.53474249797,2012-09-05
646.954113934039,36057.1440738357,-3012.09818776973,2012-09-06
6500.92426783209,36047.8928818447,-3974.81714967683,2012-09-07
2420.34024541623,36038.6416898538,-5157.98193527003,2012-09-08
-4442.10523641906,36029.3904978629,-4887.28526144379,2012-09-09
-2380.77956464368,36020.1393058719,-4018.35974122823,2012-09-10
-2089.47329282349,36010.888113881,-2834.41482105748,2012-09-11
-655.860523328672,36001.63692189,-5274.77639856135,2012-09-12
646.954113934039,35992.3857298991,-3860.33984383312,2012-09-13
6500.92426783209,35983.1345379081,-4027.05880574022,2012-09-14
2420.34024541623,35973.8833459172,-3765.22359133341,2012-09-15
-4442.10523641906,35964.6321539262,-3127.52691750717,2012-09-16
-2380.77956464368,35955.3809619353,-3340.60139729161,2012-09-17
-2089.47329282349,35946.1297699443,-5142.65647712086,2012-09-18
-655.860523328672,35936.8785779534,-3269.01805462473,2012-09-19
646.954113934039,35927.6273859625,-1963.58149989649,2012-09-20
6500.92426783209,35918.3761939715,-620.300461803599,2012-09-21
2420.34024541623,35909.1250019806,-1342.46524739679,2012-09-22
-4442.10523641906,35899.8738099896,-4504.76857357055,2012-09-23
-2380.77956464368,35890.6226179987,-715.843053354991,2012-09-24
-2089.47329282349,35881.3714260077,466.101866815763,2012-09-25
-655.860523328672,35872.1202340168,1792.74028931189,2012-09-26
646.954113934039,35862.8690420258,3526.17684404013,2012-09-27
6500.92426783209,35853.6178500349,2902.45788213302,2012-09-28
2420.34024541623,35844.3666580439,-7458.70690346017,2012-09-29
-4442.10523641906,35835.115466053,-4103.01022963393,2012-09-30
-2380.77956464368,35825.864274062,909.91529058163,2012-10-01
-2089.47329282349,35816.6130820711,52.8602107523839,2012-10-02
-655.860523328672,35807.3618900802,1498.49863324851,2012-10-03
646.954113934039,35798.1106980892,805.935187976749,2012-10-04
6500.92426783209,35788.8595060983,-206.783773930358,2012-10-05
2420.34024541623,35779.6083141073,-7012.94855952355,2012-10-06
-4442.10523641906,35770.3571221164,-5581.25188569731,2012-10-07
-2380.77956464368,35761.1059301254,-4118.32636548175,2012-10-08
-2089.47329282349,35751.8547381345,-4554.381445311,2012-10-09
-655.860523328672,35742.6035461435,-3872.74302281487,2012-10-10
646.954113934039,35738.8636894645,-4209.81780339854,2012-10-11
6500.92426783209,35735.1238327855,-2121.04810061754,2012-10-12
2420.34024541623,35731.3839761064,-1114.72422152264,2012-10-13
-4442.10523641906,35727.6441194274,-2639.5388830083,2012-10-14
-2380.77956464368,35723.9042627483,-3286.12469810463,2012-10-15
-2089.47329282349,35720.1644060693,-4044.69111324579,2012-10-16
-655.860523328672,35716.4245493902,-4447.56402606155,2012-10-17
646.954113934039,35712.6846927112,-447.63880664522,2012-10-18
6500.92426783209,35708.9448360321,1386.13089613577,2012-10-19
2420.34024541623,35705.2049793531,-1210.54522476932,2012-10-20
-4442.10523641906,35701.4651226741,-3381.35988625499,2012-10-21
-2380.77956464368,35697.725265995,-1604.94570135132,2012-10-22
-2089.47329282349,35693.985409316,555.487883507529,2012-10-23
-655.860523328672,35690.2455526369,-1004.38502930824,2012-10-24
646.954113934039,35686.5056959579,-1062.45980989191,2012-10-25
6500.92426783209,35682.7658392788,-1686.69010711092,2012-10-26
2420.34024541623,35679.0259825998,-3071.36622801601,2012-10-27
-4442.10523641906,35675.2861259207,266.81911049832,2012-10-28
-2380.77956464368,35671.5462692417,-711.766704598012,2012-10-29
-2089.47329282349,35667.8064125626,-1211.33311973916,2012-10-30
-655.860523328672,35664.0665558836,-1540.20603255493,2012-10-31
646.954113934039,35660.3266992046,-5407.2808131386,2012-11-01
6500.92426783209,35656.5868425255,-3062.51111035761,2012-11-02
2420.34024541623,35652.8469858465,-3358.1872312627,2012-11-03
-4442.10523641906,35649.1071291674,-2343.00189274837,2012-11-04
-2380.77956464368,35645.3672724884,9965.4122921553,2012-11-05
-2089.47329282349,35641.6274158093,-8465.15412298585,2012-11-06
-655.860523328672,35637.8875591303,817.972964198379,2012-11-07
646.954113934039,35634.1477024512,-1179.10181638529,2012-11-08
6500.92426783209,35630.4078457722,-2687.33211360429,2012-11-09
2420.34024541623,35626.6679890932,-668.008234509391,2012-11-10
-4442.10523641906,35622.9281324141,-1584.82289599506,2012-11-11
-2380.77956464368,35619.1882757351,-308.408711091397,2012-11-12
-2089.47329282349,35615.448419056,780.024873767463,2012-11-13
-655.860523328672,35611.708562377,1136.15196095169,2012-11-14
646.954113934039,35607.9687056979,3255.07718036803,2012-11-15
6500.92426783209,35604.2288490189,3543.84688314902,2012-11-16
2420.34024541623,35608.8352927221,2705.8244618617,2012-11-17
-4442.10523641906,35613.4417364253,2429.6634999938,2012-11-18
-2380.77956464368,35618.0481801284,3804.73138451524,2012-11-19
-2089.47329282349,35622.6546238316,2349.81866899187,2012-11-20
-655.860523328672,35627.2610675348,1697.59945579387,2012-11-21
646.954113934039,35631.867511238,4848.17837482798,2012-11-22
6500.92426783209,35636.4739549412,4311.60177722674,2012-11-23
2420.34024541623,35641.0803986443,-371.420644060578,2012-11-24
-4442.10523641906,35645.6868423475,-444.58160592847,2012-11-25
-2380.77956464368,35650.2932860507,1661.48627859297,2012-11-26
-2089.47329282349,35654.8997297539,-318.426436930407,2012-11-27
-655.860523328672,35659.5061734571,4449.3543498716,2012-11-28
646.954113934039,35664.1126171603,462.933268905705,2012-11-29
6500.92426783209,35668.7190608634,3490.35667130447,2012-11-30
2420.34024541623,35673.3255045666,3810.33425001715,2012-12-01
-4442.10523641906,35677.9319482698,321.173288149257,2012-12-02
-2380.77956464368,35682.538391973,2274.24117267069,2012-12-03
-2089.47329282349,35687.1448356762,1070.32845714732,2012-12-04
-655.860523328672,35691.7512793794,2661.10924394931,2012-12-05
646.954113934039,35696.3577230825,7088.68816298342,2012-12-06
6500.92426783209,35700.9641667857,5975.11156538219,2012-12-07
2420.34024541623,35705.5706104889,1336.08914409487,2012-12-08
-4442.10523641906,35710.1770541921,6956.92818222698,2012-12-09
-2380.77956464368,35714.7834978953,6541.99606674841,2012-12-10
-2089.47329282349,35719.3899415984,8082.08335122504,2012-12-11
-655.860523328672,35723.9963853016,7429.86413802704,2012-12-12
646.954113934039,35728.6028290048,2162.44305706115,2012-12-13
6500.92426783209,35733.209272708,3747.86645945992,2012-12-14
2420.34024541623,35737.8157164112,6460.8440381726,2012-12-15
-4442.10523641906,35742.4221601144,4697.6830763047,2012-12-16
-2380.77956464368,35747.0286038175,9483.75096082614,2012-12-17
-2089.47329282349,35751.6350475207,11244.8382453028,2012-12-18
-655.860523328672,35756.2414912239,7915.61903210477,2012-12-19
646.954113934039,35760.8479349271,12320.1979511389,2012-12-20
6500.92426783209,35765.4543786303,12323.6213535376,2012-12-21
2420.34024541623,35770.0608223334,8536.59893225032,2012-12-22
-4442.10523641906,35774.6672660366,5619.43797038243,2012-12-23
-2380.77956464368,35779.3749385493,12729.4046260944,2012-12-24
-2089.47329282349,35784.082611062,-6420.60931823847,2012-12-25
-655.860523328672,35788.7902835746,15910.0702397541,2012-12-26
646.954113934039,35793.4979560873,5355.54792997868,2012-12-27
6500.92426783209,35798.2056285999,2250.87010356797,2012-12-28
2420.34024541623,35802.9133011126,1058.74645347117,2012-12-29
-4442.10523641906,35807.6209736253,2609.48426279379,2012-12-30
-2380.77956464368,35812.3286461379,13928.4509185057,2012-12-31
-2089.47329282349,35817.0363186506,-1005.5630258271,2013-01-01
-655.860523328672,35821.7439911633,1374.11653216542,2013-01-02
646.954113934039,35826.4516636759,-3046.40577760996,2013-01-03
6500.92426783209,35831.1593361886,-13557.0836040207,2013-01-04
2420.34024541623,35835.8670087012,-6255.20725411747,2013-01-05
-4442.10523641906,35840.5746812139,-3791.46944479484,2013-01-06
-2380.77956464368,35845.2823537266,-416.502789082893,2013-01-07
-2089.47329282349,35849.9900262392,-54.516733415745,2013-01-08
-655.860523328672,35854.6976987519,1074.16282457678,2013-01-09
646.954113934039,35859.4053712646,-18.3594851985908,2013-01-10
6500.92426783209,35864.1130437772,-4363.03731160931,2013-01-11
2420.34024541623,35868.8207162899,-176.160961706111,2013-01-12
-4442.10523641906,35873.5283888025,-1255.42315238348,2013-01-13
-2380.77956464368,35878.2360613152,2943.54350332847,2013-01-14
-2089.47329282349,35882.9437338279,4542.52955899561,2013-01-15
-655.860523328672,35887.6514063405,3811.20911698814,2013-01-16
646.954113934039,35892.3590788532,-106.313192787231,2013-01-17
6500.92426783209,35897.0667513659,714.008980802057,2013-01-18
2420.34024541623,35901.7744238785,1253.88533070525,2013-01-19
-4442.10523641906,35906.4820963912,227.623140027878,2013-01-20
-2380.77956464368,35911.1897689038,3330.58979573983,2013-01-21
-2089.47329282349,35915.8974414165,6257.57585140698,2013-01-22
-655.860523328672,35920.6051139292,6208.2554093995,2013-01-23
646.954113934039,35925.3127864418,636.733099624129,2013-01-24
6500.92426783209,35930.0204589545,-156.944726786583,2013-01-25
2420.34024541623,35934.7281314672,8255.93162311662,2013-01-26
-4442.10523641906,35939.4358039798,4995.66943243924,2013-01-27
-2380.77956464368,35944.1434764925,-5975.3639118488,2013-01-28
-2089.47329282349,35948.8511490051,569.622143818342,2013-01-29
-655.860523328672,35944.3505347805,417.50998854814,2013-01-30
646.954113934039,35939.8499205559,-3027.80403448996,2013-01-31
6500.92426783209,35935.3493063313,-4183.2735741634,2013-02-01
2420.34024541623,35930.8486921067,-3966.18893752292,2013-02-02
-4442.10523641906,35926.3480778821,-3176.24284146302,2013-02-03
-2380.77956464368,35921.8474636575,-2023.06789901379,2013-02-04
-2089.47329282349,35917.3468494329,-2539.87355660937,2013-02-05
-655.860523328672,35912.8462352082,-2660.98571187957,2013-02-06
646.954113934039,35908.3456209836,-3609.29973491767,2013-02-07
6500.92426783209,35903.845006759,-5359.7692745911,2013-02-08
2420.34024541623,35899.3443925344,-316.684637950631,2013-02-09
-4442.10523641906,35894.8437783098,6183.26145810927,2013-02-10
-2380.77956464368,35890.3431640852,-1343.5635994415,2013-02-11
-2089.47329282349,35885.8425498606,-534.369257037077,2013-02-12
-655.860523328672,35881.341935636,428.518587692721,2013-02-13
646.954113934039,35876.8413214113,2088.20456465462,2013-02-14
6500.92426783209,35872.3407071867,-3726.26497501881,2013-02-15
2420.34024541623,35867.8400929621,-5384.18033837834,2013-02-16
-4442.10523641906,35863.3394787375,-2455.23424231844,2013-02-17
-2380.77956464368,35858.8388645129,-3432.0592998692,2013-02-18
-2089.47329282349,35854.3382502883,-3309.86495746479,2013-02-19
-655.860523328672,35849.8376360637,-726.977112734989,2013-02-20
646.954113934039,35845.337021839,-512.291135773085,2013-02-21
6500.92426783209,35840.8364076144,-1992.76067544652,2013-02-22
2420.34024541623,35836.3357933898,-18.6760388060502,2013-02-23
-4442.10523641906,35831.8351791652,5619.27005725385,2013-02-24
-2380.77956464368,35827.3345649406,-2636.55500029692,2013-02-25
-2089.47329282349,35822.833950716,-57.3606578924955,2013-02-26
-655.860523328672,35818.3333364914,1931.5271868373,2013-02-27
646.954113934039,35813.8327222668,3497.21316379921,2013-02-28
6500.92426783209,35809.3321080421,-1066.25637587423,2013-03-01
2420.34024541623,35804.8314938175,-627.17173923376,2013-03-02
-4442.10523641906,35800.3308795929,-3557.22564317386,2013-03-03
-2380.77956464368,35795.8302653683,-1825.05070072463,2013-03-04
-2089.47329282349,35791.3296511437,-1730.8563583202,2013-03-05
-655.860523328672,35786.8290369191,-2314.96851359041,2013-03-06
646.954113934039,35782.3284226945,-3748.28253662851,2013-03-07
6500.92426783209,35769.9892116233,-1189.91347945543,2013-03-08
2420.34024541623,35757.6500005522,1441.00975403156,2013-03-09
-4442.10523641906,35745.3107894811,2679.79444693798,2013-03-10
-2380.77956464368,35732.9715784099,1468.80798623373,2013-03-11
-2089.47329282349,35720.6323673388,-3627.15907451533,2013-03-12
-655.860523328672,35708.2931562677,-2974.43263293902,2013-03-13
646.954113934039,35695.9539451966,1707.0919408694,2013-03-14
6500.92426783209,35683.6147341254,2932.46099804248,2013-03-15
2420.34024541623,35671.2755230543,-218.615768470532,2013-03-16
-4442.10523641906,35658.9363119832,633.168924435886,2013-03-17
-2380.77956464368,35646.597100912,2235.18246373163,2013-03-18
-2089.47329282349,35634.2578898409,351.215402982576,2013-03-19
-655.860523328672,35621.9186787698,-739.058155441111,2013-03-20
646.954113934039,35609.5794676987,-1170.53358163269,2013-03-21
6500.92426783209,35597.2402566275,1803.83547554039,2013-03-22
2420.34024541623,35584.9010455564,330.758709027374,2013-03-23
-4442.10523641906,35572.5618344853,1284.54340193379,2013-03-24
-2380.77956464368,35560.2226234141,-61.4430587704628,2013-03-25
-2089.47329282349,35547.883412343,1763.58988048048,2013-03-26
-655.860523328672,35535.5442012719,-776.683677943205,2013-03-27
646.954113934039,35523.2049902007,5705.84089586521,2013-03-28
6500.92426783209,35510.8657791296,-7285.79004696171,2013-03-29
2420.34024541623,35498.5265680585,3432.13318652528,2013-03-30
-4442.10523641906,35486.1873569874,2851.9178794317,2013-03-31
-2380.77956464368,35473.8481459162,-2832.06858127255,2013-04-01
-2089.47329282349,35461.5089348451,3629.96435797839,2013-04-02
-655.860523328672,35449.169723774,4064.6907995547,2013-04-03
646.954113934039,35436.8305127028,5186.21537336312,2013-04-04
6500.92426783209,35424.4913016317,5285.5844305362,2013-04-05
2420.34024541623,35412.1520905606,2881.50766402319,2013-04-06
-4442.10523641906,35399.8128794895,1417.2923569296,2013-04-07
-2380.77956464368,35387.4736684183,2388.30589622535,2013-04-08
-2089.47329282349,35375.1344573472,4547.33883547629,2013-04-09
-655.860523328672,35362.7952462761,4557.06527705261,2013-04-10
646.954113934039,35350.4560352049,4548.58985086103,2013-04-11
6500.92426783209,35338.1168241338,5439.9589080341,2013-04-12
2420.34024541623,35325.7776130627,1376.88214152109,2013-04-13
-4442.10523641906,35313.1765579121,394.928678506993,2013-04-14
-2380.77956464368,35300.5755027615,269.204061882221,2013-04-15
-2089.47329282349,35287.9744476108,2793.49884521264,2013-04-16
-655.860523328672,35275.3733924602,2672.48713086844,2013-04-17
646.954113934039,35262.7723373096,1958.27354875634,2013-04-18
6500.92426783209,35250.171282159,3625.9044500089,2013-04-19
2420.34024541623,35237.5702270084,4944.08952757537,2013-04-20
-4442.10523641906,35224.9691718578,3810.13606456127,2013-04-21
-2380.77956464368,35212.3681167072,1267.4114479365,2013-04-22
-2089.47329282349,35199.7670615566,-131.29376873307,2013-04-23
-655.860523328672,35187.1660064059,5720.69451692273,2013-04-24
646.954113934039,35174.5649512553,6001.48093481063,2013-04-25
6500.92426783209,35161.9638961047,3679.11183606319,2013-04-26
2420.34024541623,35149.3628409541,3284.29691362966,2013-04-27
-4442.10523641906,35136.7617858035,-901.656549384439,2013-04-28
-2380.77956464368,35124.1607306529,-831.381166009211,2013-04-29
-2089.47329282349,35111.5596755023,-875.08638267879,2013-04-30
-655.860523328672,35098.9586203517,-2468.09809702299,2013-05-01
646.954113934039,35086.3575652011,-1570.31167913509,2013-05-02
6500.92426783209,35073.7565100504,-1479.68077788253,2013-05-03
2420.34024541623,35061.1554548998,-2168.49570031606,2013-05-04
-4442.10523641906,35048.5543997492,-5061.44916333016,2013-05-05
-2380.77956464368,35035.9533445986,-2041.17377995493,2013-05-06
-2089.47329282349,35023.352289448,-2086.87899662451,2013-05-07
-655.860523328672,35010.7512342974,-1148.89071096871,2013-05-08
646.954113934039,34998.1501791468,876.895706919189,2013-05-09
6500.92426783209,34985.5491239962,1976.52660817175,2013-05-10
2420.34024541623,34972.9480688455,3124.71168573823,2013-05-11
-4442.10523641906,34960.3470136949,-887.241777275871,2013-05-12
-2380.77956464368,34947.7459585443,-3974.96639390064,2013-05-13
-2089.47329282349,34935.1449033937,-2588.67161057023,2013-05-14
-655.860523328672,34922.5438482431,-4991.68332491443,2013-05-15
646.954113934039,34909.9427930925,-4563.89690702653,2013-05-16
6500.92426783209,34897.3417379419,-3026.26600577396,2013-05-17
2420.34024541623,34884.7406827913,-1782.08092820749,2013-05-18
-4442.10523641906,34872.1396276407,-1779.03439122159,2013-05-19
-2380.77956464368,34859.53857249,-3895.75900784636,2013-05-20
-2089.47329282349,34851.3408364901,-1644.86754366659,2013-05-21
-655.860523328672,34843.1431004901,-811.282577161444,2013-05-22
646.954113934039,34834.9453644902,216.100521575805,2013-05-23
6500.92426783209,34826.7476284902,297.328103677712,2013-05-24
2420.34024541623,34818.5498924902,1060.10986209353,2013-05-25
-4442.10523641906,34810.3521564903,-2254.24692007121,2013-05-26
-2380.77956464368,34802.1544204903,-2817.37485584664,2013-05-27
-2089.47329282349,34793.9566844904,-2352.48339166688,2013-05-28
-655.860523328672,34785.7589484904,-2988.89842516172,2013-05-29
646.954113934039,34777.5612124904,-4447.51532642448,2013-05-30
6500.92426783209,34769.3634764905,-2410.28774432257,2013-05-31
2420.34024541623,34761.1657404905,-3810.50598590674,2013-06-01
-4442.10523641906,34752.9680044906,-2709.86276807149,2013-06-02
-2380.77956464368,34744.7702684906,-2963.99070384691,2013-06-03
-2089.47329282349,34736.5725324906,-2966.09923966715,2013-06-04
-655.860523328672,34728.3747964907,-3353.514273162,2013-06-05
646.954113934039,34720.1770604907,-1879.13117442475,2013-06-06
6500.92426783209,34711.9793244908,317.096407677156,2013-06-07
2420.34024541623,34703.7815884908,-215.121833907018,2013-06-08
-4442.10523641906,34695.5838524908,3924.52138392823,2013-06-09
-2380.77956464368,34687.3861164909,-6271.60655184719,2013-06-10
-2089.47329282349,34679.1883804909,-3382.71508766742,2013-06-11
-655.860523328672,34670.990644491,-6046.13012116228,2013-06-12
646.954113934039,34662.792908491,-5736.74702242503,2013-06-13
6500.92426783209,34654.595172491,-1475.51944032312,2013-06-14
2420.34024541623,34646.3974364911,-597.737681907296,2013-06-15
-4442.10523641906,34638.1997004911,-4099.09446407205,2013-06-16
-2380.77956464368,34630.0019644912,-4372.22239984747,2013-06-17
-2089.47329282349,34621.8042284912,-2696.3309356677,2013-06-18
-655.860523328672,34613.6064924912,-1912.74596916256,2013-06-19
646.954113934039,34605.4087564913,-1279.36287042531,2013-06-20
6500.92426783209,34597.2110204913,-574.135288323392,2013-06-21
2420.34024541623,34589.0132844913,125.646470092426,2013-06-22
-4442.10523641906,34580.8155484914,-2562.71031207233,2013-06-23
-2380.77956464368,34572.6178124914,-1378.83824784775,2013-06-24
-2089.47329282349,34564.4200764915,1118.05321633202,2013-06-25
-655.860523328672,34556.2223404915,775.638182837167,2013-06-26
646.954113934039,34555.1413730264,1460.90451303954,2013-06-27
6500.92426783209,34554.0604055613,1335.01532660657,2013-06-28
2420.34024541623,34552.9794380963,498.680316487509,2013-06-29
-4442.10523641906,34551.8984706312,5081.20676578788,2013-06-30
-2380.77956464368,34550.8175031661,1608.96206147758,2013-07-01
-2089.47329282349,34549.736535701,1969.73675712247,2013-07-02
-655.860523328672,34548.6555682359,2063.20495509273,2013-07-03
646.954113934039,34547.5746007709,207.471285295105,2013-07-04
6500.92426783209,34546.4936333058,2188.58209886213,2013-07-05
2420.34024541623,34545.4126658407,315.247088743068,2013-07-06
-4442.10523641906,34544.3316983756,939.773538043439,2013-07-07
-2380.77956464368,34543.2507309105,3795.52883373314,2013-07-08
-2089.47329282349,34542.1697634455,2123.30352937803,2013-07-09
-655.860523328672,34541.0887959804,2858.77172734829,2013-07-10
646.954113934039,34540.0078285153,3226.03805755066,2013-07-11
6500.92426783209,34538.9268610502,4565.14887111769,2013-07-12
2420.34024541623,34537.8458935851,-2303.18613900137,2013-07-13
-4442.10523641906,34536.7649261201,-2135.65968970099,2013-07-14
-2380.77956464368,34535.683958655,-196.904394011297,2013-07-15
-2089.47329282349,34534.6029911899,-371.129698366407,2013-07-16
-655.860523328672,34533.5220237248,1047.33849960386,2013-07-17
646.954113934039,34532.4410562597,-392.395170193769,2013-07-18
6500.92426783209,34531.3600887947,-856.28435662674,2013-07-19
2420.34024541623,34530.2791213296,-6385.6193667458,2013-07-20
-4442.10523641906,34529.1981538645,-1448.09291744543,2013-07-21
-2380.77956464368,34528.1171863994,62.6623782442693,2013-07-22
-2089.47329282349,34527.0362189343,316.437073889159,2013-07-23
-655.860523328672,34525.9552514693,7053.90527185942,2013-07-24
646.954113934039,34524.8742840042,3413.17160206179,2013-07-25
6500.92426783209,34523.7933165391,216.282415628819,2013-07-26
2420.34024541623,34522.712349074,2907.94740550976,2013-07-27
-4442.10523641906,34521.6313816089,-1113.52614518987,2013-07-28
-2380.77956464368,34520.5504141439,593.229150499828,2013-07-29
-2089.47329282349,34519.4694466788,-300.996153855282,2013-07-30
-655.860523328672,34518.3884792137,-2004.52795588502,2013-07-31
646.954113934039,34517.3075117486,-1757.26162568265,2013-08-01
6500.92426783209,34516.2265442835,-2412.15081211561,2013-08-02
2420.34024541623,34524.1385808924,-3622.47882630863,2013-08-03
-4442.10523641906,34532.0506175013,8.05461891778396,2013-08-04
-2380.77956464368,34539.9626541102,-470.183089466474,2013-08-05
-2089.47329282349,34547.874690719,-904.401397895541,2013-08-06
-655.860523328672,34555.7867273279,-3255.92620399923,2013-08-07
646.954113934039,34563.6987639368,-853.652877870816,2013-08-08
6500.92426783209,34571.6108005457,-1234.53506837775,2013-08-09
2420.34024541623,34579.5228371545,2540.13691742923,2013-08-10
-4442.10523641906,34587.4348737634,2015.67036265565,2013-08-11
-2380.77956464368,34595.3469103723,-1764.56734572861,2013-08-12
-2089.47329282349,34603.2589469812,749.214345842323,2013-08-13
-655.860523328672,34611.17098359,-1812.31046026137,2013-08-14
646.954113934039,34619.0830201989,143.962865867048,2013-08-15
6500.92426783209,34626.9950568078,2449.08067536012,2013-08-16
2420.34024541623,34634.9070934167,1829.75266116711,2013-08-17
-4442.10523641906,34642.8191300255,-1643.71389360648,2013-08-18
-2380.77956464368,34650.7311666344,-2829.95160199074,2013-08-19
-2089.47329282349,34658.6432032433,-2160.16991041981,2013-08-20
-655.860523328672,34666.5552398522,-2133.6947165235,2013-08-21
646.954113934039,34674.4672764611,-1808.42139039509,2013-08-22
6500.92426783209,34682.3793130699,175.696419097985,2013-08-23
2420.34024541623,34690.2913496788,190.36840490497,2013-08-24
-4442.10523641906,34698.2033862877,-765.098149868616,2013-08-25
-2380.77956464368,34706.1154228966,-576.335858252874,2013-08-26
-2089.47329282349,34714.0274595054,-959.554166681941,2013-08-27
-655.860523328672,34721.9394961143,-1165.07897278563,2013-08-28
646.954113934039,34729.8515327232,-3054.80564665722,2013-08-29
6500.92426783209,34737.7635693321,-1665.68783716414,2013-08-30
2420.34024541623,34745.6756059409,1906.98414864284,2013-08-31
-4442.10523641906,34753.5876425498,1137.51759386926,2013-09-01
-2380.77956464368,34761.4996791587,-2635.72011451501,2013-09-02
-2089.47329282349,34769.4117157676,-1967.93842294408,2013-09-03
-655.860523328672,34777.3237523764,-2975.46322904777,2013-09-04
646.954113934039,34785.2357889853,-3709.18990291936,2013-09-05
6500.92426783209,34793.1478255942,602.927906573721,2013-09-06
2420.34024541623,34801.0598622031,-189.400107619294,2013-09-07
-4442.10523641906,34808.9718988119,-1912.86666239288,2013-09-08
-2380.77956464368,34821.2104135758,-3222.43084893208,2013-09-09
-2089.47329282349,34833.4489283396,-3892.9756355161,2013-09-10
-655.860523328672,34845.6874431034,-2840.82691977472,2013-09-11
646.954113934039,34857.9259578672,-5809.88007180125,2013-09-12
6500.92426783209,34870.164472631,-1688.08874046312,2013-09-13
2420.34024541623,34882.4029873949,-3451.74323281108,2013-09-14
-4442.10523641906,34894.6415021587,-1757.5362657396,2013-09-15
-2380.77956464368,34906.8800169225,-6284.1004522788,2013-09-16
-2089.47329282349,34919.1185316863,-2039.64523886282,2013-09-17
-655.860523328672,34931.3570464501,-5153.49652312145,2013-09-18
646.954113934039,34943.5955612139,-3054.54967514798,2013-09-19
6500.92426783209,34955.8340759778,-2019.75834380984,2013-09-20
2420.34024541623,34968.0725907416,-1295.4128361578,2013-09-21
-4442.10523641906,34980.3111055054,-1834.20586908633,2013-09-22
-2380.77956464368,34992.5496202692,978.229944374463,2013-09-23
-2089.47329282349,35004.788135033,2350.68515779045,2013-09-24
-655.860523328672,35017.0266497968,2397.83387353182,2013-09-25
646.954113934039,35029.2651645607,13.7807215052962,2013-09-26
6500.92426783209,35041.5036793245,8361.57205284342,2013-09-27
2420.34024541623,35053.7421940883,-1372.08243950453,2013-09-28
-4442.10523641906,35065.9807088521,939.124527566943,2013-09-29
-2380.77956464368,35078.2192236159,3737.56034102774,2013-09-30
-2089.47329282349,35090.4577383798,3552.01555444373,2013-10-01
-655.860523328672,35102.6962531436,1881.16427018509,2013-10-02
646.954113934039,35114.9347679074,1736.11111815857,2013-10-03
6500.92426783209,35127.1732826712,3842.9024494967,2013-10-04
2420.34024541623,35139.411797435,1682.24795714874,2013-10-05
-4442.10523641906,35151.6503121988,-558.545075779788,2013-10-06
-2380.77956464368,35163.8888269627,-570.109262318991,2013-10-07
-2089.47329282349,35176.1273417265,-831.654048903001,2013-10-08
-655.860523328672,35188.3658564903,-191.505333161629,2013-10-09
646.954113934039,35200.6043712541,-3930.55848518816,2013-10-10
6500.92426783209,35212.8428860179,-666.767153850029,2013-10-11
2420.34024541623,35225.0814007818,3571.57835380201,2013-10-12
-4442.10523641906,35237.3199155456,-5779.21467912651,2013-10-13
-2380.77956464368,35249.5584303094,-3425.77886566571,2013-10-14
-2089.47329282349,35261.7969450732,-1228.32365224972,2013-10-15
-655.860523328672,35274.8542221816,-1241.99369885295,2013-10-16
646.954113934039,35287.91149929,-4439.86561322408,2013-10-17
6500.92426783209,35300.9687763984,-584.893044230535,2013-10-18
2420.34024541623,35314.0260535069,-937.366298923094,2013-10-19
-4442.10523641906,35327.0833306153,-2595.97809419622,2013-10-20
-2380.77956464368,35340.1406077237,-4518.36104308001,2013-10-21
-2089.47329282349,35353.1978848321,-4807.72459200862,2013-10-22
-655.860523328672,35366.2551619405,-4424.39463861184,2013-10-23
646.954113934039,35379.3124390489,-1767.26655298296,2013-10-24
6500.92426783209,35392.3697161573,-590.293983989432,2013-10-25
2420.34024541623,35405.4269932658,-3059.76723868198,2013-10-26
-4442.10523641906,35418.4842703742,-2462.37903395511,2013-10-27
-2380.77956464368,35431.5415474826,-1748.7619828389,2013-10-28
-2089.47329282349,35444.598824591,-1327.1255317675,2013-10-29
-655.860523328672,35457.6561016994,-1633.79557837073,2013-10-30
646.954113934039,35470.7133788078,-1858.66749274186,2013-10-31
6500.92426783209,35483.7706559162,-417.69492374832,2013-11-01
2420.34024541623,35496.8279330246,-3763.16817844087,2013-11-02
-4442.10523641906,35509.8852101331,-4245.77997371399,2013-11-03
-2380.77956464368,35522.9424872415,11265.8370774022,2013-11-04
-2089.47329282349,35535.9997643499,-3987.52647152639,2013-11-05
-655.860523328672,35549.0570414583,1023.80348187037,2013-11-06
646.954113934039,35562.1143185667,-1788.06843250075,2013-11-07
6500.92426783209,35575.1715956751,-2538.09586350721,2013-11-08
2420.34024541623,35588.2288727835,-4923.56911819976,2013-11-09
-4442.10523641906,35601.2861498919,-3755.18091347288,2013-11-10
-2380.77956464368,35614.3434270004,-1997.56386235668,2013-11-11
-2089.47329282349,35627.4007041088,-3567.92741128529,2013-11-12
-655.860523328672,35640.4579812172,-5303.59745788851,2013-11-13
646.954113934039,35653.5152583256,787.530627740365,2013-11-14
6500.92426783209,35666.572535434,1770.5031967339,2013-11-15
2420.34024541623,35679.6298125424,3168.02994204135,2013-11-16
-4442.10523641906,35692.6870896508,5182.41814676823,2013-11-17
-2380.77956464368,35705.7443667593,3876.03519788443,2013-11-18
-2089.47329282349,35718.8016438677,4320.67164895582,2013-11-19
-655.860523328672,35731.8589209761,34.0016023525968,2013-11-20
646.954113934039,35744.9161980845,6974.12968798148,2013-11-21
6500.92426783209,35759.6921329603,1120.38359920757,2013-11-22
2420.34024541623,35774.4680678362,327.191686747567,2013-11-23
-4442.10523641906,35789.2440027121,729.861233707001,2013-11-24
-2380.77956464368,35804.0199375879,4482.75962705576,2013-11-25
-2089.47329282349,35818.7958724638,4826.67742035971,2013-11-26
-655.860523328672,35833.5718073396,3767.28871598904,2013-11-27
646.954113934039,35848.3477422155,-2005.30185614953,2013-11-28
6500.92426783209,35863.1236770914,3044.95205507656,2013-11-29
2420.34024541623,35877.8996119672,6586.76014261656,2013-11-30
-4442.10523641906,35892.6755468431,6103.42968957599,2013-12-01
-2380.77956464368,35907.4514817189,2448.32808292475,2013-12-02
-2089.47329282349,35922.2274165948,4374.2458762287,2013-12-03
-655.860523328672,35937.0033514706,175.857171858028,2013-12-04
646.954113934039,35951.7792863465,2023.26659971946,2013-12-05
6500.92426783209,35966.5552212224,6651.52051094555,2013-12-06
2420.34024541623,35981.3311560982,9506.32859848555,2013-12-07
-4442.10523641906,35996.1070909741,6199.99814544499,2013-12-08
-2380.77956464368,36010.8830258499,1758.89653879374,2013-12-09
-2089.47329282349,36025.6589607258,5931.8143320977,2013-12-10
-655.860523328672,36040.4348956017,6854.42562772702,2013-12-11
646.954113934039,36055.2108304775,10205.8350555885,2013-12-12
6500.92426783209,36069.9867653534,7043.08896681455,2013-12-13
2420.34024541623,36084.7627002292,10072.8970543545,2013-12-14
-4442.10523641906,36099.5386351051,7455.56660131398,2013-12-15
-2380.77956464368,36114.3145699809,7682.46499466274,2013-12-16
-2089.47329282349,36129.0905048568,11420.3827879667,2013-12-17
-655.860523328672,36143.8664397327,12288.994083596,2013-12-18
646.954113934039,36158.6423746085,3506.40351145744,2013-12-19
6500.92426783209,36173.4183094844,8063.65742268354,2013-12-20
2420.34024541623,36188.1942443602,8179.46551022354,2013-12-21
-4442.10523641906,36202.9701792361,8977.13505718297,2013-12-22
-2380.77956464368,36217.7461141119,17373.0334505317,2013-12-23
-2089.47329282349,36232.5220489878,16430.9512438357,2013-12-24
-655.860523328672,36247.2979838637,-5073.43746053499,2013-12-25
646.954113934039,36262.0739187395,17382.9719673264,2013-12-26
6500.92426783209,36276.8498536154,3192.22587855253,2013-12-27
2420.34024541623,36291.6257884912,-3573.96603390747,2013-12-28
-4442.10523641906,36303.3067559993,4857.7984804198,2013-12-29
-2380.77956464368,36314.9877235073,6452.7918411364,2013-12-30
-2089.47329282349,36326.6686910153,13314.8046018082,2013-12-31
-655.860523328672,36338.3496585233,-4125.48913519465,2014-01-01
646.954113934039,36350.0306260313,924.015260034619,2014-01-02
6500.92426783209,36361.7115935394,-4458.63586137145,2014-01-03
2420.34024541623,36373.3925610474,-4774.73280646361,2014-01-04
-4442.10523641906,36385.0735285554,-2554.96829213634,2014-01-05
-2380.77956464368,36396.7544960634,1190.02506858026,2014-01-06
-2089.47329282349,36408.4354635714,577.037829252047,2014-01-07
-655.860523328672,36420.1164310795,1585.74409224921,2014-01-08
646.954113934039,36431.7973985875,-768.751512521514,2014-01-09
6500.92426783209,36443.4783660955,-3965.40263392759,2014-01-10
2420.34024541623,36455.1593336035,-3289.49957901975,2014-01-11
-4442.10523641906,36466.8403011115,-536.735064692482,2014-01-12
-2380.77956464368,36478.5212686196,1454.25829602412,2014-01-13
-2089.47329282349,36490.2022361276,-5275.7289433041,2014-01-14
-655.860523328672,36501.8832036356,-3755.02268030693,2014-01-15
646.954113934039,36513.5641711436,-7212.51828507766,2014-01-16
6500.92426783209,36525.2451386516,-11272.1694064837,2014-01-17
2420.34024541623,36536.9261061597,-567.26635157589,2014-01-18
-4442.10523641906,36548.6070736677,877.498162751384,2014-01-19
-2380.77956464368,36560.2880411757,3454.49152346798,2014-01-20
-2089.47329282349,36571.9690086837,5204.50428413977,2014-01-21
-655.860523328672,36583.6499761917,5021.21054713693,2014-01-22
646.954113934039,36595.3309436998,3233.7149423662,2014-01-23
6500.92426783209,36607.0119112078,-1896.93617903987,2014-01-24
2420.34024541623,36618.6928787158,1445.96687586797,2014-01-25
-4442.10523641906,36630.3738462238,11787.7313901952,2014-01-26
-2380.77956464368,36642.0548137318,-9784.27524908816,2014-01-27
-2089.47329282349,36653.7357812399,-6640.26248841638,2014-01-28
-655.860523328672,36665.4167487479,-1475.5562254192,2014-01-29
646.954113934039,36677.0977162559,-1483.05183018994,2014-01-30
6500.92426783209,36688.7786837639,-1196.70295159601,2014-01-31
2420.34024541623,36700.4596512719,-4338.79989668817,2014-02-01
-4442.10523641906,36712.14061878,-3590.0353823609,2014-02-02
-2380.77956464368,36723.821586288,-5805.0420216443,2014-02-03
-2089.47329282349,36727.086965434,-653.613672610474,2014-02-04
-655.860523328672,36730.35234458,-483.491821251278,2014-02-05
646.954113934039,36733.6177237259,-1583.57183765997,2014-02-06
6500.92426783209,36736.8831028719,-6819.80737070401,2014-02-07
2420.34024541623,36740.1484820179,-7471.48872743413,2014-02-08
-4442.10523641906,36743.4138611639,-9038.30862474483,2014-02-09
-2380.77956464368,36746.6792403099,-2033.89967566619,2014-02-10
-2089.47329282349,36749.9446194559,-1071.47132663237,2014-02-11
-655.860523328672,36753.2099986018,-2105.34947527317,2014-02-12
646.954113934039,36756.4753777478,-206.429491681869,2014-02-13
6500.92426783209,36759.7407568938,2676.3349752741,2014-02-14
2420.34024541623,36763.0061360398,1963.65361854397,2014-02-15
-4442.10523641906,36766.2715151858,-2293.16627876672,2014-02-16
-2380.77956464368,36769.5368943318,-15.7573296880873,2014-02-17
-2089.47329282349,36772.8022734778,-571.328980654267,2014-02-18
-655.860523328672,36776.0676526237,-1875.20712929506,2014-02-19
646.954113934039,36779.3330317697,-103.287145703762,2014-02-20
6500.92426783209,36782.5984109157,-1161.52267874779,2014-02-21
2420.34024541623,36785.8637900617,16884.7959645221,2014-02-22
-4442.10523641906,36789.1291692077,12161.9760672114,2014-02-23
-2380.77956464368,36792.3945483537,3920.38501629001,2014-02-24
-2089.47329282349,36795.6599274996,-794.18663467616,2014-02-25
-655.860523328672,36798.9253066456,725.935216683036,2014-02-26
646.954113934039,36802.1906857916,2550.85520027435,2014-02-27
6500.92426783209,36805.4560649376,-790.380332769688,2014-02-28
2420.34024541623,36808.7214440836,1094.93831050018,2014-03-01
-4442.10523641906,36811.9868232296,-2078.88158681051,2014-03-02
-2380.77956464368,36815.2522023756,-1214.47263773188,2014-03-03
-2089.47329282349,36818.5175815215,-1279.04428869805,2014-03-04
-655.860523328672,36821.7829606675,-743.922437338857,2014-03-05
646.954113934039,36825.0483398135,-1345.00245374755,2014-03-06
6500.92426783209,36828.3137189595,2049.76201320841,2014-03-07
2420.34024541623,36831.5790981055,4880.08065647829,2014-03-08
-4442.10523641906,36834.8444772515,7255.26075916759,2014-03-09
-2380.77956464368,36838.1098563975,-439.330291753773,2014-03-10
-2089.47329282349,36841.3752355434,-1483.90194271995,2014-03-11
-655.860523328672,36844.6406146894,-652.78009136075,2014-03-12
646.954113934039,36839.9110525515,-713.865166485513,2014-03-13
6500.92426783209,36835.1814904135,1180.89424175437,2014-03-14
2420.34024541623,36830.4519282756,-772.792173691822,2014-03-15
-4442.10523641906,36825.7223661376,3854.38287028141,2014-03-16
-2380.77956464368,36820.9928039997,2165.78676064398,2014-03-17
-2089.47329282349,36816.2632418618,1434.21005096172,2014-03-18
-655.860523328672,36811.5336797238,-852.673156395147,2014-03-19
646.954113934039,36806.8041175859,-1071.75823151991,2014-03-20
6500.92426783209,36802.0745554479,661.001176719976,2014-03-21
2420.34024541623,36797.34499331,-435.685238726219,2014-03-22
-4442.10523641906,36792.615431172,-1953.51019475298,2014-03-23
-2380.77956464368,36787.8858690341,-1543.10630439043,2014-03-24
-2089.47329282349,36783.1563068962,-38.6830140726743,2014-03-25
-655.860523328672,36778.4267447582,-1380.56622142954,2014-03-26
646.954113934039,36773.6971826203,1251.34870344569,2014-03-27
6500.92426783209,36768.9676204823,3448.10811168558,2014-03-28
2420.34024541623,36764.2380583444,4465.42169623938,2014-03-29
-4442.10523641906,36759.5084962064,1298.59674021262,2014-03-30
-2380.77956464368,36754.7789340685,-1941.99936942483,2014-03-31
-2089.47329282349,36750.0493719306,-483.576079107072,2014-04-01
-655.860523328672,36745.3198097926,113.540713536058,2014-04-02
646.954113934039,36740.5902476547,1980.45563841129,2014-04-03
6500.92426783209,36735.8606855167,4192.21504665118,2014-04-04
2420.34024541623,36731.1311233788,8020.52863120499,2014-04-05
-4442.10523641906,36726.4015612408,5060.70367517822,2014-04-06
-2380.77956464368,36721.6719991029,4765.10756554078,2014-04-07
-2089.47329282349,36716.942436965,4333.53085585853,2014-04-08
-655.860523328672,36712.212874827,3518.64764850166,2014-04-09
646.954113934039,36707.4833126891,4327.56257337689,2014-04-10
6500.92426783209,36702.7537505511,6824.32198161678,2014-04-11
2420.34024541623,36698.0241884132,5782.63556617059,2014-04-12
-4442.10523641906,36693.2946262752,7056.81061014382,2014-04-13
-2380.77956464368,36688.5650641373,5020.21450050638,2014-04-14
-2089.47329282349,36683.8355019994,9638.63779082413,2014-04-15
-655.860523328672,36679.1059398614,10347.7545834673,2014-04-16
646.954113934039,36674.3763777235,14383.6695083425,2014-04-17
6500.92426783209,36669.6468155855,-8042.57108341761,2014-04-18
2420.34024541623,36664.552662344,7131.10709223973,2014-04-19
-4442.10523641906,36659.4585091026,5730.64672731649,2014-04-20
-2380.77956464368,36654.3643558611,1054.41520878259,2014-04-21
-2089.47329282349,36649.2702026196,-2186.79690979612,2014-04-22
-655.860523328672,36644.1760493781,3569.68447395053,2014-04-23
646.954113934039,36639.0818961367,5497.9639899293,2014-04-24
6500.92426783209,36633.9877428952,1857.08798927273,2014-04-25
2420.34024541623,36628.8935896537,-38.2338350699356,2014-04-26
-4442.10523641906,36623.7994364122,-2382.69419999317,2014-04-27
-2380.77956464368,36618.7052831707,-1000.92571852707,2014-04-28
-2089.47329282349,36613.6111299293,-4325.13783710579,2014-04-29
-655.860523328672,36608.5169766878,-1224.65645335912,2014-04-30
646.954113934039,36603.4228234463,-497.376937380352,2014-05-01
6500.92426783209,36598.3286702048,-684.252938036931,2014-05-02
2420.34024541623,36593.2345169634,-906.574762379591,2014-05-03
-4442.10523641906,36588.1403637219,-3295.03512730282,2014-05-04
-2380.77956464368,36583.0462104804,-1896.26664583673,2014-05-05
-2089.47329282349,36577.9520572389,-931.478764415442,2014-05-06
-655.860523328672,36572.8579039975,-1406.99738066878,2014-05-07
646.954113934039,36567.763750756,-655.717864690007,2014-05-08
6500.92426783209,36562.6695975145,-313.593865346586,2014-05-09
2420.34024541623,36557.575444273,-2718.91568968925,2014-05-10
-4442.10523641906,36552.4812910315,-1862.37605461248,2014-05-11
-2380.77956464368,36547.3871377901,-1870.60757314639,2014-05-12
-2089.47329282349,36542.2929845486,-1452.8196917251,2014-05-13
-655.860523328672,36537.1988313071,394.661692021567,2014-05-14
646.954113934039,36532.1046780656,2724.94120800033,2014-05-15
6500.92426783209,36527.0105248242,2214.06520734376,2014-05-16
2420.34024541623,36521.9163715827,6571.7433830011,2014-05-17
-4442.10523641906,36516.8222183412,3421.28301807786,2014-05-18
-2380.77956464368,36511.7280650997,-1123.94850045604,2014-05-19
-2089.47329282349,36506.6339118582,-2393.16061903475,2014-05-20
-655.860523328672,36501.5397586168,790.320764711905,2014-05-21
646.954113934039,36496.4456053753,-708.399719309324,2014-05-22
6500.92426783209,36491.3514521338,-181.275719965895,2014-05-23
2420.34024541623,36486.2572988923,1805.40245569144,2014-05-24
-4442.10523641906,36481.1631456509,-296.057909231793,2014-05-25
-2380.77956464368,36480.2489596256,-1893.46939498189,2014-05-26
-2089.47329282349,36479.3347736003,-2948.8614807768,2014-05-27
-655.860523328672,36478.420587575,-2379.56006424633,2014-05-28
646.954113934039,36477.5064015497,-1629.46051548374,2014-05-29
6500.92426783209,36476.5922155244,2484.48351664349,2014-05-30
2420.34024541623,36475.6780294991,4714.98172508464,2014-05-31
-4442.10523641906,36474.7638434738,-2733.65860705479,2014-06-01
-2380.77956464368,36473.8496574486,-2445.07009280488,2014-06-02
-2089.47329282349,36472.9354714233,-3948.46217859979,2014-06-03
-655.860523328672,36472.021285398,-2809.16076206931,2014-06-04
646.954113934039,36471.1070993727,-741.061213306733,2014-06-05
6500.92426783209,36470.1929133474,240.882818820501,2014-06-06
2420.34024541623,36469.2787273221,1830.38102726165,2014-06-07
-4442.10523641906,36468.3645412968,4330.74069512222,2014-06-08
-2380.77956464368,36467.4503552716,-4669.67079062787,2014-06-09
-2089.47329282349,36466.5361692463,-2398.06287642277,2014-06-10
-655.860523328672,36465.621983221,-2683.7614598923,2014-06-11
646.954113934039,36464.7077971957,-1099.66191112973,2014-06-12
6500.92426783209,36463.7936111704,973.282120997508,2014-06-13
2420.34024541623,36462.8794251451,-1687.21967056135,2014-06-14
-4442.10523641906,36461.9652391198,-3372.86000270077,2014-06-15
-2380.77956464368,36461.0510530945,-3996.27148845086,2014-06-16
-2089.47329282349,36460.1368670693,-596.663574245766,2014-06-17
-655.860523328672,36459.222681044,-1374.3621577153,2014-06-18
646.954113934039,36458.3084950187,-1693.26260895272,2014-06-19
6500.92426783209,36457.3943089934,-347.318576825484,2014-06-20
2420.34024541623,36456.4801229681,2921.17963161566,2014-06-21
-4442.10523641906,36455.5659369428,333.539299476244,2014-06-22
-2380.77956464368,36454.6517509175,-2606.87218627385,2014-06-23
-2089.47329282349,36453.7375648922,-4842.26427206876,2014-06-24
-655.860523328672,36452.823378867,-977.962855538288,2014-06-25
646.954113934039,36451.9091928417,1002.13669322429,2014-06-26
6500.92426783209,36450.9950068164,-1042.91927464848,2014-06-27
2420.34024541623,36450.0808207911,-1432.42106620732,2014-06-28
-4442.10523641906,36449.1666347658,-6705.06139834675,2014-06-29
-2380.77956464368,36448.2524487405,509.527115903154,2014-06-30
-2089.47329282349,36447.3382627152,854.135030108249,2014-07-01
-655.860523328672,36451.8870120527,2611.973511276,2014-07-02
646.954113934039,36456.4357613901,1661.61012467586,2014-07-03
6500.92426783209,36460.9845107275,-1105.90877855962,2014-07-04
2420.34024541623,36465.533260065,-170.873505481191,2014-07-05
-4442.10523641906,36470.0820094024,732.023227016667,2014-07-06
-2380.77956464368,36474.6307587398,2806.14880590385,2014-07-07
-2089.47329282349,36479.1795080773,3190.29378474622,2014-07-08
-655.860523328672,36483.7282574147,-347.867734086023,2014-07-09
646.954113934039,36488.2770067521,1864.76887931384,2014-07-10
6500.92426783209,36492.8257560896,3718.24997607835,2014-07-11
2420.34024541623,36497.374505427,-1493.71475084322,2014-07-12
-4442.10523641906,36501.9232547644,-1108.81801834536,2014-07-13
-2380.77956464368,36506.4720041019,-1773.69243945817,2014-07-14
-2089.47329282349,36511.0207534393,-2490.54746061579,2014-07-15
-655.860523328672,36515.5695027767,-865.708979448042,2014-07-16
646.954113934039,36520.1182521141,-261.072366048182,2014-07-17
6500.92426783209,36524.6670014516,-562.591269283665,2014-07-18
2420.34024541623,36529.215750789,-555.555996205236,2014-07-19
-4442.10523641906,36533.7645001264,-2265.65926370738,2014-07-20
-2380.77956464368,36538.3132494639,-1410.5336848202,2014-07-21
-2089.47329282349,36542.8619988013,-2619.38870597782,2014-07-22
-655.860523328672,36547.4107481387,-268.550224810067,2014-07-23
646.954113934039,36551.9594974762,-37198.9136114102,2014-07-24
6500.92426783209,36556.5082468136,-43057.4325146457,2014-07-25
2420.34024541623,36561.056996151,-38981.3972415673,2014-07-26
-4442.10523641906,36565.6057454885,-32123.5005090694,2014-07-27
-2380.77956464368,36570.1544948259,-34189.3749301822,2014-07-28
-2089.47329282349,36574.7032441633,-34485.2299513398,2014-07-29
-655.860523328672,36579.2519935008,-35923.3914701721,2014-07-30
646.954113934039,36583.8007428382,-37230.7548567722,2014-07-31
6500.92426783209,36588.3494921756,-43089.2737600077,2014-08-01
2420.34024541623,36592.8982415131,-39013.2384869293,2014-08-02
-4442.10523641906,36597.4469908505,-32155.3417544314,2014-08-03
-2380.77956464368,36601.9957401879,-34221.2161755442,2014-08-04
-2089.47329282349,36606.5444895254,-34517.0711967019,2014-08-05
-655.860523328672,36611.0932388628,-35955.2327155341,2014-08-06
646.954113934039,36615.6419882002,-2683.59610213425,2014-08-07
6500.92426783209,36626.2518723605,1065.82385980744,2014-08-08
2420.34024541623,36636.8617565207,-1187.20200193697,2014-08-09
-4442.10523641906,36647.471640681,1940.63359573807,2014-08-10
-2380.77956464368,36658.0815248413,-1665.30196019758,2014-08-11
-2089.47329282349,36668.6914090015,-2534.21811617802,2014-08-12
-655.860523328672,36679.3012931618,-4721.44076983311,2014-08-13
646.954113934039,36689.911177322,-864.865291256072,2014-08-14
6500.92426783209,36700.5210614823,1638.55467068562,2014-08-15
2420.34024541623,36711.1309456426,3254.52880894122,2014-08-16
-4442.10523641906,36721.7408298028,-45.6355933837549,2014-08-17
-2380.77956464368,36732.3507139631,-4026.57114931939,2014-08-18
-2089.47329282349,36742.9605981233,-2861.48730529984,2014-08-19
-655.860523328672,36753.5704822836,-1910.70995895493,2014-08-20
646.954113934039,36764.1803664439,-855.134480377892,2014-08-21
6500.92426783209,36774.7902506041,629.285481563798,2014-08-22
2420.34024541623,36785.4001347644,1195.2596198194,2014-08-23
-4442.10523641906,36796.0100189246,-357.904782505575,2014-08-24
-2380.77956464368,36806.6199030849,-3338.84033844122,2014-08-25
-2089.47329282349,36817.2297872452,-2492.75649442166,2014-08-26
-655.860523328672,36827.8396714054,-2795.97914807674,2014-08-27
646.954113934039,36838.4495555657,-2894.40366949971,2014-08-28
6500.92426783209,36849.0594397259,161.016292441978,2014-08-29
2420.34024541623,36859.6693238862,3609.99043069758,2014-08-30
-4442.10523641906,36870.2792080464,-1802.17397162739,2014-08-31
-2380.77956464368,36880.8890922067,-7971.10952756303,2014-09-01
-2089.47329282349,36891.498976367,-4271.02568354349,2014-09-02
-655.860523328672,36902.1088605272,-3792.24833719856,2014-09-03
646.954113934039,36912.7187446875,-3036.67285862153,2014-09-04
6500.92426783209,36923.3286288478,-925.252896679842,2014-09-05
2420.34024541623,36933.938513008,-450.27875842424,2014-09-06
-4442.10523641906,36944.5483971683,-4217.44316074921,2014-09-07
-2380.77956464368,36955.1582813285,-1203.37871668486,2014-09-08
-2089.47329282349,36965.7681654888,-1226.2948726653,2014-09-09
-655.860523328672,36976.3780496491,239.482473679622,2014-09-10
646.954113934039,36986.9879338093,-4681.94204774335,2014-09-11
6500.92426783209,36997.5978179696,-2772.52208580166,2014-09-12
2420.34024541623,37008.2077021298,-3067.54794754606,2014-09-13
-4442.10523641906,37020.3623019348,-2840.25706551573,2014-09-14
-2380.77956464368,37032.5169017398,-3637.73733709608,2014-09-15
-2089.47329282349,37044.6715015447,-3943.19820872123,2014-09-16
-655.860523328672,37056.8261013497,-3685.96557802102,2014-09-17
646.954113934039,37068.9807011547,-3657.93481508869,2014-09-18
6500.92426783209,37081.1353009596,-1487.0595687917,2014-09-19
2420.34024541623,37093.2899007646,-2467.6301461808,2014-09-20
-4442.10523641906,37105.4445005695,-354.339264150476,2014-09-21
-2380.77956464368,37117.5991003745,1881.18046426918,2014-09-22
-2089.47329282349,37129.7537001795,3874.71959264402,2014-09-23
-655.860523328672,37141.9082999844,-147.04777665576,2014-09-24
646.954113934039,37154.0628997894,1868.98298627657,2014-09-25
6500.92426783209,37166.2174995944,7241.85823257356,2014-09-26
2420.34024541623,37178.3720993993,55.2876551844529,2014-09-27
-4442.10523641906,37190.5266992043,3395.57853721478,2014-09-28
-2380.77956464368,37202.6812990093,4175.09826563443,2014-09-29
-2089.47329282349,37214.8358988142,-2257.36260599073,2014-09-30
-655.860523328672,37226.9904986192,1133.8700247095,2014-10-01
646.954113934039,37239.1450984241,3436.90078764183,2014-10-02
6500.92426783209,37251.2996982291,2580.77603393881,2014-10-03
2420.34024541623,37263.4542980341,349.205456549709,2014-10-04
-4442.10523641906,37275.608897839,-4900.50366141997,2014-10-05
-2380.77956464368,37287.763497644,-2259.98393300032,2014-10-06
-2089.47329282349,37299.918097449,-2635.44480462547,2014-10-07
-655.860523328672,37312.0726972539,-1573.21217392525,2014-10-08
646.954113934039,37324.2272970589,-330.181410992918,2014-10-09
6500.92426783209,37336.3818968638,1579.69383530407,2014-10-10
2420.34024541623,37348.5364966688,602.123257914958,2014-10-11
-4442.10523641906,37360.6910964738,-2077.58586005471,2014-10-12
-2380.77956464368,37372.8456962787,-5075.06613163506,2014-10-13
-2089.47329282349,37385.0002960837,-2651.52700326021,2014-10-14
-655.860523328672,37397.1548958887,-1218.29437255999,2014-10-15
646.954113934039,37409.3094956936,-470.263609627662,2014-10-16
6500.92426783209,37421.4640954986,-2286.38836333068,2014-10-17
2420.34024541623,37433.6186953036,-3371.95894071979,2014-10-18
-4442.10523641906,37445.7732951085,-3417.66805868946,2014-10-19
-2380.77956464368,37457.9278949135,1381.8516697302,2014-10-20
-2089.47329282349,37469.2590817964,318.214211027138,2014-10-21
-655.860523328672,37480.5902686792,-1145.72974535055,2014-10-22
646.954113934039,37491.9214555621,-1455.87556949613,2014-10-23
6500.92426783209,37503.252642445,946.823089722951,2014-10-24
2420.34024541623,37514.5838293278,1567.07592525594,2014-10-25
-4442.10523641906,37525.9150162107,-1799.80977979164,2014-10-26
-2380.77956464368,37537.2462030936,-5050.46663844989,2014-10-27
-2089.47329282349,37548.5773899764,-2517.10409715296,2014-10-28
-655.860523328672,37559.9085768593,-1209.04805353064,2014-10-29
646.954113934039,37571.2397637422,-355.193877676218,2014-10-30
6500.92426783209,37582.5709506251,1984.50478154286,2014-10-31
2420.34024541623,37593.9021375079,-4570.24238292415,2014-11-01
-4442.10523641906,37605.2333243908,498.871912028269,2014-11-02
-2380.77956464368,37616.5645112737,12408.21505337,2014-11-03
-2089.47329282349,37627.8956981565,-7806.42240533305,2014-11-04
-655.860523328672,37639.2268850394,-95.3663617107304,2014-11-05
646.954113934039,37650.5580719223,-560.512185856314,2014-11-06
6500.92426783209,37661.8892588051,-508.813526637234,2014-11-07
2420.34024541623,37673.220445688,-5281.56069110424,2014-11-08
-4442.10523641906,37684.5516325709,-4445.44639615182,2014-11-09
-2380.77956464368,37695.8828194538,-469.103254810077,2014-11-10
-2089.47329282349,37707.2140063366,-308.740713513136,2014-11-11
-655.860523328672,37718.5451932195,2921.31533010918,2014-11-12
646.954113934039,37729.8763801024,1365.1695059636,2014-11-13
6500.92426783209,37741.2075669852,3196.86816518268,2014-11-14
2420.34024541623,37752.5387538681,2021.12100071567,2014-11-15
-4442.10523641906,37763.869940751,831.235295668084,2014-11-16
-2380.77956464368,37775.2011276338,2010.57843700983,2014-11-17
-2089.47329282349,37786.5323145167,4604.94097830677,2014-11-18
-655.860523328672,37797.8635013996,3646.99702192908,2014-11-19
646.954113934039,37809.1946882825,2719.85119778351,2014-11-20
6500.92426783209,37820.5258751653,4704.54985700259,2014-11-21
2420.34024541623,37831.8570620482,2286.80269253557,2014-11-22
-4442.10523641906,37843.1882489311,2600.916987488,2014-11-23
-2380.77956464368,37854.5194358139,-3215.73987117026,2014-11-24
-2089.47329282349,37865.8506226968,3845.62267012668,2014-11-25
-655.860523328672,37877.1818095797,2749.678713749,2014-11-26
646.954113934039,37884.6924778856,3450.35340818033,2014-11-27
6500.92426783209,37892.2031461916,5652.87258597632,2014-11-28
2420.34024541623,37899.7138144975,5469.94594008623,2014-11-29
-4442.10523641906,37907.2244828035,2762.88075361556,2014-11-30
-2380.77956464368,37914.7351511095,3603.04441353422,2014-12-01
-2089.47329282349,37922.2458194154,4428.22747340807,2014-12-02
-655.860523328672,37929.7564877214,2543.1040356073,2014-12-03
646.954113934039,37937.2671560273,6537.77873003863,2014-12-04
6500.92426783209,37944.7778243333,5508.29790783463,2014-12-05
2420.34024541623,37952.2884926392,7065.37126194453,2014-12-06
-4442.10523641906,37959.7991609452,2309.30607547386,2014-12-07
-2380.77956464368,37967.3098292512,5985.46973539252,2014-12-08
-2089.47329282349,37974.8204975571,7094.65279526637,2014-12-09
-655.860523328672,37982.3311658631,8718.5293574656,2014-12-10
646.954113934039,37989.841834169,8472.20405189694,2014-12-11
6500.92426783209,37997.352502475,8481.72322969293,2014-12-12
2420.34024541623,38004.8631707809,9851.79658380283,2014-12-13
-4442.10523641906,38012.3738390869,7046.73139733217,2014-12-14
-2380.77956464368,38019.8845073929,7380.89505725082,2014-12-15
-2089.47329282349,38027.3951756988,6650.07811712467,2014-12-16
-655.860523328672,38034.9058440048,13024.9546793239,2014-12-17
646.954113934039,38042.4165123107,8120.62937375523,2014-12-18
6500.92426783209,38049.9271806167,10971.1485515512,2014-12-19
2420.34024541623,38057.4378489226,12664.2219056611,2014-12-20
-4442.10523641906,38064.9485172286,10716.1567191905,2014-12-21
-2380.77956464368,38072.4591855346,19261.3203791091,2014-12-22
-2089.47329282349,38079.9698538405,18638.503438983,2014-12-23
-655.860523328672,38087.4805221465,16690.3800011822,2014-12-24
646.954113934039,38094.9911904524,-7519.94530438647,2014-12-25
6500.92426783209,38102.5018587584,15018.5738734095,2014-12-26
2420.34024541623,38110.0125270643,2781.64722751943,2014-12-27
-4442.10523641906,38117.5231953703,2399.58204104876,2014-12-28
-2380.77956464368,38125.0338636763,4027.74570096743,2014-12-29
-2089.47329282349,38132.5445319822,4971.92876084128,2014-12-30
-655.860523328672,38140.0552002882,12367.8053230405,2014-12-31
646.954113934039,38147.5658685941,-1836.51998252816,2015-01-01
6500.92426783209,38155.0765369001,-12211.0008047322,2015-01-02
2420.34024541623,38153.3909055723,-15613.7311509885,2015-01-03
-4442.10523641906,38151.7052742445,-2853.60003782548,2015-01-04
-2380.77956464368,38150.0196429168,2801.7599217269,2015-01-05
-2089.47329282349,38148.334011589,1199.13928123448,2015-01-06
-655.860523328672,38146.6483802612,-6293.78785693257,2015-01-07
646.954113934039,38144.9627489335,-869.916862867511,2015-01-08
6500.92426783209,38143.2771176057,-5203.20138543779,2015-01-09
2420.34024541623,38141.5914862779,-5237.93173169416,2015-01-10
-4442.10523641906,38139.9058549502,-2993.8006185311,2015-01-11
-2380.77956464368,38138.2202236224,-274.440658978718,2015-01-12
-2089.47329282349,38136.5345922946,-5292.06129947114,2015-01-13
-655.860523328672,38134.8489609669,-806.988437638189,2015-01-14
646.954113934039,38133.1633296391,-110.11744357313,2015-01-15
6500.92426783209,38131.4776983113,486.598033856586,2015-01-16
2420.34024541623,38129.7920669836,-1851.13231239979,2015-01-17
-4442.10523641906,38128.1064356558,-87.001199236729,2015-01-18
-2380.77956464368,38126.420804328,1746.35876031566,2015-01-19
-2089.47329282349,38124.7351730003,2532.73811982323,2015-01-20
-655.860523328672,38123.0495416725,1717.81098165619,2015-01-21
646.954113934039,38121.3639103447,-209.318024278749,2015-01-22
6500.92426783209,38119.6782790169,1532.39745315097,2015-01-23
2420.34024541623,38117.9926476892,7282.66710689459,2015-01-24
-4442.10523641906,38116.3070163614,5266.79822005765,2015-01-25
-2380.77956464368,38114.6213850336,7350.15817961004,2015-01-26
-2089.47329282349,38112.9357537059,-230.462460882387,2015-01-27
-655.860523328672,38111.2501223781,555.610400950565,2015-01-28
646.954113934039,38109.5644910503,-1456.51860498438,2015-01-29
6500.92426783209,38107.8788597226,-2723.80312755466,2015-01-30
2420.34024541623,38106.1932283948,-3604.53347381103,2015-01-31
-4442.10523641906,38104.507597067,-5255.40236064798,2015-02-01
-2380.77956464368,38102.8219657393,-2510.04240109558,2015-02-02
-2089.47329282349,38101.1363344115,-564.663041588006,2015-02-03
-655.860523328672,38099.4507030837,-639.590179755054,2015-02-04
646.954113934039,38097.765071756,-1337.71918569,2015-02-05
6500.92426783209,38096.0794404282,-2954.00370826028,2015-02-06
2420.34024541623,38094.3938091004,-2594.73405451665,2015-02-07
-4442.10523641906,38092.7081777727,-3763.60294135359,2015-02-08
-2380.77956464368,38080.739015726,-1634.95945108231,2015-02-09
-2089.47329282349,38068.7698536793,-2092.29656085584,2015-02-10
-655.860523328672,38056.8006916327,-3355.94016830398,2015-02-11
646.954113934039,38044.831529586,-48.7856435200301,2015-02-12
6500.92426783209,38032.8623675393,-2744.78663537141,2015-02-13
2420.34024541623,38020.8932054927,7772.76654909111,2015-02-14
-4442.10523641906,38008.924043446,482.181192973068,2015-02-15
-2380.77956464368,37996.9548813993,-1962.17531675565,2015-02-16
-2089.47329282349,37984.9857193527,-809.512426529174,2015-02-17
-655.860523328672,37973.016557306,1286.84396602268,2015-02-18
646.954113934039,37961.0473952593,2495.99849080663,2015-02-19
6500.92426783209,37949.0782332127,1105.99749895525,2015-02-20
2420.34024541623,37937.109071166,10972.5506834178,2015-02-21
-4442.10523641906,37925.1399091193,13415.9653272997,2015-02-22
-2380.77956464368,37913.1707470727,188.608817571017,2015-02-23
-2089.47329282349,37901.201585026,3250.27170779749,2015-02-24
-655.860523328672,37889.2324229793,4543.62810034934,2015-02-25
646.954113934039,37877.2632609327,-250.217374866705,2015-02-26
6500.92426783209,37865.294098886,-82.2183667180871,2015-02-27
2420.34024541623,37853.3249368393,-2827.66518225557,2015-02-28
-4442.10523641906,37841.3557747927,32.7494616263939,2015-03-01
-2380.77956464368,37829.386612746,-829.607048102327,2015-03-02
-2089.47329282349,37817.4174506993,862.055842124151,2015-03-03
-655.860523328672,37805.4482886527,1571.41223467601,2015-03-04
646.954113934039,37793.479126606,-1462.43324054004,2015-03-05
6500.92426783209,37781.5099645593,-803.434232391424,2015-03-06
2420.34024541623,37769.5408025127,2949.1189520711,2015-03-07
-4442.10523641906,37757.571640466,12894.5335959531,2015-03-08
-2380.77956464368,37745.6024784193,2890.17708622434,2015-03-09
-2089.47329282349,37733.6333163727,-3095.16002354919,2015-03-10
-655.860523328672,37721.664154326,-1955.80363099733,2015-03-11
646.954113934039,37709.6949922793,-929.649106213379,2015-03-12
6500.92426783209,37697.7258302327,1709.34990193524,2015-03-13
2420.34024541623,37685.756668186,17.9030863977605,2015-03-14
-4442.10523641906,37673.7875061393,-546.682269720281,2015-03-15
-2380.77956464368,37661.8183440927,865.961220550998,2015-03-16
-2089.47329282349,37649.849182046,-729.375889222523,2015-03-17
-655.860523328672,37630.5189505542,-539.658427225542,2015-03-18
646.954113934039,37611.1887190624,-1837.14283299645,2015-03-19
6500.92426783209,37591.8584875706,-2201.7827554027,2015-03-20
2420.34024541623,37572.5282560788,2744.13149850496,2015-03-21
-4442.10523641906,37553.198024587,164.907211832047,2015-03-22
-2380.77956464368,37533.8677930952,-2353.08822845153,2015-03-23
-2089.47329282349,37514.5375616034,-2047.06426877993,2015-03-24
-655.860523328672,37495.2073301116,-605.346806782938,2015-03-25
646.954113934039,37475.8770986198,-1042.83121255385,2015-03-26
6500.92426783209,37456.546867128,2190.5288650399,2015-03-27
2420.34024541623,37437.2166356362,8214.44311894756,2015-03-28
-4442.10523641906,37417.8864041444,7048.21883227465,2015-03-29
-2380.77956464368,37398.5561726526,5659.22339199107,2015-03-30
-2089.47329282349,37379.2259411608,5200.24735166268,2015-03-31
-655.860523328672,37359.895709669,5069.96481365966,2015-04-01
646.954113934039,37340.5654781772,5141.48040788875,2015-04-02
6500.92426783209,37321.2352466854,-10284.1595145175,2015-04-03
2420.34024541623,37301.9050151936,3960.75473939016,2015-04-04
-4442.10523641906,37282.5747837018,1552.53045271725,2015-04-05
-2380.77956464368,37263.24455221,-2260.46498756633,2015-04-06
-2089.47329282349,37243.9143207182,1027.55897210527,2015-04-07
-655.860523328672,37224.5840892264,5948.27643410226,2015-04-08
646.954113934039,37205.2538577346,7496.79202833135,2015-04-09
6500.92426783209,37185.9236262428,8246.1521059251,2015-04-10
2420.34024541623,37166.593394751,2997.06635983276,2015-04-11
-4442.10523641906,37147.2631632592,-252.157926840147,2015-04-12
-2380.77956464368,37127.9329317674,547.846632876266,2015-04-13
-2089.47329282349,37108.6027002756,1813.87059254788,2015-04-14
-655.860523328672,37089.2724687838,2484.58805454486,2015-04-15
646.954113934039,37069.942237292,3216.10364877395,2015-04-16
6500.92426783209,37050.6120058002,3093.4637263677,2015-04-17
2420.34024541623,37031.2817743084,4770.37798027536,2015-04-18
-4442.10523641906,37011.9515428166,-896.846306397551,2015-04-19
-2380.77956464368,36992.6213113248,1056.15825331887,2015-04-20
-2089.47329282349,36973.291079833,-2090.81778700952,2015-04-21
-655.860523328672,36953.9608483412,-1183.10032501254,2015-04-22
646.954113934039,36934.6306168494,1022.41526921655,2015-04-23
6500.92426783209,36917.4842475555,3712.59148461245,2015-04-24
2420.34024541623,36900.3378782615,6009.32187632226,2015-04-25
-4442.10523641906,36883.1915089676,-1649.08627254849,2015-04-26
-2380.77956464368,36866.0451396736,-2117.26557502992,2015-04-27
-2089.47329282349,36848.8987703797,-2648.42547755616,2015-04-28
-655.860523328672,36831.7524010857,-842.891877757029,2015-04-29
646.954113934039,36814.6060317918,1347.43985427421,2015-04-30
6500.92426783209,36797.4596624978,6286.61606967012,2015-05-01
2420.34024541623,36780.3132932038,2361.34646137993,2015-05-02
-4442.10523641906,36763.1669239099,37.9383125091699,2015-05-03
-2380.77956464368,36746.0205546159,-2552.24098997226,2015-05-04
-2089.47329282349,36728.874185322,-5233.40089249851,2015-05-05
-655.860523328672,36711.727816028,-4951.86729269937,2015-05-06
646.954113934039,36694.5814467341,-2973.53556066812,2015-05-07
6500.92426783209,36677.4350774401,245.64065472778,2015-05-08
2420.34024541623,36660.2887081462,2922.37104643759,2015-05-09
-4442.10523641906,36643.1423388522,-5243.03710243317,2015-05-10
-2380.77956464368,36625.9959695583,-3986.2164049146,2015-05-11
-2089.47329282349,36608.8496002643,-4489.37630744084,2015-05-12
-655.860523328672,36591.7032309704,-5368.8427076417,2015-05-13
646.954113934039,36574.5568616764,-2906.51097561046,2015-05-14
6500.92426783209,36557.4104923825,-538.334760214559,2015-05-15
2420.34024541623,36540.2641230885,1727.39563149525,2015-05-16
-4442.10523641906,36523.1177537946,-11.0125173755005,2015-05-17
-2380.77956464368,36505.9713845006,-3065.19181985693,2015-05-18
-2089.47329282349,36488.8250152067,-5119.35172238318,2015-05-19
-655.860523328672,36471.6786459127,-3686.81812258404,2015-05-20
646.954113934039,36454.5322766188,-4276.4863905528,2015-05-21
6500.92426783209,36437.3859073248,-206.310175156897,2015-05-22
2420.34024541623,36420.2395380309,3575.42021655292,2015-05-23
-4442.10523641906,36403.0931687369,-2000.98793231784,2015-05-24
-2380.77956464368,36385.946799443,-3850.16723479927,2015-05-25
-2089.47329282349,36368.800430149,-2054.32713732551,2015-05-26
-655.860523328672,36351.654060855,-2633.79353752638,2015-05-27
646.954113934039,36334.5076915611,-2168.46180549513,2015-05-28
6500.92426783209,36317.3613222671,-695.285590099229,2015-05-29
2420.34024541623,36300.2149529732,1034.44480161058,2015-05-30
-4442.10523641906,36289.8734721611,-3836.76823574201,2015-05-31
-2380.77956464368,36279.531991349,-5399.75242670528,2015-06-01
-2089.47329282349,36269.1905105368,-5046.71721771337,2015-06-02
-655.860523328672,36258.8490297247,-3437.98850639607,2015-06-03
646.954113934039,36248.5075489126,-6613.46166284666,2015-06-04
6500.92426783209,36238.1660681005,-778.090335932597,2015-06-05
2420.34024541623,36227.8245872884,8679.83516729537,2015-06-06
-4442.10523641906,36217.4831064763,8403.62212994278,2015-06-07
-2380.77956464368,36207.1416256642,-2055.3620610205,2015-06-08
-2089.47329282349,36196.8001448521,-3183.32685202857,2015-06-09
-655.860523328672,36186.4586640399,-3575.59814071127,2015-06-10
646.954113934039,36176.1171832278,-3174.07129716187,2015-06-11
6500.92426783209,36165.7757024157,-1938.69997024781,2015-06-12
2420.34024541623,36155.4342216036,-841.774467019837,2015-06-13
-4442.10523641906,36145.0927407915,-2772.98750437243,2015-06-14
-2380.77956464368,36134.7512599794,-2769.9716953357,2015-06-15
-2089.47329282349,36124.4097791673,-3404.93648634378,2015-06-16
-655.860523328672,36114.0682983552,769.79222497352,2015-06-17
646.954113934039,36103.726817543,95.3190685229201,2015-06-18
6500.92426783209,36093.3853367309,232.690395436985,2015-06-19
2420.34024541623,36083.0438559188,2093.61589866495,2015-06-20
-4442.10523641906,36072.7023751067,-587.597138687641,2015-06-21
-2380.77956464368,36062.3608942946,-2990.58132965091,2015-06-22
-2089.47329282349,36052.0194134825,-1423.54612065899,2015-06-23
-655.860523328672,36041.6779326704,-1323.81740934169,2015-06-24
646.954113934039,36031.3364518583,-274.290565792289,2015-06-25
6500.92426783209,36020.9949710461,747.080761121775,2015-06-26
2420.34024541623,36010.653490234,2247.00626434975,2015-06-27
-4442.10523641906,36000.3120094219,712.79322699715,2015-06-28
-2380.77956464368,35989.9705286098,859.809036033883,2015-06-29
-2089.47329282349,35979.6290477977,3100.8442450258,2015-06-30
-655.860523328672,35969.2875669856,2501.5729563431,2015-07-01
646.954113934039,35958.9460861735,70.0997998925086,2015-07-02
6500.92426783209,35948.6046053613,1370.47112680657,2015-07-03
2420.34024541623,35938.2631245492,606.396630034542,2015-07-04
-4442.10523641906,35927.9216437371,2902.18359268194,2015-07-05
-2380.77956464368,35917.580162925,457.199401718673,2015-07-06
-2089.47329282349,35918.7952321836,3188.67806063986,2015-07-07
-655.860523328672,35920.0103014422,4284.85022188642,2015-07-08
646.954113934039,35921.2253707009,2847.82051536509,2015-07-09
6500.92426783209,35922.4404399595,2739.63529220841,2015-07-10
2420.34024541623,35923.6555092181,-3469.99575463435,2015-07-11
-4442.10523641906,35924.8705784767,-11270.7653420577,2015-07-12
-2380.77956464368,35926.0856477354,-4680.30608309169,2015-07-13
-2089.47329282349,35927.300716994,-5745.82742417051,2015-07-14
-655.860523328672,35928.5157862526,-2811.65526292394,2015-07-15
646.954113934039,35929.7308555112,-852.684969445276,2015-07-16
6500.92426783209,35930.9459247699,-2229.87019260196,2015-07-17
2420.34024541623,35932.1609940285,2740.49876055528,2015-07-18
-4442.10523641906,35933.3760632871,987.729173131949,2015-07-19
-2380.77956464368,35934.5911325457,-762.811567902056,2015-07-20
-2089.47329282349,35935.8062018044,-322.332908980876,2015-07-21
-655.860523328672,35937.021271063,-694.160747734313,2015-07-22
646.954113934039,35938.2363403216,2357.80954574436,2015-07-23
6500.92426783209,35939.4514095802,4000.62432258768,2015-07-24
2420.34024541623,35940.6664788389,4718.99327574491,2015-07-25
-4442.10523641906,35941.8815480975,-1010.77631167842,2015-07-26
-2380.77956464368,35943.0966173561,-2002.31705271242,2015-07-27
-2089.47329282349,35944.3116866147,-1788.83839379124,2015-07-28
-655.860523328672,35945.5267558734,-1097.66623254468,2015-07-29
646.954113934039,35946.741825132,-1859.69593906601,2015-07-30
6500.92426783209,35947.9568943906,611.118837777314,2015-07-31
2420.34024541623,35949.1719636492,1017.48779093455,2015-08-01
-4442.10523641906,35950.3870329078,-842.281796488787,2015-08-02
-2380.77956464368,35951.6021021665,-4388.82253752279,2015-08-03
-2089.47329282349,35952.8171714251,-2363.3438786016,2015-08-04
-655.860523328672,35954.0322406837,-3490.17171735504,2015-08-05
646.954113934039,35955.2473099423,-3098.20142387638,2015-08-06
6500.92426783209,35956.462379201,-880.386647033054,2015-08-07
2420.34024541623,35957.6774484596,1845.98230612418,2015-08-08
-4442.10523641906,35958.8925177182,2849.21271870085,2015-08-09
-2380.77956464368,35960.1075869768,-2846.32802233316,2015-08-10
-2089.47329282349,35961.3226562355,-1831.84936341197,2015-08-11
-655.860523328672,35962.5377254941,-2606.67720216541,2015-08-12
646.954113934039,35975.0846435042,-2228.03875743823,2015-08-13
6500.92426783209,35987.6315615143,-547.555829346406,2015-08-14
2420.34024541623,36000.1784795244,5945.48127505934,2015-08-15
-4442.10523641906,36012.7253975345,1314.37983888452,2015-08-16
-2380.77956464368,36025.2723155447,-3590.49275090098,2015-08-17
-2089.47329282349,36037.8192335548,-2445.34594073129,2015-08-18
-655.860523328672,36050.3661515649,-2915.50562823622,2015-08-19
646.954113934039,36062.913069575,-1693.86718350904,2015-08-20
6500.92426783209,36075.4599875851,-1343.38425541722,2015-08-21
2420.34024541623,36088.0069055952,3340.65284898853,2015-08-22
-4442.10523641906,36100.5538236054,-1341.44858718629,2015-08-23
-2380.77956464368,36113.1007416155,-3233.3211769718,2015-08-24
-2089.47329282349,36125.6476596256,-3286.1743668021,2015-08-25
-655.860523328672,36138.1945776357,-1901.33405430703,2015-08-26
646.954113934039,36150.7414956458,-5417.69560957986,2015-08-27
6500.92426783209,36163.2884136559,572.787318511975,2015-08-28
2420.34024541623,36175.8353316661,302.824422917722,2015-08-29
-4442.10523641906,36188.3822496762,-647.277013257102,2015-08-30
-2380.77956464368,36200.9291676863,-5030.1496030426,2015-08-31
-2089.47329282349,36213.4760856964,-3297.00279287291,2015-09-01
-655.860523328672,36226.0230037065,-4546.16248037784,2015-09-02
646.954113934039,36238.5699217166,-4492.52403565067,2015-09-03
6500.92426783209,36251.1168397267,-3584.04110755883,2015-09-04
2420.34024541623,36263.6637577369,38.995996846912,2015-09-05
-4442.10523641906,36276.210675747,-4372.10543932791,2015-09-06
-2380.77956464368,36288.7575937571,-5396.97802911341,2015-09-07
-2089.47329282349,36301.3045117672,-3958.83121894372,2015-09-08
-655.860523328672,36313.8514297773,-3856.99090644865,2015-09-09
646.954113934039,36326.3983477874,-1578.35246172148,2015-09-10
6500.92426783209,36338.9452657976,-306.869533629644,2015-09-11
2420.34024541623,36351.4921838077,-1585.8324292239,2015-09-12
-4442.10523641906,36364.0391018178,1669.06613460127,2015-09-13
-2380.77956464368,36376.5860198279,-2762.80645518423,2015-09-14
-2089.47329282349,36389.132937838,-4792.65964501453,2015-09-15
-655.860523328672,36401.6798558481,-3505.81933251946,2015-09-16
646.954113934039,36414.2267738583,-3984.18088779229,2015-09-17
6500.92426783209,36426.7736918684,-1931.69795970045,2015-09-18
2420.34024541623,36441.9596276778,1118.700126906,2015-09-19
-4442.10523641906,36457.1455634872,1693.95967293187,2015-09-20
-2380.77956464368,36472.3314992966,-2108.55193465292,2015-09-21
-2089.47329282349,36487.517435106,-2238.04414228252,2015-09-22
-655.860523328672,36502.7033709154,-903.842847586748,2015-09-23
646.954113934039,36517.8893067248,2040.15657934113,2015-09-24
6500.92426783209,36533.0752425342,1498.00048963367,2015-09-25
2420.34024541623,36548.2611783437,229.398576240113,2015-09-26
-4442.10523641906,36563.4471141531,2090.658122266,2015-09-27
-2380.77956464368,36578.6330499625,2428.1465146812,2015-09-28
-2089.47329282349,36593.8189857719,2355.6543070516,2015-09-29
-655.860523328672,36609.0049215813,4158.85560174737,2015-09-30
646.954113934039,36624.1908573907,8571.85502867525,2015-10-01
6500.92426783209,36639.3767932001,1111.69893896779,2015-10-02
2420.34024541623,36654.5627290095,-2663.90297442576,2015-10-03
-4442.10523641906,36669.7486648189,-3658.64342839988,2015-10-04
-2380.77956464368,36684.9346006284,-1487.15503598468,2015-10-05
-2089.47329282349,36700.1205364378,-6083.64724361428,2015-10-06
-655.860523328672,36715.3064722472,-4637.44594891851,2015-10-07
646.954113934039,36730.4924080566,-1811.44652199063,2015-10-08
6500.92426783209,36745.678343866,-1291.60261169809,2015-10-09
2420.34024541623,36760.8642796754,-1394.20452509164,2015-10-10
-4442.10523641906,36776.0502154848,-3109.94497906577,2015-10-11
-2380.77956464368,36791.2361512942,-4423.45658665055,2015-10-12
-2089.47329282349,36806.4220871036,-3084.94879428016,2015-10-13
-655.860523328672,36821.6080229131,-1815.74749958439,2015-10-14
646.954113934039,36836.7939587225,-1732.7480726565,2015-10-15
6500.92426783209,36851.9798945319,-1010.90416236397,2015-10-16
2420.34024541623,36867.1658303413,393.493924242481,2015-10-17
-4442.10523641906,36882.3517661507,-893.246529731645,2015-10-18
-2380.77956464368,36897.5377019601,-1643.75813731644,2015-10-19
-2089.47329282349,36912.7236377695,-1994.25034494604,2015-10-20
-655.860523328672,36927.9095735789,-5229.04905025027,2015-10-21
646.954113934039,36943.0955093884,-3357.04962332239,2015-10-22
6500.92426783209,36958.2814451978,114.794286970151,2015-10-23
2420.34024541623,36973.4673810072,-1943.8076264234,2015-10-24
-4442.10523641906,36988.6533168166,-2433.54808039752,2015-10-25
-2380.77956464368,37003.3890701471,-3308.60950550345,2015-10-26
-2089.47329282349,37018.1248234777,-487.651530654177,2015-10-27
-655.860523328672,37032.8605768082,-576.000053479525,2015-10-28
646.954113934039,37047.5963301387,-429.550444072775,2015-10-29
6500.92426783209,37062.3320834693,714.743648698633,2015-10-30
2420.34024541623,37077.0678367998,-1774.40808221605,2015-10-31
-4442.10523641906,37091.8035901304,-589.698353711297,2015-11-01
-2380.77956464368,37106.5393434609,9682.24022118279,2015-11-02
-2089.47329282349,37121.2750967914,-6455.80180396795,2015-11-03
-655.860523328672,37136.010850122,374.8496732067,2015-11-04
646.954113934039,37150.7466034525,-4842.70071738655,2015-11-05
6500.92426783209,37165.4823567831,-3169.40662461514,2015-11-06
2420.34024541623,37180.2181101136,-773.558355529822,2015-11-07
-4442.10523641906,37194.9538634441,-648.848627025065,2015-11-08
-2380.77956464368,37209.6896167747,-1637.91005213099,2015-11-09
-2089.47329282349,37224.4253701052,-1426.95207728172,2015-11-10
-655.860523328672,37239.1611234357,715.699399892925,2015-11-11
646.954113934039,37253.8968767663,2241.14900929968,2015-11-12
6500.92426783209,37268.6326300968,3488.44310207109,2015-11-13
2420.34024541623,37283.3683834274,1176.29137115641,2015-11-14
-4442.10523641906,37298.1041367579,914.00109966116,2015-11-15
-2380.77956464368,37312.8398900884,2336.93967455524,2015-11-16
-2089.47329282349,37327.575643419,1247.89764940451,2015-11-17
-655.860523328672,37342.3113967495,2261.54912657916,2015-11-18
646.954113934039,37357.0471500801,3939.99873598591,2015-11-19
6500.92426783209,37371.7829034106,-633.707171242684,2015-11-20
2420.34024541623,37386.5186567411,2694.14109784264,2015-11-21
-4442.10523641906,37401.2544100717,2966.85082634739,2015-11-22
-2380.77956464368,37415.9901634022,4024.78940124146,2015-11-23
-2089.47329282349,37430.7259167328,3453.74737609074,2015-11-24
-655.860523328672,37445.4616700633,797.398853265382,2015-11-25
646.954113934039,37460.1974233938,241.848462672133,2015-11-26
6500.92426783209,37474.9331767244,9311.14255544354,2015-11-27
2420.34024541623,37489.6689300549,8975.99082452886,2015-11-28
-4442.10523641906,37504.4046833854,7943.70055303362,2015-11-29
-2380.77956464368,37519.140436716,3016.63912792769,2015-11-30
-2089.47329282349,37533.8761900465,4861.59710277696,2015-12-01
-655.860523328672,37544.2256545842,3554.6348687445,2015-12-02
646.954113934039,37554.5751191218,4677.47076694415,2015-12-03
6500.92426783209,37564.9245836595,7518.15114850845,2015-12-04
2420.34024541623,37575.2740481971,11389.3857063867,2015-12-05
-4442.10523641906,37585.6235127348,12058.4817236843,2015-12-06
-2380.77956464368,37595.9729772724,6357.80658737128,2015-12-07
-2089.47329282349,37606.32244181,5880.15085101344,2015-12-08
-655.860523328672,37616.6719063477,10024.188616981,2015-12-09
646.954113934039,37627.0213708853,10481.0245151806,2015-12-10
6500.92426783209,37637.370835423,5376.70489674494,2015-12-11
2420.34024541623,37647.7202999606,9637.93945462315,2015-12-12
-4442.10523641906,37658.0697644983,8703.0354719208,2015-12-13
-2380.77956464368,37668.4192290359,9430.36033560777,2015-12-14
-2089.47329282349,37678.7686935736,10000.7045992499,2015-12-15
-655.860523328672,37689.1181581112,10182.7423652175,2015-12-16
646.954113934039,37699.4676226488,7298.57826341712,2015-12-17
6500.92426783209,37709.8170871865,4171.25864498142,2015-12-18
2420.34024541623,37720.1665517241,1.49320285963768,2015-12-19
-4442.10523641906,37730.5160162618,-158.410779842721,2015-12-20
-2380.77956464368,37740.8654807994,17726.9140838443,2015-12-21
-2089.47329282349,37751.2149453371,20678.2583474864,2015-12-22
-655.860523328672,37761.5644098747,20235.296113454,2015-12-23
646.954113934039,37771.9138744124,12273.1320116536,2015-12-24
6500.92426783209,37782.26333895,-14079.1876067821,2015-12-25
2420.34024541623,37792.6128034877,14397.0469510961,2015-12-26
-4442.10523641906,37802.9622680253,8756.14296839377,2015-12-27
-2380.77956464368,37813.3117325629,6509.46783208074,2015-12-28
-2089.47329282349,37823.6611971006,7198.8120957229,2015-12-29
-655.860523328672,37834.0106616382,2427.84986169044,2015-12-30
646.954113934039,37844.3601261759,3366.68575989009,2015-12-31
6500.92426783209,37854.7095907135,-7796.63385854561,2016-01-01
2420.34024541623,37865.0590552512,-3441.39930066739,2016-01-02
-4442.10523641906,37875.4085197888,-574.303283369751,2016-01-03
-2380.77956464368,37885.7579843265,1795.02158031723,2016-01-04
-2089.47329282349,37896.1074488641,4126.36584395939,2016-01-05
-655.860523328672,37906.4569134017,3031.40360992693,2016-01-06
646.954113934039,37916.8063779394,892.239508126571,2016-01-07
6500.92426783209,37913.920601998,-2898.84486983012,2016-01-08
2420.34024541623,37911.0348260567,-2706.3750714729,2016-01-09
-4442.10523641906,37908.1490501153,-4593.04381369625,2016-01-10
-2380.77956464368,37905.263274174,-2654.48370953028,2016-01-11
-2089.47329282349,37902.3774982326,466.095794590889,2016-01-12
-655.860523328672,37899.4917222912,-7831.63119896257,2016-01-13
646.954113934039,37896.6059463499,-2321.56006028392,2016-01-14
6500.92426783209,37893.7201704085,845.355561759388,2016-01-15
2420.34024541623,37890.8343944672,-3290.17463988339,2016-01-16
-4442.10523641906,37887.9486185258,117.156617893263,2016-01-17
-2380.77956464368,37885.0628425844,-915.283277940762,2016-01-18
-2089.47329282349,37882.1770666431,1080.29622618041,2016-01-19
-655.860523328672,37879.2912907017,2707.56923262695,2016-01-20
646.954113934039,37876.4055147604,3654.6403713056,2016-01-21
6500.92426783209,37873.519738819,267.555993348906,2016-01-22
2420.34024541623,37870.6339628776,383.025791706124,2016-01-23
-4442.10523641906,37867.7481869363,1246.35704948277,2016-01-24
-2380.77956464368,37864.8624109949,5993.91715364875,2016-01-25
-2089.47329282349,37861.9766350536,5646.49665776992,2016-01-26
-655.860523328672,37859.0908591122,-1210.23033578354,2016-01-27
646.954113934039,37856.2050831709,-2127.15919710489,2016-01-28
6500.92426783209,37853.3193072295,-5382.24357506158,2016-01-29
2420.34024541623,37850.4335312881,-1328.77377670437,2016-01-30
-4442.10523641906,37847.5477553468,-2464.44251892772,2016-01-31
-2380.77956464368,37844.6619794054,-2371.88241476174,2016-02-01
-2089.47329282349,37841.7762034641,-3357.30291064057,2016-02-02
-655.860523328672,37838.8904275227,-3978.02990419403,2016-02-03
646.954113934039,37836.0046515813,-444.958765515374,2016-02-04
6500.92426783209,37833.11887564,-2737.04314347207,2016-02-05
2420.34024541623,37830.2330996986,-851.573345114848,2016-02-06
-4442.10523641906,37827.3473237573,-1121.2420873382,2016-02-07
-2380.77956464368,37824.4615478159,1195.31801682778,2016-02-08
-2089.47329282349,37821.5757718745,-14.1024790510564,2016-02-09
-655.860523328672,37818.6899959332,2249.17052739549,2016-02-10
646.954113934039,37815.8042199918,2228.24166607414,2016-02-11
6500.92426783209,37812.9184440505,559.157288117443,2016-02-12
2420.34024541623,37810.0326681091,3199.62708647466,2016-02-13
-4442.10523641906,37792.7442050236,8105.36103139551,2016-02-14
-2380.77956464368,37775.455741938,1123.32382270569,2016-02-15
-2089.47329282349,37758.1672788524,-234.693986028949,2016-02-16
-655.860523328672,37740.8788157669,411.98170756179,2016-02-17
646.954113934039,37723.5903526813,1755.45553338464,2016-02-18
6500.92426783209,37706.3018895958,-905.226157427853,2016-02-19
2420.34024541623,37689.0134265102,16901.6463280736,2016-02-20
-4442.10523641906,37671.7249634246,10589.3802729944,2016-02-21
-2380.77956464368,37654.4365003391,279.343064304587,2016-02-22
-2089.47329282349,37637.1480372535,-952.674744430042,2016-02-23
-655.860523328672,37619.859574168,-645.999050839302,2016-02-24
646.954113934039,37602.5711110824,-517.525225016456,2016-02-25
6500.92426783209,37585.2826479969,-126.206915828945,2016-02-26
2420.34024541623,37567.9941849113,2355.66556967247,2016-02-27
-4442.10523641906,37550.7057218257,5458.39951459331,2016-02-28
-2380.77956464368,37533.4172587402,91.3623059034944,2016-02-29
-2089.47329282349,37516.1287956546,1961.34449716886,2016-03-01
-655.860523328672,37498.8403325691,-1631.9798092404,2016-03-02
646.954113934039,37481.5518694835,-668.505983417548,2016-03-03
6500.92426783209,37464.263406398,-1968.18767423004,2016-03-04
2420.34024541623,37446.9749433124,-900.315188728629,2016-03-05
-4442.10523641906,37429.6864802268,-2225.58124380778,2016-03-06
-2380.77956464368,37412.3980171413,980.381547502395,2016-03-07
-2089.47329282349,37395.1095540557,-1554.63626123224,2016-03-08
-655.860523328672,37377.8210909702,-1331.96056764149,2016-03-09
646.954113934039,37360.5326278846,77.5132581813523,2016-03-10
6500.92426783209,37343.2441647991,1779.83156736886,2016-03-11
2420.34024541623,37325.9557017135,4095.70405287028,2016-03-12
-4442.10523641906,37308.6672386279,10180.4379977911,2016-03-13
-2380.77956464368,37291.3787755424,1323.4007891013,2016-03-14
-2089.47329282349,37274.0903124568,-366.617019633333,2016-03-15
-655.860523328672,37256.8018493713,1101.05867395741,2016-03-16
646.954113934039,37239.5133862857,-398.46750021974,2016-03-17
6500.92426783209,37222.2249232001,-3494.14919103224,2016-03-18
2420.34024541623,37204.9364601146,2622.72329446918,2016-03-19
-4442.10523641906,37187.647997029,4629.45723939003,2016-03-20
-2380.77956464368,37170.3595339435,2000.4200307002,2016-03-21
-2089.47329282349,37142.6170450472,647.856247776333,2016-03-22
-655.860523328672,37114.8745561508,2027.98596717784,2016-03-23
646.954113934039,37087.1320672545,6233.91381881146,2016-03-24
6500.92426783209,37059.3895783582,-4785.31384619027,2016-03-25
2420.34024541623,37031.6470894619,5507.01266512191,2016-03-26
-4442.10523641906,37003.9046005655,5255.20063585352,2016-03-27
-2380.77956464368,36976.1621116692,-1096.38254702553,2016-03-28
-2089.47329282349,36948.4196227729,5634.0536700506,2016-03-29
-655.860523328672,36920.6771338766,5643.1833894521,2016-03-30
646.954113934039,36892.9346449802,5333.11124108572,2016-03-31
6500.92426783209,36865.1921560839,5819.88357608399,2016-04-01
2420.34024541623,36837.4496671876,4868.21008739618,2016-04-02
-4442.10523641906,36809.7071782913,2123.39805812779,2016-04-03
-2380.77956464368,36781.964689395,3703.81487524873,2016-04-04
-2089.47329282349,36754.2222004986,5889.25109232486,2016-04-05
-655.860523328672,36726.4797116023,1931.38081172636,2016-04-06
646.954113934039,36698.737222706,7555.30866335998,2016-04-07
6500.92426783209,36670.9947338097,7605.08099835825,2016-04-08
2420.34024541623,36643.2522449133,5060.40750967043,2016-04-09
-4442.10523641906,36615.509756017,1863.59548040204,2016-04-10
-2380.77956464368,36587.7672671207,1386.01229752299,2016-04-11
-2089.47329282349,36560.0247782244,4709.44851459912,2016-04-12
-655.860523328672,36532.282289328,3764.57823400063,2016-04-13
646.954113934039,36504.5398004317,4237.50608563424,2016-04-14
6500.92426783209,36476.7973115354,6233.27842063251,2016-04-15
2420.34024541623,36449.0548226391,5142.6049319447,2016-04-16
-4442.10523641906,36421.3123337428,4279.79290267631,2016-04-17
-2380.77956464368,36393.5698448464,3465.20971979725,2016-04-18
-2089.47329282349,36365.8273559501,782.645936873378,2016-04-19
-655.860523328672,36338.0848670538,1037.77565627488,2016-04-20
646.954113934039,36310.3423781575,-2792.2964920915,2016-04-21
6500.92426783209,36282.5998892611,1576.47584290677,2016-04-22
2420.34024541623,36254.8574003648,2685.80235421895,2016-04-23
-4442.10523641906,36227.1149114685,6535.99032495057,2016-04-24
-2380.77956464368,36199.3724225722,2120.40714207151,2016-04-25
-2089.47329282349,36171.6299336758,-795.156640852358,2016-04-26
-655.860523328672,36143.8874447795,-1132.02692145085,2016-04-27
646.954113934039,36108.8539044335,-724.80801836749,2016-04-28
6500.92426783209,36073.8203640874,-3452.74463191946,2016-04-29
2420.34024541623,36038.7868237413,-583.127069157534,2016-04-30
-4442.10523641906,36003.7532833952,-4505.64804697617,2016-05-01
-2380.77956464368,35968.7197430492,-1583.94017840548,2016-05-02
-2089.47329282349,35933.6862027031,-3088.21290987959,2016-05-03
-655.860523328672,35898.652662357,-717.792139028337,2016-05-04
646.954113934039,35863.6191220109,212.426764055032,2016-05-05
6500.92426783209,35828.5855816649,2718.49015050305,2016-05-06
2420.34024541623,35793.5520413188,2769.10771326499,2016-05-07
-4442.10523641906,35758.5185009727,-5368.41326455365,2016-05-08
-2380.77956464368,35723.4849606266,-5486.70539598295,2016-05-09
-2089.47329282349,35688.4514202806,-2222.97812745708,2016-05-10
-655.860523328672,35653.4178799345,-2462.55735660582,2016-05-11
646.954113934039,35618.3843395884,-2174.33845352245,2016-05-12
6500.92426783209,35583.3507992423,-731.275067074428,2016-05-13
2420.34024541623,35548.3172588963,2557.3424956875,2016-05-14
-4442.10523641906,35513.2837185502,100.82151786887,2016-05-15
-2380.77956464368,35478.2501782041,-3075.47061356044,2016-05-16
-2089.47329282349,35443.216637858,-1988.74334503456,2016-05-17
-655.860523328672,35408.183097512,-333.322574183301,2016-05-18
646.954113934039,35373.1495571659,-2828.10367109994,2016-05-19
6500.92426783209,35338.1160168198,255.959715348086,2016-05-20
2420.34024541623,35303.0824764737,2174.57727811002,2016-05-21
-4442.10523641906,35268.0489361277,-2509.94369970862,2016-05-22
-2380.77956464368,35233.0153957816,-3604.23583113792,2016-05-23
-2089.47329282349,35197.9818554355,-2206.50856261204,2016-05-24
-655.860523328672,35162.9483150895,-3926.08779176078,2016-05-25
646.954113934039,35127.9147747434,-5520.86888867742,2016-05-26
6500.92426783209,35092.8812343973,-855.805502229392,2016-05-27
2420.34024541623,35057.8476940512,-2237.18793946746,2016-05-28
-4442.10523641906,35022.8141537052,-1776.70891728609,2016-05-29
-2380.77956464368,34987.7806133591,-3262.0010487154,2016-05-30
-2089.47329282349,34952.747073013,-2448.27378018952,2016-05-31
-655.860523328672,34917.7135326669,-1582.85300933827,2016-06-01
646.954113934039,34882.6799923209,-2590.6341062549,2016-06-02
6500.92426783209,34847.6464519748,-2787.57071980688,2016-06-03
2420.34024541623,34761.4966527477,-4169.83689816392,2016-06-04
-4442.10523641906,34675.3468535206,-4136.24161710154,2016-06-05
-2380.77956464368,34589.1970542935,-1692.41748964982,2016-06-06
-2089.47329282349,34503.0472550664,-2596.57396224292,2016-06-07
-655.860523328672,34416.8974558393,-3070.03693251064,2016-06-08
646.954113934039,34330.7476566122,-1821.70177054625,2016-06-09
6500.92426783209,34244.5978573851,-837.522125217205,2016-06-10
2420.34024541623,34158.448058158,-1788.78830357424,2016-06-11
-4442.10523641906,34072.2982589309,3684.80697748814,2016-06-12
-2380.77956464368,33986.1484597038,-4835.36889506014,2016-06-13
-2089.47329282349,33899.9986604767,-1809.52536765324,2016-06-14
-655.860523328672,33813.8488612496,-1277.98833792096,2016-06-15
646.954113934039,33727.6990620225,-1429.65317595657,2016-06-16
6500.92426783209,33641.5492627954,-1260.47353062753,2016-06-17
2420.34024541623,33555.3994635683,594.260291015431,2016-06-18
-4442.10523641906,33469.2496643412,-1536.14442792218,2016-06-19
-2380.77956464368,33383.0998651141,-3704.32030047047,2016-06-20
-2089.47329282349,33296.9500658871,45.5232269364351,2016-06-21
-655.860523328672,33210.80026666,-29.9397433312843,2016-06-22
646.954113934039,33124.6504674329,-2976.6045813669,2016-06-23
6500.92426783209,33038.5006682058,-2381.42493603785,2016-06-24
2420.34024541623,32952.3508689787,1075.3088856051,2016-06-25
-4442.10523641906,32866.2010697516,12.9041666674966,2016-06-26
-2380.77956464368,32780.0512705245,1127.72829411921,2016-06-27
-2089.47329282349,32693.9014712974,4962.57182152611,2016-06-28
-655.860523328672,32607.7516720703,5418.1088512584,2016-06-29
646.954113934039,32521.6018728432,9.44401322277918,2016-06-30
6500.92426783209,32435.4520736161,2838.62365855183,2016-07-01
2420.34024541623,32349.302274389,2239.35748019478,2016-07-02
-4442.10523641906,32263.1524751619,3194.95276125717,2016-07-03
-2380.77956464368,32177.0026759348,5016.77688870888,2016-07-04
-2089.47329282349,32090.8528767077,500.620416115784,2016-07-05
-655.860523328672,32004.7030774806,4848.15744584807,2016-07-06
646.954113934039,31918.5532782535,5595.49260781246,2016-07-07
6500.92426783209,31832.4034790264,7363.6722531415,2016-07-08
2420.34024541623,31746.2536797993,4042.40607478446,2016-07-09
-4442.10523641906,31660.1038805722,-46.9986441531546,2016-07-10
-2380.77956464368,31490.6546320844,3114.12493255927,2016-07-11
-2089.47329282349,31321.2053835966,1626.26790922689,2016-07-12
-655.860523328672,31151.7561351088,1628.10438821988,2016-07-13
646.954113934039,30982.306886621,5899.73899944498,2016-07-14
6500.92426783209,30812.8576381332,5676.21809403474,2016-07-15
2420.34024541623,30643.4083896454,10135.2513649384,2016-07-16
-4442.10523641906,30473.9591411576,7102.14609526151,2016-07-17
-2380.77956464368,30304.5098926697,4242.26967197394,2016-07-18
-2089.47329282349,30135.0606441819,5037.41264864156,2016-07-19
-655.860523328672,29965.6113956941,5503.24912763455,2016-07-20
646.954113934039,29796.1621472063,4449.88373885965,2016-07-21
6500.92426783209,29626.7128987185,3393.36283344941,2016-07-22
2420.34024541623,29457.2636502307,4591.39610435308,2016-07-23
-4442.10523641906,29287.8144017429,4771.29083467618,2016-07-24
-2380.77956464368,29118.3651532551,3147.4144113886,2016-07-25
-2089.47329282349,28948.9159047673,4514.55738805622,2016-07-26
-655.860523328672,28779.4666562795,5344.39386704921,2016-07-27
646.954113934039,28610.0174077916,5414.02847827431,2016-07-28
6500.92426783209,28440.5681593038,6317.50757286407,2016-07-29
2420.34024541623,28271.118910816,13061.5408437677,2016-07-30
-4442.10523641906,28101.6696623282,9183.43557409084,2016-07-31
-2380.77956464368,27932.2204138404,1750.55915080327,2016-08-01
-2089.47329282349,27762.7711653526,7006.70212747088,2016-08-02
-655.860523328672,27593.3219168648,4876.53860646388,2016-08-03
646.954113934039,27423.872668377,7165.17321768898,2016-08-04
6500.92426783209,27254.4234198892,9374.65231227874,2016-08-05
2420.34024541623,27084.9741714014,8211.68558318241,2016-08-06
-4442.10523641906,26915.5249229136,7155.5803135055,2016-08-07
-2380.77956464368,26746.0756744257,6493.70389021793,2016-08-08
-2089.47329282349,26576.6264259379,7464.84686688555,2016-08-09
-655.860523328672,26407.1771774501,6184.68334587854,2016-08-10
646.954113934039,26237.7279289623,7602.31795710364,2016-08-11
6500.92426783209,26068.2786804745,7308.7970516934,2016-08-12
2420.34024541623,25898.8294319867,9068.83032259707,2016-08-13
-4442.10523641906,25729.3801834989,11645.7250529202,2016-08-14
-2380.77956464368,25559.9309350111,8379.84862963259,2016-08-15
-2089.47329282349,25390.4816865233,7997.99160630021,2016-08-16
-655.860523328672,25233.3716883377,8117.48883499102,2016-08-17
646.954113934039,25076.261690152,9577.78419591394,2016-08-18
6500.92426783209,24919.1516919664,3735.92404020151,2016-08-19
2420.34024541623,24762.0416937808,10509.618060803,2016-08-20
-4442.10523641906,24604.9316955951,7036.17354082391,2016-08-21
-2380.77956464368,24447.8216974095,5384.95786723416,2016-08-22
-2089.47329282349,24290.7116992239,9534.76159359959,2016-08-23
-655.860523328672,24133.6017010383,8190.2588222904,2016-08-24
646.954113934039,23976.4917028526,9506.55418321332,2016-08-25
6500.92426783209,23819.381704667,13401.6940275009,2016-08-26
2420.34024541623,23662.2717064814,15139.3880481024,2016-08-27
-4442.10523641906,23505.1617082958,10829.9435281233,2016-08-28
-2380.77956464368,23348.0517101101,9430.72785453354,2016-08-29
-2089.47329282349,23190.9417119245,8406.53158089897,2016-08-30
-655.860523328672,23033.8317137389,10315.0288095898,2016-08-31
646.954113934039,22876.7217155533,8805.32417051269,2016-09-01
6500.92426783209,22719.6117173676,12770.4640148003,2016-09-02
2420.34024541623,22562.501719182,13753.1580354018,2016-09-03
-4442.10523641906,22405.3917209964,8627.71351542267,2016-09-04
-2380.77956464368,22248.2817228108,10499.4978418329,2016-09-05
-2089.47329282349,22091.1717246251,10976.3015681983,2016-09-06
-655.860523328672,21934.0617264395,11941.7987968892,2016-09-07
646.954113934039,21776.9517282539,11375.0941578121,2016-09-08
6500.92426783209,21619.8417300683,10488.2340020996,2016-09-09
2420.34024541623,21462.7317318826,13236.9280227011,2016-09-10
-4442.10523641906,21305.621733697,13443.4835027221,2016-09-11
-2380.77956464368,21148.5117355114,11019.2678291323,2016-09-12
-2089.47329282349,20991.4017373258,9602.07155549773,2016-09-13
-655.860523328672,20834.2917391401,11614.5687841885,2016-09-14
646.954113934039,20677.1817409545,11132.8641451114,2016-09-15
6500.92426783209,20520.0717427689,13204.003989399,2016-09-16
2420.34024541623,20362.9617445833,14104.6980100005,2016-09-17
-4442.10523641906,20205.8517463976,12395.2534900214,2016-09-18
-2380.77956464368,20048.741748212,16813.0378164317,2016-09-19
-2089.47329282349,19891.6317500264,17386.8415427971,2016-09-20
-655.860523328672,19734.5217518408,15314.3387714879,2016-09-21
646.954113934039,19577.4117536551,16883.6341324108,2016-09-22
6500.92426783209,19443.2834239364,18961.7923082315,2016-09-23
2420.34024541623,19309.1550942177,15910.5046603661,2016-09-24
-4442.10523641906,19175.026764499,15387.0784719201,2016-09-25
-2380.77956464368,19040.8984347802,17222.8811298634,2016-09-26
-2089.47329282349,18906.7701050615,20556.703187762,2016-09-27
-655.860523328672,18772.6417753428,22043.2187479859,2016-09-28
646.954113934039,18638.5134456241,21974.5324404419,2016-09-29
6500.92426783209,18504.3851159053,14347.6906162626,2016-09-30
2420.34024541623,18370.2567861866,14488.4029683972,2016-10-01
-4442.10523641906,18236.1284564679,-13794.0232200488,2016-10-02
-2380.77956464368,18102.0001267492,-15721.2205621055,2016-10-03
-2089.47329282349,17967.8717970304,-15878.398504207,2016-10-04
-655.860523328672,17833.7434673117,-17177.882943983,2016-10-05
646.954113934039,17699.615137593,-18346.569251527,2016-10-06
6500.92426783209,17565.4868078743,-24066.4110757064,2016-10-07
2420.34024541623,17431.3584781555,-19851.6987235718,2016-10-08
-4442.10523641906,17297.2301484368,-12855.1249120178,2016-10-09
-2380.77956464368,17163.1018187181,-14782.3222540744,2016-10-10
-2089.47329282349,17028.9734889994,-14939.5001961759,2016-10-11
-655.860523328672,16894.8451592806,-16238.984635952,2016-10-12
646.954113934039,16760.7168295619,-17407.670943496,2016-10-13
6500.92426783209,16626.5884998432,-23127.5127676753,2016-10-14
2420.34024541623,16492.4601701245,-18912.8004155407,2016-10-15
-4442.10523641906,16358.3318404057,-11916.2266039867,2016-10-16
-2380.77956464368,16224.203510687,-13843.4239460433,2016-10-17
-2089.47329282349,16090.0751809683,-14000.6018881448,2016-10-18
-655.860523328672,15955.9468512496,-15300.0863279209,2016-10-19
646.954113934039,15821.8185215309,-16468.7726354649,2016-10-20
6500.92426783209,15687.6901918121,-22188.6144596442,2016-10-21
2420.34024541623,15553.5618620934,-17973.9021075096,2016-10-22
-4442.10523641906,15419.4335323747,-10977.3282959556,2016-10-23
-2380.77956464368,15285.305202656,-12904.5256380123,2016-10-24
-2089.47329282349,15151.1768729372,-13061.7035801137,2016-10-25
-655.860523328672,15017.0485432185,-14361.1880198898,2016-10-26
646.954113934039,14882.9202134998,-15529.8743274338,2016-10-27
6500.92426783209,14748.7918837811,-21249.7161516131,2016-10-28
2420.34024541623,14614.6635540623,-17035.0037994786,2016-10-29
-4442.10523641906,14457.3011734973,-10015.1959370782,2016-10-30
-2380.77956464368,14299.9387929323,-11919.1592282886,2016-10-31
-2089.47329282349,14142.5764123672,-12053.1031195437,2016-11-01
-655.860523328672,13985.2140318022,-13329.3535084735,2016-11-02
646.954113934039,13827.8516512371,-14474.8057651712,2016-11-03
6500.92426783209,13670.4892706721,-20171.4135385042,2016-11-04
2420.34024541623,13513.1268901071,-15933.4671355233,2016-11-05
-4442.10523641906,13355.764509542,-8913.65927312296,2016-11-06
-2380.77956464368,13198.402128977,-10817.6225643333,2016-11-07
-2089.47329282349,13041.0397484119,-10951.5664555885,2016-11-08
-655.860523328672,12883.6773678469,-12227.8168445182,2016-11-09
646.954113934039,12726.3149872819,-13373.2691012159,2016-11-10
6500.92426783209,12568.9526067168,-19069.8768745489,2016-11-11
2420.34024541623,12411.5902261518,-14831.930471568,2016-11-12
-4442.10523641906,12254.2278455867,-7812.12260916767,2016-11-13
-2380.77956464368,12096.8654650217,-9716.08590037801,2016-11-14
-2089.47329282349,11939.5030844567,-9850.02979163317,2016-11-15
-655.860523328672,11782.1407038916,-11126.2801805629,2016-11-16
646.954113934039,11624.7783233266,-12271.7324372606,2016-11-17
6500.92426783209,11467.4159427615,-17968.3402105936,2016-11-18
2420.34024541623,11310.0535621965,-13730.3938076127,2016-11-19
-4442.10523641906,11152.6911816315,-6710.58594521239,2016-11-20
-2380.77956464368,10995.3288010664,-8614.54923642273,2016-11-21
-2089.47329282349,10837.9664205014,-8748.49312767789,2016-11-22
-655.860523328672,10680.6040399363,-10024.7435166077,2016-11-23
646.954113934039,10523.2416593713,-11170.1957733053,2016-11-24
6500.92426783209,10365.8792788063,-16866.8035466383,2016-11-25
2420.34024541623,10208.5168982412,-12628.8571436574,2016-11-26
-4442.10523641906,10051.1545176762,-5609.04928125711,2016-11-27
-2380.77956464368,9893.79213711113,-7513.01257246745,2016-11-28
-2089.47329282349,9736.42975654609,-7646.95646372261,2016-11-29
-655.860523328672,9579.06737598105,-8923.20685265238,2016-11-30
646.954113934039,9421.70499541601,-10068.6591093501,2016-12-01
6500.92426783209,9264.34261485097,-15765.2668826831,2016-12-02
2420.34024541623,9106.98023428593,-11527.3204797022,2016-12-03
-4442.10523641906,8949.61785372089,-4507.51261730183,2016-12-04
-2380.77956464368,8792.25547315585,-6411.47590851217,2016-12-05
-2089.47329282349,8631.65857099201,-6542.18527816853,2016-12-06
-655.860523328672,8471.06166882817,-7815.2011454995,2016-12-07
646.954113934039,8310.46476666433,-8957.41888059837,2016-12-08
6500.92426783209,8149.86786450049,-14650.7921323326,2016-12-09
2420.34024541623,7989.27096233665,-10409.6112077529,2016-12-10
-4442.10523641906,7828.67406017281,-3386.56882375375,2016-12-11
-2380.77956464368,7668.07715800897,-5287.29759336529,2016-12-12
-2089.47329282349,7507.48025584513,-5418.00696302164,2016-12-13
-655.860523328672,7346.88335368129,-6691.02283035262,2016-12-14
646.954113934039,7186.28645151745,-7833.24056545149,2016-12-15
6500.92426783209,7025.68954935361,-13526.6138171857,2016-12-16
2420.34024541623,6865.09264718977,-9285.432892606,2016-12-17
-4442.10523641906,6704.49574502593,-2262.39050860687,2016-12-18
-2380.77956464368,6543.89884286209,-4163.1192782184,2016-12-19
-2089.47329282349,6383.30194069824,-4293.82864787476,2016-12-20
-655.860523328672,6222.7050385344,-5566.84451520573,2016-12-21
646.954113934039,6062.10813637056,-6709.0622503046,2016-12-22
6500.92426783209,5901.51123420672,-12402.4355020388,2016-12-23
2420.34024541623,5740.91433204288,-8161.25457745911,2016-12-24
-4442.10523641906,5580.31742987904,-1138.21219345998,2016-12-25
-2380.77956464368,5419.7205277152,-3038.94096307152,2016-12-26
-2089.47329282349,5259.12362555136,-3169.65033272788,2016-12-27
-655.860523328672,5098.52672338752,-4442.66620005885,2016-12-28
646.954113934039,4937.92982122368,-5584.88393515772,2016-12-29
6500.92426783209,4777.33291905984,-11278.2571868919,2016-12-30
2420.34024541623,4616.736016896,-7037.07626231223,2016-12-31
-4442.10523641906,4456.13911473216,-14.0338783130992,2017-01-01
-2380.77956464368,4295.54221256832,-1914.76264792464,2017-01-02
-2089.47329282349,4134.94531040448,-2045.47201758099,2017-01-03
-655.860523328672,3974.34840824064,-3318.48788491197,2017-01-04
646.954113934039,3813.7515060768,-4460.70562001084,2017-01-05
6500.92426783209,3653.15460391296,-10154.078871745,2017-01-06
2420.34024541623,3492.55770174912,-5912.89794716535,2017-01-07
-4442.10523641906,3331.96079958528,1110.14443683378,2017-01-08
-2380.77956464368,3171.36389742144,-790.584332777753,2017-01-09
-2089.47329282349,3010.7669952576,-921.29370243411,2017-01-10
-655.860523328672,2850.17009309376,-2194.30956976508,2017-01-11
646.954113934039,2810.10012025343,-3457.05423418747,2017-01-12
6500.92426783209,2770.0301474131,-9270.95441524519,2017-01-13
2420.34024541623,2729.96017457278,-5150.30041998901,2017-01-14
-4442.10523641906,2689.89020173245,1752.21503468661,2017-01-15
-2380.77956464368,2649.82022889213,-269.040664248446,2017-01-16
-2089.47329282349,2609.7502560518,-520.276963228317,2017-01-17
-655.860523328672,2569.68028321148,-1913.8197598828,2017-01-18
646.954113934039,2529.61031037115,-3176.56442430519,2017-01-19
6500.92426783209,2489.54033753083,-8990.46460536291,2017-01-20
2420.34024541623,2449.4703646905,-4869.81061010673,2017-01-21
-4442.10523641906,2409.40039185017,2032.70484456889,2017-01-22
-2380.77956464368,2369.33041900985,11.4491456338328,2017-01-23
-2089.47329282349,2329.26044616952,-239.787153346038,2017-01-24
-655.860523328672,2289.1904733292,-1633.32995000053,2017-01-25
646.954113934039,2249.12050048887,-2896.07461442291,2017-01-26
6500.92426783209,2209.05052764855,-8709.97479548064,2017-01-27
2420.34024541623,2168.98055480822,-4589.32080022445,2017-01-28
-4442.10523641906,2128.9105819679,2313.19465445116,2017-01-29
-2380.77956464368,2088.84060912757,291.938955516111,2017-01-30
-2089.47329282349,2048.77063628724,40.7026565362403,2017-01-31
-655.860523328672,2008.70066344692,-1352.84014011825,2017-02-01
646.954113934039,1968.63069060659,-2615.58480454063,2017-02-02
6500.92426783209,1928.56071776627,-8429.48498559836,2017-02-03
2420.34024541623,1888.49074492594,-4308.83099034217,2017-02-04
-4442.10523641906,1848.42077208562,2593.68446433344,2017-02-05
-2380.77956464368,1808.35079924529,572.42876539839,2017-02-06
-2089.47329282349,1768.28082640497,321.192466418519,2017-02-07
-655.860523328672,1728.21085356464,-1072.35033023597,2017-02-08
646.954113934039,1688.14088072432,-2335.09499465835,2017-02-09
6500.92426783209,1648.07090788399,-8148.99517571608,2017-02-10
2420.34024541623,1608.00093504366,-4028.34118045989,2017-02-11
-4442.10523641906,1567.93096220334,2874.17427421572,2017-02-12
-2380.77956464368,1527.86098936301,852.918575280669,2017-02-13
-2089.47329282349,1487.79101652269,601.682276300797,2017-02-14
-655.860523328672,1447.72104368236,-791.86052035369,2017-02-15
646.954113934039,1407.65107084204,-2054.60518477608,2017-02-16
6500.92426783209,1367.58109800171,-7868.5053658338,2017-02-17
2420.34024541623,1467.01944987035,-3887.35969528658,2017-02-18
-4442.10523641906,1566.457801739,2875.64743468006,2017-02-19
-2380.77956464368,1665.89615360764,714.883411036043,2017-02-20
-2089.47329282349,1765.33450547628,324.138787347203,2017-02-21
-655.860523328672,1864.77285734492,-1208.91233401625,2017-02-22
646.954113934039,1964.21120921357,-2611.16532314761,2017-02-23
6500.92426783209,2063.64956108221,-8564.5738289143,2017-02-24
2420.34024541623,2163.08791295085,-4583.42815836708,2017-02-25
-4442.10523641906,2262.5262648195,2179.57897159956,2017-02-26
-2380.77956464368,2361.96461668814,18.8149479555436,2017-02-27
-2089.47329282349,2461.40296855678,-371.929675733296,2017-02-28
-655.860523328672,2560.84132042542,-1904.98079709675,2017-03-01
646.954113934039,2660.27967229407,-3307.23378622811,2017-03-02
6500.92426783209,2759.71802416271,-9260.6422919948,2017-03-03
2420.34024541623,2859.15637603135,-5279.49662144758,2017-03-04
-4442.10523641906,2958.59472789999,1483.51050851907,2017-03-05
-2380.77956464368,3058.03307976864,-677.253515124955,2017-03-06
-2089.47329282349,3157.47143163728,-1067.99813881379,2017-03-07
-655.860523328672,3256.90978350592,-2601.04926017725,2017-03-08
646.954113934039,3356.34813537457,-4003.3022493086,2017-03-09
6500.92426783209,3455.78648724321,-9956.7107550753,2017-03-10
2420.34024541623,3555.22483911185,-5975.56508452808,2017-03-11
-4442.10523641906,3654.66319098049,787.442045438566,2017-03-12
-2380.77956464368,3754.10154284914,-1373.32197820546,2017-03-13
-2089.47329282349,3853.53989471778,-1764.06660189429,2017-03-14
-655.860523328672,3952.97824658642,-3297.11772325775,2017-03-15
646.954113934039,4052.41659845507,-4699.3707123891,2017-03-16
6500.92426783209,4151.85495032371,-10652.7792181558,2017-03-17
2420.34024541623,4251.29330219235,-6671.63354760858,2017-03-18
-4442.10523641906,4350.73165406099,91.3735823580664,2017-03-19
-2380.77956464368,4450.17000592964,-2069.39044128595,2017-03-20
-2089.47329282349,4549.60835779828,-2460.13506497479,2017-03-21
-655.860523328672,4649.04670966692,-3993.18618633825,2017-03-22
646.954113934039,4748.48506153556,-5395.4391754696,2017-03-23
6500.92426783209,4847.92341340421,-11348.8476812363,2017-03-24
2420.34024541623,4947.36176527285,-7367.70201068908,2017-03-25
-4442.10523641906,5046.80011714149,-604.694880722433,2017-03-26
-2380.77956464368,5213.46234203228,-2832.6827773886,2017-03-27
-2089.47329282349,5380.12456692307,-3290.65127409958,2017-03-28
-655.860523328672,5546.78679181385,-4890.92626848518,2017-03-29
646.954113934039,5713.44901670464,-6360.40313063868,2017-03-30
6500.92426783209,5880.11124159543,-12381.0355094275,2017-03-31
2420.34024541623,6046.77346648622,-8467.11371190245,2017-04-01
-4442.10523641906,6213.435691377,-1771.33045495794,2017-04-02
-2380.77956464368,6380.09791626779,-3999.31835162411,2017-04-03
-2089.47329282349,6546.76014115858,-4457.28684833509,2017-04-04
-655.860523328672,6713.42236604937,-6057.5618427207,2017-04-05
646.954113934039,6880.08459094015,-7527.03870487419,2017-04-06
6500.92426783209,7046.74681583094,-13547.671083663,2017-04-07
2420.34024541623,7213.40904072173,-9633.74928613796,2017-04-08
-4442.10523641906,7380.07126561252,-2937.96602919346,2017-04-09
-2380.77956464368,7546.7334905033,-5165.95392585962,2017-04-10
-2089.47329282349,7713.39571539409,-5623.92242257061,2017-04-11
-655.860523328672,7880.05794028488,-7224.19741695621,2017-04-12
646.954113934039,8046.72016517567,-8693.67427910971,2017-04-13
6500.92426783209,8213.38239006645,-14714.3066578985,2017-04-14
2420.34024541623,8380.04461495724,-10800.3848603735,2017-04-15
-4442.10523641906,8546.70683984803,-4104.60160342897,2017-04-16
-2380.77956464368,8713.36906473882,-6332.58950009513,2017-04-17
-2089.47329282349,8880.0312896296,-6790.55799680612,2017-04-18
-655.860523328672,9046.69351452039,-8390.83299119172,2017-04-19
646.954113934039,9213.35573941118,-9860.30985334522,2017-04-20
6500.92426783209,9380.01796430197,-15880.9422321341,2017-04-21
2420.34024541623,9546.68018919275,-11967.020434609,2017-04-22
-4442.10523641906,9713.34241408354,-5271.23717766448,2017-04-23
-2380.77956464368,9880.00463897433,-7499.22507433065,2017-04-24
-2089.47329282349,10046.6668638651,-7957.19357104163,2017-04-25
-655.860523328672,10213.3290887559,-9557.46856542723,2017-04-26
646.954113934039,10379.9913136467,-11026.9454275807,2017-04-27
6500.92426783209,10546.6535385375,-17047.5778063696,2017-04-28
2420.34024541623,10713.3157634283,-13133.6560088445,2017-04-29
-4442.10523641906,10879.9779883191,-6437.87275189999,2017-04-30
-2380.77956464368,11046.6402132098,-8665.86064856616,2017-05-01
-2089.47329282349,11213.3024381006,-9123.82914527714,2017-05-02
-655.860523328672,11353.4243807557,-10697.563857427,2017-05-03
646.954113934039,11493.5463234108,-12140.5004373448,2017-05-04
6500.92426783209,11633.6682660658,-18134.5925338979,2017-05-05
2420.34024541623,11773.7902087209,-14194.1304541371,2017-05-06
-4442.10523641906,11913.912151376,-7471.80691495691,2017-05-07
-2380.77956464368,12054.034094031,-9673.25452938736,2017-05-08
-2089.47329282349,12194.1560366861,-10104.6827438626,2017-05-09
-655.860523328672,12334.2779793412,-11678.4174560125,2017-05-10
646.954113934039,12474.3999219962,-13121.3540359303,2017-05-11
6500.92426783209,12614.5218646513,-19115.4461324834,2017-05-12
2420.34024541623,12754.6438073064,-15174.9840527226,2017-05-13
-4442.10523641906,12894.7657499614,-8452.66051354239,2017-05-14
-2380.77956464368,13034.8876926165,-10654.1081279728,2017-05-15
-2089.47329282349,13175.0096352716,-11085.5363424481,2017-05-16
-655.860523328672,13315.1315779267,-12659.271054598,2017-05-17
646.954113934039,13455.2535205817,-14102.2076345158,2017-05-18
6500.92426783209,13595.3754632368,-20096.2997310689,2017-05-19
2420.34024541623,13735.4974058919,-16155.8376513081,2017-05-20
-4442.10523641906,13875.6193485469,-9433.51411212787,2017-05-21
-2380.77956464368,14015.741291202,-11634.9617265583,2017-05-22
-2089.47329282349,14155.8632338571,-12066.3899410336,2017-05-23
-655.860523328672,14295.9851765121,-13640.1246531835,2017-05-24
646.954113934039,14436.1071191672,-15083.0612331012,2017-05-25
6500.92426783209,14576.2290618223,-21077.1533296544,2017-05-26
2420.34024541623,14716.3510044773,-17136.6912498936,2017-05-27
-4442.10523641906,14856.4729471324,-10414.3677107133,2017-05-28
-2380.77956464368,14996.5948897875,-12615.8153251438,2017-05-29
-2089.47329282349,15136.7168324425,-13047.2435396191,2017-05-30
-655.860523328672,15276.8387750976,-14620.9782517689,2017-05-31
646.954113934039,15416.9607177527,-16063.9148316867,2017-06-01
6500.92426783209,15557.0826604078,17171.9930717602,2017-06-02
2420.34024541623,15697.2046030628,17172.455151521,2017-06-03
-4442.10523641906,15837.3265457179,15687.7786907012,2017-06-04
-2380.77956464368,15977.448488373,15130.3310762707,2017-06-05
-2089.47329282349,16117.570431028,16286.9028617955,2017-06-06
-655.860523328672,16257.6923736831,16345.1681496456,2017-06-07
646.954113934039,16397.8143163382,15633.2315697278,2017-06-08
6500.92426783209,16539.47036453,19947.6053676379,2017-06-09
2420.34024541623,16681.1264127218,19311.5333418619,2017-06-10
-4442.10523641906,16822.7824609137,21259.3227755054,2017-06-11
-2380.77956464368,16964.4385091055,12334.3410555382,2017-06-12
-2089.47329282349,17106.0945572974,15809.3787355261,2017-06-13
-655.860523328672,17247.7506054892,15285.1099178395,2017-06-14
646.954113934039,17389.406653681,14863.6392323849,2017-06-15
6500.92426783209,17531.0627018729,16255.013030295,2017-06-16
2420.34024541623,17672.7187500647,15456.9410045191,2017-06-17
-4442.10523641906,17814.3747982565,14379.7304381625,2017-06-18
-2380.77956464368,17956.0308464484,14690.7487181953,2017-06-19
-2089.47329282349,18097.6868946402,16898.7863981833,2017-06-20
-655.860523328672,18239.3429428321,13870.5175804966,2017-06-21
646.954113934039,18380.9989910239,15452.0468950421,2017-06-22
6500.92426783209,18522.6550392157,13782.4206929522,2017-06-23
2420.34024541623,18664.3110874076,15664.3486671762,2017-06-24
-4442.10523641906,18805.9671355994,15047.1381008196,2017-06-25
-2380.77956464368,18947.6231837913,15128.1563808524,2017-06-26
-2089.47329282349,19089.2792319831,15049.1940608404,2017-06-27
-655.860523328672,19230.9352801749,14746.9252431537,2017-06-28
646.954113934039,19372.5913283668,12754.4545576992,2017-06-29
6500.92426783209,19514.2473765586,14744.8283556093,2017-06-30
2420.34024541623,19655.9034247504,14387.7563298333,2017-07-01
-4442.10523641906,19797.5594729423,15323.5457634768,2017-07-02
-2380.77956464368,19939.2155211341,15535.5640435096,2017-07-03
-2089.47329282349,20080.871569326,17603.6017234975,2017-07-04
-655.860523328672,20222.5276175178,18468.3329058109,2017-07-05
646.954113934039,20364.1836657096,18133.8622203563,2017-07-06
6500.92426783209,20505.8397139015,21169.2360182664,2017-07-07
2420.34024541623,20647.4957620933,18145.1639924905,2017-07-08
-4442.10523641906,20789.1518102852,16730.9534261339,2017-07-09
-2380.77956464368,20930.807858477,17395.9717061667,2017-07-10
-2089.47329282349,21072.4639066688,17489.0093861547,2017-07-11
-655.860523328672,21214.1199548607,16812.740568468,2017-07-12
646.954113934039,21355.7760030525,16758.2698830135,2017-07-13
6500.92426783209,21497.4320512443,13630.6436809236,2017-07-14
2420.34024541623,21639.0880994362,14893.5716551476,2017-07-15
-4442.10523641906,21810.7193730748,8887.38586334429,2017-07-16
-2380.77956464368,21982.3506467134,10273.4289179303,2017-07-17
-2089.47329282349,22153.981920352,9361.49137247153,2017-07-18
-655.860523328672,22325.6131939905,8784.24732933812,2017-07-19
646.954113934039,22497.2444676291,9044.80141843682,2017-07-20
6500.92426783209,22668.8757412677,9604.19999090018,2017-07-21
2420.34024541623,22840.5070149063,7341.15273967745,2017-07-22
-4442.10523641906,23012.1382885449,7908.96694787415,2017-07-23
-2380.77956464368,23183.7695621835,10896.0100024602,2017-07-24
-2089.47329282349,23355.4008358221,9195.07245700138,2017-07-25
-655.860523328672,23527.0321094607,9477.82841386798,2017-07-26
646.954113934039,23698.6633830993,9124.38250296668,2017-07-27
6500.92426783209,23870.2946567379,11395.78107543,2017-07-28
2420.34024541623,24041.9259303765,12160.7338242073,2017-07-29
-4442.10523641906,24213.5572040151,11132.548032404,2017-07-30
-2380.77956464368,24385.1884776537,8199.59108699003,2017-07-31
-2089.47329282349,24556.8197512922,8004.65354153124,2017-08-01
-655.860523328672,24728.4510249308,7743.40949839784,2017-08-02
646.954113934039,24900.0822985694,4595.96358749653,2017-08-03
6500.92426783209,25071.713572208,10834.3621599599,2017-08-04
2420.34024541623,25243.3448458466,10427.3149087372,2017-08-05
-4442.10523641906,25414.9761194852,5528.12911693386,2017-08-06
-2380.77956464368,25586.6073931238,6467.17217151989,2017-08-07
-2089.47329282349,25758.2386667624,9425.2346260611,2017-08-08
-655.860523328672,25929.869940401,7588.99058292769,2017-08-09
646.954113934039,26101.5012140396,6861.54467202639,2017-08-10
6500.92426783209,26273.1324876782,7318.94324448975,2017-08-11
2420.34024541623,26444.7637613168,10174.895993267,2017-08-12
-4442.10523641906,26616.3950349553,12175.7102014637,2017-08-13
-2380.77956464368,26788.0263085939,6616.75325604974,2017-08-14
-2089.47329282349,26959.6575822325,5324.81571059095,2017-08-15
-655.860523328672,27131.2888558711,6817.57166745755,2017-08-16
646.954113934039,27302.9201295097,3798.12575655624,2017-08-17
6500.92426783209,27474.5514031483,1139.5243290196,2017-08-18
2420.34024541623,27646.1826767869,7079.47707779687,2017-08-19
-4442.10523641906,27817.8139504255,9844.29128599357,2017-08-20
-2380.77956464368,27989.4452240641,2058.3343405796,2017-08-21
-2089.47329282349,28127.3743604628,4514.09893236067,2017-08-22
-655.860523328672,28265.3034968615,1136.55702646713,2017-08-23
646.954113934039,28403.2326332603,3381.81325280568,2017-08-24
6500.92426783209,28541.161769659,3882.9139625089,2017-08-25
2420.34024541623,28679.0909060577,14081.568848526,2017-08-26
-4442.10523641906,28817.0200424565,2271.08519396259,2017-08-27
-2380.77956464368,28954.9491788552,2840.83038578847,2017-08-28
-2089.47329282349,29092.8783152539,3047.59497756954,2017-08-29
-655.860523328672,29230.8074516527,3044.053071676,2017-08-30
646.954113934039,29368.7365880514,3319.30929801455,2017-08-31
6500.92426783209,29506.6657244501,5251.41000771777,2017-09-01
2420.34024541623,29644.5948608489,5151.0648937349,2017-09-02
-4442.10523641906,29782.5239972476,493.581239171457,2017-09-03
-2380.77956464368,29920.4531336463,-233.673569002654,2017-09-04
-2089.47329282349,30058.3822700451,1344.09102277842,2017-09-05
-655.860523328672,30196.3114064438,390.549116884871,2017-09-06
646.954113934039,30334.2405428425,983.805343223426,2017-09-07
6500.92426783209,30472.1696792413,1189.90605292665,2017-09-08
2420.34024541623,30610.09881564,736.560938943774,2017-09-09
-4442.10523641906,30748.0279520387,878.077284380328,2017-09-10
-2380.77956464368,30885.9570884375,701.822476206216,2017-09-11
-2089.47329282349,31023.8862248362,855.587067987286,2017-09-12
-655.860523328672,31161.8153612349,110.045162093742,2017-09-13
646.954113934039,31299.7444976337,-46.6986115677028,2017-09-14
6500.92426783209,31437.6736340324,-1530.59790186448,2017-09-15
2420.34024541623,31575.6027704311,1230.05698415264,2017-09-16
-4442.10523641906,31713.5319068299,2026.5733295892,2017-09-17
-2380.77956464368,31851.4610432286,210.318521415091,2017-09-18
-2089.47329282349,31989.3901796273,-873.91688680384,2017-09-19
-655.860523328672,32127.3193160261,1024.54120730262,2017-09-20
646.954113934039,32265.2484524248,-5.20256635883197,2017-09-21
6500.92426783209,32403.1775888235,1833.89814334439,2017-09-22
2420.34024541623,32541.1067252223,6802.55302936152,2017-09-23
-4442.10523641906,32679.035861621,-144.930625201927,2017-09-24
-2380.77956464368,32816.9649980197,1368.81456662396,2017-09-25
-2089.47329282349,32954.8941344184,4514.57915840504,2017-09-26
-655.860523328672,33092.8232708172,5448.03725251149,2017-09-27
646.954113934039,33139.000950862,6357.04493520399,2017-09-28
6500.92426783209,33185.1786309068,-2671.10289873884,2017-09-29
2420.34024541623,33231.3563109515,-1971.69655636777,2017-09-30
-4442.10523641906,33277.5339909963,620.571245422732,2017-10-01
-2380.77956464368,33323.7116710411,3527.06789360257,2017-10-02
-2089.47329282349,33369.8893510859,3088.58394173759,2017-10-03
-655.860523328672,33416.0670311307,3983.79349219799,2017-10-04
646.954113934039,33462.2447111755,1245.8011748905,2017-10-05
6500.92426783209,33508.4223912203,226.653340947661,2017-10-06
2420.34024541623,33554.600071265,-519.94031668127,2017-10-07
-4442.10523641906,33600.7777513098,-1559.67251489076,2017-10-08
-2380.77956464368,33646.9554313546,-3270.17586671093,2017-10-09
-2089.47329282349,33693.1331113994,64.3401814240933,2017-10-10
-655.860523328672,33739.3107914442,-1560.45026811551,2017-10-11
646.954113934039,33785.488471489,-698.442585422999,2017-10-12
6500.92426783209,33831.6661515338,-848.590419365843,2017-10-13
2420.34024541623,33877.8438315785,2013.81592300523,2017-10-14
-4442.10523641906,33924.0215116233,2387.08372479574,2017-10-15
-2380.77956464368,33970.1991916681,-685.419627024428,2017-10-16
-2089.47329282349,34016.3768717129,411.096421110597,2017-10-17
-655.860523328672,34062.5545517577,-650.694028429003,2017-10-18
646.954113934039,34108.7322318025,-3109.68634573651,2017-10-19
6500.92426783209,34154.9099118473,285.165820320661,2017-10-20
2420.34024541623,34201.087591892,-1578.42783730826,2017-10-21
-4442.10523641906,34247.2652719368,253.839964482242,2017-10-22
-2380.77956464368,34293.4429519816,-873.663387337925,2017-10-23
-2089.47329282349,34339.6206320264,-848.1473392029,2017-10-24
-655.860523328672,34385.7983120712,-809.937788742507,2017-10-25
646.954113934039,34431.975992116,-10.9301060500002,2017-10-26
6500.92426783209,34478.1536721607,2389.92206000716,2017-10-27
2420.34024541623,34524.3313522055,-1233.67159762176,2017-10-28
-4442.10523641906,34570.5090322503,-2598.40379583125,2017-10-29
-2380.77956464368,34616.6867122951,-4328.90714765142,2017-10-30
-2089.47329282349,34662.8643923399,-2275.39109951641,2017-10-31
-655.860523328672,34709.0420723847,-2065.181549056,2017-11-01
646.954113934039,34755.2197524295,-1310.1738663635,2017-11-02
6500.92426783209,34801.3974324742,-2133.32170030633,2017-11-03
2420.34024541623,34823.3172405603,5808.3425140235,2017-11-04
-4442.10523641906,34845.2370486463,-1375.13181222725,2017-11-05
-2380.77956464368,34867.1568567323,9560.62270791134,2017-11-06
-2089.47329282349,34889.0766648184,-7210.60337199489,2017-11-07
-655.860523328672,34910.9964729044,2733.86405042426,2017-11-08
646.954113934039,34932.9162809904,-1075.87039492448,2017-11-09
6500.92426783209,34954.8360890765,1486.23964309144,2017-11-10
2420.34024541623,34976.7558971625,-1527.09614257874,2017-11-11
-4442.10523641906,34998.6757052485,-507.570468829479,2017-11-12
-2380.77956464368,35020.5955133346,-443.815948690899,2017-11-13
-2089.47329282349,35042.5153214206,-731.042028597119,2017-11-14
-655.860523328672,35064.4351295066,-211.574606177972,2017-11-15
646.954113934039,35086.3549375927,-454.30905152671,2017-11-16
6500.92426783209,35108.2747456787,5789.8009864892,2017-11-17
2420.34024541623,35130.1945537647,-21.5347991809685,2017-11-18
-4442.10523641906,35152.1143618508,3474.99087456828,2017-11-19
-2380.77956464368,35174.0341699368,2458.74539470687,2017-11-20
-2089.47329282349,35195.9539780228,4240.51931480064,2017-11-21
-655.860523328672,35217.8737861089,2283.9867372198,2017-11-22
646.954113934039,35239.7935941949,3064.25229187105,2017-11-23
6500.92426783209,35261.7134022809,9226.36232988697,2017-11-24
2420.34024541623,35283.633210367,1630.02654421679,2017-11-25
-4442.10523641906,35305.553018453,5380.55221796605,2017-11-26
-2380.77956464368,35327.472826539,3814.30673810463,2017-11-27
-2089.47329282349,35349.3926346251,3109.08065819841,2017-11-28
-655.860523328672,35371.3124427111,-2879.45191938244,2017-11-29
646.954113934039,35393.2322507971,-694.186364731177,2017-11-30
6500.92426783209,35415.1520588832,-7432.07632671527,2017-12-01
2420.34024541623,35437.0718669692,-13796.4121123854,2017-12-02
-4442.10523641906,35458.9916750552,-1298.88643863618,2017-12-03
-2380.77956464368,35480.9114831413,2173.86808150241,2017-12-04
-2089.47329282349,35502.8312912273,4874.64200159618,2017-12-05
-655.860523328672,35524.7510993133,7509.10942401533,2017-12-06
646.954113934039,35546.6709073994,1555.37497866659,2017-12-07
6500.92426783209,35568.5907154854,5778.48501668251,2017-12-08
2420.34024541623,35590.5105235714,8196.14923101233,2017-12-09
-4442.10523641906,35612.4303316575,8804.67490476159,2017-12-10
-2380.77956464368,35625.980768978,8216.79879566572,2017-12-11
-2089.47329282349,35639.5312062985,8082.94208652504,2017-12-12
-655.860523328672,35653.0816436189,5194.77887970974,2017-12-13
646.954113934039,35666.6320809394,8360.41380512654,2017-12-14
6500.92426783209,35680.1825182599,7803.893213908,2017-12-15
2420.34024541623,35693.7329555804,10298.9267990034,2017-12-16
-4442.10523641906,35707.2833929009,9931.82184351818,2017-12-17
-2380.77956464368,35720.8338302214,8443.9457344223,2017-12-18
-2089.47329282349,35734.3842675419,4958.08902528162,2017-12-19
-655.860523328672,35747.9347048624,10713.9258184663,2017-12-20
646.954113934039,35761.4851421828,13813.5607438831,2017-12-21
6500.92426783209,35775.0355795033,8151.04015266459,2017-12-22
2420.34024541623,35788.5860168238,5146.07373775996,2017-12-23
-4442.10523641906,35802.1364541443,9469.96878227476,2017-12-24
-2380.77956464368,35815.6868914648,-2890.90732682111,2017-12-25
-2089.47329282349,35829.2373287853,16446.2359640382,2017-12-26
-655.860523328672,35842.7877661058,2235.07275722291,2017-12-27
646.954113934039,35856.3382034263,669.70768263971,2017-12-28
6500.92426783209,35869.8886407467,-4709.81290857883,2017-12-29
2420.34024541623,35883.4390780672,-2581.77932348346,2017-12-30
-4442.10523641906,35896.9895153877,10228.1157210313,2017-12-31
-2380.77956464368,35910.5399527082,287.239611935474,2018-01-01
-2089.47329282349,35924.0903900287,1599.38290279479,2018-01-02
-655.860523328672,35937.6408273492,1132.21969597949,2018-01-03
646.954113934039,35951.1912646697,-22.1453786037091,2018-01-04
6500.92426783209,35964.7417019902,-4541.66596982224,2018-01-05
2420.34024541623,35978.2921393106,-12574.6323847269,2018-01-06
-4442.10523641906,35991.8425766311,-1171.73734021207,2018-01-07
-2380.77956464368,36005.3930139516,2083.38655069206,2018-01-08
-2089.47329282349,36018.9434512721,2770.52984155138,2018-01-09
-655.860523328672,36032.4938885926,2086.36663473608,2018-01-10
646.954113934039,36046.0443259131,-2616.99843984712,2018-01-11
6500.92426783209,36059.5947632336,-6979.51903106566,2018-01-12
2420.34024541623,36073.1452005541,-6767.48544597029,2018-01-13
-4442.10523641906,36086.6956378745,728.409598544516,2018-01-14
-2380.77956464368,36100.246075195,2197.53348944864,2018-01-15
-2089.47329282349,36113.7965125155,3550.67678030796,2018-01-16
-655.860523328672,36114.3539920059,5037.5065313228,2018-01-17
646.954113934039,36114.9114714962,-2058.86558543026,2018-01-18
6500.92426783209,36115.4689509866,-6972.39321881867,2018-01-19
2420.34024541623,36116.0264304769,471.63332410685,2018-01-20
-4442.10523641906,36116.5839099673,-367.478673548212,2018-01-21
-2380.77956464368,36117.1413894576,3518.63817518605,2018-01-22
-2089.47329282349,36117.698868948,4359.77442387551,2018-01-23
-655.860523328672,36118.2563484383,5199.60417489034,2018-01-24
646.954113934039,36118.8138279287,4922.23205813728,2018-01-25
6500.92426783209,36119.371307419,-847.295575251112,2018-01-26
2420.34024541623,36119.9287869094,-4468.2690323256,2018-01-27
-4442.10523641906,36120.4862663997,-8124.38102998066,2018-01-28
-2380.77956464368,36121.0437458901,-7073.2641812464,2018-01-29
-2089.47329282349,36121.6012253804,-1306.12793255694,2018-01-30
-655.860523328672,36122.1587048708,-2461.29818154211,2018-01-31
646.954113934039,36122.7161843611,-2613.67029829516,2018-02-01
6500.92426783209,36123.2736638515,-4591.19793168356,2018-02-02
2420.34024541623,36123.8311433418,-1248.17138875806,2018-02-03
-4442.10523641906,36124.3886228322,-1034.28338641312,2018-02-04
-2380.77956464368,36124.9461023225,-831.166537678851,2018-02-05
-2089.47329282349,36125.5035818129,-581.030288989394,2018-02-06
-655.860523328672,36126.0610613032,-3097.20053797455,2018-02-07
646.954113934039,36126.6185407936,-908.572654727614,2018-02-08
6500.92426783209,36127.1760202839,-341.100288116017,2018-02-09
2420.34024541623,36127.7334997743,514.926254809492,2018-02-10
-4442.10523641906,36128.2909792646,175.81425715443,2018-02-11
-2380.77956464368,36128.848458755,446.931105888696,2018-02-12
-2089.47329282349,36129.4059382453,1162.06735457816,2018-02-13
-655.860523328672,36129.9634177357,2422.89710559299,2018-02-14
646.954113934039,36130.520897226,200.524988839934,2018-02-15
6500.92426783209,36131.0783767164,1105.99735545153,2018-02-16
2420.34024541623,36131.6358562067,13522.023898377,2018-02-17
-4442.10523641906,36132.1933356971,13730.911900722,2018-02-18
-2380.77956464368,36132.7508151874,1187.02874945625,2018-02-19
-2089.47329282349,36133.3082946778,689.164998145709,2018-02-20
-655.860523328672,36133.8657741681,438.994749160542,2018-02-21
646.954113934039,36134.4232536585,1290.62263240748,2018-02-22
6500.92426783209,36123.1849864539,-47.1092542859406,2018-02-23
2420.34024541623,36111.9467192492,-1674.28696466545,2018-02-24
-4442.10523641906,36100.7084520446,2578.39678437446,2018-02-25
-2380.77956464368,36089.47018484,1544.30937980371,2018-02-26
-2089.47329282349,36078.2319176353,330.241375188147,2018-02-27
-655.860523328672,36066.9936504307,-693.133127102039,2018-02-28
646.954113934039,36055.7553832261,966.290502839882,2018-03-01
6500.92426783209,36044.5171160215,410.558616146453,2018-03-02
2420.34024541623,36033.2788488168,-363.619094233058,2018-03-03
-4442.10523641906,36022.0405816122,-1674.93534519314,2018-03-04
-2380.77956464368,36010.8023144076,-297.022749763892,2018-03-05
-2089.47329282349,35999.5640472029,323.909245620547,2018-03-06
-655.860523328672,35988.3257799983,1288.53474333036,2018-03-07
646.954113934039,35977.0875127937,2851.95837327227,2018-03-08
6500.92426783209,35965.8492455891,2144.22648657885,2018-03-09
2420.34024541623,35954.6109783844,4006.04877619934,2018-03-10
-4442.10523641906,35943.3727111798,12313.7325252393,2018-03-11
-2380.77956464368,35932.1344439752,3131.64512066851,2018-03-12
-2089.47329282349,35920.8961767705,564.57711605294,2018-03-13
-655.860523328672,35909.6579095659,1413.20261376275,2018-03-14
646.954113934039,35898.4196423613,1182.62624370468,2018-03-15
6500.92426783209,35887.1813751567,-291.105642988747,2018-03-16
2420.34024541623,35875.943107952,-1956.28335336826,2018-03-17
-4442.10523641906,35864.7048407474,-3738.59960432834,2018-03-18
-2380.77956464368,35853.4665735428,-282.687008899098,2018-03-19
-2089.47329282349,35842.2283063381,1187.24498648534,2018-03-20
-655.860523328672,35830.9900391335,998.870484195155,2018-03-21
646.954113934039,35819.7517719289,1786.29411413708,2018-03-22
6500.92426783209,35808.5135047243,23.5622274436537,2018-03-23
2420.34024541623,35797.2752375196,-1557.61548293586,2018-03-24
-4442.10523641906,35786.036970315,2238.06826610406,2018-03-25
-2380.77956464368,35774.7987031104,524.980861533302,2018-03-26
-2089.47329282349,35763.5604359057,1599.91285691774,2018-03-27
-655.860523328672,35752.3221687011,-75.4616453724448,2018-03-28
646.954113934039,35741.0839014965,5551.96198456947,2018-03-29
6500.92426783209,35729.8456342919,-7001.76990212395,2018-03-30
2420.34024541623,35718.6073670872,4606.05238749654,2018-03-31
-4442.10523641906,35701.8751671037,4242.2300693154,2018-04-01
-2380.77956464368,35685.1429671201,-2232.36340247642,2018-04-02
-2089.47329282349,35668.4107671365,4917.06252568695,2018-04-03
-655.860523328672,35651.678567153,4203.18195617571,2018-04-04
646.954113934039,35634.9463671694,5569.09951889657,2018-04-05
6500.92426783209,35618.2141671858,4497.86156498209,2018-04-06
2420.34024541623,35601.4819672023,2998.17778738151,2018-04-07
-4442.10523641906,35584.7497672187,1376.35546920037,2018-04-08
-2380.77956464368,35568.0175672351,5089.76199740855,2018-04-09
-2089.47329282349,35551.2853672516,10838.1879255719,2018-04-10
-655.860523328672,35534.553167268,7268.30735606068,2018-04-11
646.954113934039,35517.8209672844,7214.22491878154,2018-04-12
6500.92426783209,35501.0887673009,6678.98696486706,2018-04-13
2420.34024541623,35484.3565673173,-2757.69681273351,2018-04-14
-4442.10523641906,35467.6243673337,-116.519130914661,2018-04-15
-2380.77956464368,35450.8921673502,2631.88739729353,2018-04-16
-2089.47329282349,35434.1599673666,5987.3133254569,2018-04-17
-655.860523328672,35417.427767383,5285.43275594566,2018-04-18
646.954113934039,35400.6955673995,4794.35031866651,2018-04-19
6500.92426783209,35383.9633674159,4567.11236475203,2018-04-20
2420.34024541623,35367.2311674323,5273.42858715146,2018-04-21
-4442.10523641906,35350.4989674487,2876.60626897032,2018-04-22
-2380.77956464368,35333.7667674652,3912.0127971785,2018-04-23
-2089.47329282349,35317.0345674816,5741.43872534188,2018-04-24
-655.860523328672,35300.302367498,4389.55815583063,2018-04-25
646.954113934039,35283.5701675145,169.47571855149,2018-04-26
6500.92426783209,35266.8379675309,1672.237764637,2018-04-27
2420.34024541623,35250.1057675473,-570.44601296357,2018-04-28
-4442.10523641906,35233.3735675638,-545.268331144711,2018-04-29
-2380.77956464368,35216.6413675802,-869.861802936524,2018-04-30
-2089.47329282349,35199.9091675966,-484.435874773153,2018-05-01
-655.860523328672,35183.1769676131,-449.316444284399,2018-05-02
646.954113934039,35166.4447676295,-148.398881563538,2018-05-03
6500.92426783209,35149.7125676459,-1572.63683547802,2018-05-04
2420.34024541623,35132.9803676624,466.679386921402,2018-05-05
-4442.10523641906,35116.2481676788,4.85706874026073,2018-05-06
-2380.77956464368,35099.5159676952,-401.736403051553,2018-05-07
-2089.47329282349,35086.0895687958,-550.616275972272,2018-05-08
-655.860523328672,35072.6631698963,2575.19735343238,2018-05-09
646.954113934039,35059.2367709968,-5853.19088493086,2018-05-10
6500.92426783209,35045.8103720974,-9773.73463992945,2018-05-11
2420.34024541623,35032.3839731979,253.275781385884,2018-05-12
-4442.10523641906,35018.9575742984,-1631.85233787935,2018-05-13
-2380.77956464368,35005.531175399,442.248389244727,2018-05-14
-2089.47329282349,34992.1047764995,-3073.631483676,2018-05-15
-655.860523328672,34978.6783776,-1918.81785427134,2018-05-16
646.954113934039,34965.2519787005,-3108.20609263458,2018-05-17
6500.92426783209,34951.8255798011,-2336.74984763316,2018-05-18
2420.34024541623,34938.3991809016,2170.26057368216,2018-05-19
-4442.10523641906,34924.9727820021,-2430.86754558307,2018-05-20
-2380.77956464368,34911.5463831027,-2491.76681845898,2018-05-21
-2089.47329282349,34898.1199842032,-2466.64669137972,2018-05-22
-655.860523328672,34884.6935853037,-1211.83306197506,2018-05-23
646.954113934039,34871.2671864043,-1419.22130033829,2018-05-24
6500.92426783209,34857.8407875048,-1046.76505533688,2018-05-25
2420.34024541623,34844.4143886053,-867.754634021549,2018-05-26
-4442.10523641906,34830.9879897059,-2201.88275328679,2018-05-27
-2380.77956464368,34817.5615908064,-1749.78202616271,2018-05-28
-2089.47329282349,34804.1351919069,-1782.66189908342,2018-05-29
-655.860523328672,34790.7087930074,-3427.84826967878,2018-05-30
646.954113934039,34777.282394108,-2508.23650804202,2018-05-31
6500.92426783209,34763.8559952085,-2396.78026304059,2018-06-01
2420.34024541623,34750.429596309,841.230158274731,2018-06-02
-4442.10523641906,34737.0031974096,-2620.89796099051,2018-06-03
-2380.77956464368,34723.5767985101,-2680.79723386642,2018-06-04
-2089.47329282349,34710.1503996106,-2991.67710678715,2018-06-05
-655.860523328672,34696.7240007112,315.136522617511,2018-06-06
646.954113934039,34683.2976018117,-2744.25171574574,2018-06-07
6500.92426783209,34669.8712029122,-5943.79547074431,2018-06-08
2420.34024541623,34656.4448040128,2035.21495057102,2018-06-09
-4442.10523641906,34643.0184051133,3120.08683130577,2018-06-10
-2380.77956464368,34629.5920062138,-3651.81244157013,2018-06-11
-2089.47329282349,34616.1656073144,-2388.69231449087,2018-06-12
-655.860523328672,34602.7392084149,-4279.87868508621,2018-06-13
646.954113934039,34593.924784704,-3833.87889863807,2018-06-14
6500.92426783209,34585.1103609932,-6561.03462882526,2018-06-15
2420.34024541623,34576.2959372823,-2063.63618269855,2018-06-16
-4442.10523641906,34567.4815135715,-8172.37627715241,2018-06-17
-2380.77956464368,34558.6670898606,-2217.88752521694,2018-06-18
-2089.47329282349,34549.8526661498,-1286.37937332628,2018-06-19
-655.860523328672,34541.0382424389,-1871.17771911024,2018-06-20
646.954113934039,34532.2238187281,-1434.1779326621,2018-06-21
6500.92426783209,34523.4093950172,-3771.3336628493,2018-06-22
2420.34024541623,34514.5949713064,-4518.93521672259,2018-06-23
-4442.10523641906,34505.7805475955,-2988.67531117645,2018-06-24
-2380.77956464368,34496.9661238847,-2047.18655924097,2018-06-25
-2089.47329282349,34488.1517001738,-1807.67840735032,2018-06-26
-655.860523328672,34479.337276463,-2378.47675313428,2018-06-27
646.954113934039,34470.5228527521,-3381.47696668614,2018-06-28
6500.92426783209,34461.7084290412,-3856.63269687333,2018-06-29
2420.34024541623,34452.8940053304,-1929.23425074662,2018-06-30
-4442.10523641906,34444.0795816195,-794.974345200484,2018-07-01
-2380.77956464368,34435.2651579087,7.51440673499019,2018-07-02
-2089.47329282349,34426.4507341978,199.022558625649,2018-07-03
-655.860523328672,34417.636310487,808.224212841684,2018-07-04
646.954113934039,34408.8218867761,1305.22399928983,2018-07-05
6500.92426783209,34400.0074630653,3216.06826910263,2018-07-06
2420.34024541623,34391.1930393544,-3279.53328477066,2018-07-07
-4442.10523641906,34382.3786156436,-237.27337922452,2018-07-08
-2380.77956464368,34373.5641919327,2951.21537271095,2018-07-09
-2089.47329282349,34364.7497682219,2886.72352460161,2018-07-10
-655.860523328672,34355.935344511,1897.92517881765,2018-07-11
646.954113934039,34347.1209208002,3598.9249652658,2018-07-12
6500.92426783209,34338.3064970893,2683.76923507859,2018-07-13
2420.34024541623,34329.4920733785,537.167681205305,2018-07-14
-4442.10523641906,34320.6776496676,-1633.57241324855,2018-07-15
-2380.77956464368,34311.8632259568,-69.0836613130814,2018-07-16
-2089.47329282349,34303.0488022459,-773.575509422422,2018-07-17
-655.860523328672,34294.2343785351,-66.3738552063878,2018-07-18
646.954113934039,34285.4199548242,-2784.37406875824,2018-07-19
6500.92426783209,34276.6055311134,-2116.52979894544,2018-07-20
2420.34024541623,34275.928122464,-21.2683678801841,2018-07-21
-4442.10523641906,34275.2507138146,-1681.1454773955,2018-07-22
-2380.77956464368,34274.5733051652,-2759.79374052147,2018-07-23
-2089.47329282349,34273.8958965158,-3237.42260369227,2018-07-24
-655.860523328672,34273.2184878664,-34.3579645376885,2018-07-25
646.954113934039,34272.541079217,-529.495193151,2018-07-26
6500.92426783209,34271.8636705676,927.212061600352,2018-07-27
2420.34024541623,34271.1862619182,5215.47349266561,2018-07-28
-4442.10523641906,34270.5088532688,415.596383150296,2018-07-29
-2380.77956464368,34269.8314446194,-2129.05187997569,2018-07-30
-2089.47329282349,34269.15403597,-1978.68074314649,2018-07-31
-655.860523328672,34268.4766273206,-1303.6161039919,2018-08-01
646.954113934039,34267.7992186712,-331.753332605207,2018-08-02
6500.92426783209,34267.1218100218,-3100.04607785386,2018-08-03
2420.34024541623,34266.4444013724,-308.784646788605,2018-08-04
-4442.10523641906,34265.766992723,-1003.66175630392,2018-08-05
-2380.77956464368,34265.0895840736,-1520.31001942989,2018-08-06
-2089.47329282349,34264.4121754242,22.0611173993093,2018-08-07
-655.860523328672,34263.7347667748,-1371.87424344611,2018-08-08
646.954113934039,34263.0573581254,-864.011472059421,2018-08-09
6500.92426783209,34262.379949476,-43.3042173080685,2018-08-10
2420.34024541623,34261.7025408266,-1189.04278624281,2018-08-11
-4442.10523641906,34261.0251321772,152.080104241875,2018-08-12
-2380.77956464368,34260.3477235278,-530.568158884111,2018-08-13
-2089.47329282349,34259.6703148784,49.8029779450953,2018-08-14
-655.860523328672,34258.992906229,-1064.13238290032,2018-08-15
646.954113934039,34258.3154975796,520.730388486372,2018-08-16
6500.92426783209,34257.6380889302,1941.43764323772,2018-08-17
2420.34024541623,34256.9606802808,-2487.30092569703,2018-08-18
-4442.10523641906,34256.2832716314,-5394.17803521234,2018-08-19
-2380.77956464368,34255.605862982,-1755.82629833831,2018-08-20
-2089.47329282349,34254.9284543326,-1538.45516150911,2018-08-21
-655.860523328672,34254.2510456832,-1839.39052235453,2018-08-22
646.954113934039,34253.5736370338,-111.527750967842,2018-08-23
6500.92426783209,34252.8962283844,-162.820496216489,2018-08-24
2420.34024541623,34252.218819735,1395.44093484877,2018-08-25
-4442.10523641906,34251.5414110856,-2111.43617466655,2018-08-26
-2380.77956464368,34257.76625001,-1681.98668536629,2018-08-27
-2089.47329282349,34263.9910889343,-1312.51779611085,2018-08-28
-655.860523328672,34270.2159278587,-1964.35540453003,2018-08-29
646.954113934039,34276.4407667831,-4304.39488071711,2018-08-30
6500.92426783209,34282.6656057074,-925.589873539524,2018-08-31
2420.34024541623,34288.8904446318,-2801.23069004803,2018-09-01
-4442.10523641906,34295.1152835562,-3842.0100471371,2018-09-02
-2380.77956464368,34301.3401224805,-2567.56055783685,2018-09-03
-2089.47329282349,34307.5649614049,-998.091668581408,2018-09-04
-655.860523328672,34313.7898003293,-955.929277000592,2018-09-05
646.954113934039,34320.0146392536,-1203.96875318767,2018-09-06
6500.92426783209,34326.239478178,154.836253989917,2018-09-07
2420.34024541623,34332.4643171024,675.195437481409,2018-09-08
-4442.10523641906,34338.6891560267,444.416080392337,2018-09-09
-2380.77956464368,34344.9139949511,-908.134430307415,2018-09-10
-2089.47329282349,34351.1388338755,-432.665541051974,2018-09-11
-655.860523328672,34357.3636727998,-1148.50314947115,2018-09-12
646.954113934039,34363.5885117242,-924.542625658229,2018-09-13
6500.92426783209,34369.8133506486,-891.737618480642,2018-09-14
2420.34024541623,34376.0381895729,-7901.37843498915,2018-09-15
-4442.10523641906,34382.2630284973,-3762.15779207822,2018-09-16
-2380.77956464368,34388.4878674217,-662.708302777974,2018-09-17
-2089.47329282349,34394.712706346,-1729.23941352254,2018-09-18
-655.860523328672,34400.9375452704,-2608.07702194171,2018-09-19
646.954113934039,34407.1623841948,356.883501871213,2018-09-20
6500.92426783209,34413.3872231191,765.688509048799,2018-09-21
2420.34024541623,34419.6120620435,-1173.95230745971,2018-09-22
-4442.10523641906,34425.8369009678,-1387.73166454879,2018-09-23
-2380.77956464368,34432.0617398922,2906.71782475147,2018-09-24
-2089.47329282349,34438.2865788166,2789.18671400691,2018-09-25
-655.860523328672,34444.5114177409,4518.34910558773,2018-09-26
646.954113934039,34450.7362566653,6932.30962940065,2018-09-27
6500.92426783209,34456.9610955897,-6885.88536342177,2018-09-28
2420.34024541623,34463.185934514,-3752.52617993027,2018-09-29
-4442.10523641906,34469.4107734384,-619.305537019347,2018-09-30
-2380.77956464368,34475.6356123628,4438.14395228091,2018-10-01
-2089.47329282349,34481.8604512871,3300.61284153635,2018-10-02
-655.860523328672,34491.3737852765,2304.48673805214,2018-10-03
646.954113934039,34500.8871192659,2896.15876680004,2018-10-04
6500.92426783209,34510.4004532553,3611.6752789126,2018-10-05
2420.34024541623,34519.9137872447,1138.74596733906,2018-10-06
-4442.10523641906,34529.4271212341,-2598.32188481504,2018-10-07
-2380.77956464368,34538.9404552235,-880.160890579813,2018-10-08
-2089.47329282349,34548.4537892129,-3927.9804963894,2018-10-09
-655.860523328672,34557.9671232023,-1435.1065998736,2018-10-10
646.954113934039,34567.4804571917,-668.434571125705,2018-10-11
6500.92426783209,34576.9937911811,1285.08194098686,2018-10-12
2420.34024541623,34586.5071251705,4428.15262941332,2018-10-13
-4442.10523641906,34596.0204591598,2923.08477725922,2018-10-14
-2380.77956464368,34605.5337931492,-543.754228505553,2018-10-15
-2089.47329282349,34615.0471271386,-2618.57383431514,2018-10-16
-655.860523328672,34624.560461128,-1319.69993779935,2018-10-17
646.954113934039,34634.0737951174,-1739.02790905145,2018-10-18
6500.92426783209,34643.5871291068,-778.511396938891,2018-10-19
2420.34024541623,34653.1004630962,-4128.44070851243,2018-10-20
-4442.10523641906,34662.6137970856,3014.49143933348,2018-10-21
-2380.77956464368,34672.127131075,-287.347566431301,2018-10-22
-2089.47329282349,34681.6404650644,993.832827759114,2018-10-23
-655.860523328672,34691.1537990538,986.706724274911,2018-10-24
646.954113934039,34700.6671330432,1051.37875302281,2018-10-25
6500.92426783209,34710.1804670326,611.895265135361,2018-10-26
2420.34024541623,34719.6938010219,1584.96595356183,2018-10-27
-4442.10523641906,34729.2071350113,-1886.10189859227,2018-10-28
-2380.77956464368,34738.7204690007,-365.940904357049,2018-10-29
-2089.47329282349,34748.2338029901,-779.760510166627,2018-10-30
-655.860523328672,34757.7471369795,-7538.88661365084,2018-10-31
646.954113934039,34767.2604709689,-26.214584902933,2018-11-01
6500.92426783209,34776.7738049583,-1752.69807279038,2018-11-02
2420.34024541623,34786.2871389477,-627.627384363914,2018-11-03
-4442.10523641906,34795.8004729371,-1446.69523651801,2018-11-04
-2380.77956464368,34805.3138069265,11702.4657577172,2018-11-05
-2089.47329282349,34814.8271409159,-11158.3538480924,2018-11-06
-655.860523328672,34824.3404749052,-1381.47995157658,2018-11-07
646.954113934039,34833.8538088946,1221.19207717132,2018-11-08
6500.92426783209,34844.0078526475,-474.932120479592,2018-11-09
2420.34024541623,34854.1618964004,-2216.50214181659,2018-11-10
-4442.10523641906,34864.3159401532,-2158.21070373416,2018-11-11
-2380.77956464368,34874.4699839061,819.309580737594,2018-11-12
-2089.47329282349,34884.6240276589,1194.84926516455,2018-11-13
-655.860523328672,34894.7780714118,1107.08245191687,2018-11-14
646.954113934039,34904.9321151647,2574.11377090131,2018-11-15
6500.92426783209,34915.0861589175,623.989573250394,2018-11-16
2420.34024541623,34925.2402026704,176.419551913394,2018-11-17
-4442.10523641906,34935.3942464232,969.710989995823,2018-11-18
-2380.77956464368,34945.5482901761,2927.23127446758,2018-11-19
-2089.47329282349,34955.702333929,483.770958894529,2018-11-20
-655.860523328672,34965.8563776818,1429.00414564685,2018-11-21
646.954113934039,34976.0104214347,1778.03546463129,2018-11-22
6500.92426783209,34986.1644651875,-1700.08873301962,2018-11-23
2420.34024541623,34996.3185089404,711.34124564338,2018-11-24
-4442.10523641906,35006.4725526933,2749.63268372581,2018-11-25
-2380.77956464368,35016.6265964461,1786.15296819757,2018-11-26
-2089.47329282349,35026.780640199,2370.69265262452,2018-11-27
-655.860523328672,35036.9346839518,1198.92583937684,2018-11-28
646.954113934039,35047.0887277047,1242.95715836127,2018-11-29
6500.92426783209,35057.2427714576,4835.83296071036,2018-11-30
2420.34024541623,35067.3968152104,3119.26293937336,2018-12-01
-4442.10523641906,35077.5508589633,829.554377455795,2018-12-02
-2380.77956464368,35087.7049027161,1431.07466192755,2018-12-03
-2089.47329282349,35097.858946469,4446.6143463545,2018-12-04
-655.860523328672,35108.0129902218,7028.84753310683,2018-12-05
646.954113934039,35118.1670339747,4241.87885209126,2018-12-06
6500.92426783209,35128.3210777276,-3576.24534555966,2018-12-07
2420.34024541623,35138.4751214804,4062.18463310334,2018-12-08
-4442.10523641906,35148.6291652333,2500.47607118577,2018-12-09
-2380.77956464368,35158.7832089861,6456.99635565753,2018-12-10
-2089.47329282349,35168.937252739,6740.53604008449,2018-12-11
-655.860523328672,35179.0912964919,4750.76922683681,2018-12-12
646.954113934039,35189.2453402447,-2276.19945417876,2018-12-13
6500.92426783209,35199.3993839976,498.676348170331,2018-12-14
2420.34024541623,35209.5534277504,7184.10632683333,2018-12-15
-4442.10523641906,35213.385808896,4093.71942752307,2018-12-16
-2380.77956464368,35217.2181900415,8280.56137460214,2018-12-17
-2089.47329282349,35221.0505711871,8537.42272163639,2018-12-18
-655.860523328672,35224.8829523326,7520.97757099603,2018-12-19
646.954113934039,35228.7153334782,8381.33055258777,2018-12-20
6500.92426783209,35232.5477146237,1876.52801754417,2018-12-21
2420.34024541623,35236.3800957693,9853.27965881448,2018-12-22
-4442.10523641906,35240.2124769148,18473.8927595042,2018-12-23
-2380.77956464368,35244.0448580604,10230.7347065833,2018-12-24
-2089.47329282349,35247.8772392059,-3333.40394638246,2018-12-25
-655.860523328672,35251.7096203515,15103.1509029772,2018-12-26
646.954113934039,35255.542001497,-2181.49611543107,2018-12-27
6500.92426783209,35259.3743826426,-4883.29865047467,2018-12-28
2420.34024541623,35263.2067637881,-2989.54700920437,2018-12-29
-4442.10523641906,35267.0391449337,409.066091485372,2018-12-30
-2380.77956464368,35270.8715260792,12071.9080385644,2018-12-31
-2089.47329282349,35274.7039072248,51.7693855987018,2019-01-01
-655.860523328672,35278.5362883703,-86.6757650416621,2019-01-02
646.954113934039,35282.3686695159,-1630.32278344993,2019-01-03
6500.92426783209,35286.2010506614,-15050.1253184935,2019-01-04
2420.34024541623,35290.033431807,-5960.37367722322,2019-01-05
-4442.10523641906,35293.8658129525,-2338.76057653347,2019-01-06
-2380.77956464368,35297.6981940981,1759.08137054559,2019-01-07
-2089.47329282349,35301.5305752436,1011.94271757985,2019-01-08
-655.860523328672,35305.3629563892,999.497566939484,2019-01-09
646.954113934039,35309.1953375347,121.850548531227,2019-01-10
6500.92426783209,35313.0277186803,-3450.95198651237,2019-01-11
2420.34024541623,35316.8600998258,-2934.20034524206,2019-01-12
-4442.10523641906,35320.6924809714,-2426.58724455232,2019-01-13
-2380.77956464368,35324.5248621169,-1049.74529747326,2019-01-14
-2089.47329282349,35328.3572432625,-1426.883950439,2019-01-15
-655.860523328672,35332.189624408,442.670898920638,2019-01-16
646.954113934039,35336.0220055536,-893.976119487619,2019-01-17
6500.92426783209,35339.8543866991,-1505.77865453122,2019-01-18
2420.34024541623,35343.6867678447,-542.027013260915,2019-01-19
-4442.10523641906,35347.5191489902,1208.58608742883,2019-01-20
-2380.77956464368,35351.3515301358,2058.4280345079,2019-01-21
-2089.47329282349,35345.0242550132,1685.44903781026,2019-01-22
-655.860523328672,35338.6969798907,2973.16354343799,2019-01-23
646.954113934039,35332.3697047681,-3578.32381870217,2019-01-24
6500.92426783209,35326.0424296456,-11505.9666974777,2019-01-25
2420.34024541623,35319.715154523,4760.94460006075,2019-01-26
-4442.10523641906,35313.3878794005,388.717357018591,2019-01-27
-2380.77956464368,35307.0606042779,-7539.28103963424,2019-01-28
-2089.47329282349,35300.7333291554,-2668.26003633188,2019-01-29
-655.860523328672,35294.4060540328,-6191.54553070414,2019-01-30
646.954113934039,35288.0787789103,-3608.03289284431,2019-01-31
6500.92426783209,35281.7515037877,-2355.6757716198,2019-02-01
2420.34024541623,35275.4242286652,-5610.76447408139,2019-02-02
-4442.10523641906,35269.0969535426,-7993.99171712355,2019-02-03
-2380.77956464368,35262.7696784201,-1580.99011377638,2019-02-04
-2089.47329282349,35256.4424032975,20.0308895259805,2019-02-05
-655.860523328672,35250.115128175,-3713.25460484628,2019-02-06
646.954113934039,35243.7878530524,-1645.74196698644,2019-02-07
6500.92426783209,35237.4605779299,-2232.38484576194,2019-02-08
2420.34024541623,35231.1333028073,-2888.47354822353,2019-02-09
-4442.10523641906,35224.8060276847,1604.29920873432,2019-02-10
-2380.77956464368,35218.4787525622,-501.699187918515,2019-02-11
-2089.47329282349,35212.1514774396,-3088.67818461616,2019-02-12
-655.860523328672,35205.8242023171,145.036321011583,2019-02-13
646.954113934039,35199.4969271945,2795.54895887143,2019-02-14
6500.92426783209,35193.169652072,-707.093919904073,2019-02-15
2420.34024541623,35186.8423769494,1183.81737763434,2019-02-16
-4442.10523641906,35180.5151018269,-2276.40986540782,2019-02-17
-2380.77956464368,35174.1878267043,-809.408262060657,2019-02-18
-2089.47329282349,35167.8605515818,166.612741241704,2019-02-19
-655.860523328672,35161.5332764592,42.3272468694413,2019-02-20
646.954113934039,35155.2060013367,1621.83988472928,2019-02-21
6500.92426783209,35148.8787262141,420.197005953785,2019-02-22
2420.34024541623,35142.5514510916,3510.1083034922,2019-02-23
-4442.10523641906,35136.224175969,6078.88106045004,2019-02-24
-2380.77956464368,35129.8969008465,621.882663797209,2019-02-25
-2089.47329282349,35123.5696257239,886.90366709957,2019-02-26
-655.860523328672,35117.2423506014,1690.61817272731,2019-02-27
646.954113934039,35105.3752590699,-1448.3293730039,2019-02-28
6500.92426783209,35093.5081675384,-4973.43243537045,2019-03-01
2420.34024541623,35081.6410760069,-8924.98132142309,2019-03-02
-4442.10523641906,35069.7739844754,-8279.6687480563,2019-03-03
-2380.77956464368,35057.9068929439,26.8726716998208,2019-03-04
-2089.47329282349,35046.0398014124,2604.43349141113,2019-03-05
-655.860523328672,35034.1727098808,-734.312186552175,2019-03-06
646.954113934039,35022.3056183493,2419.74026771662,2019-03-07
6500.92426783209,35010.4385268178,2845.63720535007,2019-03-08
2420.34024541623,34998.5714352863,5335.08831929743,2019-03-09
-4442.10523641906,34986.7043437548,10104.4008926642,2019-03-10
-2380.77956464368,34974.8372522233,5761.94231242034,2019-03-11
-2089.47329282349,34962.9701606918,1116.50313213165,2019-03-12
-655.860523328672,34951.1030691603,1293.75745416834,2019-03-13
646.954113934039,34939.2359776288,1731.80990843713,2019-03-14
6500.92426783209,34927.3688860973,3040.70684607058,2019-03-15
2420.34024541623,34915.5017945658,4931.15796001794,2019-03-16
-4442.10523641906,34903.6347030343,1480.47053338473,2019-03-17
-2380.77956464368,34891.7676115028,2721.01195314086,2019-03-18
-2089.47329282349,34879.9005199713,1803.57277285217,2019-03-19
-655.860523328672,34868.0334284398,431.827094888853,2019-03-20
646.954113934039,34856.1663369083,1586.87954915765,2019-03-21
6500.92426783209,34844.2992453768,1482.7764867911,2019-03-22
2420.34024541623,34832.4321538453,-698.772399261543,2019-03-23
-4442.10523641906,34820.5650623138,-587.459825894752,2019-03-24
-2380.77956464368,34808.6979707823,-2459.91840613863,2019-03-25
-2089.47329282349,34796.8308792508,1039.64241357268,2019-03-26
-655.860523328672,34784.9637877193,1258.89673560936,2019-03-27
646.954113934039,34773.0966961878,4404.94918987816,2019-03-28
6500.92426783209,34761.2296046563,1225.84612751161,2019-03-29
2420.34024541623,34749.3625131248,-1366.70275854103,2019-03-30
-4442.10523641906,34737.4954215933,-34.3901851742339,2019-03-31
-2380.77956464368,34725.6283300618,720.151234581885,2019-04-01
-2089.47329282349,34713.7612385303,3167.7120542932,2019-04-02
-655.860523328672,34701.8941469988,1955.96637632988,2019-04-03
646.954113934039,34690.0270554673,2355.01883059867,2019-04-04
6500.92426783209,34678.1599639358,2353.91576823212,2019-04-05
2420.34024541623,34666.2812912933,7281.37846329049,2019-04-06
-4442.10523641906,34654.4026186508,5133.70261776829,2019-04-07
-2380.77956464368,34642.5239460083,7302.25561863541,2019-04-08
-2089.47329282349,34630.6452733658,6775.82801945773,2019-04-09
-655.860523328672,34618.7666007232,9551.09392260543,2019-04-10
646.954113934039,34606.8879280807,7424.15795798523,2019-04-11
6500.92426783209,34595.0092554382,8761.06647672968,2019-04-12
2420.34024541623,34583.1305827957,7063.52917178805,2019-04-13
-4442.10523641906,34571.2519101532,5970.85332626585,2019-04-14
-2380.77956464368,34559.3732375107,5971.40632713297,2019-04-15
-2089.47329282349,34547.4945648682,9505.97872795529,2019-04-16
-655.860523328672,34535.6158922257,8132.24463110299,2019-04-17
646.954113934039,34523.7372195832,11420.3086664828,2019-04-18
6500.92426783209,34511.8585469407,-3983.78281477276,2019-04-19
2420.34024541623,34499.9798742982,7163.67988028561,2019-04-20
-4442.10523641906,34488.1012016557,5603.00403476341,2019-04-21
-2380.77956464368,34476.2225290131,953.557035630532,2019-04-22
-2089.47329282349,34464.3438563706,2534.12943645285,2019-04-23
-655.860523328672,34452.4651837281,3479.39533960054,2019-04-24
646.954113934039,34440.5865110856,781.459374980339,2019-04-25
6500.92426783209,34428.7078384431,-3325.6321062752,2019-04-26
2420.34024541623,34416.8291658006,-1904.16941121683,2019-04-27
-4442.10523641906,34404.9504931581,-4658.84525673903,2019-04-28
-2380.77956464368,34393.0718205156,-1459.29225587191,2019-04-29
-2089.47329282349,34381.1931478731,94.2801449504041,2019-04-30
-655.860523328672,34369.3144752306,192.546048098098,2019-05-01
646.954113934039,34357.4358025881,-1063.3899165221,2019-05-02
6500.92426783209,34345.5571299456,-67.481397777643,2019-05-03
2420.34024541623,34333.678457303,-1810.01870271927,2019-05-04
-4442.10523641906,34321.7997846605,-2027.69454824148,2019-05-05
-2380.77956464368,34309.921112018,-1378.14154737435,2019-05-06
-2089.47329282349,34298.0424393755,-930.569146552036,2019-05-07
-655.860523328672,34286.163766733,-1564.30324340434,2019-05-08
646.954113934039,34274.2850940905,-1375.23920802454,2019-05-09
6500.92426783209,34262.406421448,-7643.33068928009,2019-05-10
2420.34024541623,34250.5277488055,-365.86799422172,2019-05-11
-4442.10523641906,34238.649076163,-3070.54383974392,2019-05-12
-2380.77956464368,34229.1833239888,-2526.40375934513,2019-05-13
-2089.47329282349,34219.7175718146,-956.244278991158,2019-05-14
-655.860523328672,34210.2518196405,-440.391296311805,2019-05-15
646.954113934039,34200.7860674663,-2051.74018140035,2019-05-16
6500.92426783209,34191.3203152921,-246.244583124222,2019-05-17
2420.34024541623,34181.854563118,597.805191465806,2019-05-18
-4442.10523641906,34172.3888109438,396.716425475264,2019-05-19
-2380.77956464368,34162.9230587696,-2338.14349412595,2019-05-20
-2089.47329282349,34153.4573065955,-789.984013771973,2019-05-21
-655.860523328672,34143.9915544213,-765.13103109262,2019-05-22
646.954113934039,34134.5258022471,-1314.47991618116,2019-05-23
6500.92426783209,34125.060050073,-1183.98431790504,2019-05-24
2420.34024541623,34115.5942978988,-2806.93454331502,2019-05-25
-4442.10523641906,34106.1285457246,-3651.02330930555,2019-05-26
-2380.77956464368,34096.6627935504,-4904.88322890676,2019-05-27
-2089.47329282349,34087.1970413763,-1932.72374855279,2019-05-28
-655.860523328672,34077.7312892021,-6164.87076587343,2019-05-29
646.954113934039,34068.2655370279,-1884.21965096198,2019-05-30
6500.92426783209,34058.7997848538,-4597.72405268586,2019-05-31
2420.34024541623,34049.3340326796,873.32572190417,2019-06-01
-4442.10523641906,34039.8682805054,-3533.76304408637,2019-06-02
-2380.77956464368,34030.4025283313,-5069.62296368758,2019-06-03
-2089.47329282349,34020.9367761571,-2103.46348333361,2019-06-04
-655.860523328672,34011.4710239829,-2829.61050065425,2019-06-05
646.954113934039,34002.0052718088,-2062.95938574279,2019-06-06
6500.92426783209,33992.5395196346,-498.463787466673,2019-06-07
2420.34024541623,33983.0737674604,-1164.41401287664,2019-06-08
-4442.10523641906,33973.6080152862,3506.49722113281,2019-06-09
-2380.77956464368,33964.1422631121,-5181.3626984684,2019-06-10
-2089.47329282349,33954.6765109379,-793.203218114424,2019-06-11
-655.860523328672,33945.2107587637,-5161.35023543507,2019-06-12
646.954113934039,33935.7450065896,-1256.69912052362,2019-06-13
6500.92426783209,33926.2792544154,-3746.20352224749,2019-06-14
2420.34024541623,33916.8135022412,-663.153747657459,2019-06-15
-4442.10523641906,33907.3477500671,-2534.242513648,2019-06-16
-2380.77956464368,33897.8819978929,-1708.10243324921,2019-06-17
-2089.47329282349,33888.4162457187,-4103.94295289524,2019-06-18
-655.860523328672,33881.5739520738,-2459.71342874513,2019-06-19
646.954113934039,33874.7316584289,-2198.6857723629,2019-06-20
6500.92426783209,33867.8893647839,-134.813632616024,2019-06-21
2420.34024541623,33861.047071139,-2493.38731655524,2019-06-22
-4442.10523641906,33854.2047774941,-4080.09954107501,2019-06-23
-2380.77956464368,33847.3624838491,-1102.58291920546,2019-06-24
-2089.47329282349,33840.5201902042,-268.046897380729,2019-06-25
-655.860523328672,33833.6778965593,174.18262676939,2019-06-26
646.954113934039,33826.8356029144,487.210283151609,2019-06-27
6500.92426783209,33819.9933092694,-39.9175771015143,2019-06-28
2420.34024541623,33813.1510156245,-6007.49126104072,2019-06-29
-4442.10523641906,33806.3087219796,1419.7965144395,2019-06-30
-2380.77956464368,33799.4664283346,-35.6868636909567,2019-07-01
-2089.47329282349,33792.6241346897,1329.84915813379,2019-07-02
-655.860523328672,33785.7818410448,1457.0786822839,2019-07-03
646.954113934039,33778.9395473998,1758.10633866612,2019-07-04
6500.92426783209,33772.0972537549,3462.978478413,2019-07-05
2420.34024541623,33765.25496011,2148.40479447379,2019-07-06
-4442.10523641906,33758.4126664651,-1006.30743004599,2019-07-07
-2380.77956464368,33751.5703728201,4058.20919182355,2019-07-08
-2089.47329282349,33744.7280791752,4302.7452136483,2019-07-09
-655.860523328672,33737.8857855303,2836.97473779841,2019-07-10
646.954113934039,33731.0434918853,1673.00239418063,2019-07-11
6500.92426783209,33724.2011982404,-474.125466072488,2019-07-12
2420.34024541623,33717.3589045955,-3805.6991500117,2019-07-13
-4442.10523641906,33710.5166109505,-5446.41137453148,2019-07-14
-2380.77956464368,33703.6743173056,-1175.89475266193,2019-07-15
-2089.47329282349,33696.8320236607,-565.358730837193,2019-07-16
-655.860523328672,33689.9897300158,-1492.12920668708,2019-07-17
646.954113934039,33683.1474363708,-151.101550304855,2019-07-18
6500.92426783209,33676.3051427259,1439.77058944202,2019-07-19
2420.34024541623,33669.462849081,1076.19690550281,2019-07-20
-4442.10523641906,33662.620555436,-1933.51531901697,2019-07-21
-2380.77956464368,33655.7782617911,-755.998697147421,2019-07-22
-2089.47329282349,33648.9359681462,-3300.46267532269,2019-07-23
-655.860523328672,33642.0936745012,-282.233151172564,2019-07-24
646.954113934039,33635.2513808563,-51.2054947903453,2019-07-25
6500.92426783209,33634.7763409666,-3532.70060879867,2019-07-26
2420.34024541623,33634.3013010768,3912.35845350692,2019-07-27
-4442.10523641906,33633.8262611871,714.278975231944,2019-07-28
-2380.77956464368,33633.3512212974,-572.571656653716,2019-07-29
-2089.47329282349,33632.8761814077,-1319.40288858418,2019-07-30
-655.860523328672,33632.4011415179,-1853.54061818926,2019-07-31
646.954113934039,33631.9261016282,-1863.88021556224,2019-08-01
6500.92426783209,33631.4510617385,-510.375329570561,2019-08-02
2420.34024541623,33630.9760218487,474.683732735029,2019-08-03
-4442.10523641906,33630.500981959,-915.39574553995,2019-08-04
-2380.77956464368,33630.0259420693,-157.246377425603,2019-08-05
-2089.47329282349,33629.5509021796,-538.077609356071,2019-08-06
-655.860523328672,33629.0758622898,-231.215338961156,2019-08-07
646.954113934039,33628.6008224001,-559.554936334134,2019-08-08
6500.92426783209,33628.1257825104,-4860.05005034246,2019-08-09
2420.34024541623,33627.6507426206,-2913.99098803687,2019-08-10
-4442.10523641906,33627.1757027309,-1106.07046631184,2019-08-11
-2380.77956464368,33626.7006628412,-161.921098197497,2019-08-12
-2089.47329282349,33626.2256229515,250.247669872035,2019-08-13
-655.860523328672,33625.7505830617,-551.89005973305,2019-08-14
646.954113934039,33625.275543172,808.770342893971,2019-08-15
6500.92426783209,33624.8005032823,-2302.72477111435,2019-08-16
2420.34024541623,33624.3254633925,3522.33429119124,2019-08-17
-4442.10523641906,33623.8504235028,-2034.74518708374,2019-08-18
-2380.77956464368,33623.3753836131,-1964.59581896939,2019-08-19
-2089.47329282349,33622.9003437233,242.57294910014,2019-08-20
-655.860523328672,33622.4253038336,634.435219495055,2019-08-21
646.954113934039,33621.9502639439,4391.09562212208,2019-08-22
6500.92426783209,33621.4752240542,11869.6005081138,2019-08-23
2420.34024541623,33621.0001841644,10981.6595704193,2019-08-24
-4442.10523641906,33620.5251442747,1866.58009214437,2019-08-25
-2380.77956464368,33620.050104385,756.729460258714,2019-08-26
-2089.47329282349,33619.5750644952,-1356.10177167175,2019-08-27
-655.860523328672,33619.1000246055,-5161.23950127684,2019-08-28
646.954113934039,33618.6249847158,-1359.57909864982,2019-08-29
6500.92426783209,33618.1499448261,1105.92578734186,2019-08-30
2420.34024541623,33617.6749049363,4395.98484964745,2019-08-31
-4442.10523641906,33617.8513543009,-1821.74611788183,2019-09-01
-2380.77956464368,33618.0278036655,-1531.24823902178,2019-09-02
-2089.47329282349,33618.20425303,878.269039793457,2019-09-03
-655.860523328672,33618.3807023946,-1695.52017906593,2019-09-04
646.954113934039,33618.5571517592,75.4887343067894,2019-09-05
6500.92426783209,33618.7336011237,-2328.65786895583,2019-09-06
2420.34024541623,33618.9100504883,-1996.25029590455,2019-09-07
-4442.10523641906,33619.0864998529,-3927.98126343382,2019-09-08
-2380.77956464368,33619.2629492175,-4117.48338457377,2019-09-09
-2089.47329282349,33619.439398582,-916.966105758544,2019-09-10
-655.860523328672,33619.6158479466,-203.755324617923,2019-09-11
646.954113934039,33619.7922973112,-3226.74641124521,2019-09-12
6500.92426783209,33619.9687466757,-694.893014507827,2019-09-13
2420.34024541623,33620.1451960403,1052.51455854347,2019-09-14
-4442.10523641906,33620.3216454049,-2590.21640898582,2019-09-15
-2380.77956464368,33620.4980947694,-3147.71853012577,2019-09-16
-2089.47329282349,33620.674544134,-1554.20125131053,2019-09-17
-655.860523328672,33620.8509934986,-978.99047016992,2019-09-18
646.954113934039,33621.0274428632,-565.981556797196,2019-09-19
6500.92426783209,33621.2038922277,5083.87183994018,2019-09-20
2420.34024541623,33621.3803415923,-3741.72058700853,2019-09-21
-4442.10523641906,33621.5567909569,-2630.45155453781,2019-09-22
-2380.77956464368,33621.7332403214,-371.953675677767,2019-09-23
-2089.47329282349,33621.909689686,1899.56360313747,2019-09-24
-655.860523328672,33622.0861390506,2256.77438427809,2019-09-25
646.954113934039,33622.2625884152,9767.78329765081,2019-09-26
6500.92426783209,33622.4390377797,-8454.36330561181,2019-09-27
2420.34024541623,33622.6154871443,-4267.95573256053,2019-09-28
-4442.10523641906,33622.7919365089,-2045.68670008981,2019-09-29
-2380.77956464368,33622.9683858734,1320.81117877024,2019-09-30
-2089.47329282349,33623.144835238,3118.32845758548,2019-10-01
-655.860523328672,33623.3212846026,3070.53923872609,2019-10-02
646.954113934039,33623.4977339671,3319.54815209882,2019-10-03
6500.92426783209,33623.6741833317,-2574.59845116381,2019-10-04
2420.34024541623,33623.8506326963,-163.190878112517,2019-10-05
-4442.10523641906,33624.0270820609,-1670.9218456418,2019-10-06
-2380.77956464368,33624.2035314254,2982.57603321825,2019-10-07
-2089.47329282349,33613.2103403169,-1329.73704749339,2019-10-08
-655.860523328672,33602.2171492083,661.643374120365,2019-10-09
646.954113934039,33591.2239580997,132.821927966215,2019-10-10
6500.92426783209,33580.2307669912,1727.84496517673,2019-10-11
2420.34024541623,33569.2375758826,3127.42217870115,2019-10-12
-4442.10523641906,33558.2443847741,2616.860851645,2019-10-13
-2380.77956464368,33547.2511936655,611.52837097818,2019-10-14
-2089.47329282349,33536.2580025569,-14.7847097334525,2019-10-15
-655.860523328672,33525.2648114484,-906.404288119702,2019-10-16
646.954113934039,33514.2716203398,-2494.22573427386,2019-10-17
6500.92426783209,33503.2784292313,-752.202697063345,2019-10-18
2420.34024541623,33492.2852381227,-645.625483538919,2019-10-19
-4442.10523641906,33481.2920470141,137.813189404929,2019-10-20
-2380.77956464368,33470.2988559056,-569.519291261888,2019-10-21
-2089.47329282349,33459.305664797,1553.16762802648,2019-10-22
-655.860523328672,33448.3124736884,-3123.45195035978,2019-10-23
646.954113934039,33437.3192825799,45.7266034860804,2019-10-24
6500.92426783209,33426.3260914713,-1770.25035930341,2019-10-25
2420.34024541623,33415.3329003628,-2643.67314577899,2019-10-26
-4442.10523641906,33404.3397092542,-1040.23447283514,2019-10-27
-2380.77956464368,33393.3465181456,852.433046498045,2019-10-28
-2089.47329282349,33382.3533270371,1774.11996578641,2019-10-29
-655.860523328672,33371.3601359285,1839.50038740016,2019-10-30
646.954113934039,33360.36694482,2362.67894124601,2019-10-31
6500.92426783209,33349.3737537114,-2235.29802154348,2019-11-01
2420.34024541623,33338.3805626028,-7326.72080801905,2019-11-02
-4442.10523641906,33327.3873714943,-1896.28213507521,2019-11-03
-2380.77956464368,33316.3941803857,6311.38538425797,2019-11-04
-2089.47329282349,33305.4009892771,-2448.92769645366,2019-11-05
-655.860523328672,33294.4077981686,330.452725160088,2019-11-06
646.954113934039,33283.41460706,-3852.36872099406,2019-11-07
6500.92426783209,33272.4214159515,-4778.34568378355,2019-11-08
2420.34024541623,33261.4282248429,-2677.76847025913,2019-11-09
-4442.10523641906,33250.4350337343,-1126.32979731527,2019-11-10
-2380.77956464368,33239.4418426258,2859.3377220179,2019-11-11
-2089.47329282349,33228.4486515172,27.0246413062778,2019-11-12
-655.860523328672,33217.4554604087,2251.40506292002,2019-11-13
646.954113934039,33179.869577845,6283.17630822093,2019-11-14
6500.92426783209,33142.2836952814,5087.79203688649,2019-11-15
2420.34024541623,33104.6978127178,4301.96194186596,2019-11-16
-4442.10523641906,33067.1119301542,2206.99330626486,2019-11-17
-2380.77956464368,33029.5260475906,4473.2535170531,2019-11-18
-2089.47329282349,32991.940165027,5612.53312779652,2019-11-19
-655.860523328672,32954.3542824634,6081.50624086531,2019-11-20
646.954113934039,32916.7683998997,1775.27748616622,2019-11-21
6500.92426783209,32879.1825173361,4895.89321483178,2019-11-22
2420.34024541623,32841.5966347725,3577.06311981125,2019-11-23
-4442.10523641906,32804.0107522089,3827.09448421015,2019-11-24
-2380.77956464368,32766.4248696453,3362.35469499839,2019-11-25
-2089.47329282349,32728.8389870817,1040.63430574181,2019-11-26
-655.860523328672,32691.2531045181,6827.60741881061,2019-11-27
646.954113934039,32653.6672219545,8442.37866411151,2019-11-28
6500.92426783209,32616.0813393908,12554.9943927771,2019-11-29
2420.34024541623,32578.4954568272,8407.16429775655,2019-11-30
-4442.10523641906,32540.9095742636,2382.19566215545,2019-12-01
-2380.77956464368,32503.3236917,3993.45587294368,2019-12-02
-2089.47329282349,32465.7378091364,5102.7354836871,2019-12-03
-655.860523328672,32428.1519265728,6677.7085967559,2019-12-04
646.954113934039,32390.5660440092,8906.4798420568,2019-12-05
6500.92426783209,32352.9801614455,6023.09557072237,2019-12-06
2420.34024541623,32315.3942788819,8198.26547570184,2019-12-07
-4442.10523641906,32277.8083963183,7325.29684010074,2019-12-08
-2380.77956464368,32240.2225137547,4151.55705088897,2019-12-09
-2089.47329282349,32202.6366311911,6848.83666163239,2019-12-10
-655.860523328672,32165.0507486275,9799.80977470119,2019-12-11
646.954113934039,32127.4648660639,10096.5810200021,2019-12-12
6500.92426783209,32089.8789835003,8775.19674866766,2019-12-13
2420.34024541623,32052.2931009366,10220.3666536471,2019-12-14
-4442.10523641906,32014.707218373,10601.398018046,2019-12-15
-2380.77956464368,31977.1213358094,12446.6582288343,2019-12-16
-2089.47329282349,31939.5354532458,12514.9378395777,2019-12-17
-655.860523328672,31901.9495706822,7307.91095264649,2019-12-18
646.954113934039,31864.3636881186,14473.6821979474,2019-12-19
6500.92426783209,31826.777805555,-4283.70207338705,2019-12-20
2420.34024541623,31738.5832005095,9126.07655407429,2019-12-21
-4442.10523641906,31650.388595464,15247.7166409551,2019-12-22
-2380.77956464368,31562.1939904185,23193.5855742252,2019-12-23
-2089.47329282349,31473.999385373,19564.4739074505,2019-12-24
-655.860523328672,31385.8047803275,2345.05574300113,2019-12-25
646.954113934039,31297.6101752821,18647.4357107839,2019-12-26
6500.92426783209,31209.4155702366,3658.66016193134,2019-12-27
2420.34024541623,31121.2209651911,2576.43878939269,2019-12-28
-4442.10523641906,31033.0263601456,4723.07887627346,2019-12-29
-2380.77956464368,30944.8317551001,-2027.05219045643,2019-12-30
-2089.47329282349,30856.6371500546,16735.8361427689,2019-12-31
-655.860523328672,30768.4425450091,4966.41797831952,2020-01-01
646.954113934039,30680.2479399637,3956.7979461023,2020-01-02
6500.92426783209,30592.0533349182,-3601.97760275027,2020-01-03
2420.34024541623,30503.8587298727,-1406.19897528892,2020-01-04
-4442.10523641906,30415.6641248272,-828.558888408148,2020-01-05
-2380.77956464368,30327.4695197817,3086.31004486195,2020-01-06
-2089.47329282349,30239.2749147362,4808.19837808725,2020-01-07
-655.860523328672,30151.0803096908,5314.78021363791,2020-01-08
646.954113934039,30062.8857046453,2738.16018142069,2020-01-09
6500.92426783209,29974.6910995998,-2614.61536743188,2020-01-10
2420.34024541623,29886.4964945543,816.163260029469,2020-01-11
-4442.10523641906,29798.3018895088,2713.80334691024,2020-01-12
-2380.77956464368,29710.1072844633,3364.67228018034,2020-01-13
-2089.47329282349,29621.9126794179,1540.56061340563,2020-01-14
-655.860523328672,29533.7180743724,-1895.85755104369,2020-01-15
646.954113934039,29445.5234693269,4550.52241673908,2020-01-16
6500.92426783209,29357.3288642814,3702.74686788652,2020-01-17
2420.34024541623,29269.1342592359,6037.52549534786,2020-01-18
-4442.10523641906,29180.9396541904,5224.16558222863,2020-01-19
-2380.77956464368,29092.7450491449,1837.03451549874,2020-01-20
-2089.47329282349,29004.5504440995,11263.922848724,2020-01-21
-655.860523328672,28916.355839054,6971.5046842747,2020-01-22
646.954113934039,28828.1612340085,6295.88465205747,2020-01-23
6500.92426783209,28739.966628963,6861.1091032049,2020-01-24
2420.34024541623,28651.7720239175,8559.88773066625,2020-01-25
-4442.10523641906,28563.577418872,17830.527817547,2020-01-26
-2380.77956464368,28458.6094096899,-65.8298450461953,2020-01-27
-2089.47329282349,28353.6414005077,7513.83189231577,2020-01-28
-655.860523328672,28248.6733913256,4442.18713200312,2020-01-29
646.954113934039,28143.7053821434,2883.34050392257,2020-01-30
6500.92426783209,28038.7373729612,-5022.66164079332,2020-01-31
2420.34024541623,27933.7693637791,-4686.1096091953,2020-02-01
-4442.10523641906,27828.8013545969,3070.30388182216,2020-02-02
-2380.77956464368,27723.8333454147,3088.94621922894,2020-02-03
-2089.47329282349,27618.8653362326,3128.6079565909,2020-02-04
-655.860523328672,27513.8973270504,4304.96319627825,2020-02-05
646.954113934039,27408.9293178683,2356.1165681977,2020-02-06
6500.92426783209,27303.9613086861,1131.11442348182,2020-02-07
2420.34024541623,27198.9932995039,858.666455079838,2020-02-08
-4442.10523641906,27094.0252903218,-158.920053902712,2020-02-09
-2380.77956464368,26989.0572811396,4184.72228350407,2020-02-10
-2089.47329282349,26884.0892719574,5125.38402086604,2020-02-11
-655.860523328672,26779.1212627753,5134.73926055339,2020-02-12
646.954113934039,26674.1532535931,5931.89263247283,2020-02-13
6500.92426783209,26569.185244411,3049.89048775695,2020-02-14
2420.34024541623,26464.2172352288,1381.44251935497,2020-02-15
-4442.10523641906,26359.2492260466,4464.85601037242,2020-02-16
-2380.77956464368,26254.2812168645,7429.4983477792,2020-02-17
-2089.47329282349,26149.3132076823,3290.16008514117,2020-02-18
-655.860523328672,26044.3451985002,8892.51532482852,2020-02-19
646.954113934039,25939.377189318,9620.66869674797,2020-02-20
6500.92426783209,25834.4091801358,6015.66655203208,2020-02-21
2420.34024541623,25729.4411709537,6489.21858363011,2020-02-22
-4442.10523641906,25624.4731617715,6482.63207464756,2020-02-23
-2380.77956464368,25519.5051525893,6550.27441205434,2020-02-24
-2089.47329282349,25414.5371434072,6521.9361494163,2020-02-25
-655.860523328672,25309.569134225,9585.29138910365,2020-02-26
646.954113934039,25204.6011250429,7964.44476102311,2020-02-27
6500.92426783209,25099.6331158607,6679.44261630722,2020-02-28
2420.34024541623,24994.6651066785,8216.99464790524,2020-02-29
-4442.10523641906,24889.6970974964,6126.40813892269,2020-03-01
-2380.77956464368,24784.7290883142,7491.05047632947,2020-03-02
-2089.47329282349,24679.761079132,10579.7122136914,2020-03-03
-655.860523328672,24564.8233649483,7758.03715838039,2020-03-04
646.954113934039,24449.8856507645,7470.16023530145,2020-03-05
6500.92426783209,24334.9479365807,6603.12779558717,2020-03-06
2420.34024541623,24220.010222397,6961.6495321868,2020-03-07
-4442.10523641906,24105.0725082132,13595.0327282059,2020-03-08
-2380.77956464368,23990.1347940294,5554.64477061425,2020-03-09
-2089.47329282349,23875.1970798457,7541.27621297782,2020-03-10
-655.860523328672,23760.2593656619,6968.60115766678,2020-03-11
646.954113934039,23645.3216514781,7599.72423458784,2020-03-12
6500.92426783209,23530.3839372944,1556.69179487356,2020-03-13
2420.34024541623,23415.4462231106,934.21353147319,2020-03-14
-4442.10523641906,23300.5085089268,1689.59672749225,2020-03-15
-2380.77956464368,23185.570794743,2545.20876990064,2020-03-16
-2089.47329282349,23070.6330805593,-887.159787735793,2020-03-17
-655.860523328672,22955.6953663755,-4028.83484304683,2020-03-18
646.954113934039,22840.7576521917,-6491.71176612578,2020-03-19
6500.92426783209,22725.819938008,-11134.7442058401,2020-03-20
2420.34024541623,22610.8822238242,-11273.2224692404,2020-03-21
-4442.10523641906,22495.9445096404,-8800.83927322137,2020-03-22
-2380.77956464368,22381.0067954567,-7589.22723081298,2020-03-23
-2089.47329282349,22266.0690812729,-12307.5957884494,2020-03-24
-655.860523328672,22151.1313670891,-14323.2708437604,2020-03-25
646.954113934039,22036.1936529053,-16025.1477668394,2020-03-26
6500.92426783209,21921.2559387216,-21712.1802065537,2020-03-27
2420.34024541623,21806.3182245378,-19218.658469954,2020-03-28
-4442.10523641906,21691.380510354,-13809.275273935,2020-03-29
-2380.77956464368,21576.4427961703,-14170.6632315266,2020-03-30
-2089.47329282349,21461.5050819865,-14878.031789163,2020-03-31
-655.860523328672,21346.5673678027,-16224.7068444741,2020-04-01
646.954113934039,21231.629653619,-18019.583767553,2020-04-02
6500.92426783209,21116.6919394352,-22867.6162072673,2020-04-03
2420.34024541623,21001.7542252514,-20379.0944706677,2020-04-04
-4442.10523641906,20886.8165110677,-13606.7112746486,2020-04-05
-2380.77956464368,20771.8787968839,-13807.0992322402,2020-04-06
-2089.47329282349,20656.9410827001,-14313.4677898766,2020-04-07
-655.860523328672,20542.0033685163,-15121.1428451877,2020-04-08
646.954113934039,20427.0656543326,-16058.0197682666,2020-04-09
6500.92426783209,20301.5613210131,-24012.4855888452,2020-04-10
2420.34024541623,20176.0569876937,-19409.3972331099,2020-04-11
-4442.10523641906,20050.5526543742,-12817.4474179551,2020-04-12
-2380.77956464368,19925.0483210547,-14080.2687564111,2020-04-13
-2089.47329282349,19799.5439877353,-13064.0706949118,2020-04-14
-655.860523328672,19674.0396544158,-14173.1791310871,2020-04-15
646.954113934039,19548.5353210964,-15673.4894350304,2020-04-16
6500.92426783209,19423.0309877769,-20886.955255609,2020-04-17
2420.34024541623,19297.5266544574,-17636.8668998737,2020-04-18
-4442.10523641906,19172.022321138,-10911.9170847189,2020-04-19
-2380.77956464368,19046.5179878185,-12037.7384231748,2020-04-20
-2089.47329282349,18921.013654499,-11990.5403616756,2020-04-21
-655.860523328672,18795.5093211796,-13352.6487978509,2020-04-22
646.954113934039,18670.0049878601,-14414.9591017942,2020-04-23
6500.92426783209,18544.5006545407,-19420.4249223728,2020-04-24
2420.34024541623,18418.9963212212,-16238.3365666374,2020-04-25
-4442.10523641906,18293.4919879017,-9894.38675148269,2020-04-26
-2380.77956464368,18167.9876545823,-10436.2080899386,2020-04-27
-2089.47329282349,18042.4833212628,-10336.0100284393,2020-04-28
-655.860523328672,17916.9789879434,-12927.1184646147,2020-04-29
646.954113934039,17791.4746546239,-13178.4287685579,2020-04-30
6500.92426783209,17665.9703213044,-18498.8945891365,2020-05-01
2420.34024541623,17540.465987985,-14919.8062334012,2020-05-02
-4442.10523641906,17414.9616546655,-8056.85641824646,2020-05-03
-2380.77956464368,17289.4573213461,-8957.67775670238,2020-05-04
-2089.47329282349,17163.9529880266,-8501.47969520311,2020-05-05
-655.860523328672,17038.4486547071,-10128.5881313785,2020-05-06
646.954113934039,16912.9443213877,-10887.8984353217,2020-05-07
6500.92426783209,16787.4399880682,-15581.3642559003,2020-05-08
2420.34024541623,16661.9356547488,-13720.275900165,2020-05-09
-4442.10523641906,16536.4313214293,-6702.32608501023,2020-05-10
-2380.77956464368,16410.9269881098,-7189.14742346615,2020-05-11
-2089.47329282349,16285.4226547904,-7178.94936196689,2020-05-12
-655.860523328672,16159.9183214709,-7953.05779814224,2020-05-13
646.954113934039,16034.4139881515,-8580.36810208549,2020-05-14
6500.92426783209,15908.909654832,-13538.8339226641,2020-05-15
2420.34024541623,15783.4053215125,-9070.74556692876,2020-05-16
-4442.10523641906,15672.4573107464,-3682.35207432731,2020-05-17
-2380.77956464368,15561.5092999802,-4695.72973533652,2020-05-18
-2089.47329282349,15450.561289214,-4954.08799639056,2020-05-19
-655.860523328672,15339.6132784479,-5763.75275511921,2020-05-20
646.954113934039,15228.6652676817,-8090.61938161576,2020-05-21
6500.92426783209,15117.7172569156,-11838.6415247477,2020-05-22
2420.34024541623,15006.7692461494,-9363.10949156563,2020-05-23
-4442.10523641906,14895.8212353832,-2382.71599896418,2020-05-24
-2380.77956464368,14784.8732246171,-2701.0936599734,2020-05-25
-2089.47329282349,14673.9252138509,-3066.45192102743,2020-05-26
-655.860523328672,14562.9772030848,-4100.11667975608,2020-05-27
646.954113934039,14452.0291923186,-4805.98330625263,2020-05-28
6500.92426783209,14341.0811815524,-9544.00544938452,2020-05-29
2420.34024541623,14230.1331707863,-4709.4734162025,2020-05-30
-4442.10523641906,14119.1851600201,-410.07992360105,2020-05-31
-2380.77956464368,14008.2371492539,-2457.45758461027,2020-06-01
-2089.47329282349,13897.2891384878,-290.815845664303,2020-06-02
-655.860523328672,13786.3411277216,-1375.48060439295,2020-06-03
646.954113934039,13675.3931169555,-1723.34723088951,2020-06-04
6500.92426783209,13564.4451061893,-5615.36937402139,2020-06-05
2420.34024541623,13453.4970954231,1762.16265916063,2020-06-06
-4442.10523641906,13342.549084657,2586.55615176208,2020-06-07
-2380.77956464368,13231.6010738908,480.178490752864,2020-06-08
-2089.47329282349,13120.6530631247,1121.82022969883,2020-06-09
-655.860523328672,13009.7050523585,409.155470970176,2020-06-10
646.954113934039,12898.7570415923,-817.711155526376,2020-06-11
6500.92426783209,12787.8090308262,-4583.73329865826,2020-06-12
2420.34024541623,12676.86102006,689.79873452376,2020-06-13
-4442.10523641906,12565.9130092939,4692.19222712521,2020-06-14
-2380.77956464368,12454.9649985277,2426.81456611599,2020-06-15
-2089.47329282349,12344.0169877615,2301.45630506195,2020-06-16
-655.860523328672,12233.0689769954,1513.7915463333,2020-06-17
646.954113934039,12122.1209662292,1569.92491983675,2020-06-18
6500.92426783209,12011.172955463,-1847.09722329513,2020-06-19
2420.34024541623,11900.2249446969,2789.43480988689,2020-06-20
-4442.10523641906,11789.2769339307,3429.82830248834,2020-06-21
-2380.77956464368,11678.3289231646,1952.45064147912,2020-06-22
-2089.47329282349,11617.466161699,3087.00713112453,2020-06-23
-655.860523328672,11556.6034002333,2044.25712309533,2020-06-24
646.954113934039,11495.7406387677,491.305247298224,2020-06-25
6500.92426783209,11434.8778773021,-3240.80214513422,2020-06-26
2420.34024541623,11374.0151158365,2001.64463874725,2020-06-27
-4442.10523641906,11313.1523543709,4499.95288204815,2020-06-28
-2380.77956464368,11252.2895929053,3785.48997173838,2020-06-29
-2089.47329282349,11191.4268314397,3407.04646138379,2020-06-30
-655.860523328672,11130.5640699741,2533.29645335459,2020-07-01
646.954113934039,11069.7013085085,1036.34457755748,2020-07-02
6500.92426783209,11008.8385470429,-6235.76281487496,2020-07-03
2420.34024541623,10947.9757855773,-1566.31603099349,2020-07-04
-4442.10523641906,10887.1130241117,2721.99221230741,2020-07-05
-2380.77956464368,10826.250262646,2597.52930199764,2020-07-06
-2089.47329282349,10765.3875011804,2513.08579164305,2020-07-07
-655.860523328672,10704.5247397148,3741.33578361384,2020-07-08
646.954113934039,10643.6619782492,-4647.61609218326,2020-07-09
6500.92426783209,10582.7992167836,-10445.7234846157,2020-07-10
2420.34024541623,10521.936455318,-8736.27670073423,2020-07-11
-4442.10523641906,10461.0736938524,-1570.96845743334,2020-07-12
-2380.77956464368,10400.2109323868,-1623.43136774311,2020-07-13
-2089.47329282349,10339.3481709212,-1619.87487809769,2020-07-14
-655.860523328672,10278.4854094556,-2921.6248861269,2020-07-15
646.954113934039,10217.62264799,-4443.576761924,2020-07-16
6500.92426783209,10156.7598865244,-10215.6841543564,2020-07-17
2420.34024541623,10095.8971250587,-7688.23737047497,2020-07-18
-4442.10523641906,10035.0343635931,-1532.92912717408,2020-07-19
-2380.77956464368,9974.17160212753,-1992.39203748385,2020-07-20
-2089.47329282349,9913.30884066192,-1964.83554783844,2020-07-21
-655.860523328672,9852.44607919631,-3408.58555586764,2020-07-22
646.954113934039,9791.5833177307,-5074.53743166474,2020-07-23
6500.92426783209,9730.7205562651,-10452.6448240972,2020-07-24
2420.34024541623,9669.85779479949,-7138.19804021572,2020-07-25
-4442.10523641906,9608.99503333388,-1384.88979691482,2020-07-26
-2380.77956464368,9548.13227186827,-1965.35270722459,2020-07-27
-2089.47329282349,9487.26951040266,-1879.79621757918,2020-07-28
-655.860523328672,9426.40674893706,-2894.54622560838,2020-07-29
646.954113934039,9441.81095213983,-4360.76506607386,2020-07-30
6500.92426783209,9457.21515534259,-10137.1394231747,2020-07-31
2420.34024541623,9472.61935854536,-6791.95960396159,2020-08-01
-4442.10523641906,9488.02356174813,-841.918325329072,2020-08-02
-2380.77956464368,9503.4277649509,-2990.64820030722,2020-08-03
-2089.47329282349,9518.83196815367,-3030.35867533019,2020-08-04
-655.860523328672,9534.23617135644,-4263.37564802777,2020-08-05
646.954113934039,9549.64037455921,-7436.59448849325,2020-08-06
6500.92426783209,9565.04457776198,-13524.9688455941,2020-08-07
2420.34024541623,9580.44878096475,-9631.78902638098,2020-08-08
-4442.10523641906,9595.85298416752,-2760.74774774846,2020-08-09
-2380.77956464368,9611.25718737029,-4438.4776227266,2020-08-10
-2089.47329282349,9626.66139057306,-4704.18809774957,2020-08-11
-655.860523328672,9642.06559377583,-6063.20507044715,2020-08-12
646.954113934039,9657.4697969786,-7191.42391091263,2020-08-13
6500.92426783209,9672.87400018137,-13128.7982680135,2020-08-14
2420.34024541623,9688.27820338413,-9158.61844880036,2020-08-15
-4442.10523641906,9703.6824065869,-2711.57717016784,2020-08-16
-2380.77956464368,9719.08660978967,-4409.30704514599,2020-08-17
-2089.47329282349,9734.49081299244,-4615.01752016896,2020-08-18
-655.860523328672,9749.89501619521,-6155.03449286654,2020-08-19
646.954113934039,9765.29921939798,-7323.25333333202,2020-08-20
6500.92426783209,9780.70342260075,-13080.6276904328,2020-08-21
2420.34024541623,9796.10762580352,-10397.4478712197,2020-08-22
-4442.10523641906,9811.51182900629,-3140.40659258723,2020-08-23
-2380.77956464368,9826.91603220906,-4334.13646756537,2020-08-24
-2089.47329282349,9842.32023541183,-4649.84694258834,2020-08-25
-655.860523328672,9857.7244386146,-5952.86391528593,2020-08-26
646.954113934039,9873.12864181737,-7188.0827557514,2020-08-27
6500.92426783209,9888.53284502014,-12773.4571128522,2020-08-28
2420.34024541623,9903.9370482229,-8671.27729363913,2020-08-29
-4442.10523641906,9919.34125142567,-2925.23601500661,2020-08-30
-2380.77956464368,9934.74545462844,-4313.96588998476,2020-08-31
-2089.47329282349,9950.14965783121,-4347.67636500773,2020-09-01
-655.860523328672,9965.55386103398,-5622.69333770531,2020-09-02
646.954113934039,9980.95806423675,-7200.91217817079,2020-09-03
6500.92426783209,9996.36226743952,-12861.2865352716,2020-09-04
2420.34024541623,10037.1869953984,-9069.52724081465,2020-09-05
-4442.10523641906,10078.0117233573,-2511.90648693826,2020-09-06
-2380.77956464368,10118.8364513162,-4118.05688667254,2020-09-07
-2089.47329282349,10159.6611792751,-4773.18788645164,2020-09-08
-655.860523328672,10200.485907234,-5867.62538390535,2020-09-09
646.954113934039,10241.3106351929,-6883.26474912696,2020-09-10
6500.92426783209,10282.1353631518,-13056.0596309839,2020-09-11
2420.34024541623,10322.9600911107,-10261.300336527,2020-09-12
-4442.10523641906,10363.7848190696,-2340.67958265057,2020-09-13
-2380.77956464368,10404.6095470285,-4050.82998238485,2020-09-14
-2089.47329282349,10445.4342749874,-4278.96098216394,2020-09-15
-655.860523328672,10486.2590029463,-5587.39847961766,2020-09-16
646.954113934039,10527.0837309052,-7396.03784483927,2020-09-17
6500.92426783209,10567.9084588641,-12893.8327266962,2020-09-18
2420.34024541623,10608.733186823,-9758.07343223926,2020-09-19
-4442.10523641906,10649.5579147819,-2665.45267836287,2020-09-20
-2380.77956464368,10690.3826427408,-4152.60307809715,2020-09-21
-2089.47329282349,10731.2073706997,-4824.73407787625,2020-09-22
-655.860523328672,10772.0320986586,-6050.17157532996,2020-09-23
646.954113934039,10812.8568266175,-7226.81094055157,2020-09-24
6500.92426783209,10853.6815545764,-13963.6058224085,2020-09-25
2420.34024541623,10894.5062825353,-9900.84652795156,2020-09-26
-4442.10523641906,10935.3310104942,-3097.22577407518,2020-09-27
-2380.77956464368,10976.1557384531,-3925.37617380946,2020-09-28
-2089.47329282349,11016.980466412,-4045.50717358855,2020-09-29
-655.860523328672,11057.8051943709,-5885.94467104227,2020-09-30
646.954113934039,11098.6299223298,-6772.58403626388,2020-10-01
6500.92426783209,11139.4546502887,-12253.3789181208,2020-10-02
2420.34024541623,11180.2793782476,-9188.61962366387,2020-10-03
-4442.10523641906,11221.1041062065,-3343.99886978748,2020-10-04
-2380.77956464368,11261.9288341654,-4612.14926952176,2020-10-05
-2089.47329282349,11302.7535621243,-5029.28026930086,2020-10-06
-655.860523328672,11343.5782900832,-6284.71776675457,2020-10-07
646.954113934039,11384.4030180421,-7704.35713197618,2020-10-08
6500.92426783209,11425.227746001,-13090.1520138331,2020-10-09
2420.34024541623,11466.0524739599,-9220.39271937617,2020-10-10
-4442.10523641906,11506.8772019188,-3122.77196549979,2020-10-11
-2380.77956464368,11554.7530311228,-3921.9734664791,2020-10-12
-2089.47329282349,11602.6288603267,-4749.15556750323,2020-10-13
-655.860523328672,11650.5046895306,-5662.64416620198,2020-10-14
646.954113934039,11698.3805187346,-7815.33463266862,2020-10-15
6500.92426783209,11746.2563479385,-13303.1806157706,2020-10-16
2420.34024541623,11794.1321771424,-10013.4724225587,2020-10-17
-4442.10523641906,11842.0080063464,-3480.90276992732,2020-10-18
-2380.77956464368,11889.8838355503,-3052.10427090663,2020-10-19
-2089.47329282349,11937.7596647542,-2991.28637193076,2020-10-20
-655.860523328672,11985.6354939582,-4758.77497062951,2020-10-21
646.954113934039,12033.5113231621,-5389.46543709615,2020-10-22
6500.92426783209,12081.387152366,-11775.3114201981,2020-10-23
2420.34024541623,12129.26298157,-9570.60322698621,2020-10-24
-4442.10523641906,12177.1388107739,-2056.03357435485,2020-10-25
-2380.77956464368,12225.0146399778,-3367.23507533416,2020-10-26
-2089.47329282349,12272.8904691818,-3410.41717635829,2020-10-27
-655.860523328672,12320.7662983857,2982.09422494296,2020-10-28
646.954113934039,12368.6421275896,-479.596241523685,2020-10-29
6500.92426783209,12416.5179567936,-4406.44222462567,2020-10-30
2420.34024541623,12464.3937859975,1764.26596858626,2020-10-31
-4442.10523641906,12512.2696152014,6388.83562121762,2020-11-01
-2380.77956464368,12560.1454444054,6443.6341202383,2020-11-02
-2089.47329282349,12608.0212736093,1916.45201921417,2020-11-03
-655.860523328672,12655.8971028132,-1934.03657948457,2020-11-04
646.954113934039,12703.7729320172,-1146.72704595122,2020-11-05
6500.92426783209,12751.6487612211,-5070.5730290532,2020-11-06
2420.34024541623,12799.524590425,2469.13516415873,2020-11-07
-4442.10523641906,12847.400419629,5946.70481679008,2020-11-08
-2380.77956464368,12895.2762488329,2728.50331581077,2020-11-09
-2089.47329282349,12943.1520780368,2260.32121478664,2020-11-10
-655.860523328672,12991.0279072408,-529.167383912105,2020-11-11
646.954113934039,13038.9037364447,376.14214962125,2020-11-12
6500.92426783209,13086.7795656486,-2449.70383348073,2020-11-13
2420.34024541623,13134.6553948526,6319.0043597312,2020-11-14
-4442.10523641906,13182.5312240565,5318.57401236255,2020-11-15
-2380.77956464368,13230.4070532604,2462.37251138324,2020-11-16
-2089.47329282349,13278.2828824644,3211.19041035911,2020-11-17
-655.860523328672,13345.7582300834,2620.10229324525,2020-11-18
646.954113934039,13413.2335777025,184.8123083635,2020-11-19
6500.92426783209,13480.7089253215,27.3668068464121,2020-11-20
2420.34024541623,13548.1842729405,7892.47548164323,2020-11-21
-4442.10523641906,13615.6596205596,6148.44561585948,2020-11-22
-2380.77956464368,13683.1349681786,2325.64459646506,2020-11-23
-2089.47329282349,13750.6103157977,5026.86297702582,2020-11-24
-655.860523328672,13818.0856634167,4205.77485991197,2020-11-25
646.954113934039,13885.5610110357,4162.48487503021,2020-11-26
6500.92426783209,13953.0363586548,4904.03937351312,2020-11-27
2420.34024541623,14020.5117062738,10923.1480483099,2020-11-28
-4442.10523641906,14087.9870538929,9750.11818252619,2020-11-29
-2380.77956464368,14155.4624015119,6593.31716313177,2020-11-30
-2089.47329282349,14222.937749131,4184.53554369253,2020-12-01
-655.860523328672,14290.41309675,5655.44742657868,2020-12-02
646.954113934039,14357.888444369,5550.15744169692,2020-12-03
6500.92426783209,14425.3637919881,6257.71194017983,2020-12-04
2420.34024541623,14492.8391396071,10637.8206149767,2020-12-05
-4442.10523641906,14560.3144872262,11906.7907491929,2020-12-06
-2380.77956464368,14627.7898348452,4845.98972979848,2020-12-07
-2089.47329282349,14695.2651824642,7902.20811035924,2020-12-08
-655.860523328672,14762.7405300833,9885.11999324539,2020-12-09
646.954113934039,14830.2158777023,7950.83000836363,2020-12-10
6500.92426783209,14897.6912253214,8637.38450684654,2020-12-11
2420.34024541623,14965.1665729404,17418.4931816434,2020-12-12
-4442.10523641906,15032.6419205595,13276.4633158596,2020-12-13
-2380.77956464368,15100.1172681785,7862.66229646519,2020-12-14
-2089.47329282349,15167.5926157975,8019.88067702595,2020-12-15
-655.860523328672,15235.0679634166,11520.7925599121,2020-12-16
646.954113934039,15302.5433110356,10351.5025750303,2020-12-17
6500.92426783209,15370.0186586547,10527.0570735133,2020-12-18
2420.34024541623,15437.4940062737,17804.1657483101,2020-12-19
-4442.10523641906,15504.9693538927,19828.1358825263,2020-12-20
-2380.77956464368,15572.4447015118,15355.3348631319,2020-12-21
-2089.47329282349,15639.9200491308,11514.5532436927,2020-12-22
-655.860523328672,15707.3953967499,23339.4651265788,2020-12-23
646.954113934039,15774.8707443689,15722.1751416971,2020-12-24
6500.92426783209,15838.6546709759,-1678.57893880799,2020-12-25
2420.34024541623,15902.4385975829,15945.2211570009,2020-12-26
-4442.10523641906,15966.2225241899,7784.88271222918,2020-12-27
-2380.77956464368,16030.0064507969,10694.7731138468,2020-12-28
-2089.47329282349,16093.7903774039,12301.6829154196,2020-12-29
-655.860523328672,16157.5743040109,9512.28621931781,2020-12-30
646.954113934039,16221.3582306179,6133.6876554481,2020-12-31
6500.92426783209,16285.1421572249,-5562.06642505694,2021-01-01
2420.34024541623,16348.9260838318,-2382.26632924807,2021-01-02
-4442.10523641906,16412.7100104388,1437.39522598022,2021-01-03
-2380.77956464368,16476.4939370458,106.285627597852,2021-01-04
-2089.47329282349,16540.2778636528,480.195429170661,2021-01-05
-655.860523328672,16604.0617902598,1073.79873306886,2021-01-06
646.954113934039,16667.8457168668,434.20016919915,2021-01-07
6500.92426783209,16731.6296434738,-4335.55391130589,2021-01-08
2420.34024541623,16795.4135700808,331.246184502976,2021-01-09
-4442.10523641906,16859.1974966878,715.907739731272,2021-01-10
-2380.77956464368,16922.9814232948,-2648.2018586511,2021-01-11
-2089.47329282349,16986.7653499018,2943.70794292171,2021-01-12
-655.860523328672,17050.5492765088,295.311246819903,2021-01-13
646.954113934039,17114.3332031158,1186.7126829502,2021-01-14
6500.92426783209,17178.1171297228,-4012.04139755484,2021-01-15
2420.34024541623,17241.9010563297,2955.75869825402,2021-01-16
-4442.10523641906,17305.6849829367,6503.42025348232,2021-01-17
-2380.77956464368,17369.4689095437,3297.31065509995,2021-01-18
-2089.47329282349,17433.2528361507,3633.22045667276,2021-01-19
-655.860523328672,17497.0367627577,4083.82376057095,2021-01-20
646.954113934039,17560.8206893647,1178.22519670125,2021-01-21
6500.92426783209,17624.6046159717,-816.528883803792,2021-01-22
2420.34024541623,17688.3885425787,2230.27121200507,2021-01-23
-4442.10523641906,17752.1724691857,976.932767233371,2021-01-24
-2380.77956464368,17815.9563957927,-47.1768311490014,2021-01-25
-2089.47329282349,17879.7403223997,3857.73297042381,2021-01-26
-655.860523328672,17943.5242490067,2981.336274322,2021-01-27
646.954113934039,18007.3081756137,329.737710452297,2021-01-28
6500.92426783209,18071.0921022207,-8210.01637005274,2021-01-29
2420.34024541623,18134.8760288276,2430.78372575612,2021-01-30
-4442.10523641906,18167.8433333489,4267.26190307013,2021-01-31
-2380.77956464368,18200.8106378702,504.968926773472,2021-02-01
-2089.47329282349,18233.7779423915,1901.695350432,2021-02-02
-655.860523328672,18266.7452469128,1419.11527641591,2021-02-03
646.954113934039,18299.712551434,-1668.66666536809,2021-02-04
6500.92426783209,18332.6798559553,-6687.60412378742,2021-02-05
2420.34024541623,18365.6471604766,4213.01259410716,2021-02-06
-4442.10523641906,18398.6144649979,4054.49077142118,2021-02-07
-2380.77956464368,18431.5817695192,202.197795124517,2021-02-08
-2089.47329282349,18464.5490740404,1218.92421878304,2021-02-09
-655.860523328672,18497.5163785617,-173.655855233053,2021-02-10
646.954113934039,18530.483683083,-1173.43779701705,2021-02-11
6500.92426783209,18563.4509876043,-4220.37525543637,2021-02-12
2420.34024541623,18596.4182921256,-17433.7585375418,2021-02-13
-4442.10523641906,18629.3855966468,-10263.2803602278,2021-02-14
-2380.77956464368,18662.3529011681,-12037.5733365244,2021-02-15
-2089.47329282349,18695.3202056894,-12515.8469128659,2021-02-16
-655.860523328672,18728.2875102107,-13677.426986882,2021-02-17
646.954113934039,18761.254814732,-4023.208928666,2021-02-18
6500.92426783209,18794.2221192532,-7112.14638708533,2021-02-19
2420.34024541623,18827.1894237745,3321.47033080925,2021-02-20
-4442.10523641906,18860.1567282958,4054.94850812326,2021-02-21
-2380.77956464368,18893.1240328171,-610.3444681734,2021-02-22
-2089.47329282349,18926.0913373384,-208.618044514875,2021-02-23
-655.860523328672,18959.0586418596,-400.198118530967,2021-02-24
646.954113934039,18992.0259463809,-965.98006031496,2021-02-25
6500.92426783209,19024.9932509022,-3145.91751873429,2021-02-26
2420.34024541623,19057.9605554235,4176.69919916029,2021-02-27
-4442.10523641906,19090.9278599448,5585.1773764743,2021-02-28
-2380.77956464368,19123.895164466,-852.115599822355,2021-03-01
-2089.47329282349,19156.8624689873,-452.389176163833,2021-03-02
-655.860523328672,19189.8297735086,-77.9692501799254,2021-03-03
646.954113934039,19222.7970780299,-699.751191963918,2021-03-04
6500.92426783209,19255.7643825512,-1918.68865038325,2021-03-05
2420.34024541623,19288.7316870724,9434.92806751134,2021-03-06
-4442.10523641906,19321.6989915937,13613.4062448253,2021-03-07
-2380.77956464368,19354.666296115,1884.11326852869,2021-03-08
-2089.47329282349,19346.3891719852,-429.915879161679,2021-03-09
-655.860523328672,19338.1120478553,65.7484754733414,2021-03-10
646.954113934039,19329.8349237255,-1014.78903765954,2021-03-11
6500.92426783209,19321.5577995957,-2327.48206742776,2021-03-12
2420.34024541623,19313.2806754658,-1289.62092088207,2021-03-13
-4442.10523641906,19305.003551336,5070.10168508306,2021-03-14
-2380.77956464368,19296.7264272062,947.05313743751,2021-03-15
-2089.47329282349,19288.4493030763,490.02398974714,2021-03-16
-655.860523328672,19280.1721789465,652.688344382161,2021-03-17
646.954113934039,19271.8950548167,293.150831249281,2021-03-18
6500.92426783209,19263.6179306868,187.457801481065,2021-03-19
2420.34024541623,19255.340806557,6464.31894802676,2021-03-20
-4442.10523641906,19247.0636824272,4382.04155399188,2021-03-21
-2380.77956464368,19238.7865582974,726.993006346329,2021-03-22
-2089.47329282349,19230.5094341675,1601.96385865596,2021-03-23
-655.860523328672,19222.2323100377,1387.62821329098,2021-03-24
646.954113934039,19213.9551859079,1274.0907001581,2021-03-25
6500.92426783209,19205.678061778,-39.6023296101121,2021-03-26
2420.34024541623,19197.4009376482,5617.25881693558,2021-03-27
-4442.10523641906,19189.1238135184,6025.9814229007,2021-03-28
-2380.77956464368,19180.8466893885,1129.93287525515,2021-03-29
-2089.47329282349,19172.5695652587,3974.90372756479,2021-03-30
-655.860523328672,19164.2924411289,2787.56808219981,2021-03-31
646.954113934039,19156.015316999,5407.03056906692,2021-04-01
6500.92426783209,19147.7381928692,-5716.66246070129,2021-04-02
2420.34024541623,19139.4610687394,7040.1986858444,2021-04-03
-4442.10523641906,19131.1839446095,9154.92129180952,2021-04-04
-2380.77956464368,19122.9068204797,6027.87274416397,2021-04-05
-2089.47329282349,19114.6296963499,9027.84359647361,2021-04-06
-655.860523328672,19106.35257222,9248.50795110863,2021-04-07
646.954113934039,19098.0754480902,6753.97043797575,2021-04-08
6500.92426783209,19089.7983239604,4681.27740820753,2021-04-09
2420.34024541623,19081.5211998305,8913.13855475322,2021-04-10
-4442.10523641906,19073.2440757007,6393.86116071834,2021-04-11
-2380.77956464368,19064.9669515709,7542.81261307279,2021-04-12
-2089.47329282349,19056.6898274411,8879.78346538243,2021-04-13
-655.860523328672,19048.4127033112,8834.44782001745,2021-04-14
646.954113934039,19008.1692021832,9105.87668388274,2021-04-15
6500.92426783209,18967.9257010552,8191.15003111269,2021-04-16
2420.34024541623,18927.6821999272,12218.9775546566,2021-04-17
-4442.10523641906,18887.4386987992,11025.6665376199,2021-04-18
-2380.77956464368,18847.1951976712,3949.58436697248,2021-04-19
-2089.47329282349,18806.9516965432,-705.478403719717,2021-04-20
-655.860523328672,18766.7081954152,2181.15232791348,2021-04-21
646.954113934039,18726.4646942872,2435.58119177877,2021-04-22
6500.92426783209,18686.2211931592,1485.85453900872,2021-04-23
2420.34024541623,18645.9776920312,6016.68206255259,2021-04-24
-4442.10523641906,18605.7341909032,8312.37104551588,2021-04-25
-2380.77956464368,18565.4906897752,1931.28887486851,2021-04-26
-2089.47329282349,18525.2471886472,2389.22610417631,2021-04-27
-655.860523328672,18485.0036875192,2780.8568358095,2021-04-28
646.954113934039,18444.7601863912,3333.28569967479,2021-04-29
6500.92426783209,18404.5166852632,2931.55904690475,2021-04-30
2420.34024541623,18364.2731841352,10403.3865704486,2021-05-01
-4442.10523641906,18324.0296830072,8901.07555341191,2021-05-02
-2380.77956464368,18283.7861818791,1833.99338276453,2021-05-03
-2089.47329282349,18243.5426807511,2074.93061207234,2021-05-04
-655.860523328672,18203.2991796231,3525.56134370553,2021-05-05
646.954113934039,18163.0556784951,2922.99020757082,2021-05-06
6500.92426783209,18122.8121773671,3402.26355480078,2021-05-07
2420.34024541623,18082.5686762391,9083.09107834464,2021-05-08
-4442.10523641906,18042.3251751111,7930.78006130793,2021-05-09
-2380.77956464368,18002.0816739831,1289.69789066056,2021-05-10
-2089.47329282349,17961.8381728551,2223.63511996837,2021-05-11
-655.860523328672,17921.5946717271,3416.26585160156,2021-05-12
646.954113934039,17881.3511705991,1860.69471546685,2021-05-13
6500.92426783209,17841.1076694711,4059.9680626968,2021-05-14
2420.34024541623,17800.8641683431,9852.79558624067,2021-05-15
-4442.10523641906,17760.6206672151,7367.48456920396,2021-05-16
-2380.77956464368,17720.3771660871,2502.40239855659,2021-05-17
-2089.47329282349,17680.1336649591,3663.33962786439,2021-05-18
-655.860523328672,17639.8901638311,4190.97035949759,2021-05-19
646.954113934039,17599.6466627031,3404.39922336288,2021-05-20
6500.92426783209,17559.4031615751,3662.67257059283,2021-05-21
2420.34024541623,17516.6836089912,10976.9761455925,2021-05-22
-4442.10523641906,17473.9640564074,9844.14118001167,2021-05-23
-2380.77956464368,17431.2445038235,3018.53506082013,2021-05-24
-2089.47329282349,17388.5249512397,1620.94834158377,2021-05-25
-655.860523328672,17345.8053986559,204.055124672806,2021-05-26
646.954113934039,17303.085846072,-2996.03996000606,2021-05-27
6500.92426783209,17260.3662934882,-19641.2905613203,2021-05-28
2420.34024541623,17217.6467409043,-15881.9869863206,2021-05-29
-4442.10523641906,17174.9271883205,-8679.82195190143,2021-05-30
-2380.77956464368,17132.2076357367,-10160.428071093,2021-05-31
-2089.47329282349,17089.4880831528,-10448.0147903293,2021-06-01
-655.860523328672,17046.768530569,-11190.9080072403,2021-06-02
646.954113934039,17004.0489779851,-12465.0030919192,2021-06-03
6500.92426783209,16961.3294254013,-18324.2536932334,2021-06-04
2420.34024541623,16918.6098728174,-14475.9501182337,2021-06-05
-4442.10523641906,16875.8903202336,-8046.78508381454,2021-06-06
-2380.77956464368,16833.1707676498,-9519.39120300607,2021-06-07
-2089.47329282349,16790.4512150659,-10101.9779222424,2021-06-08
-655.860523328672,16747.7316624821,-12342.8711391534,2021-06-09
646.954113934039,16705.0121098982,-12312.9662238323,2021-06-10
6500.92426783209,16662.2925573144,-7437.21682514647,2021-06-11
2420.34024541623,16619.5730047305,708.086749853232,2021-06-12
-4442.10523641906,16576.8534521467,6044.25178427236,2021-06-13
-2380.77956464368,16534.1338995629,-212.354334919171,2021-06-14
-2089.47329282349,16491.414346979,-1399.94105415553,2021-06-15
-655.860523328672,16448.6947943952,-1990.83427106649,2021-06-16
646.954113934039,16405.9752418113,-2901.92935574536,2021-06-17
6500.92426783209,16363.2556892275,-5491.17995705957,2021-06-18
2420.34024541623,16320.5361366436,4075.12361794013,2021-06-19
-4442.10523641906,16277.8165840598,4809.28865235926,2021-06-20
-2380.77956464368,16235.097031476,1407.68253316773,2021-06-21
-2089.47329282349,16192.3774788921,2026.09581393137,2021-06-22
-655.860523328672,16149.6579263083,1007.2025970204,2021-06-23
646.954113934039,16106.9383737244,1726.10751234153,2021-06-24
6500.92426783209,16064.2188211406,-2387.14308897267,2021-06-25
2420.34024541623,16021.4992685567,6365.16048602703,2021-06-26
-4442.10523641906,15978.7797159729,10201.3255204462,2021-06-27
-2380.77956464368,15947.9535694617,8160.82599518196,2021-06-28
-2089.47329282349,15917.1274229506,9733.34586987293,2021-06-29
-655.860523328672,15886.3012764394,9341.5592468893,2021-06-30
646.954113934039,15855.4751299282,9091.57075613776,2021-07-01
6500.92426783209,15824.648983417,4395.42674875088,2021-07-02
2420.34024541623,15793.8228369059,9706.83691767792,2021-07-03
-4442.10523641906,15762.9966903947,9399.10854602438,2021-07-04
-2380.77956464368,15732.1705438835,8716.60902076018,2021-07-05
-2089.47329282349,15701.3443973723,10352.1288954512,2021-07-06
-655.860523328672,15670.5182508612,10641.3422724675,2021-07-07
646.954113934039,15639.69210435,10267.353781716,2021-07-08
6500.92426783209,15608.8659578388,10066.2097743291,2021-07-09
2420.34024541623,15578.0398113276,12332.6199432561,2021-07-10
-4442.10523641906,15547.2136648165,11200.8915716026,2021-07-11
-2380.77956464368,15516.3875183053,4718.39204633839,2021-07-12
-2089.47329282349,15485.5613717941,4865.91192102937,2021-07-13
-655.860523328672,15454.7352252829,3646.12529804573,2021-07-14
646.954113934039,15423.9090787718,2871.13680729419,2021-07-15
6500.92426783209,15393.0829322606,-17210.0072000927,2021-07-16
2420.34024541623,15362.2567857494,-14339.5970311656,2021-07-17
-4442.10523641906,15331.4306392382,-6725.32540281919,2021-07-18
-2380.77956464368,15300.6044927271,-8206.82492808339,2021-07-19
-2089.47329282349,15269.7783462159,-9326.30505339241,2021-07-20
-655.860523328672,15238.9521997047,-9428.09167637605,2021-07-21
646.954113934039,15208.1260531936,-10612.0801671276,2021-07-22
6500.92426783209,15177.2999066824,-16164.2241745145,2021-07-23
2420.34024541623,15146.4737601712,-11136.8140055874,2021-07-24
-4442.10523641906,15115.64761366,-6339.54237724097,2021-07-25
-2380.77956464368,15084.8214671489,-7482.04190250518,2021-07-26
-2089.47329282349,15053.9953206377,-7564.5220278142,2021-07-27
-655.860523328672,15023.1691741265,-1321.30865079784,2021-07-28
646.954113934039,14992.3430276153,-704.297141549376,2021-07-29
6500.92426783209,14961.5168811042,-3258.44114893625,2021-07-30
2420.34024541623,14930.690734593,3828.96901999078,2021-07-31
-4442.10523641906,14899.8645880818,6517.24064833725,2021-08-01
-2380.77956464368,14869.0384415706,1768.74112307304,2021-08-02
-2089.47329282349,14838.2122950595,1313.26099776402,2021-08-03
-655.860523328672,14823.5818045308,822.278718797896,2021-08-04
646.954113934039,14808.9513140021,1049.09457206387,2021-08-05
6500.92426783209,14794.3208234734,-16476.2450913055,2021-08-06
2420.34024541623,14779.6903329447,-12591.0305783609,2021-08-07
-4442.10523641906,14765.059842416,-5686.95460599696,2021-08-08
-2380.77956464368,14750.4293518873,-7019.64978724364,2021-08-09
-2089.47329282349,14735.7988613586,-7226.32556853515,2021-08-10
-655.860523328672,14721.1683708299,-8148.30784750127,2021-08-11
646.954113934039,14706.5378803013,-9709.4919942353,2021-08-12
6500.92426783209,14691.9073897726,-14778.8316576047,2021-08-13
2420.34024541623,14677.2768992439,-11041.6171446601,2021-08-14
-4442.10523641906,14662.6464087152,-5103.54117229613,2021-08-15
-2380.77956464368,14648.0159181865,-7052.23635354281,2021-08-16
-2089.47329282349,14633.3854276578,-7745.91213483432,2021-08-17
-655.860523328672,14618.7549371291,-8857.89441380044,2021-08-18
646.954113934039,14604.1244466004,-9959.07856053446,2021-08-19
6500.92426783209,14589.4939560717,-15842.4182239038,2021-08-20
2420.34024541623,14574.863465543,-11555.2037109593,2021-08-21
-4442.10523641906,14560.2329750144,-5185.1277385953,2021-08-22
-2380.77956464368,14545.6024844857,-7667.82291984198,2021-08-23
-2089.47329282349,14530.971993957,-7499.49870113349,2021-08-24
-655.860523328672,14516.3415034283,-8565.48098009961,2021-08-25
646.954113934039,14501.7110128996,-9839.66512683364,2021-08-26
6500.92426783209,14487.0805223709,-15418.004790203,2021-08-27
2420.34024541623,14472.4500318422,-11044.7902772584,2021-08-28
-4442.10523641906,14457.8195413135,-6253.71430489447,2021-08-29
-2380.77956464368,14443.1890507848,-6485.40948614115,2021-08-30
-2089.47329282349,14428.5585602561,-6876.08526743266,2021-08-31
-655.860523328672,14413.9280697275,-7386.06754639878,2021-09-01
646.954113934039,14399.2975791988,-8640.2516931328,2021-09-02
6500.92426783209,14384.6670886701,-16413.5913565022,2021-09-03
2420.34024541623,14370.0365981414,-11471.3768435576,2021-09-04
-4442.10523641906,14355.4061076127,-5331.30087119363,2021-09-05
-2380.77956464368,14340.775617084,-6119.99605244032,2021-09-06
-2089.47329282349,14326.1451265553,-6455.67183373183,2021-09-07
-655.860523328672,14311.5146360266,-7144.65411269795,2021-09-08
646.954113934039,14296.8841454979,-8783.83825943197,2021-09-09
6500.92426783209,14299.5532234058,-14268.4774912379,2021-09-10
2420.34024541623,14302.2223013136,-11013.5625467299,2021-09-11
-4442.10523641906,14304.8913792215,-5456.78614280243,2021-09-12
-2380.77956464368,14307.5604571293,-6176.78089248565,2021-09-13
-2089.47329282349,14310.2295350372,-6223.7562422137,2021-09-14
-655.860523328672,14312.898612945,-7345.03808961637,2021-09-15
646.954113934039,14315.5676908529,-8799.52180478693,2021-09-16
6500.92426783209,14318.2367687607,-14486.1610365928,2021-09-17
2420.34024541623,14320.9058466686,-12521.2460920848,2021-09-18
-4442.10523641906,14323.5749245764,-4423.46968815738,2021-09-19
-2380.77956464368,14326.2440024843,-6741.46443784061,2021-09-20
-2089.47329282349,14328.9130803921,-5845.43978756866,2021-09-21
-655.860523328672,14331.5821583,-6457.72163497132,2021-09-22
646.954113934039,14334.2512362078,-8524.20535014188,2021-09-23
6500.92426783209,14336.9203141157,-15577.8445819478,2021-09-24
2420.34024541623,14339.5893920235,-11813.9296374398,2021-09-25
-4442.10523641906,14342.2584699314,-4466.15323351234,2021-09-26
-2380.77956464368,14344.9275478392,-5345.14798319556,2021-09-27
-2089.47329282349,14347.5966257471,-5605.12333292361,2021-09-28
-655.860523328672,14350.2657036549,-7567.40518032628,2021-09-29
646.954113934039,14352.9347815628,-10022.8888954968,2021-09-30
6500.92426783209,14355.6038594706,-14107.5281273027,2021-10-01
2420.34024541623,14358.2729373785,-10212.6131827947,2021-10-02
-4442.10523641906,14360.9420152864,-4826.83677886729,2021-10-03
-2380.77956464368,14363.6110931942,-5929.83152855052,2021-10-04
-2089.47329282349,14366.2801711021,-5744.80687827857,2021-10-05
-655.860523328672,14368.9492490099,-6909.08872568123,2021-10-06
646.954113934039,14371.6183269178,-8698.57244085179,2021-10-07
6500.92426783209,14374.2874048256,-14173.2116726577,2021-10-08
2420.34024541623,14376.9564827335,-10486.2967281497,2021-10-09
-4442.10523641906,14379.6255606413,-3912.52032422225,2021-10-10
-2380.77956464368,14382.2946385492,-5763.51507390547,2021-10-11
-2089.47329282349,14384.963716457,-5272.49042363352,2021-10-12
-655.860523328672,14387.6327943649,-7686.77227103618,2021-10-13
646.954113934039,14390.3018722727,-8525.25598620675,2021-10-14
6500.92426783209,14392.9709501806,-15318.8952180126,2021-10-15
2420.34024541623,14395.6400280884,-11048.9802735046,2021-10-16
-4442.10523641906,14422.1947761787,-3567.08953975959,2021-10-17
-2380.77956464368,14448.7495242689,-5804.96995962521,2021-10-18
-2089.47329282349,14475.3042723591,-6164.83097953565,2021-10-19
-655.860523328672,14501.8590204494,-6721.99849712071,2021-10-20
646.954113934039,14528.4137685396,-8185.36788247366,2021-10-21
6500.92426783209,14554.9685166299,-7018.89278446195,2021-10-22
2420.34024541623,14581.5232647201,-3352.86351013633,2021-10-23
-4442.10523641906,14608.0780128103,1842.02722360871,2021-10-24
-2380.77956464368,14634.6327609006,-1961.85319625691,2021-10-25
-2089.47329282349,14661.1875089908,-1378.71421616735,2021-10-26
-655.860523328672,14687.7422570811,-2114.8817337524,2021-10-27
646.954113934039,14714.2970051713,-5314.25111910536,2021-10-28
6500.92426783209,14740.8517532616,-6599.77602109365,2021-10-29
2420.34024541623,14767.4065013518,7533.25325323197,2021-10-30
-4442.10523641906,14793.961249442,11053.143986977,2021-10-31
-2380.77956464368,14820.5159975323,8089.2635671114,2021-11-01
-2089.47329282349,14847.0707456225,3980.40254720096,2021-11-02
-655.860523328672,14873.6254937128,-2058.7649703841,2021-11-03
646.954113934039,14900.180241803,687.865644262947,2021-11-04
6500.92426783209,14926.7349898933,-419.659257725343,2021-11-05
2420.34024541623,14953.2897379835,9372.37001660027,2021-11-06
-4442.10523641906,14979.8444860737,8145.26075034532,2021-11-07
-2380.77956464368,15006.399234164,3511.3803304797,2021-11-08
-2089.47329282349,15032.9539822542,4774.51931056926,2021-11-09
-655.860523328672,15059.5087303445,1386.35179298421,2021-11-10
646.954113934039,15086.0634784347,3035.98240763125,2021-11-11
6500.92426783209,15112.618226525,-2685.54249435704,2021-11-12
2420.34024541623,15139.1729746152,10634.4867799686,2021-11-13
-4442.10523641906,15165.7277227054,8946.37751371363,2021-11-14
-2380.77956464368,15192.2824707957,3554.49709384801,2021-11-15
-2089.47329282349,15218.8372188859,5872.63607393757,2021-11-16
-655.860523328672,15245.3919669762,6929.46855635251,2021-11-17
646.954113934039,15271.9467150664,5482.09917099956,2021-11-18
6500.92426783209,15298.5014631566,4897.57426901127,2021-11-19
2420.34024541623,15325.0562112469,19060.6035433369,2021-11-20
-4442.10523641906,15351.6109593371,14791.4942770819,2021-11-21
-2380.77956464368,15378.1657074274,5763.61385721631,2021-11-22
-2089.47329282349,15399.3098168787,7509.16347594481,2021-11-23
-655.860523328672,15420.45392633,6409.4065969987,2021-11-24
646.954113934039,15441.5980357813,5565.44785028468,2021-11-25
6500.92426783209,15462.7421452326,9485.33358693533,2021-11-26
2420.34024541623,15483.8862546839,21877.7734998999,2021-11-27
-4442.10523641906,15505.0303641352,17602.0748722839,2021-11-28
-2380.77956464368,15526.1744735865,8316.6050910572,2021-11-29
-2089.47329282349,15547.3185830378,7945.1547097857,2021-11-30
-655.860523328672,15568.4626924891,4811.39783083958,2021-12-01
646.954113934039,15589.6068019404,3977.43908412557,2021-12-02
6500.92426783209,15610.7509113917,7981.32482077622,2021-12-03
2420.34024541623,15631.895020843,18246.7647337408,2021-12-04
-4442.10523641906,15653.0391302943,18467.0661061248,2021-12-05
-2380.77956464368,15674.1832397456,10498.5963248981,2021-12-06
-2089.47329282349,15695.3273491969,9848.14594362658,2021-12-07
-655.860523328672,15716.4714586482,13107.3890646805,2021-12-08
646.954113934039,15737.6155680995,11500.4303179665,2021-12-09
6500.92426783209,15758.7596775508,12835.3160546171,2021-12-10
2420.34024541623,15779.9037870021,19080.7559675817,2021-12-11
-4442.10523641906,15801.0478964534,23989.0573399657,2021-12-12
-2380.77956464368,15822.1920059047,10430.587558739,2021-12-13
-2089.47329282349,15843.336115356,14074.1371774675,2021-12-14
-655.860523328672,15864.4802248073,14180.3802985214,2021-12-15
646.954113934039,15885.6243342586,16184.4215518073,2021-12-16
6500.92426783209,15906.7684437099,13420.307288458,2021-12-17
2420.34024541623,15927.9125531612,20354.7472014226,2021-12-18
-4442.10523641906,15949.0566626125,17140.0485738065,2021-12-19
-2380.77956464368,15970.2007720638,18805.5787925799,2021-12-20
-2089.47329282349,15991.3448815151,20092.1284113084,2021-12-21
-655.860523328672,16012.4889909664,20166.3715323622,2021-12-22
646.954113934039,16033.6331004177,20351.4127856482,2021-12-23
6500.92426783209,16054.777209869,9563.29852229888,2021-12-24
2420.34024541623,16075.9213193203,-290.261564736558,2021-12-25
-4442.10523641906,16097.0654287716,20210.0398076474,2021-12-26
-2380.77956464368,16118.2095382229,13223.5700264207,2021-12-27
-2089.47329282349,16139.3536476742,14222.1196451492,2021-12-28
-655.860523328672,16160.4977571255,10975.3627662031,2021-12-29
646.954113934039,16112.601899117,5801.44398694893,2021-12-30
6500.92426783209,16064.7060411085,-1070.6303089406,2021-12-31
2420.34024541623,16016.8101831,-540.150428516235,2022-01-01
-4442.10523641906,15968.9143250915,6715.19091132757,2022-01-02
-2380.77956464368,15921.018467083,6114.76109756069,2022-01-03
-2089.47329282349,15873.1226090745,5165.35068374901,2022-01-04
-655.860523328672,15825.226751066,2101.6337722627,2022-01-05
646.954113934039,15777.3308930575,-560.285006991498,2022-01-06
6500.92426783209,15729.4350350489,-5986.35930288104,2022-01-07
2420.34024541623,15681.5391770404,-399.879422456666,2022-01-08
-4442.10523641906,15633.6433190319,3269.46191738713,2022-01-09
-2380.77956464368,15585.7474610234,991.032103620264,2022-01-10
-2089.47329282349,15537.8516030149,478.621689808575,2022-01-11
-655.860523328672,15489.9557450064,-82.0952216777277,2022-01-12
646.954113934039,15442.0598869979,-2097.01400093193,2022-01-13
6500.92426783209,15394.1640289894,-5748.08829682147,2022-01-14
2420.34024541623,15346.2681709809,2888.3915836029,2022-01-15
-4442.10523641906,15298.3723129724,5261.7329234467,2022-01-16
-2380.77956464368,15250.4764549639,3217.30310967983,2022-01-17
-2089.47329282349,15202.5805969553,3702.89269586814,2022-01-18
-655.860523328672,15154.6847389468,3377.17578438184,2022-01-19
646.954113934039,15106.7888809383,2619.25700512764,2022-01-20
6500.92426783209,15058.8930229298,-963.817290761899,2022-01-21
2420.34024541623,15010.9971649213,4812.66258966247,2022-01-22
-4442.10523641906,14963.1013069128,6749.00392950627,2022-01-23
-2380.77956464368,14915.2054489043,3142.5741157394,2022-01-24
-2089.47329282349,14867.3095908958,4819.16370192771,2022-01-25
-655.860523328672,14819.4137328873,1529.44679044141,2022-01-26
646.954113934039,14771.5178748788,2873.52801118721,2022-01-27
6500.92426783209,14723.6220168702,-4824.54628470233,2022-01-28
2420.34024541623,14675.7261588617,7717.93359572204,2022-01-29
-4442.10523641906,14627.8303008532,8334.27493556584,2022-01-30
-2380.77956464368,14579.9344428447,3455.84512179897,2022-01-31
-2089.47329282349,14532.0385848362,3847.43470798728,2022-02-01
-655.860523328672,14484.1427268277,2190.71779650098,2022-02-02
646.954113934039,14436.2468688192,1543.79901724678,2022-02-03
6500.92426783209,14388.3510108107,-644.275278642763,2022-02-04
2420.34024541623,14322.6460952041,7935.01365937969,2022-02-05
-4442.10523641906,14256.9411795975,9065.16405682157,2022-02-06
-2380.77956464368,14191.2362639909,4201.54330065278,2022-02-07
-2089.47329282349,14125.5313483843,3994.94194443917,2022-02-08
-655.860523328672,14059.8264327777,3913.03409055095,2022-02-09
646.954113934039,13994.1215171711,4498.92436889482,2022-02-10
6500.92426783209,13928.4166015645,2063.65913060337,2022-02-11
2420.34024541623,13862.711685958,10994.9480686258,2022-02-12
-4442.10523641906,13797.0067703514,9422.09846606769,2022-02-13
-2380.77956464368,13731.3018547448,7579.47770989891,2022-02-14
-2089.47329282349,13665.5969391382,6329.8763536853,2022-02-15
-655.860523328672,13599.8920235316,5487.96849979708,2022-02-16
646.954113934039,13534.187107925,5206.85877814095,2022-02-17
6500.92426783209,13468.4821923184,4636.59353984949,2022-02-18
2420.34024541623,13402.7772767118,13310.8824778719,2022-02-19
-4442.10523641906,13337.0723611052,12388.0328753138,2022-02-20
-2380.77956464368,13271.3674454986,6855.41211914503,2022-02-21
-2089.47329282349,13205.6625298921,8167.81076293143,2022-02-22
-655.860523328672,13139.9576142855,6684.9029090432,2022-02-23
646.954113934039,13074.2526986789,6659.79318738708,2022-02-24
6500.92426783209,13008.5477830723,6775.52794909562,2022-02-25
2420.34024541623,12942.8428674657,16114.8168871181,2022-02-26
-4442.10523641906,12877.1379518591,13045.96728456,2022-02-27
-2380.77956464368,12811.4330362525,8126.34652839116,2022-02-28
-2089.47329282349,12745.7281206459,7897.74517217755,2022-03-01
-655.860523328672,12680.0232050393,8264.83731828933,2022-03-02
646.954113934039,12614.3182894327,8343.72759663321,2022-03-03
6500.92426783209,12548.6133738262,5587.46235834175,2022-03-04
2420.34024541623,12482.9084582196,13043.7512963642,2022-03-05
-4442.10523641906,12417.203542613,13876.9016938061,2022-03-06
-2380.77956464368,12351.4986270064,9649.28093763729,2022-03-07
-2089.47329282349,12285.7937113998,12267.6795814237,2022-03-08
-655.860523328672,12220.0887957932,10359.7717275355,2022-03-09
646.954113934039,12154.3838801866,10298.6620058793,2022-03-10
6500.92426783209,12088.67896458,11041.3967675879,2022-03-11
2420.34024541623,12022.9740489734,30603.6857056103,2022-03-12
-4442.10523641906,11957.2691333669,33156.8361030522,2022-03-13
-2380.77956464368,11878.0984251374,23641.6811395063,2022-03-14
-2089.47329282349,11798.9277169079,12333.5455759156,2022-03-15
-655.860523328672,11719.7570086784,12827.1035146503,2022-03-16
646.954113934039,11640.5863004489,13861.459585617,2022-03-17
6500.92426783209,11561.4155922194,11585.6601399485,2022-03-18
2420.34024541623,11482.2448839899,22175.4148705938,2022-03-19
-4442.10523641906,11403.0741757605,20704.0310606586,2022-03-20
-2380.77956464368,11323.903467531,12806.8760971127,2022-03-21
-2089.47329282349,11244.7327593015,12353.740533522,2022-03-22
-655.860523328672,11165.562051072,13917.2984722567,2022-03-23
646.954113934039,11086.3913428425,14344.6545432234,2022-03-24
6500.92426783209,11007.220634613,13631.8550975549,2022-03-25
2420.34024541623,10928.0499263836,25577.6098282002,2022-03-26
-4442.10523641906,10848.8792181541,19988.226018265,2022-03-27
-2380.77956464368,10769.7085099246,14213.0710547191,2022-03-28
-2089.47329282349,10690.5378016951,14940.9354911284,2022-03-29
-655.860523328672,10611.3670934656,14969.4934298631,2022-03-30
646.954113934039,10532.1963852361,17603.8495008298,2022-03-31
6500.92426783209,10453.0256770067,17500.0500551613,2022-04-01
2420.34024541623,10373.8549687772,26491.8047858066,2022-04-02
-4442.10523641906,10294.6842605477,24346.4209758714,2022-04-03
-2380.77956464368,10215.5135523182,15752.2660123255,2022-04-04
-2089.47329282349,10136.3428440887,19920.1304487348,2022-04-05
-655.860523328672,10057.1721358592,20361.6883874694,2022-04-06
646.954113934039,9978.00142762975,22140.0444584362,2022-04-07
6500.92426783209,9898.83071940027,22986.2450127676,2022-04-08
2420.34024541623,9819.66001117078,37131.999743413,2022-04-09
-4442.10523641906,9740.4893029413,35549.6159334778,2022-04-10
-2380.77956464368,9661.31859471181,26980.4609699319,2022-04-11
-2089.47329282349,9582.14788648233,29238.3254063412,2022-04-12
-655.860523328672,9502.97717825284,28057.8833450758,2022-04-13
646.954113934039,9423.80647002336,29831.2394160426,2022-04-14
6500.92426783209,9344.63576179388,16506.439970374,2022-04-15
2420.34024541623,9265.46505356439,36331.1947010194,2022-04-16
-4442.10523641906,9186.29434533491,30493.8108910842,2022-04-17
-2380.77956464368,9107.12363710543,20824.6559275383,2022-04-18
-2089.47329282349,9027.95292887594,21844.5203639475,2022-04-19
-655.860523328672,8940.46455898845,27663.3959643402,2022-04-20
646.954113934039,8852.97618910096,27760.069696965,2022-04-21
6500.92426783209,8765.48781921347,26692.5879129544,2022-04-22
2420.34024541623,8677.99944932598,36676.6603052578,2022-04-23
-4442.10523641906,8590.51107943849,34103.5941569806,2022-04-24
-2380.77956464368,8503.022709551,23611.7568550927,2022-04-25
-2089.47329282349,8415.53433966351,17073.93895316,2022-04-26
-655.860523328672,8328.04596977602,15474.8145535527,2022-04-27
646.954113934039,8240.55759988853,17447.4882861774,2022-04-28
6500.92426783209,8153.06923000104,10988.0065021669,2022-04-29
2420.34024541623,8065.58086011355,23293.0788944702,2022-04-30
-4442.10523641906,7978.09249022606,-3535.987253807,2022-05-01
-2380.77956464368,7890.60412033857,-5509.82455569489,2022-05-02
-2089.47329282349,7803.11575045108,-5713.6424576276,2022-05-03
-655.860523328672,7715.62738056359,-7059.76685723492,2022-05-04
646.954113934039,7628.1390106761,-8275.09312461014,2022-05-05
6500.92426783209,7540.65064078861,-14041.5749086207,2022-05-06
2420.34024541623,7453.16227090112,-9873.50251631735,2022-05-07
-4442.10523641906,7365.67390101363,-2923.56866459457,2022-05-08
-2380.77956464368,7278.18553112614,-4897.40596648246,2022-05-09
-2089.47329282349,7190.69716123865,-5101.22386841517,2022-05-10
-655.860523328672,7103.20879135116,-6447.34826802249,2022-05-11
646.954113934039,7015.72042146367,-7662.67453539771,2022-05-12
6500.92426783209,6928.23205157618,-13429.1563194083,2022-05-13
2420.34024541623,6840.74368168869,-9261.08392710492,2022-05-14
-4442.10523641906,6753.2553118012,-2311.15007538214,2022-05-15
-2380.77956464368,6665.76694191371,-4284.98737727003,2022-05-16
-2089.47329282349,6578.27857202622,-4488.80527920274,2022-05-17
-655.860523328672,6490.79020213873,-5834.92967881006,2022-05-18
646.954113934039,6403.30183225124,-7050.25594618528,2022-05-19
6500.92426783209,6315.81346236375,-12816.7377301958,2022-05-20
2420.34024541623,6228.32509247626,-8648.66533789249,2022-05-21
-4442.10523641906,6140.83672258877,-1698.73148616971,2022-05-22
-2380.77956464368,6053.34835270128,-3672.5687880576,2022-05-23
-2089.47329282349,5965.85998281379,-3876.38668999031,2022-05-24
-655.860523328672,5878.3716129263,-5222.51108959763,2022-05-25
646.954113934039,5790.88324303881,-6437.83735697285,2022-05-26
6500.92426783209,5705.86053132509,-12206.7847991572,2022-05-27
2420.34024541623,5620.83781961137,-8041.1780650276,2022-05-28
-4442.10523641906,5535.81510789765,-1093.70987147859,2022-05-29
-2380.77956464368,5450.79239618393,-3070.01283154025,2022-05-30
-2089.47329282349,5365.76968447021,-3276.29639164672,2022-05-31
-655.860523328672,5280.74697275649,-4624.88644942782,2022-06-01
646.954113934039,5195.72426104277,-5842.67837497681,2022-06-02
6500.92426783209,5110.70154932905,-11611.6258171611,2022-06-03
2420.34024541623,5025.67883761533,-7446.01908303156,2022-06-04
-4442.10523641906,4940.65612590161,-498.550889482548,2022-06-05
-2380.77956464368,4855.63341418789,-2474.85384954421,2022-06-06
-2089.47329282349,4770.61070247417,-2681.13740965068,2022-06-07
-655.860523328672,4685.58799076045,-4029.72746743178,2022-06-08
646.954113934039,4600.56527904673,-5247.51939298077,2022-06-09
6500.92426783209,4515.54256733301,-11016.4668351651,2022-06-10
2420.34024541623,4430.51985561929,-6850.86010103551,2022-06-11
-4442.10523641906,4345.49714390557,96.6080925134938,2022-06-12
-2380.77956464368,4260.47443219185,-1879.69486754816,2022-06-13
-2089.47329282349,4175.45172047813,-2085.97842765464,2022-06-14
-655.860523328672,4090.42900876441,-3434.56848543573,2022-06-15
646.954113934039,4005.40629705069,-4652.36041098472,2022-06-16
6500.92426783209,3920.38358533696,-10421.3078531691,2022-06-17
2420.34024541623,3835.36087362324,-6255.70111903947,2022-06-18
-4442.10523641906,3750.33816190952,691.767074509536,2022-06-19
-2380.77956464368,3665.3154501958,-1284.53588555212,2022-06-20
-2089.47329282349,3580.29273848208,-1490.8194456586,2022-06-21
-655.860523328672,3495.27002676836,-2839.40950343969,2022-06-22
646.954113934039,3410.24731505464,-4057.20142898868,2022-06-23
6500.92426783209,3325.22460334092,-9826.14887117301,2022-06-24
2420.34024541623,3240.2018916272,-5660.54213704343,2022-06-25
-4442.10523641906,3155.17917991348,1286.92605650558,2022-06-26
-2380.77956464368,3070.15646819976,-689.37690355608,2022-06-27
-2089.47329282349,2985.13375648604,-895.660463662557,2022-06-28
-655.860523328672,2900.11104477232,-2244.25052144365,2022-06-29
646.954113934039,2815.0883330586,-3462.04244699264,2022-06-30
6500.92426783209,2730.06562134488,-9230.98988917697,2022-07-01
2420.34024541623,2645.04290963116,-5065.38315504739,2022-07-02
-4442.10523641906,2564.22344806778,1877.88178835128,2022-07-03
-2380.77956464368,2483.40398650441,-102.624421860724,2022-07-04
-2089.47329282349,2402.58452494103,-313.111232117544,2022-07-05
-655.860523328672,2321.76506337765,-1665.90454004898,2022-07-06
646.954113934039,2240.94560181428,-2887.89971574832,2022-07-07
6500.92426783209,2160.1261402509,-8661.05040808299,2022-07-08
2420.34024541623,2079.30667868752,-4499.64692410375,2022-07-09
-4442.10523641906,1998.48721712414,2443.61801929492,2022-07-10
-2380.77956464368,1917.66775556077,463.111809082914,2022-07-11
-2089.47329282349,1836.84829399739,252.624998826094,2022-07-12
-655.860523328672,1756.02883243401,-1100.16830910534,2022-07-13
646.954113934039,1675.20937087064,-2322.16348480468,2022-07-14
6500.92426783209,1594.38990930726,-8095.31417713935,2022-07-15
2420.34024541623,1513.57044774388,-3933.91069316011,2022-07-16
-4442.10523641906,1432.75098618051,3009.35425023855,2022-07-17
-2380.77956464368,1351.93152461713,1028.84804002655,2022-07-18
-2089.47329282349,1271.11206305375,818.361229769733,2022-07-19
-655.860523328672,1190.29260149038,-534.432078161704,2022-07-20
646.954113934039,1109.473139927,-1756.42725386104,2022-07-21
6500.92426783209,1028.65367836362,-7529.57794619571,2022-07-22
2420.34024541623,947.834216800245,-3368.17446221647,2022-07-23
-4442.10523641906,867.014755236868,3575.09048118219,2022-07-24
-2380.77956464368,786.195293673491,1594.58427097019,2022-07-25
-2089.47329282349,705.375832110115,1384.09746071337,2022-07-26
-655.860523328672,624.556370546738,31.3041527819346,2022-07-27
646.954113934039,543.736908983361,-1190.6910229174,2022-07-28
6500.92426783209,462.917447419984,-6963.84171525207,2022-07-29
2420.34024541623,382.097985856607,-2802.43823127283,2022-07-30
-4442.10523641906,301.27852429323,4140.82671212583,2022-07-31
-2380.77956464368,220.459062729853,2160.32050191383,2022-08-01
-2089.47329282349,139.639601166476,1949.83369165701,2022-08-02
-655.860523328672,58.8201396030991,597.040383725573,2022-08-03
646.954113934039,-21.9993219602779,-624.954791973761,2022-08-04
6500.92426783209,-102.818783523655,-6398.10548430843,2022-08-05
2420.34024541623,-183.638245087032,-2236.7020003292,2022-08-06
-4442.10523641906,-264.457706650408,4706.56294306947,2022-08-07
-2380.77956464368,-345.277168213786,2726.05673285747,2022-08-08
-2089.47329282349,-419.688532603647,2509.16182542713,2022-08-09
-655.860523328672,-494.099896993509,1149.96042032218,2022-08-10
646.954113934039,-568.51126138337,-78.4428525506692,2022-08-11
6500.92426783209,-642.922625773232,-5858.00164205886,2022-08-12
2420.34024541623,-717.333990163093,-1703.00625525314,2022-08-13
-4442.10523641906,-791.745354552955,5233.85059097201,2022-08-14
-2380.77956464368,-866.156718942816,3246.9362835865,2022-08-15
-2089.47329282349,-940.568083332678,3030.04137615616,2022-08-16
-655.860523328672,-1014.97944772254,1670.83997105121,2022-08-17
646.954113934039,-1089.3908121124,442.436698178361,2022-08-18
6500.92426783209,-1163.80217650226,-5337.12209132983,2022-08-19
2420.34024541623,-1238.21354089212,-1182.1267045241,2022-08-20
-4442.10523641906,-1312.62490528199,5754.73014170104,2022-08-21
-2380.77956464368,-1387.03626967185,3767.81583431553,2022-08-22
-2089.47329282349,-1461.44763406171,3550.92092688519,2022-08-23
-655.860523328672,-1535.85899845157,2191.71952178024,2022-08-24
646.954113934039,-1610.27036284143,963.316248907392,2022-08-25
6500.92426783209,-1684.68172723129,-4816.2425406008,2022-08-26
2420.34024541623,-1759.09309162115,-661.247153795074,2022-08-27
-4442.10523641906,-1833.50445601102,6275.60969243008,2022-08-28
-2380.77956464368,-1907.91582040088,4288.69538504456,2022-08-29
-2089.47329282349,-1982.32718479074,4071.80047761422,2022-08-30
-655.860523328672,-2056.7385491806,2712.59907250927,2022-08-31
646.954113934039,-2131.14991357046,1484.19579963642,2022-09-01
6500.92426783209,-2205.56127796032,-4295.36298987177,2022-09-02
2420.34024541623,-2279.97264235018,-140.367603066044,2022-09-03
-4442.10523641906,-2354.38400674005,6796.48924315911,2022-09-04
-2380.77956464368,-2428.79537112991,4809.57493577359,2022-09-05
-2089.47329282349,-2503.20673551977,4592.68002834325,2022-09-06
-655.860523328672,-2577.61809990963,3233.4786232383,2022-09-07
646.954113934039,-2652.02946429949,2005.07535036545,2022-09-08
6500.92426783209,-2726.44082868935,-3774.48343914274,2022-09-09
2420.34024541623,-2800.85219307921,380.511947662987,2022-09-10
-4442.10523641906,-2875.26355746908,7317.36879388814,2022-09-11
-2380.77956464368,-2949.67492185894,5330.45448650262,2022-09-12
-2089.47329282349,-3024.0862862488,5113.55957907229,2022-09-13
-655.860523328672,-3098.49765063866,3754.35817396733,2022-09-14
646.954113934039,-3166.18180690091,2519.22769296687,2022-09-15
6500.92426783209,-3233.86596316316,-3267.05830466893,2022-09-16
2420.34024541623,-3301.5501194254,881.209874009174,2022-09-17
-4442.10523641906,-3369.23427568765,7811.33951210671,2022-09-18
-2380.77956464368,-3436.9184319499,5817.69799659358,2022-09-19
-2089.47329282349,-3504.60258821214,5594.07588103563,2022-09-20
-655.860523328672,-3572.28674447439,4228.14726780306,2022-09-21
646.954113934039,-3639.97090073664,2993.0167868026,2022-09-22
6500.92426783209,-3707.65505699889,-2793.2692108332,2022-09-23
2420.34024541623,-3775.33921326113,1354.9989678449,2022-09-24
-4442.10523641906,-3843.02336952338,8285.12860594244,2022-09-25
-2380.77956464368,-3910.70752578563,6291.48709042931,2022-09-26
-2089.47329282349,-3978.39168204787,6067.86497487136,2022-09-27
-655.860523328672,-4046.07583831012,4701.93636163879,2022-09-28
646.954113934039,-4113.75999457237,3466.80588063833,2022-09-29
6500.92426783209,-4181.44415083462,-2319.48011699747,2022-09-30
2420.34024541623,-4249.12830709686,48033.7880616806,2022-10-01
-4442.10523641906,-4316.81246335911,43034.9176997782,2022-10-02
-2380.77956464368,-4384.49661962136,34386.276184265,2022-10-03
-2089.47329282349,-4452.1807758836,34104.6540687071,2022-10-04
-655.860523328672,-4519.86493214585,31011.7254554745,2022-10-05
646.954113934039,-4587.5490884081,35134.5949744741,2022-10-06
6500.92426783209,-4655.23324467035,28733.3089768383,2022-10-07
2420.34024541623,-4722.91740093259,47192.5771555164,2022-10-08
-4442.10523641906,-4790.60155719484,45119.7067936139,2022-10-09
-2380.77956464368,-4858.28571345709,34982.0652781008,2022-10-10
-2089.47329282349,-4925.96986971934,34847.4431625428,2022-10-11
-655.860523328672,-4993.65402598158,28781.5145493103,2022-10-12
646.954113934039,-5061.33818224383,25332.3840683098,2022-10-13
6500.92426783209,-5129.02233850608,29823.098070674,2022-10-14
2420.34024541623,-5196.70649476832,44056.3662493521,2022-10-15
-4442.10523641906,-5264.39065103057,39428.4958874496,2022-10-16
-2380.77956464368,-5332.07480729282,34349.8543719365,2022-10-17
-2089.47329282349,-5399.75896355506,35372.2322563785,2022-10-18
-655.860523328672,-5467.44311981731,35845.303643146,2022-10-19
646.954113934039,-5535.12727607956,36950.1731621455,2022-10-20
6500.92426783209,-5602.81143234181,32371.8871645097,2022-10-21
2420.34024541623,-5666.81799761896,44381.4777522027,2022-10-22
-4442.10523641906,-5730.8245628961,46092.9297993152,2022-10-23
-2380.77956464368,-5794.83112817325,34419.6106928169,2022-10-24
-2089.47329282349,-5858.8376934504,34834.3109862739,2022-10-25
-655.860523328672,-5922.84425872755,33960.7047820562,2022-10-26
646.954113934039,-5986.8508240047,30925.8967100707,2022-10-27
6500.92426783209,-6050.85738928185,30376.9331214498,2022-10-28
2420.34024541623,-6114.863954559,38282.5237091428,2022-10-29
-4442.10523641906,-6178.87051983615,41461.9757562552,2022-10-30
-2380.77956464368,-6242.8770851133,43638.656649757,2022-10-31
