title;event_start;event_end;category_1;category_2;location
Docklands Corporate AndCommunity Cup;2017-02-18;2017-02-18;Public Event - Ticketed;;Parks, All Other Spaces
St Vincent's Scrubs Run;2017-03-25;2017-03-26;Public Event - Ticketed;;Princes Park
Wedding Ceremony;2014-01-11;2014-01-11;Wedding;;Kings Domain
Wedding Ceremony;2014-03-08;2014-03-08;Wedding;;Fitzroy Gardens
Wedding Ceremony;2014-03-23;2014-03-23;Wedding;;Kings Domain
Wedding Ceremony;2014-09-14;2014-09-14;Wedding;;Fitzroy Gardens
Wedding Ceremony;2014-10-10;2014-10-10;Wedding;;Fitzroy Gardens
Dogfight;2016-08-26;2016-08-27;Filming - Movie;;Flagstaff Gardens, Collins Street, Flinders Lane, Little Collins Street, Market Street, Queen Street
Old Timer;2016-04-20;2016-04-20;Filming - Movie;Filming - Student;Fawkner Park
Spirit Of The Game;2015-08-19;2015-08-20;Filming - Movie;Filming - Unit Base;Royal Park
Parking & Traffic Music Video;2014-12-08;;Filming - Other;;Russell Street
The Parking And Traffic Music Video;2014-12-13;2014-12-13;Filming - Other;;Little Collins Street, Union Lane
Boys In The Trees - 29 Jan 2016;2016-02-02;2016-02-02;Filming - Other;;Fitzroy Gardens
Nike Photoshoot;2014-01-08;2014-01-09;Filming - Photo shoot;;Carlton Gardens, Queensbridge Square
Flemington Grazing Trail Photo Shoot;2014-03-07;2014-03-07;Filming - Photo shoot;;Union Lane
Filming- Kmart Easter Catalogue;2015-02-17;2015-02-17;Filming - Photo shoot;;Fawkner Park
Millswyn Fashion Photoshoot;2015-11-23;2015-11-24;Filming - Photo shoot;;Queen Victoria Gardens
Taxi Services Photography;2016-02-08;2016-02-12;Filming - Photo shoot;;St Kilda Road, Bridges, Meyers Place (Green Laneway)
Royal Melbourne Show;2016-09-15;2016-09-15;Filming - Photo shoot;;Queensbridge Square
Isuzu;2017-01-23;2017-01-24;Filming - Photo shoot;;All Other Spaces
Rubi Shoes May Campaign;2017-03-15;2017-03-15;Filming - Photo shoot;;Collins Street, Queen Street, William Street
Daniel Ricciardo Photo And VisionOpportunity;2014-12-11;2014-12-11;Filming - Photo shoot;Public Event;Flinders Street, Flinders St Station
ARYO (student);2014-07-16;2014-07-17;Filming - Student;;All Other Spaces
Glitter;2014-08-17;2014-08-17;Filming - Student;;La Trobe Street
VCA - Artemis;2014-09-04;2014-09-08;Filming - Student;;Corrs Lane, Roads / Public Access Spaces
The Waterer;2014-10-05;2014-10-07;Filming - Student;;Argyle Square Stage Only, Other Park Locations
Theres's A Bluebird In My Heart(student);2015-09-19;2015-09-19;Filming - Student;;Royal Park
Adieu (student);2016-04-18;2016-04-18;Filming - Student;;Tom's Block
The Spirit;2016-06-03;2016-06-04;Filming - Student;;Other Park Locations, Bridges
Dog Eats Dog;2016-09-02;2016-09-02;Filming - Student;;Croft Alley, Paynes Place
The One Thousand Dollar Fruit Platter;2016-09-20;2016-09-20;Filming - Student;;Corrs Lane
I Tip My Hat;2016-10-16;2016-10-16;Filming - Student;;Bridges
Connoisseurs;2016-12-01;2016-12-01;Filming - Student;;Alexandra Gardens
Offspring;2014-01-15;2014-01-15;Filming - TV Series;;Carlton Gardens
Please Like Me;2014-03-07;2014-03-07;Filming - TV Series;;Inner Suburb Locations, Roads / Public Access Spaces
Party Tricks;2014-05-08;2014-05-08;Filming - TV Series;;Other Park Locations, Inner Suburb Locations
It's A Date - Series 2;2014-05-26;2014-05-26;Filming - TV Series;;Inner Suburb Locations
Party Tricks;2014-06-09;2014-06-10;Filming - TV Series;;Flinders Street, Little Collins Street, Bank Place
Friday Night Crack Up;2014-09-23;2014-09-23;Filming - TV Series;;City Square
Childhoods End;2015-02-13;2015-02-13;Filming - TV Series;;Swanston Street
Childhoods End;2015-02-25;2015-02-27;Filming - TV Series;;Carlton Gardens
Childhoods End;2015-03-03;2015-03-05;Filming - TV Series;;Carlton Gardens
Please Like Me Series 3;2015-05-27;2015-05-27;Filming - TV Series;;Treasury Gardens
Grand Designs Australia;2015-06-19;2015-06-19;Filming - TV Series;;Inner Suburb Locations
The Wrong Girl;2016-05-25;2016-05-25;Filming - TV Series;;Little Collins Street, Spring Street, Meyers Place (Green Laneway)
The Leftovers;2016-07-20;2016-07-21;Filming - TV Series;;Inner Suburb Locations
Sisters;2016-08-29;2016-08-29;Filming - TV Series;;Other Park Locations
Sisters;2016-08-30;2016-08-30;Filming - TV Series;;Treasury Gardens, Inner Suburb Locations
The Today Show;2016-09-28;2016-09-29;Filming - TV Series;;Birrarung Marr
The Warriors;2016-11-15;2016-11-15;Filming - TV Series;;Alexandra Gardens
Offspring;2016-06-08;2016-06-08;Filming - TV Series;Filming - Unit;Fitzroy Gardens, Other Park Locations, Inner Suburb Locations
Dr Blake Unit Base;2016-11-04;2016-11-04;Filming - TV Series;Filming - Unit;Royal Park
Honda TVC;2014-04-22;2014-04-24;Filming - TVC;;Flinders Lane, Little Collins Street
Target Promo;2014-06-05;2014-06-05;Filming - TVC;;Alexandra Gardens
Ford TVC;2014-09-10;2014-09-11;Filming - TVC;;Other Park Locations, Inner Suburb Locations
Asus Zen Book TVC;2014-12-05;2014-12-05;Filming - TVC;;McKillop Street
Cash Converters;2015-03-21;2015-03-21;Filming - TVC;;Little Collins Street, Church Lane
Bank Australia TVC;2015-09-04;2015-09-04;Filming - TVC;;Princes Park
Papillons Property Investment;2016-04-19;2016-04-19;Filming - TVC;;Birrarung Marr, Fawkner Park, Collins Street, Southbank Promenade, Promotional Sites
Girls Make Your Move;2016-05-11;2016-05-13;Filming - TVC;;Fawkner Park, FP - Cricket Nets
Super Saturday;2016-12-15;2016-12-15;Filming - TVC;;Kings Domain
Nissan;2017-03-25;2017-03-26;Filming - TVC;;Little Lonsdale Street, Bennetts Lane
Honda Tvc;2016-11-05;2016-11-06;Filming - TVC;Filming - Unit Base;Other Park Locations, Inner Suburb Locations
Arthritis Victoria TVC (Unit Base);2014-07-26;2014-07-26;Filming - Unit Base;;Other Park Locations, Spring Street
Hunters (Unit Base);2015-08-26;2015-08-26;Filming - Unit Base;;Royal Park
Hunters Unit Base;2015-10-12;2015-10-13;Filming - Unit Base;;Royal Park
Sisters Unit Base;2016-08-17;2016-08-17;Filming - Unit Base;;Flagstaff Gardens
H&M Store Launch;2014-03-30;2014-04-06;Public Event;;Bourke Street, Elizabeth Street
Secure Parking (nosey parker);2014-01-15;2014-12-31;Promotion;;Queen Street
Ubank - Green Door Road Show;2014-01-26;2014-01-27;Promotion;;Piazza Italia , Southbank Spillway
Benefit Cosmetics - They're Real;2014-02-13;2014-02-14;Promotion;;Bourke Street, Bourke St Mall - next to Tourism booth
Ferrari Static Show Car;2014-03-01;2014-03-03;Promotion;;Piazza Italia
The Lego Movie;2014-03-08;2014-03-08;Promotion;;Flinders St Station
Feed Melbourne Appeal;2014-03-26;2014-04-16;Promotion;;Queensbridge Square , All Other Spaces
Age & Tourism Victoria - Our Patch;2014-03-28;2014-03-28;Promotion;;Flinders St Station, Parliament Station, Melbourne Central Station - Elizabeth Street
Leftbank Grand Final Celebrations;2014-09-27;2014-09-27;Promotion;;Southbank Promenade
Winter Warmers;2014-05-26;2014-06-18;Promotion;;Parliament Station, Melbourne Central Station - Elizabeth Street, Queensbridge Square , Southbank Spillway
Topshop/Topman Store Opening;2014-07-21;2014-07-21;Promotion;;Queensbridge Square
Bupa Optical New Store Opening;2014-08-21;2014-08-22;Promotion;;Bourke Street
1 Cover Umbrella Promotion;2014-09-23;2014-09-23;Promotion;;Flinders St Station
Secure Parking;2015-01-13;2016-01-08;Promotion;;Queen Street
Bank Of Melbourne Food And WineFestival;2015-03-06;2015-03-06;Promotion;;Piazza Italia
Dirty Dancing;2015-03-08;2015-03-08;Promotion;;Southbank Spillway
Merchandise Giveaway;2015-03-30;2015-03-30;Promotion;;Queensbridge Square
Beyondblue National Roadshow;2015-04-09;2015-04-09;Promotion;;Bourke St Mall - next to Tourism booth
Free Comic Book Day;2015-05-02;2015-05-02;Promotion;;Bourke Street
Riverside Quay Place Renewal PopUps;2015-05-07;2015-05-17;Promotion;;Inner Suburb Locations, Southbank Spillway
Cinderella;2015-06-12;2015-06-12;Promotion;;Bourke St Mall - next to Tourism booth
Think Positive Think Islam;2015-09-06;2015-09-13;Promotion;;Flinders St Station, Bourke St Mall - next to Tourism booth
Women's Health Week;2015-09-07;2015-09-07;Promotion;;Flinders St Station, Parliament Station, Melbourne Central Station - Swanston Street
Urban Heat Island;2015-10-11;2015-10-12;Promotion;;Bourke St Mall - next to Tourism booth
Bulla Vintage Ice Cream Van;2016-01-18;2016-02-16;Promotion;;Parliament Station, Queensbridge Square , Southbank Spillway
Child Fund Australia;2016-03-18;2016-03-18;Promotion;;Flinders St Station
Good Friday Appeal 14hr Relay;2016-03-24;2016-03-24;Promotion;;Bourke St Mall - next to Tourism booth
Tracky Dack Day - Fashion Police;2016-04-07;2016-04-08;Promotion;;Flinders St Station, Parliament Station, Melbourne Central Station - Swanston Street
Good For Footy Raffle;2016-04-13;2016-04-13;Promotion;;Queensbridge Square
World Vision Australia;2016-04-18;2016-04-24;Promotion;;Bourke St Mall - next to Tourism booth
Australia's Biggest Morning Tea FreeTea Packs;2016-04-27;2016-04-27;Promotion;;Flinders St Station, Parliament Station, Melbourne Central Station - Swanston Street, Melbourne Central Station - Elizabeth Street
Friskies Sampling;2016-07-31;2016-08-12;Promotion;;Queensbridge Square , Southbank Spillway
Diwali Dancers;2016-10-20;2016-10-20;Promotion;;City Square, Bourke St Mall - next to Tourism booth
Plan International Promotion;2016-11-03;2016-12-23;Promotion;;Flinders St Station, Bourke St Mall - next to Tourism booth, Evan Walker Bridge
Nkl Launch;2016-11-04;2016-11-04;Promotion;;City Square
7 Eleven Product Launch;2016-11-22;2016-11-23;Promotion;;Flinders St Station, Melbourne Central Station - Swanston Street
Free Gift Wrapping;2016-12-12;2016-12-23;Promotion;;Bourke Street
Plan International;2017-02-08;2017-03-03;Promotion;;Flinders St Station, Southbank Spillway , Bourke St Mall - next to Tourism booth, All Other Spaces
Chemist Warehouse Grand Opening;2017-02-13;2017-02-19;Promotion;;Inner Suburb Locations
Squeaky Clean' ComedyPerformance;2017-03-25;2017-03-25;Promotion;;Southbank Spillway
Western Distributor Project;2017-04-18;2017-04-21;Promotion;;70 Errol Street, North Melbourne, Promotional Sites
Support After Suicide Bike Ride;2014-09-10;2014-09-10;Public Event - Cycling Event;;Parks
The Womens Ride: Docklands Hub;2016-03-06;2016-03-06;Public Event - Cycling Event;;Promotional Sites, Parks, All Other Spaces
City Sessions;2014-10-04;2014-10-04;Public Event - Low Impact Activity;;Campbell Arcade
CBD Remembrance DayCommemoration;2015-11-11;2015-11-11;Public Event - Low Impact Activity;;Collins Street, Elizabeth Street, Flinders Street, Lonsdale Street, Queen Street, Spring Street, Swanston Street
YMCA Peace Day;2015-11-17;2015-11-17;Public Event - Low Impact Activity;;Argyle Square Stage Only, Other Park Locations, Piazza Italia
Annual Show & Shine;2015-12-13;2015-12-13;Public Event - Low Impact Activity;;Promotional Sites
Legal Laneway Breakfast;2017-02-01;2017-02-01;Public Event - Low Impact Activity;;Hardware Lane
Emporium Melbourne OpeningDay Event;2014-04-16;2014-04-16;Public Event - Media/Launch Event;;Lonsdale Street
Library at the Dock OfficialOpening;2014-05-30;2014-05-31;Public Event - Media/Launch Event;;All Other Spaces
International Aids CandlelightMemorial;2014-05-18;2014-05-18;Public Event - Memorial;;City Square
Remembrance Day 2016;2016-11-11;2016-11-11;Public Event - Memorial;;Collins Street, Elizabeth Street, Flinders Street, Lonsdale Street, Queen Street, Spring Street, Swanston Street
CoM Sunset Series;2014-01-11;2014-01-12;Public Event - Music Event;;Fitzroy Gardens, City Square
Passenger Busking Session;2014-04-16;2014-04-16;Public Event - Music Event;;Southbank Spillway
Public Events - SMMB 2014;2014-10-02;2015-02-22;Public Event - Music Event;;Kings Domain, Tom's Block
Innocuous Laneway Party;2014-11-20;2014-11-22;Public Event - Music Event;;Somerset Place
Australia Day 2014;2014-01-24;2014-01-26;Public Event - Non-ticketed;;Kings Domain, Tom's Block, Queen Victoria Gardens, Bourke Street, Collins Street, Flinders Lane, Flinders Street, Little Collins Street, Swanston Street, St Kilda Road, Bridges
Australia Day BBQ;2014-01-27;2014-01-27;Public Event - Non-ticketed;;Carlton Gardens
Austn Henley Regatta (old format);2014-02-22;2014-02-22;Public Event - Non-ticketed;;Alexandra Gardens
Moomba Waterfest 2014;2014-02-24;2014-03-14;Public Event - Non-ticketed;;Alexandra Gardens, Birrarung Marr, Kings Domain, Tom's Block, Queen Victoria Gardens, Swanston Street, St Kilda Road, Bridges, City Square
The Weekend To End Women'sCancers;2014-02-28;2014-03-01;Public Event - Non-ticketed;;Fawkner Park, Treasury Gardens
HMAS Yarra II UCG InvestitureCeremony;2014-03-04;2014-03-04;Public Event - Non-ticketed;;Promotional Sites
Dogtired's Waking The Dog WithStyle;2014-03-23;2014-03-23;Public Event - Non-ticketed;;Alfred Place
University Of Melbourne Open Day;2014-08-17;2014-08-17;Public Event - Non-ticketed;;Other Park Locations, Swanston Street, Inner Suburb Locations, Flinders St Station, Melbourne Central Station - Swanston Street, Melbourne Central Station - Elizabeth Street
The Melbourne Regatta;2014-08-30;2014-08-30;Public Event - Non-ticketed;;All Other Spaces
Rally For Animals - Animals Matter to Me;2014-10-04;2014-10-04;Public Event - Non-ticketed;;Treasury Gardens, Bourke Street, Collins Street, Spring Street
Santa's Grand Arrival 2014;2014-11-14;2014-11-15;Public Event - Non-ticketed;;Bourke Street, Bourke St Mall - next to Tourism booth
Fun In The Aussie Sun Festival;2014-11-16;2014-11-16;Public Event - Non-ticketed;;North Melbourne Recreation Reserve
MMW - Lounge Bar;2014-11-20;2014-11-21;Public Event - Non-ticketed;;Caledonian Lane
Human Walking Program;2014-11-21;2014-11-21;Public Event - Non-ticketed;;Treasury Gardens
Art + Mel;2014-11-26;2014-11-30;Public Event - Non-ticketed;;Hosier Lane, Rutledge Lane
A City Of Song - Playgroup End Of YearCelebration;2014-12-12;2014-12-12;Public Event - Non-ticketed;;Parks
Midsumma Carnival & T Dance;2015-01-14;2015-01-21;Public Event - Non-ticketed;;Alexandra Gardens, AG - Riverslide Skate Park
Sustainable Living Festival 2015;2015-02-08;2015-02-16;Public Event - Non-ticketed;;City Square
Melbourne Art Restaurant CocktailSound;2015-03-08;2015-03-08;Public Event - Non-ticketed;;ACDC Lane, Duckboard Place
Dragonboat Victorian Titles;2015-03-28;2015-03-29;Public Event - Non-ticketed;;Promotional Sites, All Other Spaces, Privately Managed Event Spaces
Signal Street Art Mentoring;2015-04-08;2015-04-10;Public Event - Non-ticketed;;Rutledge Lane
International Day Of Immunology;2015-04-29;2015-04-29;Public Event - Non-ticketed;;City Square
Out Of The Shadows SuicidePrevention Walk;2015-09-13;2015-09-13;Public Event - Non-ticketed;;Birrarung Marr
Riverside Quay Open Day;2015-09-24;2015-09-26;Public Event - Non-ticketed;;Inner Suburb Locations
2015 Spring Fling Street Festival;2015-10-18;2015-10-18;Public Event - Non-ticketed;;Other Park Locations, Inner Suburb Locations
Carlton Italian Festa 2015;2015-10-22;2015-10-25;Public Event - Non-ticketed;;Argyle Square Stage Only, Other Park Locations, Inner Suburb Locations
Automotive Festival Certified 3;2015-11-01;2015-11-01;Public Event - Non-ticketed;;Birrarung Marr
Night Noodle Markets;2015-11-09;2015-12-03;Public Event - Non-ticketed;;Birrarung Marr
Royal Croquet Club;2015-12-04;2015-12-23;Public Event - Non-ticketed;;Birrarung Marr
Australian Open Festival 2016;2016-01-05;2016-02-02;Public Event - Non-ticketed;;Birrarung Marr, BM
F1 World;2016-01-10;2016-01-23;Public Event - Non-ticketed;;City Square
Signal Summer (Nebula);2016-01-18;2016-01-22;Public Event - Non-ticketed;;Southbank Spillway
Australia Day Bbq;2016-01-26;2016-01-26;Public Event - Non-ticketed;;Carlton Gardens
Legal Laneway Breakfast;2016-02-03;2016-02-03;Public Event - Non-ticketed;;Hardware Lane
Dominoes;2016-02-04;2016-02-06;Public Event - Non-ticketed;;Collins Street, Flinders Lane, Flinders Street, Little Collins Street, Swanston Street, Southbank Promenade, Athenaeum Place, Baptist Place, Campbell Arcade, Degraves Street, Degraves Place, City Square, Southbank Spillway , Evan Walker Bridge
Sustainable Living Festival;2016-02-08;2016-02-15;Public Event - Non-ticketed;;Birrarung Marr
White Night 2016;2016-02-19;2016-02-22;Public Event - Non-ticketed;;Alexandra Gardens, AG - Riverslide Skate Park, Birrarung Marr, Birrarung Marr, Carlton Gardens, Queen Victoria Gardens, Treasury Gardens, Bourke Street, Collins Street, Elizabeth Street, Exhibition Street, Flinders Lane, Flinders Street, Little Collins Street
Lonsdale Street Festival 2016;2016-02-26;2016-02-29;Public Event - Non-ticketed;;Lonsdale Street, Russell Street, Caledonian Lane, Corrs Lane, Drewery Alley - sensitive area many residents, Drewery Lane - Do Not Book, Drewery Place - Do Not book, Hayward Lane, Heffernan Lane, Sniders Lane - Do Not Book, Tattersalls Lane, Waratah Place
Royal Children HospitalFundraising Showshine;2016-03-25;2016-03-25;Public Event - Non-ticketed;;Southbank Spillway
Rmit Open Day;2016-08-14;2016-08-14;Public Event - Non-ticketed;;Little Lonsdale Street, Swanston Street, Inner Suburb Locations, Franklin Street, Street Locations
Market Of The Mind;2016-08-19;2016-08-19;Public Event - Non-ticketed;;Queensbridge Square
Eid Al Adha Prayers 2016;2016-09-12;2016-09-12;Public Event - Non-ticketed;;Flagstaff Gardens
LIFE Spring Festival;2016-10-14;2016-10-14;Public Event - Non-ticketed;;NMCC Soccer
Carlton Community Fete 2016;2016-11-19;2016-11-19;Public Event - Non-ticketed;;Inner Suburb Locations
Head Of The Yarra;2016-11-25;2016-11-27;Public Event - Non-ticketed;;Alexandra Gardens
Mercedes Benz Club VictoriaDisplay;2016-12-04;2016-12-04;Public Event - Non-ticketed;;Southbank Spillway
Australian Open Festival 2017;2017-01-03;2017-02-02;Public Event - Non-ticketed;;Birrarung Marr
Midsumma Carnival & T Dance;2017-01-11;2017-01-17;Public Event - Non-ticketed;;Alexandra Gardens
Chinese New Year (MDLA);2017-01-27;2017-01-29;Public Event - Non-ticketed;;Chinatown Plaza - see notes., Little Bourke Street, Russell Street, Cohen Place
Sustainable Living Festival 2017;2017-02-07;2017-02-13;Public Event - Non-ticketed;;Birrarung Marr
Korea Week Festival 2017;2017-03-22;2017-03-27;Public Event - Non-ticketed;;Southbank Promenade, Queensbridge Square
Kensington Community Festival;2017-04-01;2017-04-02;Public Event - Non-ticketed;;Holland Park, HP - Cricket Nets, HP - Running Track, Inner Suburb Locations
Australia Day 2017;2017-01-25;2017-01-27;Public Event - Parade;;Kings Domain, Tom's Block, Queen Victoria Gardens, Collins Street, Swanston Street, St Kilda Road, Bridges, Promotional Sites, Parks, All Other Spaces
Tan Time Trials (old format);2014-01-04;2014-06-07;Public Event - Run Walk;;Kings Domain
Royal Walk 2014;2014-03-30;2014-03-30;Public Event - Run Walk;;Princes Park , Royal Park
Collingwood Family Fun Run &Walk;2014-05-03;2014-05-03;Public Event - Run Walk;;Kings Domain
Run Melbourne 2014;2014-07-21;2014-07-29;Public Event - Run Walk;;Alexandra Gardens, Birrarung Marr, Queen Victoria Gardens
VRR Half Marathon, 10km, 5kmFun Run Walk;2014-08-17;2014-08-17;Public Event - Run Walk;;Princes Park
Walk With Me 2014;2014-09-07;2014-09-07;Public Event - Run Walk;;Alexandra Gardens, Birrarung Marr, Bridges
Greek Orthodox Annual Walkathon;2014-10-19;2014-10-19;Public Event - Run Walk;;Kings Domain, Queen Victoria Gardens
Tan Time Trials 2015;2015-01-03;2015-07-04;Public Event - Run Walk;;Kings Domain
Irabina Super Hero Fun Run;2015-03-29;2015-03-29;Public Event - Run Walk;;Kings Domain
Focus On Syria Fun Run;2015-04-26;2015-04-26;Public Event - Run Walk;;Kings Domain
Put Your Foot Down Walk 2015;2015-05-03;2015-05-03;Public Event - Run Walk;;Alexandra Gardens, Birrarung Marr, Bridges, Southbank Promenade, Queensbridge Square , Southbank Spillway
Ticked Off Walk For Lyme;2015-05-03;2015-05-03;Public Event - Run Walk;;Princes Park
Spirit Of Wipro Run;2015-09-20;2015-09-20;Public Event - Run Walk;;Fawkner Park
Spring Into Shape Series 2015Race 1 of 3;2015-09-27;2015-09-27;Public Event - Run Walk;;Alexandra Gardens, Kings Domain, Southbank Promenade, Queensbridge Square , Southbank Spillway
Spring Into Shape Series 2015Race 2 of 3;2015-10-25;2015-10-25;Public Event - Run Walk;;Kings Domain, Bridges, Southbank Promenade, Northbank Promenade, Queensbridge Square , Southbank Spillway , Evan Walker Bridge
Run For Palestine 2015;2015-11-08;2015-11-08;Public Event - Run Walk;;Kings Domain
Irabina Superhero Fun Run 2016;2016-04-03;2016-04-03;Public Event - Run Walk;;Kings Domain
Pace the Tan & Race the Tan;2016-05-17;2016-06-21;Public Event - Run Walk;;Kings Domain
Great Strides 2016;2016-10-30;2016-10-30;Public Event - Run Walk;;Kings Domain, Tom's Block
Greek National Day;2017-03-26;2017-03-26;Public Event - Run Walk;;Tom's Block, St Kilda Road
Princes Park Running Festival;2017-03-31;2017-04-02;Public Event - Run Walk;;Princes Park
Cherry Rock 2014;2014-05-25;2014-05-26;Public Event - Ticketed;;ACDC Lane, Duckboard Place
Melb International Film Festival 2014Opening Night;2014-07-31;2014-08-01;Public Event - Ticketed;;St Kilda Road, Southbank Promenade, Inner Suburb Locations
Vision Australia's Carols ByCandlelight 2014;2014-12-16;2014-12-26;Public Event - Ticketed;;Kings Domain, St Kilda Road
Circus Oz 2016;2016-05-26;2016-07-19;Public Event - Ticketed;;Birrarung Marr
AFL Centre Square;2016-09-08;2016-10-07;Public Event - Ticketed;;Birrarung Marr
Boney Laneway Party;2016-03-19;2016-03-19;Public Event - Ticketed;;Westwood Place
2016 Melbourne InternationalComedy Festival;2016-03-20;2016-04-20;Public Event - Ticketed;;Little Collins Street, Lonsdale Street, Russell Street, Swanston Street, Coverlid Place, City Square
Love Your Lungs Fun Run & Walk;2016-11-27;2016-11-27;Public Event - Ticketed;;Alexandra Gardens
Wedding Ceremony;2014-01-11;2014-01-11;Wedding;;Flagstaff Gardens
Wedding Ceremony;2014-01-11;2014-01-11;Wedding;;Treasury Gardens
Wedding Ceremony;2014-01-17;2014-01-17;Wedding;;Fitzroy Gardens
Wedding Ceremony;2014-01-19;2014-01-19;Wedding;;Fitzroy Gardens
Wedding Ceremony;2014-01-24;2014-01-24;Wedding;;Kings Domain
Wedding Ceremony;2014-02-15;2014-02-15;Wedding;;Carlton Gardens
Wedding Ceremony;2014-03-01;2014-03-01;Wedding;;Flagstaff Gardens
Wedding Ceremony;2014-03-09;2014-03-09;Wedding;;Treasury Gardens
Wedding Ceremony;2014-03-23;2014-03-23;Wedding;;Fitzroy Gardens
Wedding Ceremony;2014-03-29;2014-03-29;Wedding;;Kings Domain
Wedding Ceremony;2014-04-11;2014-04-11;Wedding;;Fitzroy Gardens
Wedding Ceremony;2014-04-12;2014-04-12;Wedding;;Fitzroy Gardens
Wedding Ceremony;2014-05-10;2014-05-10;Wedding;;Treasury Gardens
Wedding Ceremony;2014-05-24;2014-05-24;Wedding;;Carlton Gardens
Wedding Ceremony;2014-10-31;2014-10-31;Wedding;;Carlton Gardens
Wedding Ceremony;2014-11-01;2014-11-01;Wedding;;Treasury Gardens
Wedding Ceremony;2014-12-06;2014-12-06;Wedding;;Carlton Gardens
Wedding Ceremony;2014-12-20;2014-12-20;Wedding;;Fitzroy Gardens
Wedding Ceremony;2014-12-21;2014-12-21;Wedding;;Carlton Gardens
Wedding Ceremony;2015-01-03;2015-01-03;Wedding;;Fitzroy Gardens
Wedding Ceremony;2015-02-06;2015-02-06;Wedding;;Queen Victoria Gardens
Wedding Ceremony;2015-02-20;2015-02-20;Wedding;;Treasury Gardens
Wedding Ceremony;2015-02-22;2015-02-22;Wedding;;Fitzroy Gardens
Wedding Ceremony;2015-05-10;2015-05-10;Wedding;;Fitzroy Gardens
Wedding Ceremony;2015-05-22;2015-05-22;Wedding;;Fitzroy Gardens
Wedding Ceremony;2015-06-02;2015-06-02;Wedding;;Queen Victoria Gardens
Wedding Ceremony;2015-09-05;2015-09-05;Wedding;;Kings Domain
Wedding Ceremony;2015-10-11;2015-10-11;Wedding;;Kings Domain
Wedding Ceremony;2015-10-24;2015-10-24;Wedding;;Treasury Gardens
Wedding Ceremony;2015-10-30;2015-10-30;Wedding;;Carlton Gardens
Wedding Ceremony;2015-11-06;2015-11-06;Wedding;;Carlton Gardens
Wedding Ceremony;2015-11-15;2015-11-15;Wedding;;Kings Domain
Wedding Ceremony;2015-11-22;2015-11-22;Wedding;;Carlton Gardens
Wedding Ceremony;2015-11-29;2015-11-29;Wedding;;Fitzroy Gardens
Wedding Ceremony;2015-11-29;2015-11-29;Wedding;;Queen Victoria Gardens
Wedding Ceremony;2015-12-19;2015-12-19;Wedding;;Carlton Gardens
Wedding Ceremony;2016-01-09;2016-01-09;Wedding;;Carlton Gardens
Wedding Ceremony;2016-01-15;2016-01-15;Wedding;;Carlton Gardens
Wedding Ceremony;2016-02-27;2016-02-27;Wedding;;Royal Park
Wedding Ceremony;2016-03-13;2016-03-13;Wedding;;Fitzroy Gardens
Wedding Ceremony;2016-04-23;2016-04-23;Wedding;;Fitzroy Gardens
Wedding Ceremony;2016-09-03;2016-09-03;Wedding;;Treasury Gardens
Wedding Ceremony;2016-10-09;2016-10-09;Wedding;;Carlton Gardens
Wedding Ceremony;2016-10-13;2016-10-13;Wedding;;Fitzroy Gardens
Wedding Ceremony;2016-10-29;2016-10-29;Wedding;;Fitzroy Gardens, Treasury Gardens
Wedding Ceremony;2016-11-12;2016-11-12;Wedding;;Treasury Gardens
Wedding Ceremony;2016-12-09;2016-12-09;Wedding;;Carlton Gardens
Wedding Ceremony;2017-02-10;2017-02-10;Wedding;;Carlton Gardens
Wedding Ceremony;2017-02-25;2017-02-25;Wedding;;Kings Domain
Wedding Ceremony;2017-03-04;2017-03-04;Wedding;;Fitzroy Gardens
Wedding Ceremony;2017-03-11;2017-03-11;Wedding;;Fitzroy Gardens
Wedding Ceremony;2017-04-02;2017-04-02;Wedding;;Fitzroy Gardens
Wedding Ceremony;2017-04-21;2017-04-21;Wedding;;Treasury Gardens
Smmb Midnight Oil;2017-11-02;2017-11-16;Public Event - Ticketed;;Kings Domain
The Wrong Girl;2017-07-25;2017-07-25;Filming - TV Series;;Corrs Lane
Wateraid;2017-12-07;2017-12-08;Promotion;;Queensbridge Square
The Wrong Girl;2017-06-19;2017-06-19;Filming - Unit Base;;Promotional Sites
Step Up For Down Syndrome;2017-10-08;2017-10-08;Public Event - Ticketed;;Princes Park
Energizer Christmas Campaign;2017-12-08;2017-12-15;Promotion;;Flinders St Station, Melbourne Central Station - Swanston Street
Junior Rowing Academy;2017-11-11;2017-11-11;Promotion;;Bourke St Mall - next to Tourism booth
Emporium Ss17;2017-08-10;2017-08-11;Filming - Photo shoot;;Bourke Street, Collins Street, Exhibition Street, Flinders Lane, Little Collins Street, Spring Street
Lyneham High School Year 9 Concert Band;2017-08-07;2017-08-10;Public Event - Non Ticketed;;Queensbridge Square , Piazza Italia , Promotional Sites
Smart City Office Christmas Party;2017-12-08;2017-12-08;Private Event;Christmas Party;Alexandra Gardens
Mercedes Benz Club Victoria;2017-12-03;2017-12-03;Public Event - Non Ticketed;;Southbank Promenade, Inner Suburb Locations, Southbank Spillway
Liv Fun Run And Walk;2017-11-20;2017-11-20;Private Event;;Kings Domain
Wedding Ceremony;2017-10-07;2017-10-07;Wedding;;Carlton Gardens
Birthday Party;2017-04-22;2017-04-22;Private Event;;Other Park Locations
Wedding Ceremony;2017-12-02;2017-12-02;Wedding;;Alexandra Gardens
Underbelly Files: Chopper;2017-08-15;2017-08-15;Filming - TV Series;;Collins Street, Bank Place
Jds Family Christmas Party;2017-12-10;2017-12-10;Private Event;Christmas Party;Treasury Gardens
Jacob And Brad's Engagement;2018-01-20;2018-01-20;Private Event;;Fitzroy Gardens
Mimco Christmas Get Together;2017-12-15;2017-12-15;Private Event;Christmas Party;Kings Domain
Team Building;2017-08-21;2017-08-21;Private Event;;Flagstaff Gardens
Nescafe Gold Coffee Cart;2017-07-12;2017-07-12;Promotion;;Queensbridge Square
Zoo (for Melbourne Music Week);2017-11-25;2017-11-26;Public Event - Music;;Little Bourke Street, Lonsdale Street, Stevenson Lane, Tattersalls Lane
Ecommerce Australia Post;2017-12-15;2017-12-15;Private Event;Christmas Party;Treasury Gardens
Great Strides 2017;2017-10-29;2017-10-29;Public Event - Run/Walk;;Kings Domain, Tom's Block
Elizabeth St Pop-up park;2017-12-11;2018-01-29;Public Event - Non Ticketed;;Elizabeth Street
Yes Fest;2017-10-22;2017-10-22;Public Event - Non Ticketed;;Alexandra Gardens, AG - Riverslide Skate Park
CDH Sunflower Sunday;2017-11-12;2017-11-12;Public Event - Non Ticketed;;Fitzroy Gardens
Oxfam Water And Sanitation;2017-12-18;2017-12-22;Promotion;;Southbank Spillway
Sisters Unit Base;2017-07-31;2017-08-01;Filming - Unit Base;;Flagstaff Gardens
Delwp Christmas Party;2017-12-15;2017-12-15;Private Event;Christmas Party;Flagstaff Gardens
Neighbours;2017-10-16;2017-10-16;Filming - TV Series;;Flinders Street, Spark Lane
Sisters Series 1;2017-09-04;2017-09-04;Filming - TV Series;;Carlton Gardens
Cambridge Clothing;2017-11-26;2017-11-26;Filming - Photo shoot;;Inner Suburb Locations
Bells Of Peace;2017-09-21;2017-09-21;Public Event - Low Impact Activity;;Birrarung Marr
Picnic In The Park;2017-12-08;2017-12-08;Private Event;;Alexandra Gardens
Play Me I'm Yours;2018-01-16;2018-02-07;Public Event - Non Ticketed;;Chinatown Plaza - see notes., Southbank Promenade
Walk This Way;2017-10-07;2017-10-07;Public Event - Run/Walk;;Princes Park , Southbank Promenade, Inner Suburb Locations, Southbank Spillway , Promotional Sites, All Other Spaces
Eureka Climb;2017-11-18;2017-11-19;Public Event - Ticketed;;Southbank Spillway
Blue Ribbon Fun Run;2017-05-07;2017-05-07;Private Event;;Kings Domain
Shop The City;2017-05-17;2017-05-17;Public Event - Low Impact Activity;;Driver Lane
Wedding Ceremony;2018-01-18;2018-01-18;Wedding;;Other Park Locations
Wedding Ceremony;2017-11-19;2017-11-19;Wedding;;Carlton Gardens
Deliveroo Presents;2017-11-11;2017-11-11;Promotion;;Southbank Spillway
Sisters Unit Base;2017-08-21;2017-08-22;Filming - Unit Base;;Treasury Gardens
Variety Ice Slide;2017-06-25;2017-07-19;Public Event - Ticketed;;Southbank Spillway
Awesome Run 2.0;2017-04-22;2017-04-22;Public Event - Run/Walk;;Fawkner Park, Kings Domain
Potato Social;2017-05-02;2017-05-20;Promotion;;Flinders St Station, Melbourne Central Station - Elizabeth Street, Bourke St Mall - next to Tourism booth
Frontyard Youth Action Group Compassion Booth;2017-09-21;2017-09-21;Public Event - Low Impact Activity;;Flagstaff Gardens
Childfund;2017-10-02;2017-10-06;Promotion;;Bourke St Mall - next to Tourism booth
Bp Corporate Lunch;2017-11-22;2017-11-22;Private Event;;Flagstaff Gardens
Wedding Ceremony;2018-01-06;2018-01-06;Wedding;;Carlton Gardens
Wedding Ceremony;2017-12-23;2017-12-23;Wedding;;Carlton Gardens
Dogfight Unit Base;2016-09-21;2016-09-21;Filming - Movie;;Flagstaff Gardens
Ang Dating Daan Video;2015-10-05;2015-10-05;Filming - Other;;Batman Park
Equus SS14;2014-05-21;2014-05-23;Filming - Photo shoot;;Carlton Gardens
Mazda MX5 Photography;2015-05-31;2015-06-01;Filming - Photo shoot;;Roads / Public Access Spaces
Mpavilion Uav Shoot;2016-09-30;2016-10-02;Filming - Photo shoot;;Queen Victoria Gardens
Swordcraft Tv;2015-11-13;2015-11-13;Filming - Student;;Royal Park
Offspring Series 5;2014-02-03;2014-02-03;Filming - TV Series;;Fitzroy Gardens
Time Of Our Lives Series 2;2014-02-14;2014-02-14;Filming - TV Series;;Princes Park
The Block;2014-05-11;2014-05-11;Filming - TV Series;;Batman Park
It's A Date - Series 2;2014-05-27;2014-05-27;Filming - TV Series;;Flagstaff Gardens
Dancing With The Stars Promo;2014-08-25;2014-08-26;Filming - TV Series;;Carlton Gardens
Childhoods End;2015-02-12;2015-02-12;Filming - TV Series;;Fawkner Park
The Beautiful Lie;2015-05-05;2015-05-05;Filming - TV Series;;Flinders Street, Russell Street
Jack Irish;2015-08-20;2015-08-20;Filming - TV Series;;Inner Suburb Locations
Luke Warm Sex;2015-09-03;2015-09-04;Filming - TV Series;;Queensbridge Square , Evan Walker Bridge
The Dr Blake Mysteries;2015-10-01;2015-10-01;Filming - TV Series;;Royal Park
Running Man Reality Tv;2015-11-23;2015-11-23;Filming - TV Series;;Carlton Gardens, Tom's Block, St Kilda Road, Southbank Promenade, Inner Suburb Locations
Offspring Season 6;2016-05-12;2016-05-12;Filming - TV Series;;Fitzroy Gardens
The Wrong Girl;2016-06-12;2016-06-14;Filming - TV Series;;Market Street
The Block;2016-11-11;2016-11-11;Filming - TV Series;;Swanston Street
Glitch 2;2017-01-30;2017-01-31;Filming - TV Series;;Other Park Locations, Exhibition Street, Flinders Street, Inner Suburb Locations
Miss Fishers Murder Mysteries;2014-12-15;2014-12-15;Filming - TV Series;Filming - Unit;Inner Suburb Locations
Coles TVC;2014-02-13;2014-02-13;Filming - TVC;;City Square
Target Ambassador TVC;2014-02-19;2014-02-25;Filming - TVC;;Other Park Locations, Inner Suburb Locations
Tourism Australia;2014-03-26;2014-03-26;Filming - TVC;;Bridges, Centre Place, Degraves Street, Hosier Lane
Toyota Lexus TVC;2014-04-06;2014-04-06;Filming - TVC;;Promotional Sites, Roads / Public Access Spaces
MSFW TVC;2014-07-24;2014-07-24;Filming - TVC;;Masons Lane
Youi 'Fastest Growing' TVC;2014-08-05;2014-08-05;Filming - TVC;;Inner Suburb Locations
U By Kotek;2014-08-23;2014-08-23;Filming - TVC;;Flinders Lane, Little Lonsdale Street, William Street, Inner Suburb Locations, Street Locations
Shiver Tvc;2015-02-09;2015-02-10;Filming - TVC;;Elizabeth Street
Toyota Tvc;2015-02-13;2015-02-14;Filming - TVC;;La Trobe Street, Little Bourke Street, Little Collins Street, Bridges
Suzuki Vitara Tvc;2015-06-13;2015-06-13;Filming - TVC;;Exhibition Street, Flinders Lane, Flinders Street, Queen Street, Spring Street, William Street, Roads / Public Access Spaces
Worksafe Tvc;2015-12-12;2015-12-12;Filming - TVC;;Flagstaff Gardens
Kia K7 Tvc;2015-12-19;2015-12-20;Filming - TVC;;Promotional Sites, Roads / Public Access Spaces
Tourism Nt Tvc;2016-07-19;2016-07-19;Filming - TVC;;Fawkner Park, FP - Cordner_T1_T2_T3_F2_Ct3, Fawkner Park
Dan Murphys Tvc;2016-07-22;2016-07-22;Filming - TVC;;Promotional Sites, Roads / Public Access Spaces
8 Bar Iced Coffee;2017-01-21;2017-01-22;Filming - TVC;;Katherine Place (Green Laneway), Mercantile Place
Za;2017-03-17;2017-03-17;Filming - TVC;;Other Park Locations, Spring Street
Shane Delia's Moorish Journey TVC;2015-10-05;2015-10-06;Filming - TVC;Filming - TV Series;Bond Street
House Husbands;2014-02-20;2014-02-20;Filming - Unit Base;;Other Park Locations
Sucker;2014-04-03;2014-04-03;Filming - Unit Base;;Royal Park
Sucker;2014-04-14;2014-04-14;Filming - Unit Base;;Royal Park
Sucker;2014-05-02;2014-05-03;Filming - Unit Base;;Royal Park
It's A Date - Series 2;2014-05-20;2014-05-21;Filming - Unit Base;;Flagstaff Gardens
Miss Fisher Murder Mysteries Series 3;2014-11-14;2014-11-14;Filming - Unit Base;;Royal Park
Please Like Me Unit Base;2015-06-11;2015-06-12;Filming - Unit Base;;Roads / Public Access Spaces
Winners And Losers Season 5 UnitBase;2015-07-24;2015-07-24;Filming - Unit Base;;Treasury Gardens
The Warriors Unit Base;2016-11-14;2016-11-15;Filming - Unit Base;;Flinders Street, Other Laneways/Places/Alleys
Whitmore Unit Base;2017-02-02;2017-02-02;Filming - Unit Base;;Royal Park
Melbourne Shuffle;2014-01-16;2014-01-16;Promotion;;Queensbridge Square
Officeworks Back To Uni;2014-03-11;2014-03-13;Promotion;;Flinders St Station, Piazza Italia
Wake Up Next To A Big One;2014-03-12;2014-03-12;Promotion;;Bourke Street, Bourke Street Mall - outfront of Adidas , Bourke St Mall - next to Tourism booth
Adidas Boost Activation 2014;2014-03-20;2014-03-20;Promotion;;Flinders St Station
Lets Move It Melbourne;2014-03-20;2014-03-21;Promotion;;Parliament Station, Melbourne Central Station - Swanston Street, Melbourne Central Station - Elizabeth Street, Southbank Spillway , Bourke St Mall - next to Tourism booth
Byron Bay Cookie Co. Sampling;2014-03-21;2014-03-21;Promotion;;Flinders St Station
Fox FM - H&M Grand Opening;2014-04-06;2014-04-06;Promotion;;Bourke Street, Elizabeth Street
Carbon Monoxide Awareness WeekLaunch;2014-04-28;2014-04-28;Promotion;;Bourke St Mall - next to Tourism booth
Wicked (outside Town Hall);2014-05-05;2014-05-05;Promotion;;Swanston Street
Asics 'Better Their Best' Campaign;2014-06-07;2014-06-07;Promotion;;Southbank Spillway
Hothands Sampling;2014-06-26;2014-06-26;Promotion;;Melbourne Central Station - Swanston Street
Tangible Tarkine;2014-08-30;2014-08-30;Promotion;;Queensbridge Square
EFFM Garden Party;2014-08-31;2014-08-31;Promotion;;Bourke St Mall - next to Tourism booth
Vegan Easy;2014-09-20;2014-10-25;Promotion;;Bourke St Mall - next to Tourism booth
Be Kind To Animals Week;2014-09-30;2014-09-30;Promotion;;Southbank Spillway
Member Drive;2014-10-22;2014-10-22;Promotion;;Flinders St Station
H&M/Alexander Wang;2014-11-04;2014-11-06;Promotion;;Southbank Spillway
JR/Duty Free Re-opening;2014-11-12;2014-11-12;Promotion;;Swanston Street
Boxing Day Sale;2014-12-25;2014-12-26;Promotion;;Bourke Street
Luxottica Revitalisation Station;2014-12-27;2014-12-27;Promotion;;Little Collins Street
Collabonation With Jess Bush;2015-01-15;2015-01-15;Promotion;;City Square, Queensbridge Square
Disney Lion King;2015-01-26;2015-01-26;Promotion;;Flinders St Station
QVM Community Engagement Hub;2015-02-26;2015-03-29;Promotion;;Queen Street
Stay Cool;2015-03-16;2015-03-19;Promotion;;Parliament Station, Melbourne Central Station - Swanston Street
World Water Day;2015-03-17;2015-03-17;Promotion;;Southbank Spillway
3AW Good Friday Appeal;2015-03-30;2015-03-30;Promotion;;Bourke St Mall - next to Tourism booth
Sikhs And Sikhism;2015-04-14;2015-04-14;Promotion;;Flinders St Station
Dogs Unite Walk;2015-04-28;2015-05-01;Promotion;;Flinders St Station, Parliament Station, Bourke St Mall - next to Tourism booth
The Big Breakfast;2015-05-28;2015-05-28;Promotion;;City Square, Flinders St Station
Melbourne Metro;2015-06-03;2015-06-05;Promotion;;City Square, Bourke St Mall - next to Tourism booth
Ride 2 Work;2015-07-24;2015-07-29;Promotion;;Flinders St Station, Queensbridge Square , Promotional Sites
Garden Of Hope;2015-08-27;2015-08-31;Promotion;;Southbank Spillway
Ring Your Bell;2015-09-15;2015-10-15;Promotion;;Flinders St Station
Plan International;2015-09-18;2015-09-18;Promotion;;Southbank Spillway
I Am Juicy Couture;2015-10-01;2015-10-03;Promotion;;Bourke Street
Hop For Hope;2015-10-26;2015-10-26;Promotion;;Bourke St Mall - next to Tourism booth
Andra Drag Racing;2016-01-20;2016-01-20;Promotion;;Queensbridge Square
Promotions - Heinz Creationz;2016-03-08;2016-03-08;Promotion;;Southbank Spillway
O&G Breakfast Bar;2016-07-21;2016-07-21;Promotion;;Southbank Spillway
Juventus Icc Activation;2016-07-24;2016-07-24;Promotion;;Queensbridge Square , Piazza Italia
Kettle Chip Roadshow;2016-07-29;2016-07-29;Promotion;;Queensbridge Square
Girls' Night In Promotion;2016-09-28;2016-09-28;Promotion;;Flinders St Station, Parliament Station, Melbourne Central Station - Swanston Street, Melbourne Central Station - Elizabeth Street
Man Made Meat;2016-10-28;2016-10-28;Promotion;;Southbank Spillway
World Vision Australia;2016-11-03;2016-11-10;Promotion;;Flinders St Station
Parma Sliders - Latitude FinancialServices;2017-01-12;2017-01-12;Promotion;;Southbank Spillway
Wateraid Australia;2017-01-16;2017-02-20;Promotion;;Flinders St Station, Bourke St Mall - next to Tourism booth, Evan Walker Bridge, Southern Cross Pedestrian Bridge
Greepeace Australia Pacific;2017-01-16;2017-01-20;Promotion;;Bourke St Mall - next to Tourism booth
Coles Transit Sampling;2017-01-30;2017-01-30;Promotion;;Southern Cross Pedestrian Bridge
Plan International;2017-04-10;2017-05-06;Promotion;;Flinders St Station, Bourke St Mall - next to Tourism booth, Evan Walker Bridge, Southern Cross Pedestrian Bridge
Childfund Australia;2017-04-18;2017-04-21;Promotion;;Flinders St Station
Bupa Around The Bay 2014;2014-10-07;2014-10-22;Public Event - Cycling Event;;Alexandra Gardens, St Kilda Road, Bridges, Alexandra Ave, City Square
Seafood Lane;2014-03-09;2014-03-09;Public Event - Non-ticketed;;McKillop Street
Play Me, I'm Yours;2014-01-09;2014-01-28;Public Event - Low Impact Activity;;Queen Victoria Gardens, Bourke Street, Swanston Street, Bridges, Southbank Promenade, City Square, Evan Walker Bridge
Meyers Place Latin Fiesta;2014-10-12;2014-10-12;Public Event - Low Impact Activity;;Meyers Place (Green Laneway)
Share Our Streets;2014-11-10;2014-11-10;Public Event - Low Impact Activity;;Promotional Sites
Office Of The Governor OpenHouse;2015-07-24;2015-07-27;Public Event - Low Impact Activity;;Kings Domain
MPavilion 2015-2016;2015-08-03;2016-03-15;Public Event - Low Impact Activity;;Queen Victoria Gardens
Smooch A Pooch;2016-02-14;2016-02-14;Public Event - Low Impact Activity;;Treasury Gardens, Queensbridge Square
Hlttv Easter Event;2017-04-01;2017-04-01;Public Event - Low Impact Activity;;Fawkner Park
Serena Williams Appearance WithBerlie (MYER);2014-01-09;2014-01-09;Public Event - Media/Launch Event;;Bourke Street, Bourke Street East, Bourke Street Mall - outfront of Adidas
Neill Street Reserve OfficialOpening;2015-08-15;2015-08-15;Public Event - Media/Launch Event;;Neill Street Reserve
Towards Zero (phase 2) MediaLaunch;2015-11-04;2015-11-04;Public Event - Media/Launch Event;;Promotional Sites
Myer Giftorium Launch 2015;2015-11-14;2015-11-14;Public Event - Media/Launch Event;;Bourke Street, Bourke St Mall - next to Tourism booth
Sephora Melbourne Store Opening;2015-11-28;2015-11-28;Public Event - Media/Launch Event;;Elizabeth Street, La Trobe Street, Swanston Street, Melbourne Central Station - Swanston Street, Melbourne Central Station - Elizabeth Street
World Circus Day Media Launch;2016-04-14;2016-04-14;Public Event - Media/Launch Event;;Birrarung Marr
Crumpler And AOC OfficialLuggage Launch;2016-04-26;2016-04-27;Public Event - Media Launch Event;;Heape Court
Int'l Aids Candlelight Memorial;2015-05-17;2015-05-17;Public Event - Memorial;;City Square
56th Annual Australia DayWomens Ceremony;2017-01-19;2017-01-19;Public Event - Memorial;;Kings Domain
Catholic Education Week Concert;2014-03-19;2014-03-20;Public Event - Music Event;;Treasury Gardens
Salvation Army Youth Music Event;2014-08-23;2014-08-23;Public Event - Music Event;;Alexandra Gardens
Section 8 Zoo - MMW Live MusicSafari;2015-11-19;2015-11-20;Public Event - Music Event;;Stevenson Lane, Tattersalls Lane
Spring Street Beat (ParliamentHouse);2015-11-21;2015-11-21;Public Event - Music Event;;Bourke Street, Spring Street
Lyneham High School ConcertBand Performance;2016-08-18;2016-08-18;Public Event - Music Event;;Queensbridge Square
Share The Spirit 2017;2017-01-25;2017-01-27;Public Event - Music Event;;Treasury Gardens
Myer Chinese New Year Event;2014-01-23;2014-01-25;Public Event - Non-ticketed;;Bourke Street, Bourke Street Mall - outfront of Adidas
Legal Laneways Breakfast 2014;2014-02-05;2014-02-05;Public Event - Non-ticketed;;Hardware Lane
Com Food Plant Display - VeggiePatch;2014-02-06;2014-03-02;Public Event - Non-ticketed;;Swanston Street
Indigenous Arts Festival;2014-02-07;2014-02-10;Public Event - Non-ticketed;;Birrarung Marr
Blackfulla Soapbox (CoM);2014-02-15;2014-02-15;Public Event - Non-ticketed;;Other Park Locations
Domestic Gestures;2014-02-17;2014-02-21;Public Event - Non-ticketed;;Lingham Lane
100mm Car Festival 2014;2014-02-22;2014-02-22;Public Event - Non-ticketed;;Promotional Sites
Sidewalk Astronomy;2014-03-08;2014-03-08;Public Event - Non-ticketed;;Bridges
Lord Mayor's Student Welcome;2014-03-22;2014-03-22;Public Event - Non-ticketed;;City Square
GreenMoney Recycling RewardsBreakfast;2014-04-05;2014-04-05;Public Event - Non-ticketed;;Promotional Sites
Youth Carnival;2014-04-05;2014-04-05;Public Event - Non-ticketed;;Flagstaff Gardens
Victorian Dragon Boat RacingChampionships;2014-04-06;2014-04-06;Public Event - Non-ticketed;;All Other Spaces
Rmit VCE O-Week;2014-07-09;2014-07-09;Public Event - Non-ticketed;;Inner Suburb Locations
Eid Prayers At Flagstaff Gardens;2014-07-28;2014-07-28;Public Event - Non-ticketed;;Flagstaff Gardens
1000 Lights For Peace;2014-09-12;2014-09-12;Public Event - Non-ticketed;;Other Park Locations
World Peace Day Melbourne;2014-09-21;2014-09-21;Public Event - Non-ticketed;;City Square
Oceania Freestyle FootballChampionships;2014-10-11;2014-10-11;Public Event - Non-ticketed;;Queensbridge Square
Scottish Cultural Day;2014-11-16;2014-11-16;Public Event - Non-ticketed;;Flinders Street, City Square, Queensbridge Square , Bourke St Mall - next to Tourism booth
South Yarra Primary SchoolFundraiser;2014-11-29;2014-11-29;Public Event - Non-ticketed;;Fawkner Park
Jubilation 2014;2014-12-10;2014-12-15;Public Event - Non-ticketed;;Promotional Sites, Parks, All Other Spaces, Roads / Public Access Spaces
Signal 37 - Street Art Mentoring -CoM;2015-01-12;2015-01-23;Public Event - Non-ticketed;;Hosier Lane, Rutledge Lane
Blak Nite Cinema 2015;2015-02-06;2015-02-08;Public Event - Non-ticketed;;Treasury Gardens
Melbourne University CollegeRegatta;2015-05-02;2015-05-02;Public Event - Non-ticketed;;Alexandra Gardens
Progress 2015 Party;2015-05-07;2015-05-09;Public Event - Non-ticketed;;Godfrey Street
A Wheelie Good Day;2015-05-17;2015-05-17;Public Event - Non-ticketed;;Inner Suburb Locations
Play Streets;2015-08-09;2015-08-09;Public Event - Non-ticketed;;Inner Suburb Locations
University Of Melbourne OpenDay, Southbank;2015-08-16;2015-08-16;Public Event - Non-ticketed;;Inner Suburb Locations
Eid At Flagstaff;2015-09-24;2015-09-24;Public Event - Non-ticketed;;Flagstaff Gardens
Value Our Future Community Day;2015-11-14;2015-11-14;Public Event - Non-ticketed;;Flagstaff Gardens
Paws For A Cause Charity Walk;2015-11-15;2015-11-15;Public Event - Non-ticketed;;Kings Domain
Southbank Boulevard Street Party;2015-11-29;2015-11-29;Public Event - Non-ticketed;;Inner Suburb Locations
Rotary Docklands Festival OfGiving 2015;2015-12-06;2015-12-06;Public Event - Non-ticketed;;Promotional Sites
Share The Spirit 2016;2016-01-26;2016-01-26;Public Event - Non-ticketed;;Treasury Gardens
Kensington Australia Day Festival;2016-01-26;2016-01-26;Public Event - Non-ticketed;;Inner Suburb Locations
Chinese New Year (FCA AndEureka Skydeck);2016-02-02;2016-02-24;Public Event - Non-ticketed;;Bridges, Southbank Promenade, Queensbridge Square , Promotional Sites, All Other Spaces
The New Joneses;2016-02-07;2016-02-29;Public Event - Non-ticketed;;City Square
Australian Henley Regatta;2016-02-20;2016-02-20;Public Event - Non-ticketed;;Alexandra Gardens
Korea Week 2016;2016-04-26;2016-05-01;Public Event - Non-ticketed;;City Square, Queensbridge Square
Wheelie Good Day;2016-05-01;2016-05-01;Public Event - Non-ticketed;;Inner Suburb Locations
Boutique Bridal Fair Fashion Show;2016-05-15;2016-05-15;Public Event - Non-ticketed;;Howey Place
Msfw Shop The City;2016-08-24;2016-08-26;Public Event - Non-ticketed;;Bourke Street, Collins Street, Little Bourke Street, Little Collins Street, Lonsdale Street, Bourke St Mall - next to Tourism booth
Cfc Community Festival;2017-02-10;2017-02-11;Public Event - Non-ticketed;;Princes Park
Santa's Grand Arrival Concert;2016-11-12;2016-11-12;Public Event - Non-ticketed;;Bourke Street, Bourke St Mall - next to Tourism booth
40th Anniversary Picnic;2016-11-20;2016-11-20;Public Event - Non-ticketed;;Fawkner Park
Errol St Open Air Xmas Party;2016-12-16;2016-12-16;Public Event - Non-ticketed;;Inner Suburb Locations
Iccc Christmas Festival;2016-12-18;2016-12-18;Public Event - Non-ticketed;;NMCC Soccer
Chinese New Year Lion Dancing(CMS);2017-01-27;2017-01-29;Public Event - Non-ticketed;;Little Bourke Street
Mad Hatters Tea Party;2017-02-04;2017-02-04;Public Event - Non-ticketed;;Treasury Gardens
Canteen Outdoor Cinema;2017-02-18;2017-02-18;Public Event - Non-ticketed;;Royal Park
Carlton Harmony Celebration;2017-03-19;2017-03-19;Public Event - Non-ticketed;;Neill Street Reserve
Melbourne Food And Wine Festival;2017-03-28;2017-04-04;Public Event - Non-ticketed;;Bridges, Southbank Promenade, Northbank Promenade, Queensbridge Square , Southbank Spillway , Evan Walker Bridge
Today Show Derby Day OB;2014-10-30;2014-10-31;Public Event - Outside Broadcast;;Bourke Street, Bourke St Mall - next to Tourism booth
Reserve Forces Day March AndParade;2015-07-05;2015-07-05;Public Event - Parade;;Kings Domain, St Kilda Road
AFL Grand Final Day Parade 2015;2015-10-02;2015-10-02;Public Event - Parade;;Fitzroy Gardens, Treasury Gardens, Other Park Locations, Spring Street, Inner Suburb Locations
Run For The Kids 2014;2014-04-10;2014-04-14;Public Event - Run Walk;;Alexandra Gardens, AG - Riverslide Skate Park, Birrarung Marr, BM Birrarung Marr, Kings Domain, Tom's Block, Bourke Street, Collins Street, Elizabeth Street, Market Street, Queen Street, Spencer Street, Flinders St Station, Southern Cross Station, Queensbridge Square , Southbank Spillway , Promotional Sites, All Other Spaces, Roads / Public Access Spaces
Put Your Foot Down Walk;2014-05-04;2014-05-04;Public Event - Run Walk;;Alexandra Gardens, Birrarung Marr, Bridges, Southbank Promenade
Tan Time Trials and NYE Run;2014-07-05;2014-12-31;Public Event - Run Walk;;Kings Domain
Parkinson's Victoria Walk In ThePark;2014-08-31;2014-08-31;Public Event - Run Walk;;Alexandra Gardens, Birrarung Marr, BM Swanston Street, Bridges
Legs For Eggs 2014;2014-10-11;2014-10-11;Public Event - Run Walk;;Promotional Sites, Parks, All Other Spaces, Harbour Esplanade
Collingwood FC Family FunRun/Walk 2015;2015-02-14;2015-02-14;Public Event - Run Walk;;Kings Domain
Great Strides 2015;2015-11-08;2015-11-08;Public Event - Run Walk;;Tom's Block
The Sunday Age City2seaPresented By Westpac;2015-11-14;2015-11-15;Public Event - Run Walk;;Alexandra Gardens, Kings Domain, Tom's Block, Queen Victoria Gardens, Flinders Street, Swanston Street, St Kilda Road, Bridges, Inner Suburb Locations
Australian 50km Road WalkingChampionships;2015-12-13;2015-12-13;Public Event - Run Walk;;Fawkner Park
Vrr Princes Park Fun Run;2016-08-21;2016-08-21;Public Event - Run Walk;;Princes Park
Fcg Run;2016-09-11;2016-09-11;Public Event - Run Walk;;Fawkner Park
Bloody Long Walk;2016-10-22;2016-10-23;Public Event - Run Walk;;Alexandra Gardens, AG - Riverslide Skate Park, Bridges, Southbank Promenade, Inner Suburb Locations, Queensbridge Square , Southbank Spillway , Promotional Sites, Parks, All Other Spaces, Roads / Public Access Spaces
Walk To D'feet Mnd;2016-11-13;2016-11-13;Public Event - Run Walk;;Princes Park
Sri Chinmoy Tan Team Relays;2016-11-27;2016-11-27;Public Event - Run Walk;;Kings Domain
Corporate AFL Centre Square 2014;2014-09-03;2014-10-03;Public Event - Ticketed;;Birrarung Marr
Melbourne Festival 2014;2014-09-15;2014-11-14;Public Event - Ticketed;;Alexandra Gardens
Slidestreet Melbourne;2015-01-23;2015-01-25;Public Event - Ticketed;;Fitzroy Gardens, Kings Domain, Tom's Block, Treasury Gardens, St Kilda Road, Inner Suburb Locations
Go The Tan 2015;2015-02-28;2015-02-28;Public Event - Ticketed;;Kings Domain
Government House Open Day;2016-01-25;2016-01-27;Public Event - Ticketed;;St Kilda Road
Diner en Blanc;2016-02-27;2016-02-28;Public Event - Ticketed;;Promotional Sites, All Other Spaces
Kidney Health Australia;2016-09-11;2016-09-11;Public Event - Ticketed;;Kings Domain
The Sunday Age City2SeaPresented By Westpac;2016-11-19;2016-11-20;Public Event - Ticketed;;Alexandra Gardens, Fawkner Park, FP - Northern Pavilion East, Fawkner Park, FP - Cordner_T1_T2_T3_F2_Ct3, Fawkner Park, FP - Cricket Nets, Fawkner Park, Kings Domain, Tom's Block, Queen Victoria Gardens, Shrine Reserve, Flinders Street, Swanston Street, St Kilda Road, Bridges, Inner Suburb Locations
Wedding Ceremony;2014-01-18;2014-01-18;Wedding;;Fitzroy Gardens
Wedding Ceremony;2014-01-25;2014-01-25;Wedding;;Fitzroy Gardens
Wedding Ceremony;2014-01-26;2014-01-26;Wedding;;Carlton Gardens
Wedding Ceremony;2014-02-02;2014-02-02;Wedding;;Kings Domain
Wedding Ceremony;2014-02-08;2014-02-08;Wedding;;Kings Domain
Wedding Ceremony;2014-02-15;2014-02-15;Wedding;;Kings Domain
Wedding Ceremony;2014-02-16;2014-02-16;Wedding;;Carlton Gardens
Wedding Ceremony;2014-04-04;2014-04-04;Wedding;;Kings Domain
Wedding Ceremony;2014-04-05;2014-04-05;Wedding;;Fitzroy Gardens
Wedding Ceremony;2014-09-13;2014-09-13;Wedding;;Fitzroy Gardens
Wedding Ceremony;2014-11-28;2014-11-28;Wedding;;Carlton Gardens
Wedding Ceremony;2014-11-30;2014-11-30;Wedding;;Treasury Gardens
Wedding Ceremony;2014-12-14;2014-12-14;Wedding;;Treasury Gardens
Wedding Ceremony;2014-12-17;2014-12-17;Wedding;;Fitzroy Gardens
Wedding Ceremony;2014-12-31;2014-12-31;Wedding;;Carlton Gardens
Wedding Ceremony;2015-01-03;2015-01-03;Wedding;;Royal Park
Wedding Ceremony;2015-01-10;2015-01-10;Wedding;;Queen Victoria Gardens
Wedding Ceremony;2015-01-10;2015-01-10;Wedding;;Fitzroy Gardens
Wedding Ceremony;2015-01-11;2015-01-11;Wedding;;Carlton Gardens
Wedding Ceremony;2015-01-17;2015-01-17;Wedding;;Kings Domain
Wedding Ceremony;2015-01-24;2015-01-24;Wedding;;Fitzroy Gardens
Wedding Ceremony;2015-01-25;2015-01-25;Wedding;;Fitzroy Gardens
Wedding Ceremony;2015-02-01;2015-02-01;Wedding;;Carlton Gardens
Wedding Ceremony;2015-02-07;2015-02-07;Wedding;;Carlton Gardens
Wedding Ceremony;2015-02-13;2015-02-13;Wedding;;Fitzroy Gardens
Wedding Ceremony;2015-02-20;2015-02-20;Wedding;;Kings Domain
Wedding Ceremony;2015-03-29;2015-03-29;Wedding;;Fitzroy Gardens
Wedding Ceremony;2015-04-11;2015-04-11;Wedding;;Flagstaff Gardens
Wedding Ceremony;2015-04-19;2015-04-19;Wedding;;Fitzroy Gardens
Wedding Ceremony;2015-05-23;2015-05-23;Wedding;;Kings Domain
Wedding Ceremony;2015-05-23;2015-05-23;Wedding;;Fitzroy Gardens
Wedding Ceremony;2015-07-07;2015-07-07;Wedding;;Carlton Gardens
Wedding Ceremony;2015-07-12;2015-07-12;Wedding;;Fitzroy Gardens
Wedding Ceremony;2015-09-26;2015-09-26;Wedding;;Fitzroy Gardens
Wedding Ceremony;2015-10-17;2015-10-17;Wedding;;Treasury Gardens
Wedding Ceremony;2015-10-24;2015-10-24;Wedding;;Carlton Gardens
Wedding Ceremony;2015-10-31;2015-10-31;Wedding;;Fitzroy Gardens
Wedding Ceremony;2015-10-31;2015-10-31;Wedding;;Carlton Gardens
Wedding Ceremony;2015-11-07;2015-11-07;Wedding;;Carlton Gardens
Wedding Ceremony;2015-11-15;2015-11-15;Wedding;;Carlton Gardens
Wedding Ceremony;2015-12-13;2015-12-13;Wedding;;Fitzroy Gardens
Wedding Ceremony;2015-12-19;2015-12-19;Wedding;;Flagstaff Gardens
Wedding Ceremony;2016-01-02;2016-01-02;Wedding;;Fitzroy Gardens
Wedding Ceremony;2016-01-16;2016-01-16;Wedding;;Fitzroy Gardens
Wedding Ceremony;2016-01-16;2016-01-16;Wedding;;Treasury Gardens
Wedding Ceremony;2016-01-24;2016-01-24;Wedding;;Parks
Wedding Ceremony;2016-02-14;2016-02-14;Wedding;;Kings Domain
Wedding Ceremony;2016-02-20;2016-02-20;Wedding;;Fitzroy Gardens
Wedding Ceremony;2016-02-27;2016-02-27;Wedding;;Kings Domain
Wedding Ceremony;2016-02-27;2016-02-27;Wedding;;Fitzroy Gardens
Wedding Ceremony;2016-03-05;2016-03-05;Wedding;;Queen Victoria Gardens
Wedding Ceremony;2016-03-06;2016-03-06;Wedding;;Royal Park
Wedding Ceremony;2016-03-12;2016-03-12;Wedding;;Kings Domain
Wedding Ceremony;2016-03-18;2016-03-18;Wedding;;
Wedding Ceremony;2016-04-09;2016-04-09;Wedding;;Treasury Gardens
Wedding Ceremony;2016-06-04;2016-06-04;Wedding;;Fitzroy Gardens
Wedding Ceremony;2016-07-01;2016-07-01;Wedding;;Fitzroy Gardens
Wedding Ceremony;2016-09-10;2016-09-10;Wedding;;Fitzroy Gardens
Wedding Ceremony;2016-10-15;2016-10-15;Wedding;;Treasury Gardens
Wedding Ceremony;2016-10-22;2016-10-22;Wedding;;Fitzroy Gardens
Wedding Ceremony;2016-11-05;2016-11-05;Wedding;;Flagstaff Gardens
Wedding Ceremony;2016-11-12;2016-11-12;Wedding;;Carlton Gardens
Wedding Ceremony;2016-11-19;2016-11-19;Wedding;;Treasury Gardens
Wedding Ceremony;2016-12-10;2016-12-10;Wedding;;Kings Domain
Wedding Ceremony;2016-12-23;2016-12-23;Wedding;;Fitzroy Gardens
Wedding Ceremony;2016-12-28;2016-12-28;Wedding;;Carlton Gardens
Wedding Ceremony;2017-01-07;2017-01-07;Wedding;;Fawkner Park
Wedding Ceremony;2017-02-03;2017-02-03;Wedding;;Fitzroy Gardens
Wedding Ceremony;2017-03-26;2017-03-26;Wedding;;Treasury Gardens
Wedding Ceremony;2017-03-31;2017-03-31;Wedding;;Kings Domain
Run For Palestine;2017-11-19;2017-11-19;Public Event - Run/Walk;;Kings Domain, Tom's Block
Welcome Event;2017-10-13;2017-10-13;Private Event;;Alexandra Gardens
Metro Tunnel -  City Square pop -up;2017-06-02;2017-06-02;Promotion;;City Square
MCCCC Fun Run/walk;2017-10-22;2017-10-22;Public Event - Run/Walk;;Princes Park
Css Professional Development Bbq;2017-10-10;2017-10-10;Public Event - Non Ticketed;;Other Park Locations
Wateraid;2017-04-25;2017-06-09;Promotion;;Flinders St Station, Melbourne Central Station - Swanston Street, Queensbridge Square , Southbank Spillway , Bourke St Mall - next to Tourism booth
NAB Hicaps Go;2017-10-21;2017-10-25;Promotion;;Southbank Spillway
Matress Hunt;2017-07-25;2017-07-25;Filming - TVC;;Flagstaff Gardens
Mix And Match;2017-12-21;2017-12-21;Private Event;;Neill Street Reserve
Wreath Presentation Ceremony;2017-11-11;2017-11-11;Public Event - Memorial;;Chinatown Plaza - see notes., Cohen Place
Fawkner Park Children's Centre;2017-12-01;2017-12-01;Private Event;Christmas Party;Fawkner Park
Jack Irish;2018-01-16;2018-01-16;Filming - TV Series;;Inner Suburb Locations
Sugar Mountain Festival;2018-01-17;2018-01-22;Public Event - Ticketed;;Other Park Locations, Inner Suburb Locations
Watch Man Walk;2017-07-06;2017-07-19;Filming - Student;;Treasury Gardens, Flinders Court
Msfw Vaefno (com);2017-08-30;2017-09-02;Public Event - Non Ticketed;;Collins Street, Little Bourke Street, Lonsdale Street
Rlwc Installation;2017-10-21;2017-11-20;Public Event - Non Ticketed;;Queensbridge Square , Promotional Sites
Yr 3b Alfred Hospital Med Students Eoy Bbq;2017-10-20;2017-10-20;Private Event -;Christmas Party;Fawkner Park
A Walk In The Park;2017-08-27;2017-08-27;Public Event - Run/Walk;;Kings Domain, Tom's Block, Queen Victoria Gardens, Swanston Street, St Kilda Road
The Wrong Girl;2017-08-23;2017-08-23;Filming - TV Series;;Promotional Sites, Harbour Esplanade
Santa's Grand Arrival;2017-11-18;2017-11-18;Public Event - Non Ticketed;;Bourke Street, Bourke St Mall - next to Tourism booth
Pop Up Shakespeares Globe;2017-07-17;2018-02-19;Public Event - Ticketed;;Kings Domain
Carlton Italian Festa;2017-10-19;2017-10-23;Public Event - Non Ticketed;;Argyle Square Stage Only, Other Park Locations, Inner Suburb Locations, Piazza Italia
Melbourne Water Group's Christmas Lunch;2017-12-13;2017-12-13;Private Event;Christmas Party;Carlton Gardens
Personal Photographic Portrait;2017-11-07;2017-11-07;Filming - Photo shoot;;Meyers Place (Green Laneway)
Wedding Ceremony;2017-04-28;2017-04-28;Wedding;;Kings Domain
Mpavilion Aerial Photography;2017-10-01;2017-10-02;Filming - TVC;;Queen Victoria Gardens
Corey Whites Roadmap To Paradise;2017-09-14;2017-09-14;Filming - TV Series;;Flagstaff Gardens
Shenstone Photography & Video;2017-09-21;2017-09-21;Filming - Photo shoot;;Royal Park
Wedding Ceremonys;2017-10-28;2017-10-28;Wedding;;Alexandra Gardens
Untitled (luke Chapman);2017-09-13;2017-09-13;Filming - Student;;Royal Park
Officeworks;2017-04-22;2017-04-22;Filming - TVC;;Bourke Street, Little Bourke Street, Crossley Street
Supercars Media Launch;2017-09-18;2017-09-18;Filming - Other;;Alexandra Gardens
Wedding Ceremony;2017-11-06;2017-11-06;Wedding;;Kings Domain
NRL Media Activations;2017-07-18;2017-07-19;Public Event - Media Launch;;Batman Park, Birrarung Marr, Kings Domain, Queensbridge Square , Harbour Esplanade
Legs Out For Lymphoma;2017-10-28;2017-10-28;Public Event - Run/Walk;;Kings Domain, Tom's Block
Motor GP Rider Pre-event Media;2017-10-18;2017-10-18;Filming - Other;;Russell Street
Wedding Ceremony;2017-11-25;2017-11-25;Wedding;;Treasury Gardens
The Real Housewives Of Melbourne;2017-11-23;2017-11-23;Promotion;;Queensbridge Square
Wedding Ceremony;2017-11-05;2017-11-05;Wedding;;Treasury Gardens
Fun Run;2017-11-18;2017-11-18;Private Event;;Princes Park
Apn Outdoor Ham Day;2017-12-13;2017-12-13;Private Event;Christmas Party;Fawkner Park
Sussan Photo Campaign;2017-12-05;2017-12-05;Filming - Photo shoot;;Collins Street, Flinders Lane, Spring Street
Sisters Series 1;2017-09-04;2017-09-04;Filming - TV Series;;Inner Suburb Locations
7 Eleven Tvc;2018-01-11;2018-01-11;Filming - TVC;;Carlton Gardens
Night Noodle Markets;2017-11-05;2017-11-29;Public Event - Non Ticketed;;Birrarung Marr
Adidas X The Iconic Social Content Shoot;2017-09-20;2017-09-20;Filming - Photo shoot;;Fawkner Park
Wedding Ceremony;2017-10-28;2017-10-28;Wedding;;Kings Domain
It Bbq;2017-12-15;2017-12-15;Private Event;Christmas Party;Flagstaff Gardens
Gold Coast 2018 Commonwealth Games Activation;2017-05-11;2017-05-13;Promotion;;Queensbridge Square
AMSA Promo;2014-05-25;2014-05-25;Filming - Other;;Flinders St Station
Wedding Ceremony;2014-05-31;2014-05-31;Wedding;;Carlton Gardens
Aboriginal Tourism Victoria;2014-04-17;2014-04-17;Filming - Photo shoot;;Birrarung Marr
Being A Good Bloke;2014-09-12;2014-09-13;Filming - Student;;Other Park Locations
Offspring S5;2014-01-06;2014-01-06;Filming - TV Series;;Carlton Gardens
Mitsubishi Phev Tvc;2015-07-25;2015-07-25;Filming - TVC;;Flinders Lane, Little Bourke Street, Russell Street, Spencer Street, William Street, Roads / Public Access Spaces
Malt District;2016-02-22;2016-02-22;Filming - TVC;;Bridges
Centrum Tv Commercial;2016-05-14;2016-05-14;Filming - TVC;;Alexandra Gardens
Mazda 3 Tvc;2016-06-18;2016-06-19;Filming - TVC;;Birrarung Marr, Exhibition Street, William Street, Inner Suburb Locations, Roads / Public Access Spaces
Cricket Australia;2016-08-30;2016-08-30;Filming - TVC;;Inner Suburb Locations
Pure Blonde;2017-02-01;2017-02-01;Filming - TVC;;Inner Suburb Locations, Roads / Public Access Spaces
Telstra Wifi Payphone Switch On;2014-11-19;2014-11-19;Filming -- Other;;Other Park Locations
Party Tricks;2014-05-15;2014-05-16;Filming - Unit Base;;Other Park Locations
It's A Date Series 2;2014-06-25;2014-06-25;Filming - Unit Base;;Other Park Locations
Foxtel Sketch Comedy Unit Base;2015-03-23;2015-03-23;Filming - Unit Base;;Flagstaff Gardens
Death By Chocolate Unit Base;2015-07-26;2015-07-26;Filming - Unit Base;;Treasury Gardens
House Husbands Unit Base;2016-05-23;2016-05-23;Filming - Unit Base;;Other Park Locations, Inner Suburb Locations
The Warriors Unit Base;2016-11-08;2016-11-08;Filming - Unit Base;;Fawkner Park
PTV Pop Up Bourke St Mall;2014-01-13;2014-01-19;Promotion;;Bourke Street Mall - outfront of Adidas
ESPN Super Bowl;2014-01-29;2014-01-31;Promotion;;Flinders St Station
International Condom Day;2014-02-14;2014-02-14;Promotion;;Southbank Spillway
Lumo Energy;2014-02-26;2014-02-26;Promotion;;Flinders St Station
TAC Enhanced Crash InvestigationStudy;2014-03-13;2014-03-16;Promotion;;Southbank Spillway
Telstra Samsung Launch;2014-04-11;2014-04-11;Promotion;;Bourke Street
Promotion - Free CPR Lesson;2014-07-02;2014-07-02;Promotion;;Bourke St Mall - next to Tourism booth
Home At Last;2014-08-06;2014-08-08;Promotion;;Bourke St Mall - next to Tourism booth
Melbourne Spring Fashion WeekProgram;2014-08-28;2014-08-28;Promotion;;Flinders St Station, Parliament Station, Melbourne Central Station - Swanston Street
TAB Brownlow Competition;2014-09-22;2014-09-22;Promotion;;Bourke Street, Parliament Station
Membership Drive;2014-09-30;2014-09-30;Promotion;;Flinders St Station, Melbourne Central Station - Swanston Street, Queensbridge Square , Promotional Sites
Australian Open 2015 Ticket Launch;2014-10-07;2014-10-07;Promotion;;Flinders St Station, Parliament Station
Macau 3D Light & Sound Show;2014-10-30;2014-11-06;Promotion;;Queensbridge Square
Lemon Sorbet;2014-12-12;2014-12-13;Promotion;;Bourke Street
WAMY;2015-01-09;2015-01-22;Promotion;;Flinders St Station, Bourke St Mall - next to Tourism booth
Priceline Kooyong Classic Activation;2015-01-12;2015-01-12;Promotion;;Bourke St Mall - next to Tourism booth
Share Our Streets;2015-03-02;2015-03-11;Promotion;;Southbank Spillway , Promotional Sites
Public event - Sidewalk Astronomy;2015-03-07;2015-04-04;Promotion;;Bridges, Southbank Spillway , Evan Walker Bridge
Belvita;2015-03-24;2015-03-26;Promotion;;Queensbridge Square , Southbank Spillway
Good Friday Appeal MFB/CFA Relay;2015-04-02;2015-04-02;Promotion;;Bourke St Mall - next to Tourism booth
Brain Injury Matters;2015-08-17;2015-08-20;Promotion;;Bourke St Mall - next to Tourism booth
Myer / Jack & Jones Product Launch;2015-08-21;2015-08-21;Promotion;;Bourke Street, Bourke St Mall - next to Tourism booth
Choc Pop Activations 1;2016-08-05;2016-08-19;Promotion;;Parliament Station, Southbank Spillway , Evan Walker Bridge
Maryborough Highland Gathering;2016-12-17;2016-12-17;Promotion;;Flinders St Station, Bourke St Mall - next to Tourism booth
Cycle Messenger WorldChampionships 2015;2015-04-04;2015-04-05;Public Event - Cycling Event;;Promotional Sites, Parks, All Other Spaces, Roads / Public Access Spaces
E-waste Recycling Day;2014-10-25;2014-10-25;Public Event - Low Impact Activity;;City Square
Our Christmas Gift ConcertSpectacular;2014-11-29;2014-11-29;Public Event - Low Impact Activity;;Inner Suburb Locations
ONCE Cast Performance;2014-12-18;2014-12-18;Public Event - Low Impact Activity;;City Square
End Of Ramadan Celebration;2015-07-03;2015-07-03;Public Event - Low Impact Activity;;Rutledge Lane
55th Annual Australia DayWomen's Ceremony;2016-01-21;2016-01-21;Public Event - Low Impact Activity;;Kings Domain
Share Our Streets Launch;2014-03-03;2014-04-17;Public Event - Media/Launch Event;;Southbank Promenade, Southbank Spillway , All Other Spaces
Windows By Design Media Launch;2014-03-03;2014-03-03;Public Event - Media/Launch Event;;Bourke Street, Bourke Street Mall - outfront of Adidas , Bourke St Mall - next to Tourism booth
Product Launch, Telstra;2014-09-18;2014-09-19;Public Event - Media/Launch Event;;Bourke Street
Australian Open Media Launch;2015-10-13;2015-10-13;Public Event - Media/Launch Event;;Birrarung Marr, Swanston Street, City Square, Flinders St Station, Melbourne Central Station - Swanston Street
Community Hub At The DockOpen Day;2016-02-20;2016-02-20;Public Event - Media/Launch Event;;Parks, All Other Spaces
CPR Lab Launch;2016-03-23;2016-03-23;Public Event - Media/Launch Event;;City Square, Queensbridge Square
Concert For Daughters OfCambodia;2014-06-12;2014-06-12;Public Event - Music Event;;Queensbridge Square
Record Store Day Party 2015;2015-04-18;2015-04-18;Public Event - Music Event;;Campbell Arcade
Loop Bar - MMW Live Music Safari;2015-11-19;2015-11-19;Public Event - Music Event;;Meyers Place (Green Laneway)
Passenger Busking Event;2015-12-07;2015-12-07;Public Event - Music Event;;Southbank Spillway
Christmas Concert;2016-12-10;2016-12-10;Public Event - Music Event;;Queensbridge Square
Dan O'Connell St Patricks Day;2014-03-17;2014-03-18;Public Event - Non-ticketed;;Other Park Locations, Inner Suburb Locations
Carlton Harmony Day;2014-03-20;2014-03-20;Public Event - Non-ticketed;;Inner Suburb Locations
Let's Move It Melbourne;2014-03-26;2014-03-29;Public Event - Non-ticketed;;Fawkner Park, Flagstaff Gardens, Treasury Gardens, Other Park Locations, Parks
Outdoor Mind/Body;2014-04-09;2014-04-09;Public Event - Non-ticketed;;Flagstaff Gardens
Dutch Orange Day 2014;2014-04-27;2014-04-27;Public Event - Non-ticketed;;Queensbridge Square
Victoria Day Flag RaisingCeremony 2014;2014-07-01;2014-07-01;Public Event - Non-ticketed;;Swanston Street
Aussie Road Trip;2014-11-15;2014-11-15;Public Event - Non-ticketed;;Queensbridge Square
Asean Association Australia;2016-03-11;2016-03-13;Public Event - Non-ticketed;;Piazza Italia
Assistance Dogs Graduation Event;2016-04-07;2016-04-07;Public Event - Non-ticketed;;Queensbridge Square
Work With Nature;2016-04-20;2016-04-21;Public Event - Non-ticketed;;City Square
South Asian Festival;2016-05-01;2016-05-01;Public Event - Non-ticketed;;Birrarung Marr, Flagstaff Gardens
Open House Melbourne;2016-07-25;2016-08-01;Public Event - Non-ticketed;;Swanston Street
Notfair Art Fair;2016-08-16;2016-08-16;Public Event - Non-ticketed;;Katherine Place (Green Laneway)
Chinese Lady Square DancingShow;2017-01-29;2017-01-29;Public Event - Non-ticketed;;Promotional Sites, All Other Spaces
Movies Under The Stars;2017-02-16;2017-02-18;Public Event - Non-ticketed;;Parks
Moomba 2017;2017-02-27;2017-03-18;Public Event - Non-ticketed;;Alexandra Gardens, AG - Riverslide Skate Park, Birrarung Marr, Kings Domain, Tom's Block, Queen Victoria Gardens, St Kilda Road, Bridges, Southbank Promenade
SYN Diversity Programs HarmonyDay Broadcast;2014-03-15;2014-03-15;Public Event - Outside Broadcast;;Argyle Square Stage Only, Other Park Locations, Piazza Italia
Sri Chinmoy Princes Park RunningFestival;2014-07-20;2014-07-20;Public Event - Run Walk;;Princes Park
Cancer Council Vic Seven ParksWalk;2014-10-04;2014-10-05;Public Event - Run Walk;;Alexandra Gardens, Carlton Gardens, Flagstaff Gardens, Kings Domain, Princes Park , Royal Park, Treasury Gardens, Parks
Melanoma March 2015;2015-02-22;2015-02-22;Public Event - Run Walk;;Princes Park
March Against Melanoma 2015;2015-03-01;2015-03-01;Public Event - Run Walk;;Kings Domain
Royal Walk & Fun Run;2015-03-29;2015-03-29;Public Event - Run Walk;;Princes Park
Tour of Duty 2015;2015-04-12;2015-04-12;Public Event - Run Walk;;Kings Domain, Tom's Block, Shrine Reserve, St Kilda Road
St Vincent's Scrubs Run;2015-05-23;2015-05-24;Public Event - Run Walk;;Princes Park
Nab Relay For Life;2015-10-16;2015-10-18;Public Event - Run Walk;;Princes Park
Melbourne Marathon 2015;2015-10-17;2015-10-18;Public Event - Run Walk;;Alexandra Gardens, Birrarung Marr, Flagstaff Gardens, Kings Domain, Tom's Block, Queen Victoria Gardens, Flinders St Station, Southbank Spillway , Evan Walker Bridge
Private St Verena Charity Mission FunRun;2015-11-14;2015-11-14;Public Event - Run Walk;;Princes Park
The Fit Challenge 2015;2015-11-21;2015-11-21;Public Event - Run Walk;;Kings Domain
Melanoma March;2016-03-06;2016-03-06;Public Event - Run Walk;;Kings Domain
Legs Out For Lymphoma;2016-11-19;2016-11-19;Public Event - Run Walk;;Alexandra Gardens, Swanston Street, St Kilda Road, Bridges
Progressive Laneway Lunch;2014-11-29;2014-11-30;Public Event - Ticketed;;Katherine Place (Green Laneway)
Oktoberfest In The Gardens;2015-10-19;2015-10-27;Public Event - Ticketed;;Birrarung Marr
Fat Tuesday New Orleans MardiGras;2016-02-09;2016-02-10;Public Event - Ticketed;;Other Park Locations, Piazza Italia
Melbourne City Metrogaine;2016-02-27;2016-02-27;Public Event - Ticketed;;Flagstaff Gardens
Wedding Ceremony;2014-10-24;2014-10-24;Wedding;;Kings Domain
Winners & Losers;2014-05-01;2014-05-01;Filming - TV Series;;Roads / Public Access Spaces
Nowhere Boys Series 2;2014-09-10;2014-09-11;Filming - TV Series;;Inner Suburb Locations
Childhood's End;2014-12-04;2014-12-04;Filming - Movie;;Princes Park
Photoshoot - Kiss FM;2014-12-10;2014-12-10;Filming - Photo shoot;;Inner Suburb Locations, ACDC Lane
Black Magic Design Cameras;2015-03-30;2015-03-31;Filming - Photo shoot;;Fitzroy Gardens, All Other Spaces
Nab Lifestyle Image Library Stills;2015-10-22;2015-10-23;Filming - Photo shoot;;Inner Suburb Locations
Agl Electric Vehicle;2015-12-08;2015-12-08;Filming - Photo shoot;;Bridges, All Other Spaces
Holden Commodore Black Photos;2016-04-21;2016-04-22;Filming - Photo shoot;;Franklin Street
Allure Magazine Photoshoot;2016-07-28;2016-07-28;Filming - Photo shoot;;Carlton Gardens, Elizabeth Street, Flinders Lane, Inner Suburb Locations, Centre Place, Degraves Street, Hosier Lane
Pulitzer;2014-07-13;2014-07-13;Filming - Student;;Lingham Lane
Winners & Losers;2014-06-25;2014-06-25;Filming - TV Series;;Other Park Locations
The George Megalogenis Project;2014-08-06;2014-08-06;Filming - TV Series;;Birrarung Marr, Bridges
Childhoods End;2015-01-09;2015-01-09;Filming - TV Series;;Inner Suburb Locations
House Husbands;2015-04-20;2015-04-20;Filming - TV Series;;Flinders Street, Queen Street
Ntv7 Travel With Parents;2016-04-12;2016-04-12;Filming - TV Series;;Flinders Street, Bridges, Centre Place, Degraves Street, Hosier Lane
The Wrong Girl;2016-05-17;2016-05-17;Filming - TV Series;;Corrs Lane
The Wrong Girl;2016-06-06;2016-06-10;Filming - TV Series;;Market Street
2pm Wild Beat;2016-11-11;2016-11-17;Filming - TV Series;;Flinders Lane, Flinders Street, Queen Street, Russell Street, Spencer Street, Inner Suburb Locations, Franklin Street, Degraves Street, Hardware Lane, Hosier Lane, Rutledge Lane, Tattersalls Lane
Power Couples;2016-11-23;2016-11-23;Filming - TV Series;;Evan Walker Bridge
Spot Jobs TVC;2014-04-26;2014-05-11;Filming - TVC;;Bank Place
Newtons Law;2016-11-02;2016-11-03;Filming - TV Series;Filming - Unit;Argyle Square Stage Only, Other Park Locations, La Trobe Street, Russell Street, Piazza Italia
Ford Ecosport TVC;2014-01-31;2014-02-02;Filming - TVC;;Little Bourke Street, Little Collins Street, Baptist Place, Flanigan Lane, Guildford Lane (Green Laneway(, Howitt Lane, Kirks Lane, McLean Alley, McIlwraith Place, Meyers Place (Green Laneway), Niagara Lane, Penfold Place, Ridgway Place, Royal Lane, Russell Place, Straughton Lane, Sutherland Street, Throssell Lane, Windsor Place
Hyundai Sonata Tvc;2014-02-18;2014-02-22;Filming - TVC;;Other Park Locations, Flinders Lane, Spring Street, Inner Suburb Locations
Bonds TVC;2014-02-22;2014-02-24;Filming - TVC;;Flagstaff Gardens
Jeep Tvc;2014-02-26;2014-02-27;Filming - TVC;;Inner Suburb Locations
Australia Post TVC;2014-07-18;2014-07-18;Filming - TVC;;Little Collins Street
Cricket World Cup Tvc;2014-08-07;2014-08-07;Filming - TVC;;Other Laneways/Places/Alleys
TAC Commercial;2014-08-30;2014-09-01;Filming - TVC;;Inner Suburb Locations
Mazda TVC;2014-11-22;2014-11-23;Filming - TVC;;Flinders Lane, Flinders Street, Spring Street
Afl 9's Tvc;2015-04-13;2015-04-13;Filming - TVC;;Fawkner Park
Victoria University Tv Commercial;2015-04-22;2015-04-22;Filming - TVC;;Batman Park
Moon Festival & China National Day;2014-09-20;2014-09-20;Promotion;;City Square
Escape Room International;2014-09-20;2014-10-04;Promotion;;Flinders St Station, Melbourne Central Station - Swanston Street
2015 Piggy Bank Appeal Launch;2015-09-01;2015-09-01;Promotion;;Bourke St Mall - next to Tourism booth
Sparkling Coffee;2015-09-14;2015-09-18;Promotion;;Flinders Street
Mrp Promotional Sampling Campaign;2015-10-22;2015-10-22;Promotion;;Flinders St Station
Wake Up Rosie;2015-10-29;2015-10-29;Promotion;;City Square
Mfc Marketing Project;2015-11-12;2015-11-12;Promotion;;Bourke St Mall - next to Tourism booth
Mini Golf Fundraiser For ReachFoundation;2015-11-20;2015-11-20;Promotion;;Southbank Spillway
International Day Of People WithDisability;2015-12-03;2015-12-03;Promotion;;Flinders Street, Flinders St Station
Premier's Active April;2016-03-29;2016-04-01;Promotion;;Flinders St Station
Tyrrell's Tractor Activation;2016-04-30;2016-04-30;Promotion;;Queensbridge Square , Piazza Italia , Southbank Spillway
Myer Denim Promotion;2016-05-12;2016-05-12;Promotion;;Bourke Street
Buro Magazine Sampling;2016-05-18;2016-05-19;Promotion;;Flinders St Station
65 Roses / Bourke St Mall;2016-05-27;2016-05-28;Promotion;;City Square, Bourke St Mall - next to Tourism booth
Bicycle Network Votebike Promotion;2016-06-29;2016-06-29;Promotion;;City Square, Queensbridge Square
Michael Hill Jeweller Launch;2016-08-12;2016-08-14;Promotion;;Bourke Street
Ovi Hydration - Watermelon Water;2016-09-27;2016-10-17;Promotion;;Queensbridge Square , Southbank Spillway
Breakfast On Blue Dinosaur;2016-11-17;2016-11-17;Promotion;;Flinders St Station
Felix: Cat-a-thon;2016-11-26;2016-11-26;Promotion;;Queensbridge Square
Coke Roadshow;2017-01-13;2017-01-13;Promotion;;Southbank Spillway
Coles Food Truck Sampling;2017-02-03;2017-02-03;Promotion;;Piazza Italia
Wateraid Australia;2017-02-27;2017-04-14;Promotion;;Flinders St Station, Bourke St Mall - next to Tourism booth, Evan Walker Bridge, 70 Errol Street, North Melbourne
Australian Formula One Grand PrixProduct Sample;2017-03-22;2017-03-28;Promotion;;Elizabeth Street
Ride The Night;2015-01-31;2015-02-01;Public Event - Cycling Event;;Birrarung Marr, Tom's Block, Other Park Locations, St Kilda Road, City Square
Jayco Herald Sun Tour Prologue;2016-02-03;2016-02-03;Public Event - Cycling Event;;Alexandra Gardens, AG - Riverslide Skate Park, Birrarung Marr, BM - Fed Sq + Princes Walk - FYI ONLY DO NOT BOOK, Bridges, Southbank Promenade, Queensbridge Square , Southbank Spillway , Evan Walker Bridge
MGS Inter-house X Country;2014-08-06;2014-08-06;Public Event - Low Impact Activity;;Kings Domain
Spring Fling Street Festival;2014-10-19;2014-10-19;Public Event - Non-ticketed;;Other Park Locations, Inner Suburb Locations
VEC State Election CommunityEducation;2014-11-11;2014-11-11;Public Event - Non-ticketed;;City Square
Christmas in the City (CoM);2014-11-12;2015-01-07;Public Event - Non-ticketed;;Swanston Street, City Square
AFC Asian Cup Live Site 2015;2015-01-08;2015-01-24;Public Event - Non-ticketed;;City Square
SummerSalt Festival 2015;2015-01-13;2015-03-02;Public Event - Non-ticketed;;Other Park Locations, Inner Suburb Locations, Southbank Spillway
Pop Up Park Session;2015-01-21;2015-01-21;Public Event - Non-ticketed;;NMCC Soccer
Antipodes Festival 2015;2015-02-13;2015-02-16;Public Event - Non-ticketed;;Lonsdale Street, Russell Street, Swanston Street, Corrs Lane, Hayward Lane, Heffernan Lane, Tattersalls Lane, Waratah Place
Melbourne Food & Wine Festival;2015-02-14;2015-03-29;Public Event - Non-ticketed;;Queensbridge Square , Southbank Spillway
Chinese New Year DragonInstallation;2015-02-15;2015-03-03;Public Event - Non-ticketed;;Promotional Sites, All Other Spaces
Chinese New Year;2015-02-16;2015-03-02;Public Event - Non-ticketed;;Exhibition Street, Little Bourke Street, Russell Street, Swanston Street, Brien Lane, Bullens Lane, Celestial Avenue, Cohen Place, Corrs Lane, Coverlid Place, Croft Alley, Crossley Street, Dean Alley, Gordon Place, Harwood Place, Heffernan Lane, Hughs Alley, La Trobe Place, Lacey Place, Lees Place, Liverpool Street, Lt Bourke Place, Market Lane, Pender Place, Punch Lane, Tattersalls Lane, Waratah Place
North Melbourne Football ClubFamily Day;2015-03-21;2015-03-22;Public Event - Non-ticketed;;North Melbourne Recreation Reserve
Banks Masters Regatta 2015;2015-04-11;2015-04-11;Public Event - Non-ticketed;;Alexandra Gardens
FFA A League Grand Final FanDay;2015-05-16;2015-05-16;Public Event - Non-ticketed;;Birrarung Marr
The Big Picture Donate Life Week;2015-08-01;2015-08-10;Public Event - Non-ticketed;;City Square
City Science;2015-08-14;2015-08-14;Public Event - Non-ticketed;;Queensbridge Square
Melbourne Spring Fashion WeekHub;2015-08-17;2015-09-11;Public Event - Non-ticketed;;City Square
Melbourne Day Flag RaisingCeremony;2015-08-30;2015-08-30;Public Event - Non-ticketed;;EP - Lawn 2, Promotional Sites, All Other Spaces
Play Streets Trial;2015-09-13;2015-09-13;Public Event - Non-ticketed;;Inner Suburb Locations
Youth Culture Day;2015-09-29;2015-09-29;Public Event - Non-ticketed;;NMCC Soccer
Out Doors Inc Celebrates MentalHealth Week;2015-10-07;2015-10-07;Public Event - Non-ticketed;;Queensbridge Square
E-waste Recycling Day;2015-10-17;2015-10-17;Public Event - Non-ticketed;;City Square
The Australian Boatrace -Alexandra Gardens;2015-10-25;2015-10-25;Public Event - Non-ticketed;;Alexandra Gardens, Birrarung Marr, BM
Festival of Italian Motorcycles 2015;2015-11-15;2015-11-15;Public Event - Non-ticketed;;Argyle Square Stage Only, Other Park Locations, Piazza Italia
McDonalds McMuffin Chute;2015-12-02;2015-12-02;Public Event - Non-ticketed;;Flinders Court
Forty Acts Of RememberingPerformance;2015-12-04;2015-12-04;Public Event - Non-ticketed;;Other Park Locations, Piazza Italia
Town Hall Veggie Patch GrowShow;2016-02-03;2016-03-03;Public Event - Non-ticketed;;Other Park Locations, Swanston Street
Playable Streets;2016-03-03;2016-03-03;Public Event - Non-ticketed;;City Square
Greek National DayCommemoration;2016-03-06;2016-03-06;Public Event - Non-ticketed;;Tom's Block, St Kilda Road
Footy Colours Day;2016-09-02;2016-09-02;Public Event - Non-ticketed;;Princes Park
Spring Fling Street Festival 2016;2016-10-16;2016-10-16;Public Event - Non-ticketed;;Other Park Locations, Inner Suburb Locations
Eureka Climb;2016-11-12;2016-11-13;Public Event - Non-ticketed;;Southbank Spillway
Nye 2016;2016-12-24;2017-01-03;Public Event - Non-ticketed;;Alexandra Gardens, AG - Riverslide Skate Park, Birrarung Marr, Flagstaff Gardens, Kings Domain, Princes Park , PP - Lawn 2 South _ Ct3 _ Cs2 _ Soc 4_5_6, Queen Victoria Gardens, Treasury Gardens, Southbank Promenade, Inner Suburb Locations, Queensbridge Square , Southbank Spillway , Promotional Sites, Parks, All Other Spaces
Sunset Series Race 1;2014-02-05;2014-02-05;Public Event - Run Walk;;Kings Domain, Princes Park , Royal Park
Cupid's Undie Run;2014-02-09;2014-02-09;Public Event - Run Walk;;All Other Spaces
Sunset Series Race 3;2014-03-05;2014-03-05;Public Event - Run Walk;;Princes Park
Legs Out For Lymphoma;2015-11-22;2015-11-22;Public Event - Run Walk;;Alexandra Gardens, Southbank Promenade, Southbank Spillway
65km For Cystic Fibrosis;2016-03-18;2016-03-19;Public Event - Run Walk;;Princes Park
Melanoma March 2017;2017-03-05;2017-03-05;Public Event - Run Walk;;Kings Domain, Tom's Block
Greyhound Adoption Program 21stB;2017-03-17;2017-03-17;Public Event - Run Walk;;Flagstaff Gardens
Festival of Italian Motorcycles 2014;2014-11-16;2014-11-16;Public Event - Ticketed;;Piazza Italia
AFL Finals Centre Square;2015-09-11;2015-10-09;Public Event - Ticketed;;Birrarung Marr
New Orleans Street Party;2015-11-20;2015-11-21;Public Event - Ticketed;;Inner Suburb Locations
Vision Australia's Carols ByCandlelight;2016-12-19;2016-12-27;Public Event - Ticketed;;Kings Domain, Tom's Block
House Of Food And Wine;2017-03-23;2017-04-11;Public Event - Ticketed;;Little Lonsdale Street, Heape Court
Wedding Ceremony;2014-01-08;2014-01-08;Wedding;;Carlton Gardens
Wedding Ceremony;2014-02-22;2014-02-22;Wedding;;Carlton Gardens
Wedding Ceremony;2014-03-16;2014-03-16;Wedding;;Fitzroy Gardens
Wedding Ceremony;2014-04-06;2014-04-06;Wedding;;Kings Domain
Wedding Ceremony;2014-09-07;2014-09-07;Wedding;;Other Park Locations
Wedding Ceremony;2014-09-20;2014-09-20;Wedding;;Kings Domain
Wedding Ceremony;2014-10-11;2014-10-11;Wedding;;Kings Domain
Wedding Ceremony;2014-11-08;2014-11-08;Wedding;;Royal Park
Wedding Ceremony;2014-11-08;2014-11-08;Wedding;;Fitzroy Gardens
Wedding Ceremony;2014-11-15;2014-11-15;Wedding;;Fitzroy Gardens
Wedding Ceremony;2015-01-11;2015-01-11;Wedding;;Kings Domain
Wedding Ceremony;2015-01-18;2015-01-18;Wedding;;Fitzroy Gardens
Wedding Ceremony;2015-02-08;2015-02-08;Wedding;;Treasury Gardens
Wedding Ceremony;2015-03-08;2015-03-08;Wedding;;Treasury Gardens
Wedding Ceremony;2015-03-29;2015-03-29;Wedding;;Kings Domain
Wedding Ceremony;2015-04-04;2015-04-04;Wedding;;Fitzroy Gardens
Wedding Ceremony;2015-04-11;2015-04-11;Wedding;;Kings Domain
Wedding Ceremony;2015-05-30;2015-05-30;Wedding;;Fitzroy Gardens
Wedding Ceremony;2015-09-18;2015-09-18;Wedding;;Fitzroy Gardens
Wedding Ceremony;2015-10-04;2015-10-04;Wedding;;Treasury Gardens
Wedding Ceremony;2015-11-21;2015-11-21;Wedding;;Kings Domain
Wedding Ceremony;2016-01-08;2016-01-08;Wedding;;Kings Domain
Wedding Ceremony;2016-01-09;2016-01-09;Wedding;;Treasury Gardens
Wedding Ceremony;2016-01-17;2016-01-17;Wedding;;Kings Domain
Wedding Ceremony;2016-01-23;2016-01-23;Wedding;;
Wedding Ceremony;2016-02-05;2016-02-05;Wedding;;Fitzroy Gardens
Wedding Ceremony;2016-02-06;2016-02-06;Wedding;;Carlton Gardens
Wedding Ceremony;2016-02-13;2016-02-13;Wedding;;Kings Domain
Wedding Ceremony;2016-02-26;2016-02-26;Wedding;;Kings Domain
Wedding Ceremony;2016-03-05;2016-03-05;Wedding;;Treasury Gardens
Wedding Ceremony;2016-04-03;2016-04-03;Wedding;;Treasury Gardens
Wedding Ceremony;2016-04-09;2016-04-09;Wedding;;Kings Domain
Wedding Ceremony;2016-07-30;2016-07-30;Wedding;;Queen Victoria Gardens
Wedding Ceremony;2016-10-08;2016-10-08;Wedding;;Carlton Gardens
Wedding Ceremony;2016-11-11;2016-11-11;Wedding;;Kings Domain
Wedding Ceremony;2016-11-26;2016-11-26;Wedding;;Royal Park
Wedding Ceremony;2016-12-11;2016-12-11;Wedding;;Fitzroy Gardens
Wedding Ceremony;2016-12-31;2016-12-31;Wedding;;Carlton Gardens
Wedding Ceremony;2017-03-04;2017-03-04;Wedding;;Carlton Gardens
Wedding Ceremony;2017-03-05;2017-03-05;Wedding;;Fitzroy Gardens
Wedding Ceremony;2017-03-17;2017-03-17;Wedding;;Fitzroy Gardens
Wedding Ceremony;2017-03-18;2017-03-18;Wedding;;Fitzroy Gardens
Wedding Ceremony;2017-03-31;2017-03-31;Wedding;;Fitzroy Gardens
Rebel Sport Commercial;2017-12-15;2017-12-16;Filming - TVC, Recreation and Sport;;Parks
Wedding Ceremony;2017-10-07;2017-10-07;Wedding;;Fitzroy Gardens
Wedding Ceremony;2017-12-09;2017-12-09;Wedding;;Royal Park
Arts Learning Festival;2017-04-30;2017-05-10;Pubilc Event - Non-ticketed;;Birrarung Marr
Wedding Ceremony;2017-10-28;2017-10-28;Wedding;;Fitzroy Gardens
The Block Challenge;2017-05-25;2017-05-25;Filming - TV Series;;Royal Park, Other Park Locations
Ask The Doctor;2018-01-13;2018-01-13;Filming - TV Series;;Princes Park , Royal Park, Bourke Street, Elizabeth Street, Swanston Street, Inner Suburb Locations, The Causeway, Union Lane
Nissan Tvc;2017-05-06;2017-05-06;Filming - TVC;;Little Lonsdale Street
Sisters Series 1;2017-08-02;2017-08-02;Filming - TV Series;;Punch Lane
Remission;2017-11-20;2017-11-20;Filming - Student;;Inner Suburb Locations
2 Year Old Birthday Party;2017-04-22;2017-04-22;Private Event;;Fitzroy Gardens
Fox Footy Longest Kick;2017-09-29;2017-09-30;Public Event - Non Ticketed;;Alexandra Gardens, Birrarung Marr
Wedding Ceremony;2017-12-02;2017-12-02;Wedding;;Fitzroy Gardens
Cbus;2017-12-18;2017-12-18;Filming - TVC;;Alexandra Gardens, AG - Riverslide Skate Park
Melbourne Day;2017-08-27;2017-08-30;Public Event - Non Ticketed;;EP - Lawn 2, Promotional Sites, All Other Spaces
Wedding Ceremony;2017-10-01;2017-10-01;Wedding;;Carlton Gardens
International Aids Candlelight Memorial;2017-05-21;2017-05-21;Public Event - Low Impact Activity;;Queensbridge Square
Wedding Ceremony;2017-12-17;2017-12-17;Wedding;;Other Park Locations
First Friday Dance Club;2016-10-07;2017-06-02;Pubilc Event - Non-ticketed;;Queensbridge Square
Wedding Ceremony;2017-11-25;2017-11-25;Wedding;;Kings Domain
Move In May;2017-05-20;2017-05-21;Public Event - Run/Walk;;Kings Domain, Tom's Block
Wedding Ceremony;2017-11-24;2017-11-24;Wedding;;Kings Domain
Isaca Family Day;2017-11-19;2017-11-19;Private Event;;Parks
Philippines Street Festival;2017-11-17;2017-11-20;Public Event - Non Ticketed;;Argyle Square Stage Only, Other Park Locations, Piazza Italia
Afl Grand Final Day Parade 2017;2017-09-29;2017-09-29;Public Event - Parade;;Fitzroy Gardens, Treasury Gardens, Other Park Locations, Collins Street, Flinders Lane, Flinders Street, Little Bourke Street, Little Collins Street, Spring Street, Inner Suburb Locations
Wedding Ceremony;2017-12-17;2017-12-17;Wedding;;Carlton Gardens
Family Safety Victoria Eoy Event;2017-12-15;2017-12-15;Private Event;Christmas Party;Treasury Gardens
Social Garden Xmas Party;2017-12-15;2017-12-15;Private Event;Christmas Party;Fitzroy Gardens
A Walk In The Park;2017-10-28;2017-10-28;Public Event - Low Impact Activity;;Princes Park
The Student Housing Company;2017-11-14;2017-11-14;Filming - TVC;;La Trobe Street, Inner Suburb Locations
Dhhs End Of Year Staff Event;2017-12-12;2017-12-12;Private Event;Christmas Party;Treasury Gardens
Sisters Series 1;2017-08-30;2017-08-31;Filming - TV Series;;Russell Street, William Street
Wedding Ceremony;2017-05-07;2017-05-07;Wedding;;Kings Domain
Emirates Melbourne Cup Parade;2017-11-06;2017-11-06;Public Event - Parade;;Bourke Street, Collins Street, Elizabeth Street, Flinders Lane, Flinders Street, Little Bourke Street, Swanston Street, St Kilda Road, Bridges, Inner Suburb Locations
Wedding Ceremony;2017-07-07;2017-07-07;Wedding;;Fitzroy Gardens
Australia Post 2017;2017-08-01;2017-08-03;Filming - Photo shoot;;Inner Suburb Locations, Roads / Public Access Spaces
Out Of The Shadows;2017-09-10;2017-09-10;Public Event - Run/Walk;;Tom's Block, Queen Victoria Gardens, St Kilda Road, Bridges
Sisters Series 1;2017-07-26;2017-07-26;Filming - TV Series;;Inner Suburb Locations
Harvey's Heroes Day;2017-07-04;2017-07-04;Public Event - Low Impact Activity;;North Melbourne Recreation Reserve
ANZ Finance Systems Xmas Party;2017-12-07;2017-12-07;Private Event;Christmas Party;Fitzroy Gardens
Wedding Ceremony;2017-04-23;2017-04-23;Wedding;;Fitzroy Gardens
Music Video For Peking Duck 'let You Down';2017-10-18;2017-10-18;Filming - Other;;Alexandra Gardens
Mapping Melbourne 2017: Festivity;2017-12-16;2017-12-16;Public Event - Run/Walk;;Southbank Promenade, Queensbridge Square
Wedding Ceremony;2017-11-25;2017-11-25;Wedding;;Carlton Gardens
Unveiling Of The Parthenon Frieze;2017-11-26;2017-11-26;Public Event - Non Ticketed;;Lonsdale Street
5km Scadaddle For Scad Research;2017-09-17;2017-09-17;Public Event - Ticketed;;Princes Park
Css Case Competition Launch;2017-04-27;2017-04-27;Public Event - Low Impact Activity;;Other Park Locations
Vrr Fun Run - New Years Eve;2017-12-31;2017-12-31;Public Event - Run/Walk;;Kings Domain
Purple;2017-09-29;2017-09-29;Filming - Student;;Crossley Street
Head Of The Yarra Rowing Regatta;2017-11-24;2017-11-26;Public Event - Non Ticketed;;Alexandra Gardens
Oxfam Australia;2017-08-14;2017-08-18;Promotion;;Bourke St Mall - next to Tourism booth
Wedding Ceremony;2017-12-16;2017-12-16;Wedding;;Fitzroy Gardens
Quit;2017-06-05;2017-06-05;Filming - TVC;;Princes Park
Ymca Fathers Day Fun Run;2017-09-02;2017-09-03;Public Event - Run/Walk;;Alexandra Gardens, AG - Riverslide Skate Park, Kings Domain, Tom's Block, St Kilda Road
Wedding Ceremony;2017-11-23;2017-11-23;Wedding;;Carlton Gardens
The Greater Run;2017-10-27;2017-10-27;Public Event - Run/Walk;;Kings Domain, Tom's Block
Jack Irish;2017-11-29;2017-11-29;Filming - TV Series;;Inner Suburb Locations
Experian Bring Kids To Work Day;2017-12-14;2017-12-14;Private Event;;Fawkner Park
Telstra Survivor;2017-11-29;2017-11-29;Private Event;;Treasury Gardens
Wedding Ceremony;2017-11-11;2017-11-11;Wedding;;Kings Domain
Melbourne Latin Summer Festival;2018-01-04;2018-01-08;Public Event - Non Ticketed;;Kings Domain, Tom's Block
Heart Research Institute;2017-03-06;2017-04-28;Promotion;;Flinders St Station, All Other Spaces
National Sorry Day Commemoration;2017-05-26;2017-05-26;Public Event - Low Impact Activity;;Other Park Locations
Barring Yanabul (yirramboi Festival);2017-05-13;2017-05-13;Pubilc Event - Non-ticketed;;Birrarung Marr, Carlton Gardens, Flagstaff Gardens, Other Park Locations, Bourke Street, Little Collins Street, Swanston Street, Inner Suburb Locations, Baptist Place, Croft Alley, Driver Lane, Guildford Lane, Hosier Lane, Royal Lane, Union Lane, Other Laneways/Places/Alleys, Flinders St Station, Bourke St Mall - next to Tourism booth
Gin Palace 20th Birthday;2017-11-07;2017-11-08;Public Event - Non Ticketed;;Russell Place
Wedding Ceremony;2017-10-15;2017-10-15;Wedding;;Fitzroy Gardens
The Economist Food Waste;2017-11-03;2017-11-03;Promotion;;Queensbridge Square
I, Supermodel;2014-12-18;2014-12-18;Filming - Other;;Carlton Gardens, Flinders St Station
British India Film Clip;2015-03-20;2015-03-20;Filming - Other;;Promotional Sites, All Other Spaces
Vic Uni;2014-05-08;2014-05-08;Filming - Photo shoot;;Evan Walker Bridge
Tourism Australia;2014-06-12;2014-06-15;Filming - Photo shoot;;Flinders Street
Australian Unity Photography;2015-04-15;2015-04-15;Filming - Photo shoot;;Fitzroy Gardens
Deakin Uni Photo Shoot;2015-09-18;2015-09-18;Filming - Photo shoot;;Bourke Street, Swanston Street
Myer Aw17;2016-11-28;2016-11-29;Filming - Photo shoot;;Carlton Gardens
Eyebrow/true White Bb;2017-03-15;2017-03-18;Filming - Photo shoot;;Promotional Sites
Green Door (student);2015-12-17;2015-12-22;Filming - Student;;Carlton Gardens, Flinders Lane, Campbell Arcade, Centre Place
Holding The Man;2014-10-07;2014-10-07;Filming - Movie;;Fawkner Park
Loving Melbourne;2014-06-21;2014-06-21;Filming - Other;;Promotional Sites
"B-87 ""ride"" - Music Video";2017-02-24;2017-02-25;Filming - Other;;Hosier Lane, Rutledge Lane
Holmesglen Photo Shoot;2014-05-12;2014-05-14;Filming - Photo shoot;;Birrarung Marr
Energy Australia Photo Shoot;2014-10-09;2014-10-09;Filming - Photo shoot;;Flagstaff Gardens
VRC Herald Sun Photo Shoot;2015-08-31;2015-08-31;Filming - Photo shoot;;Flagstaff Gardens
Hesta Corporate Portraits -;2016-03-31;2016-03-31;Filming - Photo shoot;;Treasury Gardens, Other Park Locations
Redbubble Fashion Photoshoot;2016-06-15;2016-06-16;Filming - Photo shoot;;Carlton Gardens, Other Park Locations, Inner Suburb Locations
Nike Run By Rebels;2017-04-19;2017-04-21;Filming - Photo shoot;;Kings Domain, Flinders Lane, Bridges, Inner Suburb Locations, ACDC Lane, Celestial Avenue, Croft Alley, Duckboard Place, Rankins Lane, Stevenson Lane, Tattersalls Lane, Warburton Lane
ARYO;2014-07-15;2014-07-15;Filming - Student;;Collins Street
Swinburne - Tin Man;2014-09-07;2014-09-07;Filming - Student;;Campbell Arcade
Hospitality (student);2015-06-25;2015-06-25;Filming - Student;;Promotional Sites
The Recruit;2014-04-07;2014-04-07;Filming - TV Series;;Birrarung Marr, Southbank Promenade, Queensbridge Square , Evan Walker Bridge, Parks
The George Megalogenis Project;2014-08-27;2014-08-27;Filming - TV Series;;Bridges, Promotional Sites
Winners & Losers Series 4;2014-09-30;2014-09-30;Filming - TV Series;;Inner Suburb Locations
Foxtel Sketch Comedy;2015-03-24;2015-03-25;Filming - TV Series;;Bridges
Masterchef;2015-04-14;2015-04-14;Filming - TV Series;;Flinders Street
Winners And Losers Season 5;2015-07-22;2015-07-22;Filming - TV Series;;Roads / Public Access Spaces
The Wrong Girl;2016-06-27;2016-06-27;Filming - TV Series;;Treasury Gardens, Other Park Locations, Spring Street, Inner Suburb Locations, McIlwraith Place
Newtons Law;2016-09-08;2016-09-08;Filming - TV Series;;Spring Street, Inner Suburb Locations
Masterchef 9;2016-11-30;2016-11-30;Filming - TV Series;;Alexandra Gardens, St Kilda Road, Bridges
Dogfight;2016-08-21;2016-08-21;Filming - TV Series;Filming - Unit;Flagstaff Gardens, Bank Place
Mitsubishi Asx Tvc;2014-06-21;2014-06-22;Filming - TVC;;Little Collins Street, Roads / Public Access Spaces
Mazda TVC;2014-09-19;2014-09-20;Filming - TVC;;Flagstaff Gardens, Little Collins Street, Street Locations, Roads / Public Access Spaces
Honda Civic Tvc;2016-04-26;2016-04-27;Filming - TVC;;Parks, Roads / Public Access Spaces
Holden Trax Mobile Interaction;2017-02-10;2017-02-11;Filming - TVC;;Alexandra Gardens, Roads / Public Access Spaces
Nissan Pickups;2017-04-18;2017-04-18;Filming - TVC;;Franklin Street, Parks
Sunglass Hut;2016-04-20;2016-04-21;Filming - TVC;Filming - Photo shoot;Flinders Street, Duckboard Place
Lock In The Love;2014-02-10;2014-02-14;Promotion;;City Square, Queensbridge Square
Caravan, Camping & Touring SuperShow 2014;2014-03-01;2014-03-01;Promotion;;Southbank Spillway
Optus Project K;2014-04-11;2014-04-11;Promotion;;Bourke Street
Old News;2014-10-01;2014-10-03;Promotion;;Flinders St Station
Land Rover L550 Launch;2015-01-06;2015-01-11;Promotion;;Queensbridge Square
David Jones Model Casting;2015-02-19;2015-02-19;Promotion;;Bourke Street
Choose Australian Made RecycledPaper;2015-11-13;2015-11-13;Promotion;;Bourke St Mall - next to Tourism booth
Tic Tac;2015-12-09;2015-12-09;Promotion;;Flinders St Station
Help Rob The Frog Find Love;2016-02-14;2016-02-14;Promotion;;Flinders St Station, Piazza Italia , Southbank Spillway , Bourke St Mall - next to Tourism booth, Evan Walker Bridge
Pop Up Media Event;2016-05-10;2016-05-10;Promotion;;Queensbridge Square , Bourke St Mall - next to Tourism booth
Continental Sensations Sampling;2016-05-19;2016-05-24;Promotion;;Queensbridge Square , Southbank Spillway , Promotional Sites
Herald Sun Tour 2014;2014-02-04;2014-02-05;Public Event - Cycling Event;;Alexandra Gardens, AG - Riverslide Skate Park, Birrarung Marr, BM , Swanston Street, Bridges, Southbank Promenade, Queensbridge Square , Southbank Spillway , Evan Walker Bridge
Jayco Herald Sun Tour 2017;2017-02-01;2017-02-01;Public Event - Cycling Event;;Alexandra Gardens, AG - Riverslide Skate Park, Birrarung Marr, BM - Fed Sq + Princes Walk - FYI ONLY DO NOT BOOK, Bridges, Southbank Promenade, Queensbridge Square , Southbank Spillway , Evan Walker Bridge
Community Engagement;2014-05-12;2014-06-05;Public Event - Low Impact Activity;;Promotional Sites, Parks, All Other Spaces
St Eugene Performing ArtsShowcase;2015-09-19;2015-09-22;Public Event - Low Impact Activity;;Queensbridge Square , Southbank Spillway
First Friday Dance Club;2015-10-02;2016-06-03;Public Event - Low Impact Activity;;City Square, Queensbridge Square
Hopscotch;2015-10-27;2015-10-27;Public Event - Low Impact Activity;;Union Lane
Festival Of Tabernacles;2016-10-19;2016-10-21;Public Event - Low Impact Activity;;City Square
Harmony Day;2017-03-21;2017-03-21;Public Event - Low Impact Activity;;Queensbridge Square
Tide;2017-04-21;2017-04-23;Public Event - Low Impact Activity;;Royal Park, RP - Walmsley House
Ride2work 2015;2015-10-04;2015-10-15;Public Event - Low Impact Activity,;;City Square, Promotional Sites, All Other Spaces
Circus Oz Publicity;2015-04-17;2015-04-17;Public Event - Media/Launch Event;;Birrarung Marr
Myer Christmas Windows Launch;2015-11-10;2015-11-10;Public Event - Media/Launch Event;;Bourke Street, Bourke St Mall - next to Tourism booth
Weary Dunlop CommemorativeService;2014-07-12;2014-07-12;Public Event - Memorial;;Kings Domain, Tom's Block
Private Official Opening Seeds OfFriendship (ATFMS);2015-04-13;2015-04-13;Public Event - Memorial;;Kings Domain
Sir Edward DunlopCommemorative Service;2016-07-12;2016-07-12;Public Event - Memorial;;Tom's Block
Dan O'Connell St Patricks Day;2015-03-17;2015-03-18;Public Event - Music Event;;Other Park Locations, Inner Suburb Locations
Kensington Australia Day Festival;2014-01-26;2014-01-26;Public Event - Non-ticketed;;Inner Suburb Locations
The Long Walk Wellbeing Concert;2014-05-30;2014-05-31;Public Event - Non-ticketed;;Kings Domain
Quiet Man Irish Pub St PatricksDay 2014;2014-03-17;2014-03-17;Public Event - Non-ticketed;;Inner Suburb Locations
65 Roses Campaign;2014-05-30;2014-05-31;Public Event - Non-ticketed;;City Square, Queensbridge Square
Pink POS FAB Touring Caravan;2014-07-18;2014-07-26;Public Event - Non-ticketed;;City Square
Winter Nights;2014-07-18;2014-08-29;Public Event - Non-ticketed;;All Other Spaces
Spartan Hurricane W.O.D;2014-12-05;2014-12-06;Public Event - Non-ticketed;;Royal Park
Chinese New Year (DestinationDocklands);2015-02-08;2015-02-18;Public Event - Non-ticketed;;All Other Spaces
Scouts Victoria Family Day;2015-02-15;2015-02-15;Public Event - Non-ticketed;;Kings Domain, Tom's Block, Bourke Street, Bourke St Mall - next to Tourism booth
Places For People CommunityConsultation;2015-03-24;2015-04-16;Public Event - Non-ticketed;;Bourke Street, Elizabeth Street, Swanston Street, Roads / Public Access Spaces
Good Friday Service;2015-04-03;2015-04-03;Public Event - Non-ticketed;;Tom's Block
University Of Melbourne OpenDay, Parkville;2015-08-15;2015-08-17;Public Event - Non-ticketed;;Other Park Locations, Inner Suburb Locations
The Sailing Family Zhaifeng;2015-08-29;2015-08-29;Public Event - Non-ticketed;;Queensbridge Square
Great Amazing Race;2015-10-10;2015-10-10;Public Event - Non-ticketed;;Royal Park
Homeless Persons MemorialService;2015-11-11;2015-11-11;Public Event - Non-ticketed;;Alexandra Gardens
Yarn Corner Stitches Up CitySquare;2016-01-24;2016-03-06;Public Event - Non-ticketed;;City Square
Mad Hatter Tea Party;2016-01-30;2016-01-30;Public Event - Non-ticketed;;Treasury Gardens
Italian Auto Icons Display;2016-03-06;2016-03-06;Public Event - Non-ticketed;;Inner Suburb Locations
Saint Patricks Day - Quiet ManIrish Pub;2016-03-17;2016-03-17;Public Event - Non-ticketed;;Inner Suburb Locations
Voicefest;2016-04-08;2016-04-08;Public Event - Non-ticketed;;Neill Street Reserve
Swiss Festival 2016;2016-10-09;2016-10-09;Public Event - Non-ticketed;;Queensbridge Square
Carols In Piazza;2016-12-18;2016-12-18;Public Event - Non-ticketed;;Argyle Square Stage Only, Other Park Locations, Inner Suburb Locations, Piazza Italia
Chinese New Year Lion Dancing(CYSM);2017-01-27;2017-01-29;Public Event - Non-ticketed;;Little Bourke Street, Little Collins Street
Hsv Owners Club Good FridayShow N Shine;2017-04-14;2017-04-14;Public Event - Non-ticketed;;Queensbridge Square , Southbank Spillway
Emirates Melbourne Cup Parade;2015-11-02;2015-11-02;Public Event - Parade;;Queen Victoria Gardens, Swanston Street, Bridges
RMIT Graduation Parade 2015;2015-12-16;2015-12-16;Public Event - Parade;;La Trobe Street, Swanston Street
Sunset Series Race 2;2014-02-19;2014-02-19;Public Event - Run Walk;;Kings Domain
Active Melbourne Corporate Cup;2014-09-04;2014-12-11;Public Event - Run Walk;;Kings Domain
Put Your Foot Down WalkMelbourne 2016;2016-05-01;2016-05-01;Public Event - Run Walk;;Alexandra Gardens, Birrarung Marr, Bridges, Southbank Promenade, Queensbridge Square
Sri Chinmoy Winter RunningFestival;2016-07-17;2016-07-17;Public Event - Run Walk;;Princes Park
Pace The Tan & Race The Tan;2016-09-20;2016-11-08;Public Event - Run Walk;;Kings Domain
Sunset Series Race 2;2017-02-15;2017-02-15;Public Event - Run Walk;;Princes Park
Sunset Series Race 1;2015-02-04;2015-02-05;Public Event - Ticketed;;Royal Park, RP - Lawn 6_Brens Cricket Nets
Sunset Series Race 2;2015-02-18;2015-02-19;Public Event - Ticketed;;Kings Domain, Tom's Block, Princes Park
Private Little Operations With MargaretTrail;2015-12-17;2016-03-22;Public Event - Ticketed;;Fitzroy Gardens
I'll Dine With You;2016-02-29;2016-02-29;Public Event - Ticketed;;City Square
Afl Pre Season Match;2017-02-22;2017-02-28;Public Event - Ticketed;;North Melbourne Recreation Reserve
Anthony;2015-02-17;2015-02-17;Filming - Movie;;Inner Suburb Locations
Freedom - Music Video;2014-06-25;2014-06-26;Filming - Other;;Treasury Gardens
Winners & Losers;2014-08-12;2014-08-12;Filming - Other;;Inner Suburb Locations
Mazda Stills;2014-09-23;2014-09-23;Filming - Photo shoot;;Roads / Public Access Spaces
Toyota Plate Shots;2015-02-25;2015-02-26;Filming - Photo shoot;;Treasury Gardens
Toyota Plate Shots;2015-03-01;2015-03-01;Filming - Photo shoot;;Roads / Public Access Spaces
Australia's Next Top Model;2014-10-17;2014-10-17;Filming - TV Series;;Hosier Lane
Masterchef Ep39;2015-02-25;2015-02-25;Filming - TV Series;;Spring Street
Please Like Me Series 3;2015-05-25;2015-05-25;Filming - TV Series;;Promotional Sites
Winners And Losers - Season 5;2015-07-31;2015-07-31;Filming - TV Series;;Inner Suburb Locations
The Doctor Blake Mysteries;2015-09-16;2015-09-16;Filming - TV Series;;Inner Suburb Locations
ALP TVC;2014-07-01;2014-07-02;Filming - TVC;;Alexandra Gardens
Subaru Tvc;2014-10-31;2014-11-01;Filming - TVC;;Little Bourke Street, Inner Suburb Locations, Crombie Lane
Bmw Plate Shots;2015-01-17;2015-01-18;Filming - TVC;;Flinders Lane, Inner Suburb Locations, Roads / Public Access Spaces
Holden Captiva & Trax Tvc;2015-04-22;2015-04-23;Filming - TVC;;Inner Suburb Locations, Roads / Public Access Spaces
Gmhba Tvc;2015-12-15;2015-12-16;Filming - TVC;;Inner Suburb Locations
John West Tvc;2016-01-25;2016-01-25;Filming - TVC;;Southbank Spillway
Jins Eyewear Tvc 2016;2016-02-10;2016-02-10;Filming - TVC;;Treasury Gardens
Audi/hawks;2016-03-16;2016-03-17;Filming - TVC;;Little Bourke Street, Crombie Lane, Gresham Street
Commercial;2017-02-01;2017-02-01;Filming - TVC;;Fawkner Park
Agl Tvc;2017-02-18;2017-02-18;Filming - TVC;;Collins Street, La Trobe Street, Spring Street, William Street, Promotional Sites, Roads / Public Access Spaces
Victoria Police;2017-01-05;2017-01-06;Filming - TVC;Filming - Other;Flinders Street, Inner Suburb Locations, Parks
Time Of Our Lives;2014-02-27;2014-02-27;Filming - Unit Base;;Other Park Locations, Inner Suburb Locations
Holding The Man (Unit Base);2014-12-04;2014-12-04;Filming - Unit Base;;Fawkner Park
Childhoods End Unit Base;2015-02-13;2015-02-13;Filming - Unit Base;;Alexandra Gardens
Telstra WiFi Nation;2014-09-30;2014-09-30;Promotion;;Bourke Street
Afl Season Launch;2015-03-25;2015-03-26;Filming - Unit Base;;Promotional Sites
House Husbands Unit Base;2015-04-02;2015-04-02;Filming - Unit Base;;Flagstaff Gardens
Australia's Healthy Weight Week;2014-02-11;2014-02-11;Promotion;;Queensbridge Square
Australian Formula One Release;2014-03-13;2014-03-18;Promotion;;Elizabeth Street
Myer Benefit Cosmetics -Porefessional;2014-03-14;2014-03-14;Promotion;;Bourke Street, Bourke St Mall - next to Tourism booth
Munich Brauhaus;2014-08-20;2014-08-20;Promotion;;Southbank Spillway
Daffodil Day;2014-08-21;2014-08-25;Promotion;;Southbank Spillway
Lurpak Sampling Activity;2014-08-29;2014-08-29;Promotion;;Parliament Station
Bike Blender;2014-09-04;2014-09-04;Promotion;;Little Collins Street
Audi Etron Activation;2014-10-30;2014-10-30;Promotion;;Promotional Sites
Com Booking Susan Lengyel;2014-11-14;2014-11-15;Promotion;;Royal Park, RP - Walmsley House
Rise Melbourne 2014;2014-12-25;2014-12-25;Promotion;;Queensbridge Square
Bupa;2015-01-22;2015-01-22;Promotion;;Southbank Spillway
Next Wave Festival;2014-04-26;2014-05-12;Public Event - Low Impact Activity;;Alexandra Gardens, Swanston Street, Inner Suburb Locations, Degraves Street, Degraves Place, Hosier Lane, Queensbridge Square , Southbank Spillway
Park and Play' Summer Pop-UpProgram;2015-01-20;2015-01-20;Public Event - Low Impact Activity;;Parks
Transitions Film Festival Screening;2015-02-23;2015-03-02;Public Event - Low Impact Activity;;Argyle Square Stage Only, Other Park Locations, Piazza Italia
Pop Up Community Info Session;2015-12-05;2015-12-05;Public Event - Low Impact Activity;;Inner Suburb Locations
Melbourne City Football Club TimCahill Signi;2016-08-27;2016-08-27;Public Event - Low Impact Activity;;Flagstaff Gardens
Malaysian Welcoming Bbq 2017;2017-03-18;2017-03-18;Public Event - Low Impact Activity;;Flagstaff Gardens
Herald Sun Tour - LIVE RADIO OB;2014-02-05;2014-02-05;Public Event - Media/Launch Event;;Queensbridge Square
Private Bioblitz Melbourne Launch;2014-10-31;2014-10-31;Public Event - Media/Launch Event;;Fitzroy Gardens
Australian Open Activation;2015-10-20;2015-10-26;Public Event - Media/Launch Event;;City Square
Vietnam Veterans Day 2016;2016-08-17;2016-08-18;Public Event - Memorial;;Tom's Block, St Kilda Road
Private Wall To Wall Ride ForRemembrance;2016-09-16;2016-09-16;Public Event - Memorial;;Tom's Block, St Kilda Road
Arcade Fire (SMMB);2014-01-21;2014-01-23;Public Event - Music Event;;Kings Domain
Amphlett Lane Choir 2015;2015-11-20;2015-11-20;Public Event - Music Event;;Other Laneways/Places/Alleys
Sidney Myer Music Bowl Concerts;2016-01-29;2016-04-03;Public Event - Music Event;;Kings Domain
Chinese New Year (Hong De LionDance Assoc.);2014-01-30;2014-01-31;Public Event - Non-ticketed;;Little Bourke Street, Queen Street, Inner Suburb Locations, Heffernan Lane, Waratah Place
Banks Masters Regatta 2014;2014-03-29;2014-03-29;Public Event - Non-ticketed;;Alexandra Gardens
Kirat Festival 2014;2014-05-24;2014-05-24;Public Event - Non-ticketed;;Birrarung Marr
Eureka Climb 2014;2014-11-15;2014-11-16;Public Event - Non-ticketed;;Inner Suburb Locations, Southbank Spillway
Carols In The Piazza;2014-12-21;2014-12-22;Public Event - Non-ticketed;;Argyle Square Stage Only, Other Park Locations, Piazza Italia
Santa's Grand Arrival Concert;2015-11-07;2015-11-07;Public Event - Non-ticketed;;Bourke Street, Bourke St Mall - next to Tourism booth
CoM Christmas Festival;2015-11-09;2016-01-10;Public Event - Non-ticketed;;Collins Street, Swanston Street, Bridges, Southbank Promenade, City Square, Queensbridge Square , Southbank Spillway , Parks, All Other Spaces
Nmfc Family Day;2016-03-05;2016-03-06;Public Event - Non-ticketed;;North Melbourne Recreation Reserve
Sidewalk Astronomy;2016-03-12;2016-03-13;Public Event - Non-ticketed;;Southbank Promenade
Lord Mayor's Student Welcome;2016-03-19;2016-03-19;Public Event - Non-ticketed;;City Square
Madame Truffles Truffle ToastieToast Off;2016-07-10;2016-07-10;Public Event - Non-ticketed;;Inner Suburb Locations
Melbourne Spring Fashion WeekHub;2016-08-14;2016-09-14;Public Event - Non-ticketed;;Swanston Street, City Square
Celebration For World Peace;2016-09-18;2016-09-18;Public Event - Non-ticketed;;Treasury Gardens
Family: The Diversity Of Love;2016-09-27;2016-10-06;Public Event - Non-ticketed;;Queensbridge Square
Meyers Place Latin Fiesta;2016-10-16;2016-10-16;Public Event - Non-ticketed;;Little Collins Street, Meyers Place (Green Laneway), Windsor Place
Up Your Alley Chamber MusicFestival;2016-10-21;2016-10-23;Public Event - Non-ticketed;;Pink Alley
Melbourne Zombie Walk;2016-10-29;2016-10-29;Public Event - Non-ticketed;;Alexandra Gardens, Birrarung Marr, Southbank Promenade, Northbank Promenade, Southbank Spillway , Evan Walker Bridge
Green Your Laneway;2016-11-02;2016-11-14;Public Event - Non-ticketed;;Meyers Place (Green Laneway)
Myer Christmas Carnival;2016-11-25;2016-11-26;Public Event - Non-ticketed;;Bourke Street, Bourke St Mall - next to Tourism booth
Bubble Soccer World Cup;2017-02-03;2017-02-05;Public Event - Non-ticketed;;Birrarung Marr
Lonsdale Street Festival;2017-02-25;2017-02-27;Public Event - Non-ticketed;;Lonsdale Street, Russell Street, Caledonian Lane, Corrs Lane, Drewery Alley Drewery Lane, Drewery Place , Hayward Lane, Heffernan Lane, Sniders Lane - Do Not Book, Tattersalls Lane, Waratah Place
Fat Tuesday;2017-02-28;2017-03-01;Public Event - Non-ticketed;;Argyle Square Stage Only, Other Park Locations, Piazza Italia
Quiet Man Irish Pub Saint PatricksDay;2017-03-17;2017-03-17;Public Event - Non-ticketed;;Inner Suburb Locations
South Asian New Year Festival;2017-04-21;2017-04-22;Public Event - Non-ticketed;;Birrarung Marr
United Through Football;2015-12-20;2015-12-27;Public Event - Non-ticketed;Recrea;Holland Park, HP - Cricket Nets, HP - Running Track
Les Tambours De Feu;2016-10-06;2016-10-08;Public Event - Parade;;Flinders Lane, Flinders Street, Swanston Street, Bridges, Hosier Lane, City Square
MS Colour Dash;2014-01-25;2014-01-26;Public Event - Run Walk;;Promotional Sites, All Other Spaces, Roads / Public Access Spaces
Connor's Run;2014-09-13;2014-09-14;Public Event - Run Walk;;Alexandra Gardens, Bridges, Southbank Promenade, Inner Suburb Locations, Queensbridge Square , Southbank Spillway , Evan Walker Bridge
Victorian Road Runners Tan TimeTrials;2015-08-01;2015-12-31;Public Event - Run Walk;;Kings Domain
Parkinson's Victoria Walk In ThePark 2015;2015-08-30;2015-08-30;Public Event - Run Walk;;Alexandra Gardens, Birrarung Marr, Swanston Street, Bridges
Connor's Run 2015;2015-09-12;2015-09-14;Public Event - Run Walk;;Alexandra Gardens, Queensbridge Square , Southbank Spillway , Evan Walker Bridge
Athletics Victoria Tan Relays 2015;2015-09-19;2015-09-19;Public Event - Run Walk;;Kings Domain
Eureka Climb 2015;2015-11-14;2015-11-15;Public Event - Run Walk;;Inner Suburb Locations, Southbank Spillway
Nike Run Club;2016-01-21;2016-02-25;Public Event - Run Walk;;Kings Domain
Tan Time Trial;2016-03-05;2017-02-04;Public Event - Run Walk;;Kings Domain
Herald Sun CityLink Run for theKids;2016-03-16;2016-03-22;Public Event - Run Walk;;Alexandra Gardens, AG - Riverslide Skate Park, Kings Domain, Tom's Block, Queen Victoria Gardens, Flinders Street, Swanston Street, St Kilda Road, Bridges, Southbank Promenade, Inner Suburb Locations, Flinders St Station, Queensbridge Square , Southbank Spillway , Evan Walker Bridge, Promotional Sites, All Other Spaces, Harbour Esplanade, Roads / Public Access Spaces
Princes Park Urban RunningFestival;2016-06-17;2016-06-19;Public Event - Run Walk;;Princes Park
Run Melbourne;2016-07-17;2016-07-27;Public Event - Run Walk;;Alexandra Gardens, AG - Riverslide Skate Park, Birrarung Marr, Kings Domain, Tom's Block, Queen Victoria Gardens, Elizabeth Street, Exhibition Street, Flinders Street, Queen Street, Russell Street, Spring Street, Swanston Street, St Kilda Road, Bridges, Southbank Promenade, Inner Suburb Locations, Flinders St Station, Queensbridge Square , Southbank Spillway , Evan Walker Bridge, Promotional Sites, Parks, All Other Spaces, Roads / Public Access Spaces
Tan Ultra;2016-08-14;2016-08-14;Public Event - Run Walk;;Kings Domain
Parkinson's Victoria Walk In ThePark 2016;2016-08-28;2016-08-28;Public Event - Run Walk;;Alexandra Gardens, AG - Riverslide Skate Park, Birrarung Marr, Swanston Street, Bridges
Run As One;2016-10-08;2016-10-08;Public Event - Run Walk;;Kings Domain, Tom's Block
Stride The Divide;2016-10-14;2016-10-14;Public Event - Run Walk;;Alexandra Gardens, AG - Riverslide Skate Park, Birrarung Marr
Nab Relay For Life;2016-10-21;2016-10-23;Public Event - Run Walk;;Princes Park
Vrr New Year's Eve Fun Run;2016-12-31;2016-12-31;Public Event - Run Walk;;Kings Domain
Sunset Series Race 1;2017-02-01;2017-02-01;Public Event - Run Walk;;Royal Park, RP - Lawn 6_Brens Cricket Nets
The National (SMMB);2014-02-07;2014-02-11;Public Event - Ticketed;;Kings Domain
White Night 2014;2014-02-19;2014-02-24;Public Event - Ticketed;;Alexandra Gardens, AG - Riverslide Skate Park, Birrarung Marr, Kings Domain, Queen Victoria Gardens, Bourke Street, Collins Street, Elizabeth Street, Flinders Lane, Flinders Street, La Trobe Street, Little Bourke Street, Little Collins Street, Little Lonsdale Street, Lonsdale Street, Swanston Street, St Kilda Road, Bridges, Inner Suburb Locations, Campbell Arcade, City Square, Queensbridge Square , Southbank Spillway
Burgers, BBQ, Beer & Beats;2014-03-30;2014-03-30;Public Event - Ticketed;;Fulham Place
Park Cinema;2017-02-03;2017-02-25;Public Event - Ticketed;;Parks
MoVida Laneway Party;2017-04-08;2017-04-08;Public Event - Ticketed;;Hosier Lane, Rutledge Lane
The Women's Ride;2015-04-12;2015-04-12;Public Event - Ticketed;;Bridges, Promotional Sites, Parks, All Other Spaces, Roads / Public Access Spaces
The Fit Challenge 2015;2015-04-18;2015-04-18;Public Event - Ticketed;;Kings Domain
Sri Chinmoy Princes Park RunningFestival;2015-07-18;2015-07-19;Public Event - Ticketed;;Princes Park
Wedding Ceremony;2014-01-18;2014-01-18;Wedding;;Fitzroy Gardens, Treasury Gardens
Wedding Ceremony;2014-02-01;2014-02-01;Wedding;;Fitzroy Gardens
Wedding Ceremony;2014-04-11;2014-04-11;Wedding;;Queen Victoria Gardens
Wedding Ceremony;2014-04-24;2014-04-24;Wedding;;Queen Victoria Gardens
Wedding Ceremony;2014-05-11;2014-05-11;Wedding;;Fitzroy Gardens
Wedding Ceremony;2014-09-13;2014-09-13;Wedding;;Carlton Gardens
Wedding Ceremony;2014-10-11;2014-10-11;Wedding;;Carlton Gardens
Wedding Ceremony;2014-10-26;2014-10-26;Wedding;;Fitzroy Gardens
Wedding Ceremony;2014-11-01;2014-11-01;Wedding;;Kings Domain
Wedding Ceremony;2014-11-07;2014-11-07;Wedding;;Carlton Gardens
Wedding Ceremony;2014-11-15;2014-11-15;Wedding;;Queen Victoria Gardens
Wedding Ceremony;2014-11-29;2014-11-29;Wedding;;Queen Victoria Gardens
Wedding Ceremony;2014-11-29;2014-11-29;Wedding;;Carlton Gardens
Wedding Ceremony;2014-12-20;2014-12-20;Wedding;;Treasury Gardens
Wedding Ceremony;2014-12-27;2014-12-27;Wedding;;Kings Domain
Wedding Ceremony;2015-01-03;2015-01-03;Wedding;;Carlton Gardens
Wedding Ceremony;2015-01-09;2015-01-09;Wedding;;Treasury Gardens
Wedding Ceremony;2015-02-07;2015-02-07;Wedding;;Fitzroy Gardens
Wedding Ceremony;2015-03-13;2015-03-13;Wedding;;Fitzroy Gardens
Wedding Ceremony;2015-03-28;2015-03-28;Wedding;;Kings Domain
Wedding Ceremony;2015-04-18;2015-04-18;Wedding;;Treasury Gardens
Wedding Ceremony;2015-11-13;2015-11-13;Wedding;;Fitzroy Gardens
Wedding Ceremony;2015-11-21;2015-11-21;Wedding;;Fitzroy Gardens
Wedding Ceremony;2015-12-05;2015-12-05;Wedding;;Queen Victoria Gardens
Wedding Ceremony;2016-01-08;2016-01-08;Wedding;;Fitzroy Gardens
Wedding Ceremony;2016-01-16;2016-01-16;Wedding;;Kings Domain
Wedding Ceremony;2016-04-22;2016-04-22;Wedding;;Fitzroy Gardens
Wedding Ceremony;2016-11-12;2016-11-12;Wedding;;Other Park Locations
Wedding Ceremony;2016-11-26;2016-11-26;Wedding;;Fitzroy Gardens
Wedding Ceremony;2016-12-22;2016-12-22;Wedding;;Alexandra Gardens
Wedding Ceremony;2017-01-21;2017-01-21;Wedding;;Kings Domain
Wedding Ceremony;2017-01-28;2017-01-28;Wedding;;Carlton Gardens
Wedding Ceremony;2017-02-18;2017-02-18;Wedding;;Carlton Gardens, Fitzroy Gardens
Wedding Ceremony;2017-02-18;2017-02-18;Wedding;;Royal Park
Wedding Ceremony;2017-02-25;2017-02-25;Wedding;;Carlton Gardens
Wedding Ceremony;2017-02-25;2017-02-25;Wedding;;Queen Victoria Gardens, Treasury Gardens
Wedding Ceremony;2017-04-01;2017-04-01;Wedding;;Kings Domain
Qantas Assure;2017-10-26;2017-10-26;Promotion;;Southbank Spillway
Wedding Ceremony;2017-11-11;2017-11-11;Wedding;;Fitzroy Gardens
Australian Open Festival 2018;2018-01-02;2018-02-02;Public Event - Ticketed;;Birrarung Marr
Wedding Ceremony;2017-11-03;2017-11-03;Wedding;;Treasury Gardens
Spring Racing Shopping;2017-10-26;2017-10-26;Promotion;;Bourke Street, Bourke St Mall - next to Tourism booth
Girls Skate Australia;2017-11-25;2017-11-25;Public Event - Non Ticketed;;Alexandra Gardens
Chinese Traditional Instruments And Cheongsam;2017-05-20;2017-05-20;Public Event - Non Ticketed;;Queensbridge Square
Dogtober/graduation;2017-09-26;2017-09-26;Public Event - Non Ticketed;;Queensbridge Square
Robina State High School Concert Band;2017-04-25;2017-04-25;Pubilc Event - Non-ticketed;;Queensbridge Square
Myer Christmas Window Reveal;2017-11-12;2017-11-12;Filming - Other;;Bourke Street
Bill's Walk For Brain Cancer;2017-11-12;2017-11-12;Private Event;;Kings Domain
Week 12 Bbq And Eox Ticket Sales;2017-10-17;2017-10-17;Private Event;;Other Park Locations
Zd End Of Year;2017-12-07;2017-12-08;Private Event;Christmas Party;Batman Park
Wedding Ceremony;2017-10-28;2017-10-28;Wedding;;Carlton Gardens
Childhood's End;2014-12-09;2014-12-10;Filming - Movie;;Little Bourke Street, Rankins Lane
Myer Mens Photo Shoot;2014-02-17;2014-02-19;Filming - Photo shoot;;Bourke Street, Spring Street, Crossley Street, Meyers Place (Green Laneway), Punch Lane, Ridgway Place, Windsor Place
Reece Plumbing Diary Photography;2014-04-29;2014-04-29;Filming - Photo shoot;;Guildford Lane (Green Laneway(
Honda HRV Photo Shoot;2014-11-26;2014-11-26;Filming - Photo shoot;;Roads / Public Access Spaces
Toyota 86 Photo Shoot;2015-08-28;2015-08-29;Filming - Photo shoot;;Roads / Public Access Spaces
Pop Up Runway;2016-05-25;2016-05-25;Filming - Photo shoot;;Bourke Street, Collins Street, Swanston Street
Ptv Stills;2016-08-12;2016-08-20;Filming - Photo shoot;;Inner Suburb Locations, Promotional Sites
Smiling Minds Mass Meditation;2016-10-07;2016-10-07;Filming - Photo shoot;;Birrarung Marr
Crown;2016-12-09;2016-12-09;Filming - Photo shoot;;Bridges
Enterprize Park Uav Shoot;2016-08-22;2016-08-24;Filming - Photo shoot;Filming - Other;EP - Lawn 2
O.D. (student);2014-07-23;2014-07-23;Filming - Student;;Croft Alley, Union Lane
Rmit - Hourglass;2014-10-17;2014-10-17;Filming - Student;;Flagstaff Gardens
Innocence (student);2015-05-08;2015-05-08;Filming - Student;;Princes Park , Inner Suburb Locations
Hatchet Man (student);2015-08-25;2015-08-28;Filming - Student;;Campbell Arcade
House Husbands Series 3;2014-05-23;2014-05-23;Filming - TV Series;;Other Park Locations, Inner Suburb Locations
Party Tricks;2014-05-27;2014-05-27;Filming - TV Series;;Bridges
Party Tricks;2014-05-30;2014-05-30;Filming - TV Series;;Collins Street
Winners & Losers - Series 4;2014-07-16;2014-07-16;Filming - TV Series;;Promotional Sites
I, Supermodel;2015-01-07;2015-01-07;Filming - TV Series;;Chinatown Plaza - see notes.
Childhoods End;2015-01-10;2015-01-11;Filming - TV Series;;Alexandra Gardens, AG - Riverslide Skate Park
Tasty Road;2015-05-11;2015-05-11;Filming - TV Series;;Bourke Street, Flinders Lane, Flinders Street, Swanston Street, Southbank Promenade, Alfred Place, Degraves Street
Winners And Losers Season 5;2015-05-20;2015-05-20;Filming - TV Series;;Promotional Sites, Roads / Public Access Spaces
Winners And Losers - Season 5;2015-07-13;2015-07-13;Filming - TV Series;;All Other Spaces
Hunters;2015-11-02;2015-11-04;Filming - TV Series;;All Other Spaces, Roads / Public Access Spaces
The Wrong Girl;2016-05-03;2016-05-03;Filming - TV Series;;Other Park Locations, Spring Street, Inner Suburb Locations, Punch Lane
Seven Types Of Ambiguity;2016-05-16;2016-05-16;Filming - TV Series;;Bourke Street, Little Bourke Street, Crossley Street
Offspring;2016-06-01;2016-06-02;Filming - TV Series;;Other Park Locations, Inner Suburb Locations, Other Laneways/Places/Alleys
The Wrong Girl;2016-06-03;2016-06-03;Filming - TV Series;;Promotional Sites
Please Like Me;2016-07-20;2016-07-20;Filming - TV Series;;Carlton Gardens, Other Park Locations
Grand Designs Australia;2016-08-03;2016-08-03;Filming - TV Series;;Inner Suburb Locations
Warner Brothers Tvs;2016-08-05;2016-08-05;Filming - TV Series;;Kings Domain
Newtons Law;2016-08-31;2016-08-31;Filming - TV Series;;Exhibition Street
Dogfight;2016-09-12;2016-09-13;Filming - TV Series;;Cohen Place, Smythe Lane
Newtons Law;2016-09-19;2016-09-20;Filming - TV Series;;La Trobe Street, Russell Street
Masterchef 9;2016-11-28;2016-11-28;Filming - TV Series;;Bridges
Power Couples;2016-12-12;2016-12-12;Filming - TV Series;;Evan Walker Bridge
Ronny Chieng: International Student;2017-02-13;2017-02-13;Filming - TV Series;;Inner Suburb Locations
Utopia 3;2017-03-09;2017-03-09;Filming - TV Series;;Inner Suburb Locations
Filming - Offspring S7;2017-04-04;2017-04-04;Filming - TV Series;;Inner Suburb Locations
Offspring S7;2017-04-20;2017-04-20;Filming - TV Series;;Fitzroy Gardens
Jess Ranch;2014-02-25;2014-02-25;Filming - TVC;;Little Bourke Street, Bridges
Honda Jazz TVC;2014-06-20;2014-06-21;Filming - TVC;;Inner Suburb Locations
Nissan Qashqai TVC;2014-07-08;2014-07-08;Filming - TVC;;Promotional Sites
Suzuki Swift Tvc;2014-09-07;2014-09-07;Filming - TVC;;Collins Street, Exhibition Street, Flinders Street, Queen Street, Spencer Street, Spring Street, Drewery Lane - Do Not Book, Gallaghers Place, Goldie Place, Heffernan Lane, Lt Queen Street, McKillop Street, Niagara Lane
Kia Stills Shoot;2014-12-21;2014-12-21;Filming - TVC;;Collins Street
Holden Tvc;2015-01-15;2015-01-17;Filming - TVC;;Little Collins Street, Queen Street, William Street, Roads / Public Access Spaces
Mazda Tvc;2015-01-19;2015-01-19;Filming - TVC;;Promotional Sites, Roads / Public Access Spaces
Ford Tvc;2015-02-09;2015-02-15;Filming - TVC;;Spring Street, Bridges
Grand Central Marketing Film;2015-02-09;2015-02-09;Filming - TVC;;Fawkner Park
Jetstar Tvc;2015-07-18;2015-07-18;Filming - TVC;;St Kilda Road
Australia Post Tvc;2015-08-25;2015-08-25;Filming - TVC;;Elizabeth Street
Holden Commodore;2016-04-16;2016-04-18;Filming - TVC;;Exhibition Street, La Trobe Street, Queen Street, Wills Street, Roads / Public Access Spaces
Toyota Hybrid Tvc;2016-08-21;2016-08-21;Filming - TVC;;Roads / Public Access Spaces
Interflora Christmas 2016;2016-10-26;2016-10-26;Filming - TVC;;Rankins Lane
Optus Anytime Cricket;2016-11-08;2016-11-08;Filming - TVC;;Queensbridge Square
Tac Cycling Safety;2016-12-20;2016-12-20;Filming - TVC;;Inner Suburb Locations
Toyota Kluger;2017-01-14;2017-01-15;Filming - TVC;;Treasury Gardens, Flinders Lane, Little Bourke Street, Little Collins Street, William Street, Inner Suburb Locations
Hyundai (car Tvc);2017-01-14;2017-01-15;Filming - TVC;;Collins Street, Elizabeth Street, Little Bourke Street, Lonsdale Street, William Street, Roads / Public Access Spaces
Mazda 2;2017-02-21;2017-02-24;Filming - TVC;;Little Bourke Street, Alfred Place, Parks, Roads / Public Access Spaces
Holden Running Tvc;2017-03-18;2017-03-19;Filming - TVC;;Little Bourke Street, Queen Street, St Kilda Road, Inner Suburb Locations, Other Laneways/Places/Alleys, Roads / Public Access Spaces
Federal Government Tvc Unit Base;2016-01-14;2016-01-14;Filming - Unit Base;;Other Park Locations
Valentines Day;2014-02-07;2014-02-07;Promotion;;Flinders St Station
Live Below The Line;2014-04-17;2014-04-17;Promotion;;Bourke St Mall - next to Tourism booth
"Promotion -""i Met Fred";2014-05-12;2014-05-12;Promotion;;Bourke St Mall - next to Tourism booth
Girls' Night In;2014-09-02;2014-09-02;Promotion;;Parliament Station, Melbourne Central Station - Swanston Street, Melbourne Central Station - Elizabeth Street, Southbank Spillway
Voyages Ayers Rock;2014-09-11;2014-09-11;Promotion;;Southbank Spillway
Munich Brauhaus Oktoberfest;2014-09-19;2014-09-19;Promotion;;Southbank Spillway
David Villa;2014-10-20;2014-10-21;Promotion;;Bourke Street
Invisalign Promotion;2014-10-22;2014-10-23;Promotion;;Parliament Station
Mercedes Benz Club Display;2014-11-30;2014-11-30;Promotion;;Southbank Spillway
AFC Asian Cup Activation;2014-12-05;2014-12-05;Promotion;;Southbank Spillway
ICC Match Promotions;2015-02-24;2015-02-24;Promotion;;Southbank Spillway
Pore Blot Off;2015-02-27;2015-02-28;Promotion;;Bourke Street
Season Launch;2015-03-27;2015-03-27;Promotion;;Flinders St Station, Melbourne Central Station - Swanston Street, Queensbridge Square , Southbank Spillway , Bourke St Mall - next to Tourism booth, Evan Walker Bridge
Mount Baw Baw Winter SeasonLaunch;2015-06-02;2015-06-02;Promotion;;Queensbridge Square
Membership Drive;2015-06-15;2015-06-19;Promotion;;City Square, Queensbridge Square , Promotional Sites
2nd Annual Melbourne FirefighterStair Climb;2015-09-04;2015-09-04;Promotion;;Flinders St Station, Queensbridge Square
Victoria's Secret;2015-09-19;2015-09-19;Promotion;;Melbourne Central Station - Swanston Street
Storyboard For Breast CancerResearch;2015-11-20;2015-11-20;Promotion;;Queensbridge Square
Nova 100 Rent A Crowd At ChinaBar;2016-02-19;2016-02-19;Promotion;;Swanston Street
Share Our Streets;2016-03-15;2016-03-24;Promotion;;Southbank Spillway , Promotional Sites
World Records Store Day;2016-04-16;2016-04-16;Promotion;;Flinders Street, Degraves Street
New Coles Jingle;2016-06-03;2016-06-03;Promotion;;Queensbridge Square
Matildas Farewell/rio Olympics SendOff;2016-06-05;2016-06-05;Promotion;;City Square
Cotton On Bourke Street StoreOpening;2016-08-18;2016-08-21;Promotion;;Bourke Street, Bourke St Mall - next to Tourism booth
World Vision Australia;2016-09-01;2016-09-29;Promotion;;Flinders St Station, Queensbridge Square , Southbank Spillway
Choctober;2016-09-02;2016-09-02;Promotion;;Southbank Spillway
Western Distributor Project;2016-09-05;2016-09-19;Promotion;;Inner Suburb Locations, Promotional Sites, All Other Spaces
Hands Across The Water Bike - A-Thon;2016-10-07;2016-10-07;Promotion;;City Square
Childfund Australia;2017-02-27;2017-03-03;Promotion;;Evan Walker Bridge
Amnesty International Promotion;2017-03-27;2017-03-31;Promotion;;Bourke St Mall - next to Tourism booth
The Wilderness Society;2017-04-03;2017-04-07;Promotion;;Southern Cross Pedestrian Bridge
MS Melbourne Cycle 2015;2015-04-18;2015-04-19;Public Event - Cycling Event;;Princes Park
Around The Bay 2016;2016-09-26;2016-10-13;Public Event - Cycling Event;;Alexandra Gardens, Kings Domain, Queen Victoria Gardens, St Kilda Road
2016 Steer North Ride - The SendOff;2016-12-03;2016-12-03;Public Event - Cycling Event;;Piazza Italia
Miff Decals;2014-07-31;2014-08-18;Public Event - Low Impact Activity;;Collins Street, La Trobe Street, Russell Street, Swanston Street
Salvation Army Christmas Carolling;2014-11-26;2014-11-29;Public Event - Low Impact Activity;;Bourke Street, Southbank Spillway , Promotional Sites
Beethoven In Melbourne;2015-03-10;2015-03-10;Public Event - Low Impact Activity;;Campbell Arcade
Signal Street Art Mentoring;2015-08-29;2015-08-30;Public Event - Low Impact Activity;;Rutledge Lane
Traditional Lion Dancing;2016-02-07;2016-02-14;Public Event - Low Impact Activity;;Bourke Street, Little Bourke Street, Lonsdale Street
Casual Sport Permit - Animal Management.Lauren Devoy;2016-11-27;2016-11-27;Public Event - Low Impact Activity;;Fawkner Park
Grand Prix Swanston StreetActivation;2014-03-11;2014-03-11;Public Event - Media/Launch Event;;Collins Street, Swanston Street
Premier's Active April Launch;2014-04-01;2014-04-01;Public Event - Media/Launch Event;;Southbank Spillway
Peter Alexander Launch Event;2014-04-26;2014-04-26;Public Event - Media/Launch Event;;Bourke Street, Elizabeth Street
Spring Racing Shopping Night;2014-10-23;2014-10-23;Public Event - Media/Launch Event;;Bourke Street
Living Legends Melbourne Cup MediaLaunch;2014-11-02;2014-11-02;Public Event - Media/Launch Event;;Promotional Sites, All Other Spaces
Share Our Streets;2014-11-24;2014-12-10;Public Event - Media/Launch Event;;Southbank Spillway , Promotional Sites
Today Show David Jones OutsideBroadcast;2015-10-29;2015-10-30;Public Event - Media/Launch Event;;Bourke Street, Bourke St Mall - next to Tourism booth
Anzac Centenary Procession;2014-08-17;2014-08-17;Public Event - Memorial;;Swanston Street, St Kilda Road, Bridges
National Police Remembrance Day;2014-09-29;2014-09-29;Public Event - Memorial;;Kings Domain, Tom's Block, St Kilda Road, Bridges
Melbourne Music Week - Section 8Bar;2014-11-19;2014-11-21;Public Event - Music Event;;Stevenson Lane, Tattersalls Lane
Sugar Mountain Music And ArtsFestival;2015-01-22;2015-01-25;Public Event - Music Event;;Inner Suburb Locations
Carols In The Piazza 2015;2015-12-20;2015-12-20;Public Event - Music Event;;Piazza Italia
Section 8 Zoo - MMW Live Safari;2016-11-17;2016-11-18;Public Event - Music Event;;Stevenson Lane, Tattersalls Lane
Australia Day Pioneer Women'sMemorial Garden;2014-01-23;2014-01-23;Public Event - Non-ticketed;;Kings Domain
Books And Wine By The Water;2014-03-01;2014-03-01;Public Event - Non-ticketed;;All Other Spaces
Ladies Pancake Tossing Race;2014-03-04;2014-03-04;Public Event - Non-ticketed;;Flagstaff Gardens
Section 8 Turns 8;2014-03-16;2014-03-17;Public Event - Non-ticketed;;Tattersalls Lane
World Record Store Day Party;2014-04-19;2014-04-19;Public Event - Non-ticketed;;Campbell Arcade
Healthy Together Active Cities;2014-05-05;2014-06-27;Public Event - Non-ticketed;;Birrarung Marr, Flagstaff Gardens, Treasury Gardens, Other Park Locations, Little Bourke Street, Spencer Street, Cohen Place, City Square, Flinders St Station, Queensbridge Square , Southbank Spillway , Bourke St Mall - next to Tourism booth, Parks, All Other Spaces, Roads / Public Access Spaces
Random Acts Of Music;2014-05-06;2014-05-22;Public Event - Non-ticketed;;Collins Street, Swanston Street
Market Of The Mind 2014;2014-08-22;2014-08-22;Public Event - Non-ticketed;;Queensbridge Square
Melbourne Spring Fashion WeekShopping Event;2014-08-29;2014-08-29;Public Event - Non-ticketed;;Lonsdale Street
Greek Centre For Contemporary CultureLaunch;2014-09-21;2014-09-21;Public Event - Non-ticketed;;Lonsdale Street, Russell Street
Carlton Italian Festa 2014;2014-10-23;2014-10-27;Public Event - Non-ticketed;;Argyle Square Stage Only, Other Park Locations, Inner Suburb Locations, Piazza Italia
Laneway Launch;2014-11-08;2014-11-08;Public Event - Non-ticketed;;Bourke Street, Little Collins Street, Union Lane, Queensbridge Square
Preterm Picnic In The Park;2014-11-15;2014-11-15;Public Event - Non-ticketed;;Kings Domain
Head Of The Yarra RowingRegatta;2014-11-28;2014-11-29;Public Event - Non-ticketed;;Alexandra Gardens
F1 World;2015-01-16;2015-01-27;Public Event - Non-ticketed;;Queensbridge Square
Monument Park Mini Festival;2015-01-17;2015-01-17;Public Event - Non-ticketed;;Promotional Sites
ICC Cricket World Cup 2015 FanZone;2015-02-12;2015-03-30;Public Event - Non-ticketed;;Birrarung Marr
Chinese New Year Celebrations;2015-02-16;2015-03-01;Public Event - Non-ticketed;;Little Bourke Street
New Orleans Fat Tuesday;2015-02-17;2015-02-17;Public Event - Non-ticketed;;Other Park Locations
Kirat Festival 2015;2015-05-23;2015-05-23;Public Event - Non-ticketed;;Birrarung Marr
Weary Dunlop CommemorativeService;2015-07-12;2015-07-12;Public Event - Non-ticketed;;Kings Domain, Tom's Block
Open House Melbourne;2015-07-20;2015-07-28;Public Event - Non-ticketed;;City Square
Swiss National Day;2015-08-01;2015-08-01;Public Event - Non-ticketed;;Flinders Lane, ACDC Lane, Duckboard Place
Moon Festival Lion Dance ShopBlessing;2015-09-26;2015-09-26;Public Event - Non-ticketed;;Bourke Street, Exhibition Street, Little Bourke Street, Lonsdale Street, Russell Street, Spring Street
Festival Of Tabernacles;2015-09-30;2015-10-02;Public Event - Non-ticketed;;City Square
Seniors Festival 2015;2015-10-10;2015-10-11;Public Event - Non-ticketed;;Promotional Sites, All Other Spaces, Harbour Esplanade
2015 Oceania Freestyle FootballChampionships;2015-10-18;2015-10-18;Public Event - Non-ticketed;;Queensbridge Square
Melb Cup Dragon Boat Regatta;2015-11-08;2015-11-08;Public Event - Non-ticketed;;All Other Spaces, Harbour Esplanade
Docklands Cup;2015-12-13;2015-12-13;Public Event - Non-ticketed;;All Other Spaces
Rise Melbourne 2015;2015-12-25;2015-12-27;Public Event - Non-ticketed;;Piazza Italia , Southbank Spillway
Midsumma Carnival & T Dance;2016-01-13;2016-01-19;Public Event - Non-ticketed;;Alexandra Gardens
Australia Day 2016;2016-01-24;2016-01-27;Public Event - Non-ticketed;;Kings Domain, Tom's Block, Queen Victoria Gardens, Swanston Street, St Kilda Road, Bridges, Promotional Sites, Parks
Movies Under The Stars;2016-01-28;2016-01-31;Public Event - Non-ticketed;;Parks
Koorie Night Market;2016-02-13;2016-02-14;Public Event - Non-ticketed;;EP - Lawn 2
Nike Run Club;2016-03-03;2016-03-31;Public Event - Non-ticketed;;Kings Domain
Ride For Lily;2016-04-10;2016-04-10;Public Event - Non-ticketed;;Princes Park
Spanish Language Fiesta;2016-04-23;2016-04-23;Public Event - Non-ticketed;;Inner Suburb Locations
Port Phillip Ferries Community OpenDay;2016-05-12;2016-05-14;Public Event - Non-ticketed;;All Other Spaces
Jared Tallent Gold MedalPresentation;2016-06-17;2016-06-17;Public Event - Non-ticketed;;Spring Street
Olympic Welcome Home;2016-08-30;2016-10-05;Public Event - Non-ticketed;;Bourke Street, Bourke St Mall - next to Tourism booth
Draft Skate Plan CommEngagement;2016-11-08;2016-12-01;Public Event - Non-ticketed;;Alexandra Gardens, Queensbridge Square , Bourke St Mall - next to Tourism booth
NDSOC Show & Shine 2016;2016-11-13;2016-11-13;Public Event - Non-ticketed;;Promotional Sites
Philippines Street Festival;2016-11-18;2016-11-22;Public Event - Non-ticketed;;Argyle Square Stage Only, Other Park Locations, Piazza Italia
Royal Croquet Club 2016;2016-12-02;2016-12-28;Public Event - Non-ticketed;;Birrarung Marr
Docklands Event Activation:Christmas;2016-12-06;2016-12-24;Public Event - Non-ticketed;;Promotional Sites, All Other Spaces, Harbour Esplanade
Sunset Series (com) 2017;2017-01-14;2017-01-22;Public Event - Non-ticketed;;Fitzroy Gardens
White Night 2017;2017-02-13;2017-02-25;Public Event - Non-ticketed;;Alexandra Gardens, AG - Riverslide Skate Park, Birrarung Marr, BM Birrarung Marr, Carlton Gardens, Queen Victoria Gardens, Treasury Gardens, Bourke Street, Collins Street, Elizabeth Street, Exhibition Street, Flinders Lane, Flinders Street, La Trobe Street, Little Bourke Street, Little Collins Street, Little Lonsdale Street, Lonsdale Street, Swanston Street, St Kilda Road, Bridges, Inner Suburb Locations, City Square, Southbank Spillway
Batmania;2017-04-05;2017-04-05;Public Event - Non-ticketed;;Other Park Locations
Salvation Army Concert;2017-02-12;2017-02-12;Public Event - Non-ticketed;Public;Southbank Spillway
Emirates Melbourne Cup Parade;2014-11-03;2014-11-03;Public Event - Parade;;Queen Victoria Gardens, Bourke Street, Collins Street, Flinders Lane, Flinders Street, Little Bourke Street, Little Collins Street, Lonsdale Street, Swanston Street, St Kilda Road, Bridges
65km for Cystic Fibrosis 2014;2014-03-21;2014-03-22;Public Event - Run Walk;;Princes Park , Royal Park
Unity For Purpose, A Run-AthonFor Education;2014-09-28;2014-09-28;Public Event - Run Walk;;Kings Domain
Dyslexia Empowerment WeekWalk;2014-10-19;2014-10-19;Public Event - Run Walk;;Birrarung Marr
Fit Challenge;2014-10-25;2014-10-25;Public Event - Run Walk;;Kings Domain
Great Strides 2014;2014-10-26;2014-10-26;Public Event - Run Walk;;Kings Domain, Tom's Block
The Bloody Long Walk;2014-11-09;2014-11-09;Public Event - Run Walk;;Alexandra Gardens, AG - Riverslide Skate Park, Bridges, Southbank Promenade, Inner Suburb Locations, Queensbridge Square , Southbank Spillway
Run For Change;2014-11-30;2014-11-30;Public Event - Run Walk;;Kings Domain
Run Melbourne 2015;2015-07-19;2015-07-29;Public Event - Run Walk;;Alexandra Gardens, AG - Riverslide Skate Park, Birrarung Marr, Kings Domain, Tom's Block, Queen Victoria Gardens, Elizabeth Street, Exhibition Street, Flinders Street, Queen Street, Russell Street, Spring Street, Swanston Street, St Kilda Road, Bridges, Southbank Promenade, Inner Suburb Locations, Flinders St Station, Queensbridge Square , Southbank Spillway , Evan Walker Bridge
Walk 4 William;2015-09-12;2015-09-12;Public Event - Run Walk;;Kings Domain
Wedding Ceremony;2014-11-22;2014-11-22;Wedding;;Fitzroy Gardens
Spring Into Shape Series 2015Race 3 of 3;2015-11-22;2015-11-22;Public Event - Run Walk;;Alexandra Gardens, Kings Domain, Southbank Promenade, Queensbridge Square , Southbank Spillway
Sri Chinmoy Princes Park 15kmRun;2016-04-23;2016-04-24;Public Event - Run Walk;;Princes Park , Royal Park, RP - Poplar Cricket Nets (1), Inner Suburb Locations
Brainlink Family Fun Day;2016-04-30;2016-04-30;Public Event - Run Walk;;Kings Domain, Tom's Block, St Kilda Road
Public Event - Out Of The Shadows SuicideAwareness Walk;2016-09-11;2016-09-11;Public Event - Run Walk;;Birrarung Marr
MCCCC Fun Run/walk;2016-11-20;2016-11-20;Public Event - Run Walk;;Princes Park
Nike Run Club;2016-12-05;2017-02-27;Public Event - Run Walk;;Princes Park , Queensbridge Square
Keep On Running;2017-02-22;2017-02-22;Public Event - Run Walk;;Fawkner Park
We Can Walk It Out;2017-02-26;2017-02-26;Public Event - Run Walk;;Kings Domain
Tan Time Trial;2017-03-04;2018-02-03;Public Event - Run Walk;;Kings Domain
Arts Centre Fun Run;2017-03-09;2017-03-14;Public Event - Run Walk;;St Kilda Road
65km For Cystic Fibrosis;2017-03-17;2017-03-18;Public Event - Run Walk;;Princes Park
Walk For Brainlink;2017-03-25;2017-03-25;Public Event - Run Walk;;Kings Domain, Tom's Block, St Kilda Road
MFWF The Immersery;2014-02-18;2014-03-25;Public Event - Ticketed;;Alexandra Park, Queensbridge Square
Melbourne Fashion Festival;2014-03-13;2014-03-26;Public Event - Ticketed;;Promotional Sites
Night Noodle Markets 2014;2014-11-10;2014-12-03;Public Event - Ticketed;;Birrarung Marr
Red Spice Road Laneway;2015-03-08;2015-03-08;Public Event - Ticketed;;McKillop Street
Sounds Like Summer;2016-01-01;2016-01-01;Public Event - Ticketed;;Bourke Street
Diner En Blanc 2017;2017-03-04;2017-03-05;Public Event - Ticketed;;Treasury Gardens
Wedding Ceremony;2014-03-15;2014-03-15;Wedding;;Fitzroy Gardens
Wedding Ceremony;2014-03-21;2014-03-21;Wedding;;Fitzroy Gardens
Wedding Ceremony;2014-04-20;2014-04-20;Wedding;;Treasury Gardens
Wedding Ceremony;2014-05-31;2014-05-31;Wedding;;Queen Victoria Gardens
Wedding Ceremony;2014-09-07;2014-09-07;Wedding;;Fitzroy Gardens
Wedding Ceremony;2014-10-19;2014-10-19;Wedding;;Carlton Gardens
Wedding Ceremony;2014-11-03;2014-11-03;Wedding;;Fitzroy Gardens
Wedding Ceremony;2014-11-21;2014-11-21;Wedding;;Carlton Gardens
Wedding Ceremony;2014-11-29;2014-11-29;Wedding;;Kings Domain
Wedding Ceremony;2014-11-29;2014-11-29;Wedding;;Fitzroy Gardens
Wedding Ceremony;2014-12-06;2014-12-06;Wedding;;Kings Domain
Wedding Ceremony;2014-12-15;2014-12-15;Wedding;;Kings Domain
Wedding Ceremony;2015-01-08;2015-01-08;Wedding;;Fitzroy Gardens
Wedding Ceremony;2015-01-29;2015-01-29;Wedding;;Treasury Gardens
Wedding Ceremony;2015-02-14;2015-02-14;Wedding;;Carlton Gardens
Wedding Ceremony;2015-03-08;2015-03-08;Wedding;;Fitzroy Gardens
Wedding Ceremony;2015-04-05;2015-04-05;Wedding;;Kings Domain
Wedding Ceremony;2015-05-02;2015-05-02;Wedding;;Queen Victoria Gardens
Wedding Ceremony;2015-10-23;2015-10-23;Wedding;;Fitzroy Gardens
Wedding Ceremony;2015-10-31;2015-10-31;Wedding;;Treasury Gardens
Wedding Ceremony;2015-11-11;2015-11-11;Wedding;;Treasury Gardens
Wedding Ceremony;2015-11-13;2015-11-13;Wedding;;Kings Domain
Wedding Ceremony;2015-11-21;2015-11-21;Wedding;;Flagstaff Gardens
Wedding Ceremony;2015-11-28;2015-11-28;Wedding;;Kings Domain
Wedding Ceremony;2015-11-28;2015-11-28;Wedding;;Royal Park
Wedding Ceremony;2015-12-18;2015-12-18;Wedding;;Carlton Gardens
Wedding Ceremony;2015-12-19;2015-12-19;Wedding;;Fitzroy Gardens
Wedding Ceremony;2016-01-25;2016-01-25;Wedding;;Carlton Gardens
Wedding Ceremony;2016-02-20;2016-02-20;Wedding;;Kings Domain, Treasury Gardens
Wedding Ceremony;2016-03-04;2016-03-04;Wedding;;Fitzroy Gardens
Wedding Ceremony;2016-03-19;2016-03-19;Wedding;;Queen Victoria Gardens
Wedding Ceremony;2016-03-19;2016-03-19;Wedding;;Kings Domain
Wedding Ceremony;2016-03-26;2016-03-26;Wedding;;Fitzroy Gardens
Wedding Ceremony;2016-04-23;2016-04-23;Wedding;;Treasury Gardens
Wedding Ceremony;2016-09-24;2016-09-24;Wedding;;Fitzroy Gardens
Wedding Ceremony;2016-09-24;2016-09-24;Wedding;;Carlton Gardens
Wedding Ceremony;2016-10-02;2016-10-02;Wedding;;Fitzroy Gardens
Wedding Ceremony;2016-10-15;2016-10-15;Wedding;;Carlton Gardens
Wedding Ceremony;2016-10-15;2016-10-15;Wedding;;Fitzroy Gardens
Wedding Ceremony;2016-11-08;2016-11-08;Wedding;;Carlton Gardens
Wedding Ceremony;2016-11-19;2016-11-19;Wedding;;Kings Domain
Wedding Ceremony;2016-11-19;2016-11-19;Wedding;;Fitzroy Gardens
Wedding Ceremony;2016-12-03;2016-12-03;Wedding;;Kings Domain
Wedding Ceremony;2016-12-29;2016-12-29;Wedding;;Fitzroy Gardens
Wedding Ceremony;2016-12-30;2016-12-30;Wedding;;Fitzroy Gardens
Wedding Ceremony;2017-01-07;2017-01-07;Wedding;;Fitzroy Gardens, Kings Domain
Wedding Ceremony;2017-01-07;2017-01-07;Wedding;;Fitzroy Gardens
Wedding Ceremony;2017-02-03;2017-02-03;Wedding;;Carlton Gardens
Wedding Ceremony;2017-02-04;2017-02-04;Wedding;;Treasury Gardens
Wedding Ceremony;2017-02-11;2017-02-11;Wedding;;Carlton Gardens
Wedding Ceremony;2017-03-16;2017-03-16;Wedding;;Fitzroy Gardens
Wedding Ceremony;2017-03-17;2017-03-17;Wedding;;Treasury Gardens
Wedding Ceremony;2017-03-25;2017-03-25;Wedding;;Kings Domain
Wedding Ceremony;2017-03-25;2017-03-25;Wedding;;Royal Park
Wedding Ceremony;2017-03-26;2017-03-26;Wedding;;Kings Domain
Hungry Jacks Unit Base;2017-07-29;2017-07-29;Filming - Unit Base;;Promotional Sites
Contiki;2017-12-05;2017-12-05;Private Event;;Alexandra Gardens
Next Gen;2017-09-21;2017-09-22;Filming - TV Series;;St Kilda Road
Country Road Home Town Spring 17 Campaign;2017-06-18;2017-06-18;Filming - Photo shoot;;Treasury Gardens, Other Park Locations, Spring Street, Inner Suburb Locations
Wedding Ceremony;2017-09-24;2017-09-24;Wedding;;Queen Victoria Gardens
Wedding Ceremony;2017-12-15;2017-12-15;Wedding;;Royal Park
Wedding Ceremony;2017-09-23;2017-09-23;Wedding;;Kings Domain
Weet-Bix;2017-11-30;2017-11-30;Filming - TVC;;Union Lane
Puppy Pals;2017-03-06;2017-05-27;Promotion;;Bourke St Mall - next to Tourism booth, 70 Errol Street, North Melbourne
Myer Windows Photography;2017-12-12;2017-12-14;Filming - Photo shoot;;Bourke Street
Impact English College Eoy Picnic;2017-12-15;2017-12-15;Private Event;Christmas Party;Carlton Gardens
Monash College Eoy Celebration;2017-12-15;2017-12-15;Private Event;Christmas Party;Tom's Block
Open House Melbourne Weekend;2017-07-27;2017-07-31;Public Event - Low Impact Activity;;Swanston Street
Childfund Australia;2017-05-29;2017-06-02;Promotion;;Bourke St Mall - next to Tourism booth
Wedding Ceremony;2017-05-27;2017-05-27;Wedding;;Treasury Gardens
Little Dreamers Young Carers Festival;2017-10-15;2017-10-15;Public Event - Non Ticketed;;Treasury Gardens
Around The Bay 2017;2017-09-28;2017-10-10;Public Event - Cycling;;Alexandra Gardens, AG - Riverslide Skate Park, St Kilda Road, Queensbridge Square
Sisters Series 1;2017-09-06;2017-09-06;Filming - TV Series;;Bourke Street, Little Bourke Street, Crossley Street
Greenpeace;2017-05-15;2017-05-19;Promotion;;Flinders St Station, Southern Cross Pedestrian Bridge
Run Melbourne;2017-07-27;2017-08-01;Public Event - Run/Walk;;Alexandra Gardens, AG - Riverslide Skate Park, Birrarung Marr, Kings Domain, Tom's Block, Queen Victoria, Gardens, Elizabeth Street, Exhibition Street, Flinders Street, King Street, Queen Street, Russell Street, Spencer Street, Spring Street, Swanston Street, William Street, St Kilda Road, Bridges, Southbank Promenade, Inner Suburb Locations, Flinders St Station, Queensbridge Square , Southbank Spillway , Evan Walker Bridge, Promotional Sites, Parks, All Other Spaces, Roads / Public Access Spaces
35 Spring Street;2017-07-01;2017-07-01;Filming - Other;;Fitzroy Gardens, Treasury Gardens
Ku Alfred Child Care End Of Year Party;2017-11-30;2017-11-30;Private Event;Christmas Party;Fawkner Park
Ghd Water 2017  Xmas Bbq;2017-12-15;2017-12-15;Private Event;Christmas Party;Queen Victoria Gardens
Wedding Ceremony;2017-03-26;2017-03-26;Wedding;;Fitzroy Gardens
Wedding Ceremony;2017-04-01;2017-04-01;Wedding;;Fitzroy Gardens
Wedding Ceremony;2017-04-21;2017-04-21;Wedding;;Fitzroy Gardens
Mgs Cross Country Events;2017-07-20;2017-08-03;Private Event;;Kings Domain
Inflatable Refugee;2017-06-17;2017-06-17;Public Event - Non Ticketed;;Alexandra Gardens
Malaysian Summit Of Australia;2017-04-23;2017-04-23;Public Event - Low Impact Activity;;Flagstaff Gardens
Melbourne Head Regatta;2017-11-18;2017-11-18;Public Event - Non Ticketed;;Alexandra Gardens
Bmd Family Christmas Day;2017-12-09;2017-12-09;Private Event;Christmas Party;Fawkner Park
Msfw Vaefno (vogue);2017-08-29;2017-09-02;Public Event - Non Ticketed;;Bourke Street, Bourke St Mall - next to Tourism booth
Connor's Run;2017-09-15;2017-09-17;Public Event - Run/Walk;;Alexandra Gardens, Southbank Promenade, Inner Suburb Locations, Queensbridge Square , Southbank Spillway , Evan Walker Bridge
Jack Irish Unit Base;2017-11-29;2017-11-29;Filming - Unit Base;;Flagstaff Gardens
Watch Man Walk;2017-09-26;2017-09-27;Filming - Student;;Treasury Gardens
Targa Florio - The Australian Tribute;2017-11-28;2017-12-03;Public Event - Non Ticketed;;Promotional Sites, All Other Spaces
Dedjtr End Of Year Event;2017-12-08;2017-12-08;Private Event;Christmas Party;Treasury Gardens
Body Shop Forever Against Animal Testing;2017-07-04;2017-07-04;Promotion;;Bourke Street, Bourke St Mall - next to Tourism booth
Sisters Unit Base;2017-09-13;2017-09-14;Filming - Unit Base;;Flagstaff Gardens
The Petting Zoo;2017-12-15;2017-12-17;Public Event - Low Impact Activity;;Roads / Public Access Spaces
Holden Equinox;2017-10-28;2017-10-29;Filming - TVC;;Flagstaff Gardens, Other Park Locations, La Trobe Street, Roads / Public Access Spaces
Sunday Streets Carlton;2017-11-19;2017-11-19;Public Event - Low Impact Activity;;Inner Suburb Locations
Fox Fm & Chisholm Tafe;2017-07-22;2017-07-22;Promotion;;Southbank Spillway
Aconex Eoy Staff Function;2017-12-08;2017-12-08;Private Event;Christmas Party;Treasury Gardens
Sisters;2017-09-18;2017-09-18;Filming - TV Series, Filming - Unit;;Treasury Gardens
Miv2018: Light The Dark;2018-01-19;2018-01-19;Promotion;;Bourke St Mall - next to Tourism booth
Keypath Online Learning;2017-09-14;2017-09-15;Filming - TVC;;Roads / Public Access Spaces
David Jones Boxing Day Sale;2017-12-26;2017-12-26;Promotion;;Bourke Street
Stills Photography;2018-01-04;2018-01-04;Filming - Photo shoot;;Kings Domain
Lunchtime Concert;2017-09-06;2017-09-06;Public Event - Low Impact Activity;;Queensbridge Square
Amnesty International Promotion;2017-05-08;2017-05-11;Promotion;;Flinders St Station, Bourke St Mall - next to Tourism booth
Steer North Ride Send Off;2017-09-02;2017-09-02;Public Event - Cycling;;Other Park Locations
Jorge Lorenzo Media Activity;2017-10-17;2017-10-17;Filming - Other;;Hosier Lane
Ride 2 Work Day;2017-10-17;2017-10-18;Public Event - Cycling;;Promotional Sites, Harbour Esplanade
Children And Families Christmas Picnic;2017-12-20;2017-12-20;Private Event;Christmas Party;Other Park Locations
Sisters Series Unit Base;2017-09-06;2017-09-06;Filming - Unit Base;;Other Park Locations
Wedding Ceremony;2017-11-20;2017-11-20;Wedding;;Fitzroy Gardens
Wedding Ceremony;2017-04-24;2017-04-24;Wedding;;Fitzroy Gardens
Pratt's Party For The Kids;2017-11-29;2017-11-30;Public Event - Non Ticketed;;Royal Park
2017 Australian 50km Race Walking Championships;2017-12-17;2017-12-17;Public Event - Run/Walk;;Fawkner Park
Share Our Streets 2017;2017-04-19;2017-04-23;Pubilc Event - Non-ticketed;;Queensbridge Square
Childfund Success;2018-01-08;2018-01-12;Promotion;;Bourke St Mall - next to Tourism booth
Sisters Series 1;2017-09-12;2017-09-12;Filming - TV Series;;Treasury Gardens
Older And Younger;2015-08-04;2015-08-04;Filming - Other;;Swanston Street, Cohen Place
Music Video;2016-10-01;2016-10-09;Filming - Other;;Other Park Locations
35 Spring Street Drone Imagery;2017-04-04;2017-04-04;Filming - Other;;Fitzroy Gardens, Treasury Gardens
Floate Photoshoot;2014-09-16;2014-09-16;Filming - Photo shoot;;Centre Place
Falun Dafa Character Formation;2016-09-03;2016-09-03;Filming - Photo shoot;;Fitzroy Gardens
Micchecker;2017-02-01;2017-02-05;Filming - Photo shoot;;Inner Suburb Locations
Mecca Brands Photoshoot;2017-03-02;2017-03-02;Filming - Photo shoot;;Little Collins Street, Russell Street
VCA - Student Short Film;2014-05-06;2014-05-06;Filming - Student;;Fawkner Park
Swinburne - Breathe;2014-08-16;2014-08-16;Filming - Student;;Other Laneways/Places/Alleys
Fever (student);2014-10-19;2014-10-19;Filming - Student;;All Other Spaces
I Tip My Hat;2016-06-25;2016-06-30;Filming - Student;;Kings Domain, Bridges
Pot Of Gold;2016-10-07;2016-10-09;Filming - Student;;Inner Suburb Locations
Offspring;2014-02-10;2014-02-10;Filming - TV Series;;Fitzroy Gardens, Inner Suburb Locations
Please Like Me;2014-03-17;2014-03-17;Filming - TV Series;;Alexandra Gardens, Tom's Block
Wentworth;2014-04-02;2014-04-02;Filming - TV Series;;Inner Suburb Locations
Winners & Losers;2014-09-02;2014-09-02;Filming - TV Series;;Promotional Sites
The Wrong Girl;2016-04-20;2016-04-20;Filming - TV Series;;Other Park Locations, Inner Suburb Locations, Bond Street
The Wrong Girl;2016-05-17;2016-05-20;Filming - TV Series;;Market Street
Jack Irish Unit Base;2015-08-24;2015-08-24;Filming - TV Series;Filming - Unit;Treasury Gardens
Jack Irish;2015-09-02;2015-09-02;Filming - TV Series;Filming - Unit;Treasury Gardens, Inner Suburb Locations, Bond Street
Samsung TVC;2014-05-03;2014-05-03;Filming - TVC;;Birrarung Marr
Realestate.com.au TVC;2014-07-17;2014-07-18;Filming - TVC;;Inner Suburb Locations
Medibank TVC;2014-08-02;2014-08-02;Filming - TVC;;Kings Domain, Collins Street
Love Locks;2015-02-09;2015-02-16;Promotion;;Queensbridge Square
Nature's Own;2015-03-11;2015-03-11;Promotion;;Melbourne Central Station - Elizabeth Street
Travel Happy;2015-04-07;2015-04-14;Promotion;;Queensbridge Square , Promotional Sites
Disney The Lion King;2015-05-15;2015-05-15;Promotion;;Queensbridge Square
Member Drive;2015-05-18;2015-06-17;Promotion;;Flinders St Station, Melbourne Central Station - Swanston Street, Queensbridge Square , Promotional Sites
Worksafe's Workplace SafetyAwareness Campaign;2015-08-31;2015-09-01;Promotion;;Parliament Station, Evan Walker Bridge
Girls' Night In;2015-09-02;2015-09-02;Promotion;;Flinders St Station, Parliament Station, Melbourne Central Station - Swanston Street, Melbourne Central Station - Elizabeth Street
Emm Does Mm;2015-09-05;2015-09-05;Promotion;;Southbank Spillway
Sweet Fest Van;2015-09-29;2015-09-29;Promotion;;Queensbridge Square
Pop Up Tea Party;2015-09-30;2015-09-30;Promotion;;Bourke St Mall - next to Tourism booth
Spring Racing Shopping Night;2015-10-15;2015-10-15;Promotion;;Bourke Street
Aw16 Melbourne Model Castings;2016-01-12;2016-01-12;Promotion;;Bourke Street
Lock In The Love;2016-02-10;2016-02-15;Promotion;;Queensbridge Square
Melbourne Quarter & Code BlackCoffee Cart;2016-03-08;2016-03-12;Promotion;;Flinders St Station
Vamff At Myer;2016-03-11;2016-03-11;Promotion;;Bourke Street
World Vision Australia;2016-04-26;2016-07-17;Promotion;;City Square, Southbank Spillway , Bourke St Mall - next to Tourism booth, Evan Walker Bridge
Media Launch Kowledge Week;2016-05-02;2016-05-02;Promotion;;Heape Court
Starlight Day;2016-05-06;2016-05-06;Promotion;;City Square
Be A Souperhero;2016-07-06;2016-07-06;Promotion;;Parliament Station
World Hepatitis Day;2016-07-30;2016-07-30;Promotion;;Flinders St Station, Melbourne Central Station - Swanston Street
World Vision Australia;2016-08-05;2016-08-22;Promotion;;Bourke St Mall - next to Tourism booth
Coca Cole Lift Drink Sample;2016-09-16;2016-09-23;Promotion;;Flinders St Station, Queensbridge Square
Childfund Australia Promotion;2016-09-26;2016-12-23;Promotion;;Flinders St Station, Southbank Spillway , Bourke St Mall - next to Tourism booth
Ikea Catalogue Sampling Activation;2016-10-11;2016-10-11;Promotion;;Queensbridge Square
RESPECT Exhibition;2016-10-12;2016-10-23;Promotion;;City Square, Southbank Spillway
Breastscreen Awareness;2016-10-24;2016-10-24;Promotion;;Bourke St Mall - next to Tourism booth
How Flexible Are You?;2016-10-27;2016-10-27;Promotion;;City Square
Nova100 And Praise;2016-11-05;2016-11-05;Promotion;;Southbank Spillway
Simply Cups: Disruptive InnovationFor Recycling;2016-11-25;2016-11-25;Promotion;;Parliament Station, Melbourne Central Station - Swanston Street, Melbourne Central Station - Elizabeth Street, Southbank Spillway
Visit Italy;2017-01-17;2017-01-18;Promotion;;Flinders St Station
Chinese New Year Lion Dancers;2017-01-30;2017-02-06;Promotion;;Collins Street
Ride The Night;2016-01-27;2016-01-31;Public Event - Cycling Event;;Exhibition Street, La Trobe Street, Swanston Street, St Kilda Road, Bridges, Inner Suburb Locations, City Square, Promotional Sites, All Other Spaces, Harbour Esplanade, Roads / Public Access Spaces
Listen Out 2014;2014-09-30;2014-10-07;Public Event - Music Event;;Kings Domain
Public Events - SMMB Events 2015;2015-10-16;2015-11-13;Public Event - Music Event;;Kings Domain
Twilight Taggers and Yarn Corner;2014-01-12;2014-02-09;Public Event - Non-ticketed;;Swanston Street, City Square
Chinese New Year DragonInstallation;2014-01-27;2014-02-22;Public Event - Non-ticketed;;Promotional Sites
Antipodes Festival;2014-02-08;2014-02-10;Public Event - Non-ticketed;;Lonsdale Street, Russell Street, Celestial Avenue, Hayward Lane, Heffernan Lane, Tattersalls Lane, Waratah Place
Promotion - 20 Questions;2014-02-08;2014-02-08;Public Event - Non-ticketed;;City Square, Bourke St Mall - next to Tourism booth
Movies Under The Stars 2014;2014-02-20;2014-03-13;Public Event - Non-ticketed;;Promotional Sites, Parks
2014 AFP Unity Cup;2014-03-15;2014-03-17;Public Event - Non-ticketed;;Holland Park, HP - Cricket Nets, Holland Park
Discover Sailing Trailable YachtDivision;2014-10-19;2014-10-19;Public Event - Non-ticketed;;Promotional Sites
ASFA Horn Of African FootballFestival;2014-12-26;2014-12-28;Public Event - Non-ticketed;;Holland Park, HP - Cricket Nets, HP - Running Track
Royal Croquet Club;2015-01-11;2015-02-05;Public Event - Non-ticketed;;Birrarung Marr
54th Annual Australia DayWomen's Ceremony;2015-01-22;2015-01-22;Public Event - Non-ticketed;;Kings Domain
Government House Open Day;2015-01-23;2015-01-27;Public Event - Non-ticketed;;St Kilda Road
Legal Laneway Breakfast 2015;2015-02-04;2015-02-04;Public Event - Non-ticketed;;Hardware Lane
Promotion - Myer Chinese New Year;2015-02-20;2015-02-21;Public Event - Non-ticketed;;Bourke Street
Group Yoga Session;2015-04-11;2015-05-02;Public Event - Non-ticketed;;Batman Park, Treasury Gardens
Dutch Orange Day 2015;2015-04-26;2015-04-26;Public Event - Non-ticketed;;Queensbridge Square
Docklands Winter Festival;2015-07-03;2015-08-28;Public Event - Non-ticketed;;Promotional Sites
Fox Footy Longest Kick;2015-10-02;2015-10-03;Public Event - Non-ticketed;;Alexandra Gardens, Birrarung Marr
Melbourne Head Regatta 2015;2015-11-21;2015-11-21;Public Event - Non-ticketed;;Alexandra Gardens
New Years Eve 2015;2015-12-26;2016-01-03;Public Event - Non-ticketed;;Alexandra Gardens, AG - Riverslide Skate Park, Birrarung Marr, BM Birrarung Marr, Flagstaff Gardens, Kings Domain, Tom's Block, Queen Victoria Gardens, Treasury Gardens, Southbank Promenade, Queensbridge Square , Southbank Spillway , Promotional Sites, Parks, All Other Spaces
Superhero Fun Run;2017-04-02;;Public Event - Ticketed;;Kings Domain
Wedding Ceremony;2014-01-11;2014-01-11;Wedding;;Fitzroy Gardens
Wedding Ceremony;2014-03-02;2014-03-02;Wedding;;Fitzroy Gardens
Wedding Ceremony;2014-03-15;2014-03-15;Wedding;;Treasury Gardens
Wedding Ceremony;2014-08-16;2014-08-16;Wedding;;Kings Domain
Wedding Ceremony;2014-12-11;2014-12-11;Wedding;;Kings Domain
Wedding Ceremony;2015-02-09;2015-02-09;Wedding;;Kings Domain
Wedding Ceremony;2015-03-08;2015-03-08;Wedding;;Royal Park
Wedding Ceremony;2015-04-26;2015-04-26;Wedding;;Fitzroy Gardens
Wedding Ceremony;2015-09-19;2015-09-19;Wedding;;Fitzroy Gardens
Wedding Ceremony;2015-10-17;2015-10-17;Wedding;;Carlton Gardens
Wedding Ceremony;2015-10-24;2015-10-24;Wedding;;Other Park Locations
Wedding Ceremony;2016-01-23;2016-01-23;Wedding;;Carlton Gardens
Wedding Ceremony;2016-01-30;2016-01-30;Wedding;;Fitzroy Gardens
Wedding Ceremony;2016-01-30;2016-01-30;Wedding;;Carlton Gardens
Wedding Ceremony;2016-02-06;2016-02-06;Wedding;;Treasury Gardens
Wedding Ceremony;2016-02-13;2016-02-13;Wedding;;Queen Victoria Gardens
Wedding Ceremony;2016-02-28;2016-02-28;Wedding;;Fitzroy Gardens
Wedding Ceremony;2016-03-04;2016-03-04;Wedding;;Queen Victoria Gardens
Wedding Ceremony;2016-03-05;2016-03-05;Wedding;;Fitzroy Gardens
Wedding Ceremony;2016-03-11;2016-03-11;Wedding;;Kings Domain
Wedding Ceremony;2016-03-24;2016-03-24;Wedding;;Treasury Gardens
Melbourne Gospel Music Festival;2017-11-04;2017-11-04;Public Event - Music;;Queensbridge Square
Vision Australia's Carols By Candlelight;2017-12-20;2017-12-27;Public Event - Ticketed;;Kings Domain, Tom's Block
Wedding Ceremony;2017-12-24;2017-12-24;Wedding;;Fitzroy Gardens
Kidney Health Walk;2017-09-10;2017-09-10;Public Event - Low Impact Activity;;Kings Domain
Sunday Street Docklands;2017-11-26;2017-11-26;Public Event - Non Ticketed;;Roads / Public Access Spaces
Bsr Christmas/end Of Year Party;2017-12-20;2017-12-20;Private Event;Christmas Party;Fawkner Park
Uplift Events Christmas Party;2017-11-27;2017-11-27;Private Event;Christmas Party;Alexandra Gardens
Black Pepper Fashion Shoot;2017-12-11;2017-12-11;Filming - Photo shoot;;Collins Street
Ferrari 70th Anniversary Lygon St Festival;2017-10-15;2017-10-15;Public Event - Non Ticketed;;Inner Suburb Locations
Smmb Lorde;2017-11-25;2017-11-27;Public Event - Ticketed;;Kings Domain
The Wrong Girl;2017-06-02;2017-06-02;Filming - Unit Base;;Promotional Sites
The Athlete's Foot Conference;2017-11-27;2017-11-27;Private Event;;Batman Park
Wedding Ceremony;2017-12-09;2017-12-09;Wedding;;Fitzroy Gardens
Wedding Ceremony;2017-09-02;2017-09-02;Wedding;;Fitzroy Gardens
Mccains Rustica Pizza Sampling;2017-09-02;2017-09-02;Promotion;;Queensbridge Square
Victoria Police Wall to Wall Ride;2017-09-15;2017-09-15;Public Event - Memorial;;Tom's Block, St Kilda Road
Nature Valley Sampling;2017-11-10;2017-11-10;Promotion;;Evan Walker Bridge
Wedding Ceremony;2017-06-17;2017-06-17;Wedding;;Fitzroy Gardens
Wedding Ceremony;2017-10-21;2017-10-21;Wedding;;Fitzroy Gardens
Rmit Open Day;2017-08-13;2017-08-13;Public Event - Non Ticketed;;Inner Suburb Locations
Wedding Ceremony;2017-04-22;2017-04-22;Wedding;;Other Park Locations
National Police Remembrance Day;2017-09-29;2017-09-29;Public Event - Memorial;;Tom's Block, St Kilda Road, Bridges
Romper Stomper;2017-09-11;2017-09-11;Filming - TV Series;;Roads / Public Access Spaces
Skoda Tvc;2017-05-13;2017-05-14;Filming - TVC;;Collins Street, King Street, William Street, Inner Suburb Locations, Roads / Public Access Spaces
Lipton Infused Water Sampling;2017-09-28;2017-09-28;Promotion;;Queensbridge Square
The Economist;2017-05-31;2017-06-05;Promotion;;Queensbridge Square , Southbank Spillway
Wedding Ceremony;2017-12-02;2017-12-02;Wedding;;Carlton Gardens
Wedding Ceremony;2017-12-17;2017-12-17;Wedding;;Fitzroy Gardens
Offical 'yes' Campaign Post Annoucement Party;2017-11-15;2017-11-16;Public Event - Non Ticketed;;Inner Suburb Locations
Jack Irish;2017-11-30;2017-12-01;Filming - TV Series;;Roads / Public Access Spaces
Racv;2017-05-24;2017-05-26;Filming - Photo shoot;;Roads / Public Access Spaces
Wedding Ceremony;2017-04-22;2017-04-22;Wedding;;Fitzroy Gardens
Wedding Ceremony;2017-10-15;2017-10-15;Wedding;;Carlton Gardens
Pop Up Event Space;2017-12-13;2017-12-16;Private Event;;Alexandra Gardens
Walk To D'feet Mnd;2017-11-19;2017-11-19;Public Event - Run/Walk;;Princes Park
Kaiser Trading Staff Christmas Party;2017-12-09;2017-12-09;Private Event;Christmas Party;Kings Domain
Australia Post Xmas 2017;2017-10-05;2017-10-05;Filming - TVC;;Inner Suburb Locations, Roads / Public Access Spaces
Amp Capital Contractors Bbq;2017-12-19;2017-12-19;Private Event;Christmas Party;Treasury Gardens
Wedding Ceremony;2017-12-02;2017-12-02;Wedding;;Queen Victoria Gardens
Jack Irish;2018-01-11;2018-01-11;Filming - TV Series;;Meyers Place (Green Laneway), Windsor Place
Lexus Ls Unit Base;2017-10-02;2017-10-02;Filming - Unit Base;;Treasury Gardens
Vision Super Social Club Xmas Party;2017-12-08;2017-12-08;Private Event;Christmas Party;Flagstaff Gardens
Mifgs 2015;2015-02-27;2015-05-10;Public Event - Ticketed;;Carlton Gardens
Melbourne International ComedyFestival 2015;2015-03-23;2015-04-22;Public Event - Ticketed;;Swanston Street, City Square
Red Spice Road Laneway;2016-03-13;2016-03-13;Public Event - Ticketed;;McKillop Street
Wedding Ceremony;2014-01-31;2014-01-31;Wedding;;Treasury Gardens
Wedding Ceremony;2014-03-16;2014-03-16;Wedding;;Fitzroy Gardens, Treasury Gardens
Wedding Ceremony;2014-04-19;2014-04-19;Wedding;;Fitzroy Gardens
Wedding Ceremony;2014-04-26;2014-04-26;Wedding;;Kings Domain
Wedding Ceremony;2014-10-17;2014-10-17;Wedding;;Carlton Gardens
Wedding Ceremony;2014-11-02;2014-11-02;Wedding;;Fitzroy Gardens
Wedding Ceremony;2014-11-08;2014-11-08;Wedding;;Kings Domain
Ali's Wedding;2015-12-03;2015-12-03;Filming - Movie;;Inner Suburb Locations
Dogfight;2016-09-17;2016-09-17;Filming - Movie;Filming - Unit Base;Flagstaff Gardens, Little Bourke Street
Surya TVC;2014-04-26;2014-04-27;Filming - Other;;Collins Street
Billboard Traffic;2016-02-12;2016-02-16;Filming - Other;;Batman Park
Milo Tvc;2016-03-12;2016-03-12;Filming - Other;;Holland Park
Music Video;2016-05-03;2016-05-04;Filming - Other;;Bridges, Promotional Sites, All Other Spaces
Mazda BT50 Photography;2014-01-11;2014-01-12;Filming - Photo shoot;;Roads / Public Access Spaces
Honda City Photo Shoot;2014-03-29;2014-03-30;Filming - Photo shoot;;Flinders Lane, Bank Place
HSV MY15 Photo Shoot;2014-08-08;2014-08-08;Filming - Photo shoot;;Roads / Public Access Spaces
Mazda 3 Stills;2015-01-31;2015-02-01;Filming - Photo shoot;;Flinders Lane, Little Bourke Street, Little Collins Street, Spring Street
Maserati Magazine Photoshoot;2015-05-14;2015-05-15;Filming - Photo shoot;;Parks
Sussan Campaign;2016-11-29;2016-11-30;Filming - Photo shoot;;Other Park Locations, Collins Street, Russell Street, Inner Suburb Locations, Ridgway Place
House Husbands;2014-01-28;2014-01-28;Filming - TV Series;;Other Park Locations, Inner Suburb Locations
Winners & Losers;2014-10-22;2014-10-22;Filming - TV Series;;Inner Suburb Locations
Miss Fisher Murder Mysteries - Series 3;2014-10-22;2014-10-24;Filming - TV Series;;Exhibition Street
Childhoods End;2015-01-17;2015-01-17;Filming - TV Series;;Promotional Sites
Open Slather;2015-09-24;2015-09-24;Filming - TV Series;;Inner Suburb Locations
Hunters;2015-10-19;2015-10-19;Filming - TV Series;;Inner Suburb Locations
The Wrong Girl;2016-04-27;2016-04-29;Filming - TV Series;;Market Street
The Project;2016-12-16;2016-12-16;Filming - TV Series;;Bourke Street, Bourke St Mall - next to Tourism booth
Keno Lets Play;2014-12-16;2014-12-17;Filming - TVC;;Little Bourke Street, Bridges, Southbank Promenade, Campbell Arcade, Centre Place, Cohen Place, Union Lane
Saxo Bank Tvc;2015-01-13;2015-01-13;Filming - TVC;;Lonsdale Street
Mitsubishi Asx Tvc;2015-06-27;2015-06-27;Filming - TVC;;Little Bourke Street, Little Collins Street, Queen Street, Roads / Public Access Spaces
6 Degrees Of Separation;2016-08-19;2016-08-20;Filming - TVC;;Birrarung Marr, Collins Street, Degraves Street, Hosier Lane, Bourke St Mall - next to Tourism booth
2xu Visibility;2016-10-29;2016-10-29;Filming - TVC;;Bridges, Promotional Sites, Roads / Public Access Spaces
M&ms;2017-02-04;2017-02-11;Filming - TVC;;Flinders Lane
Childhood's End (Unit Base);2014-12-05;2014-12-05;Filming - Unit Base;;Other Park Locations
Afl Players Mvp Ob Compound;2015-09-15;2015-09-15;Filming - Unit Base;;Promotional Sites
Knight In Shining Armour, Flash Mob;2014-01-10;2014-01-10;Promotion;;Southbank Spillway
Myer Fragrance Launch;2014-11-20;2014-11-22;Promotion;;Bourke Street
Wings For Life Media Launch;2014-12-02;2014-12-02;Promotion;;Queensbridge Square
50/50 Vending Machine Challenge;2014-12-09;2014-12-09;Promotion;;Queensbridge Square
Galaxy Launch;2015-04-10;2015-04-10;Promotion;;Bourke Street, Flinders St Station
Australian Alpacas Celebrate 25Years;2015-04-30;2015-04-30;Promotion;;City Square
Australia's Biggest Morning Tea;2015-05-20;2015-05-20;Promotion;;Bourke St Mall - next to Tourism booth
7-Eleven Coffee;2015-08-03;2015-08-03;Promotion;;Flinders St Station, Parliament Station, Melbourne Central Station - Swanston Street, Evan Walker Bridge
Bicycle Network Annual MemberDrive;2015-09-01;2015-10-31;Promotion;;Inner Suburb Locations, Flinders St Station, Melbourne Central Station - Swanston Street, Queensbridge Square , Promotional Sites
Event - University Of Melbourne Activation;2015-09-26;2015-09-26;Promotion;;Queensbridge Square , Southbank Spillway
Awareness Campaign - Have YouMet Bobby?;2015-10-22;2015-10-22;Promotion;;Parliament Station
Child Sponsorship & Child Rescue;2015-12-22;2015-12-23;Promotion;;Bourke St Mall - next to Tourism booth
OFX Tour De France;2016-07-14;2016-07-14;Promotion;;Queensbridge Square
Daily Debrief Co Giveaways;2016-09-06;2016-09-06;Promotion;;Flinders St Station
World Vision Australia;2016-10-04;2016-10-25;Promotion;;Queensbridge Square , Southbank Spillway
Asia Pacific Group;2016-10-22;2016-10-22;Promotion;;Flinders St Station
Made Possible By Melbourne;2016-11-01;2016-11-03;Promotion;;City Square, Flinders St Station, Queensbridge Square , Bourke St Mall - next to Tourism booth
Nova100 and Vodafone Promotion;2017-03-16;2017-03-16;Promotion;;Collins Street
Good Friday Appeal 14hr Relay;2017-04-13;2017-04-13;Promotion;;Bourke St Mall - next to Tourism booth
Ride2Work Day;2016-10-11;2016-10-12;Public Event - Cycling Event;;City Square, Promotional Sites, All Other Spaces
Shape Your Carlton Garden Party(CoM);2014-03-03;2014-03-03;Public Event - Low Impact Activity;;Other Park Locations
Mother's Day Cake Stall;2015-05-09;2015-05-09;Public Event - Low Impact Activity;;Inner Suburb Locations
Melbourne Spring Fashion Week 2015Street Activation;2015-08-20;2015-09-06;Public Event - Low Impact Activity;;Swanston Street
Mirvac Daffodil Day Activation;2015-08-26;2015-08-31;Public Event - Low Impact Activity;;Promotional Sites, Parks
Opening Of Eastwood And Rankins RoadReserve;2016-09-04;2016-09-04;Public Event - Low Impact Activity;;Eastwood and Rankins Road Reserve
Lush Terrain;2017-03-02;2017-03-02;Public Event - Low Impact Activity;;Fitzroy Gardens
Moomba Media Call;2014-02-13;2014-02-13;Public Event - Media/Launch Event;;Alexandra Gardens
Good Food And Wine ShowLaunch;2014-05-24;2014-05-24;Public Event - Media/Launch Event;;Bourke Street
Melbourne Launch Of Suitjet;2014-08-26;2014-08-26;Public Event - Media/Launch Event;;Promotional Sites
Australian Boomers & OpalsAppearance;2015-08-10;2015-08-12;Public Event - Media/Launch Event;;Queensbridge Square
ANZAC Day 2014;2014-04-24;2014-04-25;Public Event - Memorial;;Alexandra Gardens, Kings Domain, Tom's Block, Queen Victoria Gardens, Shrine Reserve, Bourke Street, Collins Street, Flinders Lane, Flinders Street, Little Collins Street, Swanston Street, St Kilda Road, Bridges, City Square, Flinders St Station
Paramore (SMMB);2014-01-10;2014-01-13;Public Event - Music Event;;Kings Domain
Sustainable Living Festival BigWeekend;2014-02-09;2014-02-17;Public Event - Non-ticketed;;Birrarung Marr
Private Myer Autumn Winter FashionParade 2014;2014-02-20;2014-02-20;Public Event - Non-ticketed;;Bourke Street
Inner City Goodness Stewart StBlock Party;2014-03-04;2014-03-05;Public Event - Non-ticketed;;Other Laneways/Places/Alleys
Children's Book Festival FamilyDay;2014-03-23;2014-03-23;Public Event - Non-ticketed;;Little Lonsdale Street
The 24hr Experience;2014-03-29;2014-03-30;Public Event - Non-ticketed;;Alexandra Gardens, Bourke Street, Bridges, Balcombe Place, Carson Place, Howey Place, Presgrave Place, Union Lane, Southbank Spillway
Sri Chinmoy Princes Park 15kmRun;2014-04-27;2014-04-27;Public Event - Non-ticketed;;Princes Park
Third Place, Melbourne Fringe;2014-09-25;2014-09-29;Public Event - Non-ticketed;;City Square
NDSOC Concours & Show & Shine;2014-11-16;2014-11-16;Public Event - Non-ticketed;;Promotional Sites, Roads / Public Access Spaces
Triumph Car Display;2014-11-23;2014-11-23;Public Event - Non-ticketed;;Promotional Sites
Australia Day 2015;2015-01-24;2015-01-27;Public Event - Non-ticketed;;Kings Domain, Tom's Block, Queen Victoria Gardens, Swanston Street, St Kilda Road, Bridges, Promotional Sites
Royal Children HospitalFundraising Showshine;2015-04-04;2015-04-04;Public Event - Non-ticketed;;Southbank Spillway
Mosaic Festival;2015-04-26;;Public Event - Non-ticketed;;City Square
Melbourne International DesignWeek;2015-05-09;2015-05-16;Public Event - Non-ticketed;;City Square
Telstra Light Streams Activation;2015-07-26;2015-08-05;Public Event - Non-ticketed;;Swanston Street
Flash Mob Picnic/Secret GardenParty;2015-10-31;2015-10-31;Public Event - Non-ticketed;;Fitzroy Gardens
Docklands Winter Fireworks;2016-07-01;2016-08-26;Public Event - Non-ticketed;;Promotional Sites, Parks, All Other Spaces
Yogathon 2016;2016-08-20;2016-08-20;Public Event - Non-ticketed;;Queensbridge Square
Fox Footy Longest Kick;2016-09-30;2016-10-01;Public Event - Non-ticketed;;Alexandra Gardens, Birrarung Marr
Discover Sailing, Trailable YachtDivision;2016-10-16;2016-10-16;Public Event - Non-ticketed;;Promotional Sites
Australian Henley Regatta;2017-02-25;2017-02-25;Public Event - Non-ticketed;;Alexandra Gardens
NMFC Family Day;2017-03-10;2017-03-11;Public Event - Non-ticketed;;North Melbourne Recreation Reserve, Inner Suburb Locations
65 Roses Celebration;2017-03-17;2017-03-18;Public Event - Non-ticketed;;Flagstaff Gardens, Queensbridge Square , Bourke St Mall - next to Tourism booth
South East Asia Festival;2017-04-07;2017-04-10;Public Event - Non-ticketed;;Argyle Square Stage Only, Other Park Locations, Inner Suburb Locations, Piazza Italia
Emirates Melbourne Cup Parade;2016-10-31;2016-10-31;Public Event - Parade;;Bourke Street, Swanston Street, St Kilda Road, Bridges
Rmit Graduation Parade 2016;2016-12-14;2016-12-14;Public Event - Parade;;Swanston Street
Orienteering Victoria;2013-12-31;2014-02-25;Public Event - Run Walk;;Princes Park , North Melbourne Recreation Reserve, Riverside Park
Anzac Run 2014;2014-04-21;2014-04-21;Public Event - Run Walk;;Kings Domain, St Kilda Road, Bridges
Melbourne Marathon 2014;2014-10-10;2014-10-13;Public Event - Run Walk;;Alexandra Gardens, Birrarung Marr, Kings Domain, Tom's Block, Queen Victoria Gardens, Elizabeth Street, Flinders Street, Swanston Street, St Kilda Road, Bridges, Southbank Promenade, Inner Suburb Locations, Flinders St Station, Southbank Spillway , Evan Walker Bridge
65km For Cystic Fibrosis 2015;2015-03-13;2015-03-14;Public Event - Run Walk;;Princes Park , Royal Park
2015 Herald Sun/citylink Run ForThe Kids;2015-03-19;2015-03-23;Public Event - Run Walk;;Alexandra Gardens, Kings Domain, Tom's Block, Queen Victoria Gardens, St Kilda Road, Bridges, Southbank Promenade, Flinders St Station, Southern Cross Station, Queensbridge Square , Southbank Spillway , Evan Walker Bridge, Promotional Sites, All Other Spaces, Harbour Esplanade
Sri Chinmoy Princes Park 15km Run;2015-04-26;2015-04-26;Public Event - Run Walk;;Princes Park
Mother's Day Classic 2015;2015-05-04;2015-05-13;Public Event - Run Walk;;Alexandra Gardens, AG - Riverslide Skate Park, Birrarung Marr, BM Birrarung Marr, St Kilda Road
MCCCC Fun Run/walk;2015-11-22;2015-11-22;Public Event - Run Walk;;Princes Park
The Royal Walk and Fun Run 2016;2016-03-06;2016-03-06;Public Event - Run Walk;;Princes Park , Inner Suburb Locations
Mother's Day Classic;2016-05-02;2016-05-11;Public Event - Run Walk;;Alexandra Gardens, AG - Riverslide Skate Park, Kings Domain, St Kilda Road
Xcr Tan Relays;2016-09-17;2016-09-17;Public Event - Run Walk;;Kings Domain
Pride Run/walk;2017-01-22;2017-01-22;Public Event - Run Walk;;Kings Domain
Telstra Ballet In The Bowl (SMMB);2014-03-06;2014-03-08;Public Event - Ticketed;;Kings Domain
The Long Walk 10 YearAnniversary;2014-05-31;2014-05-31;Public Event - Ticketed;;Alexandra Gardens, Birrarung Marr, BM, Kings Domain, Tom's Block, Queen Victoria Gardens, Bridges
Bank Of Melbourne World's Longest Lunch;2015-02-26;2015-02-27;Public Event - Ticketed;;Fitzroy Gardens
Slide The City;2016-01-09;2016-01-10;Public Event - Ticketed;;Fitzroy Gardens, Treasury Gardens, Inner Suburb Locations
Ice Slide;2016-06-20;2016-07-19;Public Event - Ticketed;;Southbank Spillway
It's A Docklands Dog Pawty!;2017-03-26;2017-03-26;Public Event - Ticketed;;Parks
Worlds Longest Lunch 2017;2017-03-31;2017-03-31;Public Event - Ticketed;;Inner Suburb Locations
Gingerboy 10th Birthday;2017-04-05;2017-04-05;Public Event - Ticketed;;Crossley Street
Ecothreads-rags To Rockstage;2016-08-27;2016-08-27;Public Event - Ticketed;;ACDC Lane
Wedding Ceremony;2014-01-03;2014-01-03;Wedding;;Kings Domain
Wedding Ceremony;2014-01-04;2014-01-04;Wedding;;Kings Domain
Wedding Ceremony;2014-01-18;2014-01-18;Wedding;;Kings Domain
Wedding Ceremony;2014-01-31;2014-01-31;Wedding;;Kings Domain
Wedding Ceremony;2014-02-02;2014-02-02;Wedding;;Fitzroy Gardens
Wedding Ceremony;2014-02-08;2014-02-08;Wedding;;Carlton Gardens
Wedding Ceremony;2014-02-22;2014-02-22;Wedding;;Fitzroy Gardens
Wedding Ceremony;2014-03-01;2014-03-01;Wedding;;Fitzroy Gardens
Wedding Ceremony;2014-03-09;2014-03-09;Wedding;;Fitzroy Gardens
Wedding Ceremony;2014-03-29;2014-03-29;Wedding;;Queen Victoria Gardens
Wedding Ceremony;2014-04-05;2014-04-05;Wedding;;Kings Domain
Wedding Ceremony;2014-09-28;2014-09-28;Wedding;;Treasury Gardens
Wedding Ceremony;2014-10-04;2014-10-04;Wedding;;Carlton Gardens
Wedding Ceremony;2014-11-14;2014-11-14;Wedding;;Queen Victoria Gardens
Wedding Ceremony;2014-11-27;2014-11-27;Wedding;;Treasury Gardens
Wedding Ceremony;2014-11-29;2014-11-29;Wedding;;Presgrave Place
Wedding Ceremony;2014-12-20;2014-12-20;Wedding;;Carlton Gardens
Wedding Ceremony;2015-01-11;2015-01-11;Wedding;;Fitzroy Gardens
Wedding Ceremony;2015-02-28;2015-02-28;Wedding;;Treasury Gardens
Wedding Ceremony;2015-03-07;2015-03-07;Wedding;;Fitzroy Gardens
Wedding Ceremony;2015-03-14;2015-03-14;Wedding;;Fitzroy Gardens
Wedding Ceremony;2015-03-15;2015-03-15;Wedding;;Fitzroy Gardens
Wedding Ceremony;2015-03-20;2015-03-20;Wedding;;Fitzroy Gardens
Wedding Ceremony;2015-03-28;2015-03-28;Wedding;;Fitzroy Gardens
Wedding Ceremony;2015-04-11;2015-04-11;Wedding;;Fitzroy Gardens
Wedding Ceremony;2015-08-15;2015-08-15;Wedding;;Fitzroy Gardens
Wedding Ceremony;2015-10-04;2015-10-04;Wedding;;Kings Domain
Wedding Ceremony;2015-11-01;2015-11-01;Wedding;;Carlton Gardens
Wedding Ceremony;2015-11-21;2015-11-21;Wedding;;Carlton Gardens
Wedding Ceremony;2015-12-05;2015-12-05;Wedding;;Kings Domain
Wedding Ceremony;2015-12-05;2015-12-05;Wedding;;Carlton Gardens
Wedding Ceremony;2015-12-12;2015-12-12;Wedding;;Kings Domain
Wedding Ceremony;2015-12-18;2015-12-18;Wedding;;Fitzroy Gardens
Wedding Ceremony;2016-01-09;2016-01-09;Wedding;;Royal Park
Wedding Ceremony;2016-01-15;2016-01-15;Wedding;;Fitzroy Gardens
Wedding Ceremony;2016-01-23;2016-01-23;Wedding;;Treasury Gardens
Wedding Ceremony;2016-01-25;2016-01-25;Wedding;;Treasury Gardens
Wedding Ceremony;2016-01-30;2016-01-30;Wedding;;
Wedding Ceremony;2016-02-06;2016-02-06;Wedding;;Fitzroy Gardens
Wedding Ceremony;2016-02-27;2016-02-27;Wedding;;Treasury Gardens
Wedding Ceremony;2016-03-19;2016-03-19;Wedding;;Treasury Gardens
Wedding Ceremony;2016-03-19;2016-03-19;Wedding;;Fitzroy Gardens
Wedding Ceremony;2016-04-01;2016-04-01;Wedding;;Fitzroy Gardens
Wedding Ceremony;2016-04-02;2016-04-02;Wedding;;Kings Domain
Wedding Ceremony;2016-07-10;2016-07-10;Wedding;;Fitzroy Gardens
Wedding Ceremony;2016-09-03;2016-09-03;Wedding;;Carlton Gardens
Wedding Ceremony;2016-11-05;2016-11-05;Wedding;;Kings Domain
Wedding Ceremony;2016-11-12;2016-11-12;Wedding;;Fitzroy Gardens
Wedding Ceremony;2016-11-22;2016-11-22;Wedding;;Queen Victoria Gardens
Wedding Ceremony;2016-12-09;2016-12-09;Wedding;;Fitzroy Gardens
Wedding Ceremony;2016-12-17;2016-12-17;Wedding;;Fitzroy Gardens
Wedding Ceremony;2017-01-07;2017-01-07;Wedding;;Carlton Gardens
Wedding Ceremony;2017-01-08;2017-01-08;Wedding;;Carlton Gardens
Wedding Ceremony;2017-02-04;2017-02-04;Wedding;;Carlton Gardens
Wedding Ceremony;2017-03-05;2017-03-05;Wedding;;Treasury Gardens
Wedding Ceremony;2017-03-19;2017-03-19;Wedding;;Carlton Gardens, Treasury Gardens
Wedding Ceremony;2017-04-15;2017-04-15;Wedding;;Treasury Gardens
Cling Clang Album Launch Party;2017-12-10;2017-12-10;Public Event - Non Ticketed;;Birrarung Marr
The Greater Run;2017-09-23;2017-09-23;Public Event - Run/Walk;;Treasury Gardens
Best Foot Forward Skateboard Contest;2017-09-09;2017-09-10;Public Event - Non Ticketed;;Alexandra Gardens, AG - Riverslide Skate Park
Skybus Launch;2017-10-04;2017-10-04;Promotion;;Promotional Sites
Ride 2 Work Day;2017-10-11;2017-10-11;Promotion;;Promotional Sites
World Hepatitis Day;2017-07-14;2017-07-14;Promotion;;Bourke St Mall - next to Tourism booth
Year 9 City Discovery Bootcamp;2017-09-01;2017-09-01;Private Event;;Alexandra Gardens
Hungry Jacks Tvc;2017-07-29;2017-07-30;Filming - TVC;;Little Bourke Street, William Street, Barry Lane, Lt William Street, St Patricks Alley, Thomson Street, Roads / Public Access Spaces
Msfw 2017;2017-06-06;2017-06-06;Filming - Photo shoot;;Collins Street, Flinders Lane, Russell Street, Spring Street, Crossley Street
Walk Together;2017-10-21;2017-10-21;Public Event - Low Impact Activity;;Treasury Gardens
Wedding Ceremony;2017-12-31;2017-12-31;Wedding;;Fitzroy Gardens
The Wrong Girl;2017-07-31;2017-07-31;Filming - TV Series;;Flinders Street, Swanston Street, Bridges
Heritage Paddle Picnic;2017-04-30;2017-04-30;Private Event;;Alexandra Gardens
Pop Up: West Melbourne Draft Structure;2017-08-09;2017-08-09;Public Event - Low Impact Activity;;Inner Suburb Locations
Wedding Ceremony;2017-11-17;2017-11-17;Wedding;;Fitzroy Gardens
University Of Melbourne Open Day;2017-08-19;2017-08-21;Public Event - Non Ticketed;;Other Park Locations, Inner Suburb Locations
Grace's Garden Party;2017-12-18;2017-12-18;Private Event;;Alexandra Gardens
Wateraid;2018-01-15;2018-01-18;Promotion;;Bourke St Mall - next to Tourism booth
Wateraid;2017-10-12;2017-10-13;Promotion;;Bourke St Mall - next to Tourism booth
Comercial: Newton Heated Range;2017-08-17;2017-08-17;Filming - TVC;;Alexandra Gardens
Rmit Graduation Parade 2017;2017-12-13;2017-12-13;Public Event - Non Ticketed;;Treasury Gardens, Other Park Locations, Bourke Street, La Trobe Street, Russell Street, Spring Street, Swanston Street
Mercedes Me Store Launch;2017-11-29;2017-11-30;Public Event - Media Launch;;Collins Street
Put Your Foot Down Walk Melbourne 2017;2017-05-07;2017-05-07;Public Event - Run/Walk;;Alexandra Gardens, AG - Riverslide Skate Park, Birrarung Marr, BM - Fed Sq + Princes Walk, Birrarung Marr, Other Park Locations, Bridges, Southbank Promenade, Queensbridge Square
Com Christmas Festival;2017-11-12;2017-12-31;Public Event - Non Ticketed;;Bourke Street, Flinders Street, Swanston Street, Cohen Place, Degraves Street, Hosier Lane, Howey Place, Manchester Lane, Meyers Place (Green Laneway), Bourke St Mall - next to Tourism booth
City on a Hill Family Picnic;2017-10-28;2017-10-28;Private Event;;Carlton Gardens
Wedding Ceremony;2017-08-05;2017-08-05;Wedding;;Fitzroy Gardens
Wedding Ceremony;2017-11-11;2017-11-11;Wedding;;Princes Park
Wedding Ceremony;2018-01-13;2018-01-13;Wedding;;Flagstaff Gardens
The Wrong Girl;2017-06-26;2017-06-26;Filming - TV Series;;Promotional Sites
Wedding Ceremony;2017-10-10;2017-10-10;Wedding;;Carlton Gardens
Nme Ultra Marathon 2017;2017-10-25;2017-10-26;Private Event;;Kings Domain
Hlttv Xmas Bbq;2017-11-26;2017-11-26;Private Event;Christmas Party;Fawkner Park
House Cross Country;2017-08-09;2017-08-09;Private Event;;Kings Domain
Use of RPA Princes Park;2017-10-07;2017-10-07;Filming - Other;;Princes Park
Wild At Heart Community Arts;2017-12-14;2017-12-14;Public Event - Music;;Queensbridge Square
Bupa Christmas Party;2017-11-28;2017-11-28;Private Event;Christmas Party;Alexandra Gardens
Weary Dunlop Commemorative Service;2017-07-12;2017-07-12;Public Event - Low Impact Activity;;Kings Domain, Tom's Block
Sisters Series 1;2017-08-01;2017-08-01;Filming - TV Series;;William Street
Boost Juice;2018-01-19;2018-01-19;Promotion;;Knox Place
Sunday Streets;2017-05-21;2017-05-21;Public Event - Low Impact Activity;;Promotional Sites
Jack Irish Unit Base;2018-01-16;2018-01-16;Filming - Unit Base;;Flagstaff Gardens
Sisters Unit Base;2017-08-17;2017-08-18;Filming - TV Series;;Flagstaff Gardens
Rutherglen In The City;2017-08-24;2017-08-27;Public Event - Low Impact Activity;;Little Bourke Street, Driver Lane
Parkville Parkrun Anniversary;2017-04-29;2017-04-29;Pubilc Event - Non-ticketed;;Princes Park
Tan Time Trial;2017-03-04;2018-02-03;Public Event - Run/Walk;;Kings Domain
Wateraid Australia;2017-09-14;2017-09-15;Promotion;;Bourke St Mall - next to Tourism booth
Team Building Event;2017-11-21;2017-11-21;Private Event;;Alexandra Gardens
Spring Fling Festival 2017;2017-10-15;2017-10-15;Public Event - Non Ticketed;;Other Park Locations, Inner Suburb Locations
Festival Of Italian Motorcycles;2017-11-12;2017-11-12;Public Event - Non Ticketed;;Argyle Square Stage Only, Other Park Locations, Piazza Italia
Fs Fy17 Recognition Bbq;2017-11-24;2017-11-24;Private Event;;Princes Park
Wedding Ceremony;2017-12-01;2017-12-01;Wedding;;Fitzroy Gardens
Sri Chinmoy Winter Running Festival;2017-07-22;2017-07-23;Public Event - Run/Walk;;Princes Park
Vitamania;2017-12-12;2017-12-12;Filming - TVC;;Hardware Lane, Niagara Lane
Recovery Bbq;2018-01-21;2018-01-21;Private Event;;Flagstaff Gardens
Australia Day Womens Ceremony;2018-01-18;2018-01-18;Public Event - Non Ticketed;;Other Park Locations
The Wrong Girl;2017-06-14;2017-06-14;Filming - TV Series, Filming - Unit;;Promotional Sites, Harbour Esplanade, Roads / Public Access Spaces
Melbourne Knowledge Week;2017-05-06;2017-05-06;Pubilc Event - Non-ticketed;;Other Park Locations, Inner Suburb Locations
Mitsubishi Outlander;2017-08-11;2017-08-13;Filming - TVC;;Little Bourke Street, Little Collins Street, Queen Street, Spencer Street, Bridges, ACDC Lane, Duckboard Place, Roads / Public Access Spaces
The Zine Scene (MMW);2017-11-18;2017-11-18;Public Event - Music;;Howey Place
Family Food Fight;2017-08-08;2017-08-08;Filming - TV Series;;Promotional Sites, Harbour Esplanade
Vfl Round 3 Match;2017-04-29;2017-04-29;Pubilc Event - Non-ticketed;;North Melbourne Recreation Reserve
Oppo A& Smartphone Tvc;2017-10-14;2017-10-15;Filming - TVC;;Russell Street, Spring Street, Bridges, Southbank Promenade, Stevenson Lane, Tattersalls Lane, Queensbridge Square
Herbert Smith Freehills;2017-11-23;2017-11-23;Private Event;;Kings Domain
Party Tricks;2014-06-07;2014-06-07;Filming - TV Series;;Spring Street
Hunters;2015-09-21;2015-09-21;Filming - TV Series;;Little Collins Street, Spring Street
Australia's Got Talent Intro;2015-11-20;2015-11-20;Filming - TV Series;;Cohen Place
Mazda TVC;2014-04-23;2014-04-23;Filming - TVC;;Roads / Public Access Spaces
The Leftovers;2016-07-18;2016-07-19;Filming - TV Series;;Inner Suburb Locations
Mustangs Fc;2017-03-31;2017-04-12;Filming - TV Series;;Fawkner Park, Parks
Mazda Tvc Photography;2015-02-20;2015-02-20;Filming - TVC;;Treasury Gardens
Jetstar;2015-05-28;2015-05-29;Filming - TVC;;Bridges
Westpac Get Cash Corporate Video;2015-07-08;2015-07-09;Filming - TVC;;Bourke Street, Russell Street, Inner Suburb Locations
Honda Tvc;2015-10-17;2015-10-17;Filming - TVC;;Bridges, Inner Suburb Locations
Qantas Safety Film;2015-11-30;2015-11-30;Filming - TVC;;
Fair And Lovely;2016-01-16;2016-01-16;Filming - TVC;;Little Bourke Street, Spencer Street, William Street
Ssangyong Tvc;2016-01-17;2016-01-17;Filming - TVC;;Promotional Sites, Roads / Public Access Spaces
Melbourne Food And Wine Festival;2016-09-07;2016-09-08;Filming - TVC;;Southbank Promenade, Inner Suburb Locations
House Husbands;2014-03-18;2014-03-18;Filming - Unit Base;;Other Park Locations
Surf Dive 'n Ski Kombi Tour;2014-10-24;2014-10-24;Promotion;;Bourke St Mall - next to Tourism booth
John McEnroe;2015-03-06;2015-03-06;Promotion;;Parliament Station
National Pretzel Day;2015-04-26;2015-04-26;Promotion;;Southbank Spillway
Smoke-free Areas EducationCampaign;2015-10-05;2015-10-10;Promotion;;Block Place, Equitable Place, Howey Place, The Causeway, City Square
Spc The Perfect Fruit;2015-10-27;2015-11-18;Promotion;;Queensbridge Square , Southbank Spillway
Herald Sun Tour 2015;2015-02-04;2015-02-04;Public Event - Cycling Event;;Alexandra Gardens, Birrarung Marr, BM, Bridges, Southbank Promenade, Queensbridge Square , Southbank Spillway , Evan Walker Bridge
Dracula's New Show Launch;2014-10-31;2014-10-31;Public Event - Media/Launch Event;;Inner Suburb Locations
Promotion - MSO Chorus Performance;2014-12-01;2014-12-01;Public Event - Music Event;;Evan Walker Bridge
Boney & Magic Mountain MMWLive Music Safari;2015-11-19;2015-11-20;Public Event - Music Event;;Westwood Place
Italian Auto Icons;2014-02-16;2014-02-16;Public Event - Non-ticketed;;Inner Suburb Locations
HLTTV Easter BBQ;2014-03-30;2014-03-30;Public Event - Non-ticketed;;Fawkner Park
Open House Melbourne;2014-07-20;2014-07-28;Public Event - Non-ticketed;;Swanston Street
Auskick Clinic - AFL Live Site;2014-09-23;2014-09-23;Public Event - Non-ticketed;;Birrarung Marr, BM
Paceline 2014;2014-11-14;2014-11-14;Public Event - Non-ticketed;;Bridges, Inner Suburb Locations, Queensbridge Square , Southbank Spillway
Walk To D Feet MND;2014-11-16;2014-11-16;Public Event - Non-ticketed;;Princes Park
Dragonboat Victoria Dockland's Cup;2014-12-07;2014-12-07;Public Event - Non-ticketed;;All Other Spaces, Privately Managed Event Spaces
Yarn Corner Stiches Up CitySquare;2015-01-18;2015-02-28;Public Event - Non-ticketed;;City Square
Kensington Australia Day Festival;2015-01-26;2015-01-27;Public Event - Non-ticketed;;Inner Suburb Locations
White Night 2015 Documents Only;2015-02-16;2015-02-25;Public Event - Non-ticketed;;Birrarung Marr
Australian Henley Regatta 2015;2015-02-21;2015-02-21;Public Event - Non-ticketed;;Alexandra Gardens
Mother' Day Cake Stall;2016-05-07;2016-05-07;Public Event - Non-ticketed;;Inner Suburb Locations
Kirat Festival 2016;2016-05-28;2016-05-28;Public Event - Non-ticketed;;Birrarung Marr
The Most Wuthering Heights DayEver;2016-07-16;2016-07-16;Public Event - Non-ticketed;;Kings Domain
University Of Melbourne Open Day;2016-08-20;2016-08-22;Public Event - Non-ticketed;;Other Park Locations, Inner Suburb Locations
Night Noodle Markets;2016-11-04;2016-11-30;Public Event - Non-ticketed;;Birrarung Marr, BM
Yoga In The Gardens;2017-02-18;2017-02-18;Public Event - Non-ticketed;;Kings Domain
Go The Tan 2014;2014-02-07;2014-02-08;Public Event - Run Walk;;Kings Domain, Bridges
Melanoma March 2014;2014-03-23;2014-03-23;Public Event - Run Walk;;Kings Domain
A Journey With Anthony;2015-03-07;2015-03-15;Filming - Movie;;Other Park Locations, Inner Suburb Locations
Threethousand;2014-05-06;2014-05-06;Filming - Other;;Coverlid Place
Paradise Cove TVC;2016-02-01;2016-02-02;Filming - Other;;Alexandra Gardens, Fawkner Park, Southbank Promenade, Inner Suburb Locations, Roads / Public Access Spaces
Metro Corporate Video;2016-11-11;2016-11-11;Filming - Other;;Treasury Gardens
2xu Photo Shoot;2014-03-14;2014-03-21;Filming - Photo shoot;;Privately Managed Event Spaces
Jaggad Photoshoot;2014-10-02;2014-10-02;Filming - Photo shoot;;Rainbow Alley, Royal Lane
Myer Miss Shop;2015-04-14;2015-04-14;Filming - Photo shoot;;Inner Suburb Locations
Mso Herald Sun Photoshoot;2015-07-23;2015-07-23;Filming - Photo shoot;;ACDC Lane
Saba Summer 15/16 Campaign;2015-08-26;2015-08-26;Filming - Photo shoot;;Centre Place, Degraves Street
Eastbourne Property Marketing;2016-04-14;2016-04-15;Filming - Photo shoot;;Fitzroy Gardens
Myer Christmas Windows;2016-12-04;2016-12-14;Filming - Photo shoot;;Bourke Street, Bourke St Mall - next to Tourism booth
Holden Trax;2017-02-11;2017-02-12;Filming - Photo shoot;;Treasury Gardens, Parks
Match (student);2014-07-21;2014-07-21;Filming - Student;;Inner Suburb Locations
VCA - Glitter;2014-08-16;2014-08-16;Filming - Student;;Inner Suburb Locations
Hourglass (student);2014-09-20;2014-09-20;Filming - Student;;Flagstaff Gardens
After Today (student);2015-07-31;2015-07-31;Filming - Student;;Bridges, Promotional Sites
Cloud Gazer (student);2015-09-09;2015-09-11;Filming - Student;;Kings Domain
I Tip My Hat;2016-08-26;2016-09-04;Filming - Student;;Kings Domain, Bridges
Finality;2016-09-11;2016-09-11;Filming - Student;;Carlton Gardens
Please Like Me Series 2;2014-02-27;2014-02-27;Filming - TV Series;;Treasury Gardens, Other Park Locations, Inner Suburb Locations
Please Like Me Series 2;2014-03-06;2014-03-06;Filming - TV Series;;Bridges, Inner Suburb Locations
Miss Fisher Murder Mysteries Series 3;2014-10-14;2014-10-14;Filming - TV Series;;Royal Park, Inner Suburb Locations
Miss Fisher Murder Mysteries Series 3;2014-11-24;2014-11-24;Filming - TV Series;;Inner Suburb Locations
The Block;2014-12-11;2014-12-11;Filming - TV Series;;Batman Park
Molly;2015-03-11;2015-03-11;Filming - TV Series;;Inner Suburb Locations
Winners And Losers - Season 5;2015-04-20;2015-04-20;Filming - TV Series;;Alexandra Gardens, St Kilda Road, Southbank Promenade
House Husbands;2015-06-15;2015-06-15;Filming - TV Series;;Collins Street
Winners And Losers Season 5;2015-07-02;2015-07-02;Filming - TV Series;;Inner Suburb Locations
Hunters;2015-08-24;2015-08-24;Filming - TV Series;;Therry Street
Open Slather;2015-09-17;2015-09-17;Filming - TV Series;;Inner Suburb Locations
Hunters;2015-10-29;2015-10-29;Filming - TV Series;;Flagstaff Gardens, Street Locations
Australia's Got Talent;2015-11-19;2015-11-25;Filming - TV Series;;Chinatown Plaza - see notes.
Masterchef S8;2015-12-16;2015-12-16;Filming - TV Series;;Carlton Gardens
The Recruit Series 2tv Episode 1Redbull Street Stars;2016-02-25;;Filming - TV Series Filming - TV Series;;Alexandra Gardens, Kings Domain, All Other Spaces, Harbour Esplanade
Redbull Street Stars;2016-03-25;2016-03-26;Filming - TV Series;;Swanston Street, Southbank Promenade
Wentworth;2016-08-22;2016-08-22;Filming - TV Series;;Russell Street
The Leftovers;2016-09-01;2016-09-08;Filming - TV Series;;Little Bourke Street, Inner Suburb Locations
Persil Online;2016-11-29;2016-11-29;Filming - TV Series;;Parks
Utopia 3;2017-03-23;2017-03-23;Filming - TV Series;;Inner Suburb Locations
The Real Housewives Of Melbourne;2017-04-12;2017-04-12;Filming - TV Series;;Birrarung Marr
TAC TVC;2014-03-25;2014-03-25;Filming - TVC;;Exhibition Street
Samsung NX30 TVC;2014-04-01;2014-04-02;Filming - TVC;;Southbank Promenade
Mitsubishi Tvc;2014-09-05;2014-09-06;Filming - TVC;;Little Collins Street, Church Lane, McKillop Street, Promotional Sites, Roads / Public Access Spaces
Apia Tvc;2015-01-21;2015-01-21;Filming - TVC;;Fawkner Park
Toyota Tvc;2015-03-16;2015-03-19;Filming - TVC;;Alexandra Gardens, Birrarung Marr, Kings Domain, Roads / Public Access Spaces
Honda Accord Hybrid;2015-03-24;2015-03-25;Filming - TVC;;Roads / Public Access Spaces
Holden Colorado Tvc;2015-06-11;2015-06-11;Filming - TVC;;All Other Spaces, Roads / Public Access Spaces
Audi Q7 TVC;2015-07-23;2015-07-24;Filming - TVC;;Collins Street, La Trobe Street, Little Collins Street, William Street, Church Lane, Harbour Esplanade, Roads / Public Access Spaces
Mazda Eofy Tvc;2016-04-08;2016-04-09;Filming - TVC;;Little Collins Street, Queen Street, Inner Suburb Locations, Church Lane, Other Laneways/Places/Alleys
Woolworths Sunday Roast;2016-06-24;2016-06-25;Filming - TVC;;Other Park Locations, Inner Suburb Locations
Nissan Tvc;2016-07-12;2016-07-12;Filming - TVC;;Crossley Street, Godfrey Street
Mini Legends;2016-08-24;2016-08-24;Filming - TVC;;FP - Cordner_T1_T2_T3_F2_Ct3, Fawkner Park
Honda Civic;2016-11-23;2016-11-23;Filming - TVC;;Parks
Skyjump Stills Photography;2016-11-24;2016-11-29;Filming - TVC;Filming - Photo shoot;Little Bourke Street, Spencer Street, William Street, Inner Suburb Locations, Street Locations
Wentworth;2014-02-03;2014-02-03;Filming - Unit Base;;Fawkner Park
Holding The Man;2014-09-08;2014-09-08;Filming - Unit Base;;Other Park Locations
Please Like Me Unit Base;2015-06-05;2015-06-05;Filming - Unit Base;;Fawkner Park
Dr Blake Unit Base;2016-12-07;2016-12-07;Filming - Unit Base;;PP - Lawn 2 South _ Ct3 _ Cs2 _ Soc 4_5_6, Inner Suburb Locations
Formula 1 World;2014-01-17;2014-01-28;Promotion;;Queensbridge Square
Australian Red Cross;2014-01-21;2014-02-14;Promotion;;Flinders St Station, Parliament Station, Piazza Italia
Melbourne Vixens Season Launch;2014-02-27;2014-02-27;Promotion;;Bourke St Mall - next to Tourism booth
Pop Up Ptv;2014-03-13;2014-03-16;Promotion;;Bourke St Mall - next to Tourism booth
Promotion - Pan Macmillan;2014-04-16;2014-04-16;Promotion;;Flinders St Station
Active Cities;2014-05-28;2014-05-29;Promotion;;Queensbridge Square , Bourke St Mall - next to Tourism booth
Game Of Petanque;2014-10-05;2014-10-05;Promotion;;City Square
Giant Tennis Balls;2014-10-06;2014-10-12;Promotion;;City Square, Southbank Spillway , Bourke St Mall - next to Tourism booth
Haribo Sampling;2014-10-10;2014-10-17;Promotion;;Melbourne Central Station - Swanston Street, Queensbridge Square
Walk To Work Day;2014-11-14;2014-11-14;Promotion;;Flinders St Station, Melbourne Central Station - Swanston Street, Evan Walker Bridge
Strong Man Competition;2014-11-28;2014-11-28;Promotion;;Queensbridge Square
Berlei Runway Bounce (for Myer);2015-01-15;2015-01-15;Promotion;;Bourke Street, Bourke St Mall - next to Tourism booth
Benefit Cosmetics;2015-01-30;2015-01-30;Promotion;;Bourke Street
International Pancake Day;2015-02-17;2015-02-17;Promotion;;Flinders St Station
Grand Prix;2015-03-12;2015-03-18;Promotion;;Elizabeth Street
Vodafone;2015-03-26;2015-03-26;Promotion;;Bourke Street
Smooch A Pooch;2015-04-04;2015-04-04;Promotion;;Queensbridge Square
Anzac Wall;2015-04-23;2015-04-25;Promotion;;Queensbridge Square
Coffee Club Reconnection;2015-05-06;2015-05-06;Promotion;;Spencer Street
Bupa June Campaign;2015-06-04;2015-06-04;Promotion;;Melbourne Central Station - Swanston Street
Elizabeth Arden;2015-06-11;2015-06-27;Promotion;;Bourke Street
Lumo Energy;2015-07-08;2015-07-08;Promotion;;Melbourne Central Station - Swanston Street
Myer Cosmetics Brand Activation;2015-08-07;2015-08-07;Promotion;;Bourke Street
We Stand As One;2015-10-31;2015-10-31;Promotion;;Evan Walker Bridge
Shuji Sushi Summer 2015 Promo;2015-11-02;2015-11-16;Promotion;;Flinders St Station, Parliament Station, Queensbridge Square
Ceca;2015-11-07;2015-11-07;Promotion;;Flinders St Station
World Aids Day Activities;2015-11-28;2015-12-01;Promotion;;Flinders St Station, Parliament Station, Melbourne Central Station - Swanston Street, Melbourne Central Station - Elizabeth Street, Queensbridge Square , Bourke St Mall - next to Tourism booth, Evan Walker Bridge
Mercedes Benz Club Vehicle Display;2015-11-29;2015-11-29;Promotion;;Southbank Spillway
Boxing Day Pre-trade Entertainment;2015-12-26;2015-12-26;Promotion;;Bourke Street
Sweeten Your Summer With EqualNext;2016-01-06;2016-01-06;Promotion;;Queensbridge Square
Heidi Klum Public Event;2016-01-27;2016-01-27;Promotion;;Bourke Street
World's Greatest Shave PromotionalEvent;2016-02-10;2016-02-10;Promotion;;Bourke St Mall - next to Tourism booth
The Look Tac;2016-03-09;2016-03-14;Promotion;;City Square, Southbank Spillway
Mfc Marketing Project;2016-03-25;2016-03-25;Promotion;;Flinders St Station
Promotion - Child Fund Australia;2016-05-02;2016-05-06;Promotion;;Bourke St Mall - next to Tourism booth
National Reconciliation Week;2016-05-27;2016-05-27;Promotion;;Flinders St Station, Parliament Station, Melbourne Central Station - Elizabeth Street, Queensbridge Square , Southbank Spillway
Child Fund Australia;2016-05-30;2016-06-30;Promotion;;Bourke St Mall - next to Tourism booth
Benefit Browzam Sampling;2016-09-22;2016-09-22;Promotion;;Bourke Street
Proud & Punch Sampling;2016-10-21;2016-10-21;Promotion;;Queensbridge Square
National Bandanna Day;2016-10-28;2016-10-28;Promotion;;Flagstaff Gardens, City Square
The Climatarian Challenge AppLaunch;2016-11-12;2016-11-12;Promotion;;Queensbridge Square
Myer Boxing Day Promotion;2016-12-26;2016-12-26;Promotion;;Bourke Street, Bourke St Mall - next to Tourism booth
Premiers Active April;2017-03-15;2017-04-02;Promotion;;Flinders St Station
Ride2Work Community Breakfast;2014-10-15;2014-10-15;Public Event - Cycling Event;;Promotional Sites, All Other Spaces
Bupa Around The Bay 2015;2015-10-01;2015-10-14;Public Event - Cycling Event;;Alexandra Gardens, St Kilda Road
Ride The Night;2017-01-25;2017-01-29;Public Event - Cycling Event;;Riverside Park , Exhibition Street, La Trobe Street, Swanston Street, St Kilda Road, Bridges, Inner Suburb Locations, Promotional Sites, All Other Spaces, Privately Managed Event Spaces, Roads / Public Access Spaces
Playtime In The Park;2014-04-04;2014-04-04;Public Event - Low Impact Activity;;Flagstaff Gardens
Laneway Cricket 2015;2015-09-30;2015-12-02;Public Event - Low Impact Activity;;Baptist Place
Spanish Language Fiesta;2017-04-08;2017-04-08;Public Event - Low Impact Activity;;Inner Suburb Locations
Walk In Her Shoes;2016-03-06;2016-03-06;Public Event - Media/Launch Event;;Fitzroy Gardens
Greek National Day Commem2014 (old format);2014-03-23;2014-03-23;Public Event - Memorial;;Alexandra Gardens, Kings Domain, Tom's Block, Swanston Street, St Kilda Road, Bridges
CBD Remembrance DayCommemoration;2014-11-11;2014-11-11;Public Event - Memorial;;Elizabeth Street, Spring Street, Swanston Street
Operation Slipper Commemoration;2015-03-21;2015-03-21;Public Event - Memorial;;Alexandra Gardens, Swanston Street, St Kilda Road
National Police Remembrance Day;2015-09-29;2015-09-29;Public Event - Memorial;;Kings Domain, Tom's Block, St Kilda Road, Bridges
International Aids CandlelightMemorial;2016-05-15;2016-05-15;Public Event - Memorial;;City Square
Victoria Day Flag RaisingCeremony;2016-07-01;2016-07-01;Public Event - Memorial;;Swanston Street
Kiis101.1 Laneway Gig;2015-03-06;2015-03-06;Public Event - Music Event;;Other Laneways/Places/Alleys
Vision Australia's Carols ByCandlelight 2015;2015-12-21;2015-12-25;Public Event - Music Event;;Kings Domain, Tom's Block
Sugar Mountain Arts And MusicFestival;2016-01-21;2016-01-25;Public Event - Music Event;;Inner Suburb Locations
Romeo Lane Revived;2016-03-09;2016-03-09;Public Event - Music Event;;Bourke Street, Crossley Street
Signal 37 (CoM);2014-01-15;2014-01-22;Public Event - Non-ticketed;;Birrarung Marr, Little Bourke Street, Queensbridge Square
Share The Spirit Festival 2014;2014-01-26;2014-01-26;Public Event - Non-ticketed;;Birrarung Marr, Treasury Gardens
Melbourne Summer Boat Show2014 (old Format);2014-01-28;2014-02-03;Public Event - Non-ticketed;;Promotional Sites
Lion Dance & Chinese FirecrackerDischarge;2014-01-28;2014-02-03;Public Event - Non-ticketed;;Little Bourke Street, Little Collins Street, Russell Street, Inner Suburb Locations
Private Chinese New Year Celebration;2014-01-30;2014-02-09;Public Event - Non-ticketed;;Little Bourke Street, Lonsdale Street
Fca Melbourne Chinese New YearFestival;2014-02-02;2014-02-03;Public Event - Non-ticketed;;Little Bourke Street, Russell Street, Cohen Place
Hyp Fest 2014;2014-02-09;2014-02-09;Public Event - Non-ticketed;;Queensbridge Square
"World Record Attempt ""mostPancakes Tossed";2014-03-01;2014-03-01;Public Event - Non-ticketed;;Flagstaff Gardens
Royal Park Festival;2014-03-01;2014-03-01;Public Event - Non-ticketed;;Royal Park
Seeing Eye Dogs Open Day;2014-03-22;2014-03-22;Public Event - Non-ticketed;;Inner Suburb Locations
International Guide Dog Day Walk;2014-04-30;2014-04-30;Public Event - Non-ticketed;;Kings Domain, Tom's Block, Swanston Street, St Kilda Road, Bridges, Inner Suburb Locations
Share Our Streets;2014-05-06;2014-06-06;Public Event - Non-ticketed;;Collins Street, Inner Suburb Locations, Collins Place
Traditional Dragon Boat FestivalCeremony;2014-05-31;2014-05-31;Public Event - Non-ticketed;;Other Park Locations, Spring Street, Parliament Station
Flash Mob For Anti BullyingCampaign;2014-07-17;2014-07-17;Public Event - Non-ticketed;;City Square
Rmit Open Day;2014-08-10;2014-08-10;Public Event - Non-ticketed;;Inner Suburb Locations, Street Locations
Display Of Wedding Car's;2014-09-07;2014-09-07;Public Event - Non-ticketed;;Bridges, Southbank Promenade, Southbank Spillway , Evan Walker Bridge
Eid Prayers At Flagstaff Gardens;2014-10-04;2014-10-04;Public Event - Non-ticketed;;Flagstaff Gardens
Myer Christmas Launch;2014-11-08;2014-11-08;Public Event - Non-ticketed;;Bourke Street, Bourke St Mall - next to Tourism booth
Melbourne Music Week 2014 -Therry St;2014-11-10;2014-11-24;Public Event - Non-ticketed;;Queen Street, Inner Suburb Locations
Melbourne Head Rowing Regatta;2014-11-22;2014-11-22;Public Event - Non-ticketed;;Alexandra Gardens
Share The Spirit Festival 2015;2015-01-26;2015-01-26;Public Event - Non-ticketed;;Treasury Gardens
Moomba 2015;2015-02-23;2015-03-17;Public Event - Non-ticketed;;Alexandra Gardens, Birrarung Marr, Kings Domain, Tom's Block, Queen Victoria Gardens, Swanston Street, St Kilda Road, Bridges, City Square
Seeing Eye Dogs Australia OpenDay 2015;2015-03-14;2015-03-14;Public Event - Non-ticketed;;Inner Suburb Locations
Children's Book Festival, FamilyDay;2015-03-22;2015-03-22;Public Event - Non-ticketed;;Little Lonsdale Street, Russell Street, Swanston Street, Caledonian Lane, Drewery Lane - Do Not Book
Greek National DayCommemoration;2015-03-29;2015-03-29;Public Event - Non-ticketed;;Tom's Block, St Kilda Road
Good Friday Charity Show AndShine;2015-04-03;2015-04-03;Public Event - Non-ticketed;;Southbank Spillway
Starlight Day 2015;2015-05-01;2015-05-01;Public Event - Non-ticketed;;City Square
Walk A Mile In Their Shoes 2015;2015-05-08;2015-05-08;Public Event - Non-ticketed;;Swanston Street, Bridges, City Square, Flinders St Station, Queensbridge Square , Southbank Spillway
Victoria Day Awards;2015-07-01;2015-07-01;Public Event - Non-ticketed;;Swanston Street, City Square
Public Event-Melbourne Spring Fashion WkOpening Night (BSM);2015-08-28;2015-09-04;Public Event - Non-ticketed;;Bourke Street, Collins Street, Swanston Street, Bourke St Mall - next to Tourism booth
City Road Draft Master PlanComm Engagement;2015-09-29;2015-10-10;Public Event - Non-ticketed;;Inner Suburb Locations
Meyers Place Latin Fiesta;2015-10-11;2015-10-11;Public Event - Non-ticketed;;Meyers Place (Green Laneway)
The Melbourne Gothic & VictorianPicnic;2015-10-17;2015-10-17;Public Event - Non-ticketed;;Fitzroy Gardens
NDSOC Show and Shine 2015;2015-11-15;2015-11-15;Public Event - Non-ticketed;;Promotional Sites
Head Of The Yarra RowingRegatta;2015-11-27;2015-11-28;Public Event - Non-ticketed;;Alexandra Gardens
Anz #headbandforgood;2016-01-15;2016-01-15;Public Event - Non-ticketed;;Queensbridge Square
Sunset Series (CoM) 2016;2016-01-16;2016-01-24;Public Event - Non-ticketed;;Fitzroy Gardens
Lunar Market;2016-02-02;2016-02-17;Public Event - Non-ticketed;;Promotional Sites, All Other Spaces
MARCS Festival;2016-02-27;2016-02-28;Public Event - Non-ticketed;;ACDC Lane, Duckboard Place
City On A Hill Fun Run;2016-02-27;2016-02-27;Public Event - Non-ticketed;;Kings Domain
Moomba 2016;2016-02-29;2016-03-18;Public Event - Non-ticketed;;Alexandra Gardens, AG - Riverslide Skate Park, Birrarung Marr, BM Birrarung Marr, Kings Domain, Queen Victoria Gardens, Swanston Street, St Kilda Road, Bridges
Seeing Eye Dogs Open Day;2016-03-05;2016-03-05;Public Event - Non-ticketed;;Inner Suburb Locations
Mpavilion;2016-07-25;2017-03-10;Public Event - Non-ticketed;;Kings Domain, Queen Victoria Gardens
Melbourne Regatta Blessing of theFleet 2016;2016-08-28;2016-08-28;Public Event - Non-ticketed;;Promotional Sites, All Other Spaces
Walk A Mile In Their Shoes 2016;2016-09-02;2016-09-02;Public Event - Non-ticketed;;Alexandra Gardens, Swanston Street, Bridges, Southbank Promenade, Flinders St Station, Queensbridge Square , Southbank Spillway
The Melbourne Gothic & VictorianPicnic;2016-10-08;2016-10-08;Public Event - Non-ticketed;;Fitzroy Gardens
Young Carers Festival;2016-10-15;2016-10-15;Public Event - Non-ticketed;;Treasury Gardens
Pic Fair;2016-10-15;2016-10-15;Public Event - Non-ticketed;;Queensbridge Square
Carlton Italian Festa 2016;2016-10-20;2016-10-24;Public Event - Non-ticketed;;Argyle Square Stage Only, Other Park Locations, Inner Suburb Locations, Piazza Italia
Tour Classica/Motorclassica;2016-10-20;2016-10-20;Public Event - Non-ticketed;;Kings Domain
Carlton Neighbour Day;2017-03-26;2017-03-26;Public Event - Non-ticketed;;Inner Suburb Locations
Run For The Kids 2017;2017-04-05;2017-04-11;Public Event - Non-ticketed;;Alexandra Gardens, AG - Riverslide Skate Park, Kings Domain, Tom's Block, Queen Victoria Gardens, Spencer Street, Swanston Street, St Kilda Road, Bridges, Southbank Promenade, Inner Suburb Locations, Flinders St Station, Queensbridge Square , Southbank Spillway , Evan Walker Bridge, Promotional Sites, Parks, All Other Spaces, Roads / Public Access Spaces
Daramalan College Music TourConcert;2016-09-26;2016-09-26;Public Event - Non-ticketed;Public;Queensbridge Square
David Jones Boxing DayClearance;2016-12-26;2016-12-26;Public Event - Non-ticketed;Public;Bourke Street
Reserve Forces Day March AndParade 2014;2014-06-29;2014-07-06;Public Event - Parade;;Kings Domain, Tom's Block, St Kilda Road
2014 Toyota Afl Grand FinalParade;2014-09-26;2014-09-26;Public Event - Parade;;Treasury Gardens, Collins Street, Spring Street, Swanston Street, St Kilda Road, Bridges, Inner Suburb Locations, City Square, Flinders St Station, Parliament Station
RMIT Graduation Parade 2014;2014-12-17;2014-12-17;Public Event - Parade;;Bourke Street, Collins Street, Flinders Lane, Flinders Street, La Trobe Street, Little Collins Street, Little Lonsdale Street, Russell Street, Swanston Street
Anzac Day 2015;2015-04-24;2015-04-25;Public Event - Parade;;Alexandra Gardens, BM, Kings Domain, Tom's Block, Queen Victoria Gardens, Shrine Reserve, Other Park Locations, Collins Street, Elizabeth Street, Flinders Lane, Flinders Street, Little Collins Street, Queen Street, Russell Street, Swanston Street, Bridges, City Square
AFL Grand Final Day Parade 2016;2016-09-30;2016-09-30;Public Event - Parade;;Fitzroy Gardens, Treasury Gardens, Other Park Locations, Bourke Street, Collins Street, Flinders Lane, Flinders Street, Little Bourke Street, Little Collins Street, Little Lonsdale Street, Lonsdale Street, Spring Street, Inner Suburb Locations
Walk A Mile In Their Shoes 2014;2014-05-09;2014-05-09;Public Event - Run Walk;;City Square, Queensbridge Square
The Tan Ultra 2014;2014-08-31;2014-08-31;Public Event - Run Walk;;Kings Domain
Out Of The Shadows SuicideAwareness Walk;2014-09-14;2014-09-14;Public Event - Run Walk;;Alexandra Gardens, Birrarung Marr, Bridges
Tan Relays 2014;2014-09-20;2014-09-20;Public Event - Run Walk;;Kings Domain
Spring Into Shape 2014;2014-09-21;2014-11-23;Public Event - Run Walk;;Alexandra Gardens, Birrarung Marr, Kings Domain, Bridges, Southbank Promenade, Queensbridge Square , Southbank Spillway
The Sunday Age City2sea 2014;2014-11-16;2014-11-16;Public Event - Run Walk;;Alexandra Gardens, Kings Domain, Tom's Block, Queen Victoria Gardens, Flinders Street, Swanston Street, St Kilda Road, Bridges, Inner Suburb Locations
Melbourne CBD Relay For Life;2014-12-05;2014-12-07;Public Event - Run Walk;;Flagstaff Gardens
Active Melbourne Corporate Cup;2015-04-02;2015-07-09;Public Event - Run Walk;;Kings Domain
The Bloody Long Walk;2015-09-06;2015-09-06;Public Event - Run Walk;;Alexandra Gardens, AG - Riverslide Skate Park, Bridges, Southbank Promenade, Inner Suburb Locations, Queensbridge Square , Southbank Spillway
Pace The Tan & Race The Tan;2015-10-14;2015-11-25;Public Event - Run Walk;;Kings Domain
Walk To D-feet Mnd;2015-11-15;2015-11-15;Public Event - Run Walk;;Princes Park
Sunset Series Race 2;2016-02-17;2016-02-17;Public Event - Run Walk;;Princes Park
We Can Walk It Out 2016;2016-02-28;2016-02-28;Public Event - Run Walk;;Kings Domain
Sunset Series Race 3;2016-03-02;2016-03-02;Public Event - Run Walk;;Kings Domain, Tom's Block, Princes Park
Weekend To End Women'sCancers;2016-04-15;2016-04-16;Public Event - Run Walk;;Carlton Gardens, Fawkner Park, Fitzroy Gardens, Treasury Gardens, Other Park Locations, Alexandra Ave
St Vincent's Scrub Run 2016;2016-04-16;2016-04-17;Public Event - Run Walk;;Princes Park
Big Brothers Big Sisters Fun Run;2016-06-19;2016-06-19;Public Event - Run Walk;;Kings Domain
Spirit Of Wipro Run;2016-09-25;2016-09-26;Public Event - Run Walk;;Fawkner Park
Step Up For Down Syndrome;2016-10-09;2016-10-09;Public Event - Run Walk;;Princes Park
Australian 50km Race WalkingChampionships;2016-12-11;2016-12-11;Public Event - Run Walk;;Fawkner Park
Festival Of Live Art;2014-03-22;2014-03-22;Public Event - Ticketed;;Inner Suburb Locations
Dave Matthews Band (SMMB);2014-04-15;2014-04-18;Public Event - Ticketed;;Kings Domain
Melbourne Spring Fashion Week;2014-08-13;2014-09-17;Public Event - Ticketed;;City Square
Bootcamp With Kayla Itsines;2015-02-13;2015-02-13;Public Event - Ticketed;;Flagstaff Gardens, Tom's Block
Sunset Series Race 3;2015-03-04;2015-03-05;Public Event - Ticketed;;Kings Domain, Tom's Block, Princes Park
Melbourne Festival Hub;2015-09-14;2015-11-13;Public Event - Ticketed;;Alexandra Gardens
Salute The Sun Yoga Festival;2016-02-28;2016-02-28;Public Event - Ticketed;;Treasury Gardens
Soul Pose;2016-03-04;2016-03-07;Public Event - Ticketed;;Flagstaff Gardens
Emcc's Family Funday Fundraiser;2016-04-15;2016-04-18;Public Event - Ticketed;;Other Park Locations
Floral Abundance In The Laneway;2016-05-08;2016-05-08;Public Event - Ticketed;;Driver Lane
MIFF Opening Gala;2016-07-28;2016-07-29;Public Event - Ticketed;;St Kilda Road, Inner Suburb Locations
Melbourne Day;2016-08-30;2016-08-30;Public Event - Ticketed;;EP - Lawn 2
Variety Santa Fun Run;2016-12-09;2016-12-09;Public Event - Ticketed;;Alexandra Gardens, Kings Domain
Enter The Void 2017;2017-01-01;2017-01-01;Public Event - Ticketed;;Bourke Street
Cherry Rock 2015;2015-05-10;2015-05-10;Public Event - Ticketed;;ACDC Lane, Duckboard Place
Sri Chinmoy Tan Track 10km Run;2015-11-29;2015-11-29;Public Event - Ticketed;;Kings Domain
Wedding Ceremony;2014-01-20;2014-01-20;Wedding;;Carlton Gardens
Wedding Ceremony;2014-02-01;2014-02-01;Wedding;;Alexandra Gardens
Wedding Ceremony;2014-02-22;2014-02-22;Wedding;;Treasury Gardens
Wedding Ceremony;2014-03-22;2014-03-22;Wedding;;Fitzroy Gardens
Wedding Ceremony;2014-03-22;2014-03-22;Wedding;;Kings Domain
Wedding Ceremony;2014-05-03;2014-05-03;Wedding;;Carlton Gardens
Wedding Ceremony;2014-05-10;2014-05-10;Wedding;;Fitzroy Gardens
Wedding Ceremony;2014-05-24;2014-05-24;Wedding;;Fitzroy Gardens
Wedding Ceremony;2014-06-15;2014-06-15;Wedding;;Queen Victoria Gardens
Wedding Ceremony;2014-09-02;2014-09-02;Wedding;;Fitzroy Gardens
Wedding Ceremony;2014-09-06;2014-09-06;Wedding;;Kings Domain
Wedding Ceremony;2014-10-17;2014-10-17;Wedding;;Fitzroy Gardens
Wedding Ceremony;2014-10-25;2014-10-25;Wedding;;Carlton Gardens
Wedding Ceremony;2014-11-01;2014-11-01;Wedding;;Fitzroy Gardens
Wedding Ceremony;2014-11-21;2014-11-21;Wedding;;Treasury Gardens
Wedding Ceremony;2014-12-06;2014-12-06;Wedding;;Fitzroy Gardens
Wedding Ceremony;2014-12-27;2014-12-27;Wedding;;Fitzroy Gardens
Wedding Ceremony;2015-02-06;2015-02-06;Wedding;;Fitzroy Gardens
Wedding Ceremony;2015-02-21;2015-02-21;Wedding;;Treasury Gardens
Wedding Ceremony;2015-02-28;2015-02-28;Wedding;;Fitzroy Gardens
Wedding Ceremony;2015-03-01;2015-03-01;Wedding;;Fitzroy Gardens
Wedding Ceremony;2015-03-21;2015-03-21;Wedding;;Treasury Gardens
Wedding Ceremony;2015-03-28;2015-03-28;Wedding;;Treasury Gardens
Wedding Ceremony;2015-04-04;2015-04-04;Wedding;;Treasury Gardens
Wedding Ceremony;2015-06-20;2015-06-20;Wedding;;Fitzroy Gardens
Wedding Ceremony;2015-06-21;2015-06-21;Wedding;;Fitzroy Gardens
Wedding Ceremony;2015-08-29;2015-08-29;Wedding;;Fitzroy Gardens
Wedding Ceremony;2015-10-10;2015-10-10;Wedding;;Fitzroy Gardens
Wedding Ceremony;2015-10-16;2015-10-16;Wedding;;Fitzroy Gardens
Wedding Ceremony;2015-10-16;2015-10-16;Wedding;;Carlton Gardens
Wedding Ceremony;2015-10-25;2015-10-25;Wedding;;Carlton Gardens
Wedding Ceremony;2015-11-07;2015-11-07;Wedding;;Fitzroy Gardens
Wedding Ceremony;2015-11-14;2015-11-14;Wedding;;Kings Domain
Wedding Ceremony;2015-11-19;2015-11-19;Wedding;;Flagstaff Gardens
Wedding Ceremony;2015-11-28;2015-11-28;Wedding;;Carlton Gardens
Wedding Ceremony;2015-11-28;2015-11-28;Wedding;;Fitzroy Gardens
Wedding Ceremony;2015-11-29;2015-11-29;Wedding;;Carlton Gardens
Wedding Ceremony;2015-12-12;2015-12-12;Wedding;;Fitzroy Gardens
Wedding Ceremony;2015-12-19;2015-12-19;Wedding;;Treasury Gardens
Wedding Ceremony;2016-02-06;2016-02-06;Wedding;;Kings Domain
Wedding Ceremony;2016-02-12;2016-02-12;Wedding;;Fitzroy Gardens
Wedding Ceremony;2016-02-19;2016-02-19;Wedding;;Kings Domain
Wedding Ceremony;2016-03-05;2016-03-05;Wedding;;Kings Domain
Wedding Ceremony;2016-03-27;2016-03-27;Wedding;;Treasury Gardens
Wedding Ceremony;2016-04-09;2016-04-09;Wedding;;Fitzroy Gardens
Wedding Ceremony;2016-09-17;2016-09-17;Wedding;;Fitzroy Gardens
Wedding Ceremony;2016-10-16;2016-10-16;Wedding;;Fitzroy Gardens
Wedding Ceremony;2016-10-30;2016-10-30;Wedding;;Princes Park
Wedding Ceremony;2016-10-30;2016-10-30;Wedding;;Kings Domain
Wedding Ceremony;2016-10-30;2016-10-30;Wedding;;Kings Domain, Treasury Gardens
Wedding Ceremony;2016-10-31;2016-10-31;Wedding;;Treasury Gardens
Wedding Ceremony;2016-12-03;2016-12-03;Wedding;;Carlton Gardens
Wedding Ceremony;2016-12-10;2016-12-10;Wedding;;Carlton Gardens
Wedding Ceremony;2017-01-15;2017-01-15;Wedding;;Carlton Gardens
Wedding Ceremony;2017-01-22;2017-01-22;Wedding;;Treasury Gardens
Wedding Ceremony;2017-01-26;2017-01-26;Wedding;;Fitzroy Gardens
Wedding Ceremony;2017-02-11;2017-02-11;Wedding;;Fitzroy Gardens
Wedding Ceremony;2017-02-24;2017-02-24;Wedding;;Treasury Gardens
Wedding Ceremony;2017-02-25;2017-02-25;Wedding;;Fitzroy Gardens
Wedding Ceremony;2017-03-12;2017-03-12;Wedding;;Fitzroy Gardens
Wedding Ceremony;2017-03-25;2017-03-25;Wedding;;Fitzroy Gardens
Wedding Ceremony;2017-04-08;2017-04-08;Wedding;;Fitzroy Gardens
50:50;2017-11-04;2017-11-04;Filming - Movie;;Collins Street
Wedding Ceremony;2017-10-07;2017-10-07;Wedding;;Kings Domain
Family And Values Conference;2017-08-19;2017-08-19;Public Event - Low Impact Activity;;Argyle Square Stage Only, Piazza Italia
Wedding Ceremony;2018-01-05;2018-01-05;Wedding;;Fitzroy Gardens
The Body Shop Spin To Win;2017-12-04;2017-12-10;Promotion;;Bourke Street, Bourke St Mall - next to Tourism booth
Src Staff Xmas Party;2017-12-20;2017-12-20;Private Event;Christmas Party;Flagstaff Gardens
Short Film;2017-10-16;2017-10-17;Filming - Movie;;Carlton Gardens, Roads / Public Access Spaces
Sisters;2017-08-02;2017-08-02;Filming - TV Series;;Other Park Locations
City Of Melbourne Christmas Campaign Photoshoot;2017-09-12;2017-09-12;Filming - Photo shoot;;Alfred Place
Eset Ice Campaign;2017-08-11;2017-09-08;Promotion;;Melbourne Central Station - Elizabeth Street, Southern Cross Pedestrian Bridge
Mpt Xmas Party In The Park;2017-11-30;2017-11-30;Private Event;Christmas Party;Treasury Gardens
Umsu Centre Stage;2017-08-31;2017-08-31;Public Event - Non Ticketed;;Other Park Locations, Inner Suburb Locations
Circus Oz;2017-05-31;2017-07-25;Public Event - Ticketed;;Birrarung Marr
Melbourne Tourism Tvc;2017-09-13;2017-09-16;Filming - TVC;;Fitzroy Gardens, Treasury Gardens, Flinders Lane, Lonsdale Street, Russell Street, Spring Street, Hosier Lane, Rutledge Lane
Sri Chinmoy Tan Team Relays;2017-11-26;2017-11-26;Public Event - Run/Walk;;Kings Domain
The Strand VFNO;2017-09-01;2017-09-01;Public Event - Low Impact Activity;;Little Bourke Street, Driver Lane
Lexus Ls;2017-09-30;2017-10-01;Filming - TVC;;Bourke Street, Spring Street, William Street, Inner Suburb Locations, Roads / Public Access Spaces
The Doctor Blake Mysteries Unit Base;2017-09-01;2017-09-01;Filming - Unit Base;;Little Lonsdale Street
Walkathon;2017-05-27;2017-05-27;Public Event - Run/Walk;;Kings Domain, Inner Suburb Locations
Sisters Series 1;2017-08-21;2017-08-21;Filming - TV Series;;Inner Suburb Locations
295 King Street;2017-05-15;2017-05-15;Filming - Photo shoot;;Flagstaff Gardens
Xcr'17 Rd 10 Princes Park Relays;2017-09-16;2017-09-16;Public Event - Run/Walk;;Princes Park
Debenhams Store Launch;2017-10-24;2017-10-24;Promotion;;Collins Street
Sri Chinmoy 15km Run;2017-04-23;2017-04-23;Public Event - Run/Walk;;Princes Park
Melbourne University College Regatta;2017-05-06;2017-05-06;Pubilc Event - Non-ticketed;;Alexandra Gardens
Spsdr Christmas Lunch;2017-12-15;2017-12-15;Private Event;Christmas Party;Fitzroy Gardens
Wedding Ceremony;2017-11-24;2017-11-24;Wedding;;Fitzroy Gardens
Sisters Unit Base;2017-08-07;2017-08-07;Filming - TV Series;;Other Park Locations
Visit Cali Kidifornia;2018-01-20;2018-01-21;Promotion;;Queensbridge Square
Survivor Olympics;2017-12-22;2017-12-22;Private Event;;Flagstaff Gardens
No Time Within;2017-11-03;2017-11-03;Filming - Student;;Little Collins Street, Ridgway Place
Nye 2017;2017-12-26;2018-01-05;Public Event - Non Ticketed;;Alexandra Gardens, AG - Riverslide Skate Park, Batman Park, Birrarung Marr, EP - Lawn 2, Flagstaff Gardens, Kings Domain, Princes Park , PP - Lawn 2 South _ Ct3 _ Cs2 _ Soc 4_5_6, Queen Victoria Gardens, Treasury Gardens, Collins Street, Exhibition Street, Flinders Lane, Flinders Street, Spring Street, Swanston Street, Southbank Promenade, Inner Suburb Locations, Queensbridge Square , Southbank Spillway , Promotional Sites, Parks, All Other Spaces
Next Gen;2017-10-06;2017-10-06;Filming - TV Series;;Inner Suburb Locations
Next Gen;2017-09-22;2017-09-22;Filming - TV Series;;Alexandra Gardens
Oppo;2018-01-10;2018-01-10;Filming - TVC;;Spring Street
Arlechin;2017-07-27;2017-07-27;Public Event - Ticketed;;Mornane Place
Wedding Ceremony;2017-11-18;2017-11-18;Wedding;;Fitzroy Gardens
Market Of The Mind;2017-08-11;2017-08-12;Public Event - Non Ticketed;;Queensbridge Square
Snap Melbourne;2017-11-22;2017-11-22;Promotion;;Queensbridge Square
Media;2018-01-04;2018-01-04;Filming - Other;;Royal Park
Bugs Lab;2017-06-11;2017-06-11;Promotion;;Queensbridge Square , Southbank Spillway , Bourke St Mall - next to Tourism booth
Bikes For Tykes Corporate;2017-11-23;2017-11-23;Private Event;;Fawkner Park
Mother's Day Classic;2017-05-08;2017-05-16;Public Event - Ticketed;;Alexandra Gardens, AG - Riverslide Skate Park, Kings Domain, St Kilda Road
Offspring S7;2017-05-26;2017-05-26;Public Event - Low Impact Activity;Filming;Fitzroy Gardens
MFW Forecourt & City Activations;2017-08-25;2017-09-10;Public Event - Low Impact Activity;;Chinatown Plaza - see notes., Swanston Street, Cohen Place, Bourke St Mall - next to Tourism booth, All Other Spaces
Cotton On X Afl;2017-12-15;2017-12-15;Filming - Photo shoot;;Royal Park
Winchester;2017-04-24;2017-04-25;Filming - Movie;;Inner Suburb Locations
Vb Tvc;2017-12-19;2017-12-19;Filming - TVC;;Smythe Lane
Next Gen;2017-09-23;2017-09-23;Filming - TV Series;;Fitzroy Gardens
Northside Community Christmas Picnic;2017-12-08;2017-12-08;Public Event - Non Ticketed;;Inner Suburb Locations
Tws End Of Year Party  Event;2017-12-15;2017-12-15;Private Event;Christmas Party;Alexandra Gardens
Wedding Ceremony;2017-04-23;2017-04-23;Wedding;;Treasury Gardens
Jdrf One Walk;2017-11-17;2017-11-20;Public Event - Non Ticketed;;Alexandra Gardens, AG - Riverslide Skate Park, BM - Fed Sq + Princes Walk, Bridges, Southbank Promenade, Northbank Promenade, Evan Walker Bridge
Awards Show Unit Base;2017-09-01;2017-09-01;Filming - Unit Base;;Promotional Sites
Australia Post Tsc Christmas Bbq;2017-12-14;2017-12-14;Private Event;Christmas Party;Treasury Gardens
Prime Christmas Party;2017-12-08;2017-12-08;Private Event;Christmas Party;Fawkner Park
Sunshine;2017-05-04;2017-05-05;Filming - TV Series;;Flagstaff Gardens
Harmonious Dissonance;2017-08-19;2017-08-19;Filming - Student;;Promotional Sites
Sisters Unit Base;2017-07-26;2017-07-27;Filming - Unit Base;;Treasury Gardens
Docklands Harvest;2017-05-18;2017-05-22;Public Event - Non Ticketed;;Parks
E-bike Demo;2017-12-13;2017-12-13;Promotion;;Queensbridge Square
Wedding Ceremony;2018-01-13;2018-01-13;Wedding;;Kings Domain
Two Up;2017-09-01;2017-09-01;Filming - Student;;Inner Suburb Locations
Live At The Steps;2017-11-17;2017-11-17;Public Event - Music;;Treasury Gardens
Underbelly Files: Chopper;2017-08-28;2017-08-28;Filming - TV Series;;Russell Street
Big Love Light;2017-10-28;2017-10-29;Public Event - Ticketed;;Alexandra Gardens, Birrarung Marr, Queensbridge Square , Southbank Spillway
Kez's Kitchen Free And Naked;2017-12-07;2018-02-08;Promotion;;Flinders St Station, Parliament Station
The Australian Boat Race;2017-10-22;2017-10-22;Public Event - Non Ticketed;;Alexandra Gardens
Winners & Losers;2014-06-02;2014-06-02;Filming - TV Series;;Roads / Public Access Spaces
Miss Fisher Murder Mysteries Series 3;2014-11-03;2014-11-04;Filming - TV Series;;Swanston Street
Childhoods End;2015-01-10;2015-01-10;Filming - TV Series;;Exhibition Street, Little Collins Street, Russell Street
Childhoods End;2015-02-11;2015-02-11;Filming - TV Series;;Inner Suburb Locations
Molly;2015-03-13;2015-03-13;Filming - TV Series;;Inner Suburb Locations
Childhoods End Unit Base;2015-03-17;2015-03-17;Filming - TV Series;;Princes Park
House Husbands;2015-03-23;2015-03-23;Filming - TV Series;;Bridges
Utopia;2015-03-25;2015-03-25;Filming - TV Series;;Collins Street
Winners And Losers - Season 5;2015-05-06;2015-05-06;Filming - TV Series;;Promotional Sites, Roads / Public Access Spaces
The Beautiful Lie;2015-06-12;2015-06-12;Filming - TV Series;;Fitzroy Gardens
Fancy Boy;2016-06-22;2016-06-22;Filming - TV Series;;Other Park Locations
Postcards;2016-07-06;2016-07-06;Filming - TV Series;;Fitzroy Gardens
The Leftovers;2016-07-27;2016-07-27;Filming - TV Series;;Flinders Street, Hosier Lane, Rutledge Lane
Chaperones;2017-02-15;2017-02-15;Filming - TV Series;;Inner Suburb Locations
Utopia 3;2017-03-16;2017-03-16;Filming - TV Series;;Franklin Street
Offspring S7;2017-03-24;2017-03-24;Filming - TV Series;;Other Park Locations
Westpac Tvc;2014-01-08;2014-01-09;Filming - TVC;;Meyers Place (Green Laneway)
Rugby Tvc;2014-02-03;2014-02-03;Filming - TVC;;Crossley Street
Host Plus Tvc;2014-02-28;2014-02-28;Filming - TVC;;Treasury Gardens
Seven News Promos;2014-05-14;2014-05-15;Filming - TVC;;Evan Walker Bridge
MYOB Escape Plan;2014-07-18;2014-07-18;Filming - TVC;;Little Bourke Street, Hardware Lane
Mazda Tvc;2015-02-07;2015-02-07;Filming - TVC;;Alexandra Gardens, Birrarung Marr, Roads / Public Access Spaces
Bank Of Melbourne Tvc;2015-02-12;2015-02-13;Filming - TVC;;Campbell Arcade
Tennis 2016;2015-08-10;2015-08-10;Filming - TVC;;Hosier Lane
Mitsubishi Outlander Tvc;2015-08-15;2015-08-15;Filming - TVC;;Collins Street, Queen Street, William Street, Bridges, Inner Suburb Locations, Roads / Public Access Spaces
Sportsgirl Demin Sparkler;2015-12-02;2015-12-02;Filming - TVC;;Bridges, Southbank Promenade, Northbank Promenade, Queensbridge Square , Southbank Spillway , Evan Walker Bridge
Auskick Mini Legends;2016-07-14;2016-07-14;Filming - TVC;;Parks
Honda City Brochure;2017-01-21;2017-01-22;Filming - TVC;;Inner Suburb Locations
Party Tricks;2014-06-23;2014-06-24;Filming - Unit Base;;Princes Park
Miss Fishers Murder Mysteries;2014-12-09;2014-12-11;Filming - Unit Base;;Tom's Block
Heinz Apac Webcast Unit Base;2015-05-07;2015-05-07;Filming - Unit Base;;Inner Suburb Locations
Dr Blake Mysteries Unit Base;2015-09-25;2015-09-25;Filming - Unit Base;;Royal Park
Feature Film Unit Base;2017-01-30;2017-01-30;Filming - Unit Base;;Treasury Gardens
Other People's Problems Unit Base;2017-02-14;2017-02-16;Filming - Unit Base;;Other Park Locations
F1 Takes Over The City;2014-02-07;2014-02-16;Promotion;;Bourke Street Mall - outfront of Adidas , Southbank Spillway
David Jones Model Search;2014-02-19;2014-02-19;Promotion;;Bourke Street
Media V Nestea;2014-03-03;2014-03-09;Promotion;;Flinders St Station
Lurpak;2014-03-31;2014-04-05;Promotion;;Queensbridge Square , Piazza Italia , Promotional Sites
Australia's Biggest Morning Tea;2014-05-06;2014-05-06;Promotion;;Parliament Station, Melbourne Central Station - Swanston Street, Melbourne Central Station - Elizabeth Street, Southbank Spillway
Benefit Product Launch;2014-06-27;2014-07-05;Promotion;;Bourke Street
Greenpeace Community Awareness;2014-08-16;2014-09-27;Promotion;;Bourke St Mall - next to Tourism booth
The Big Sunday Big Deal Hunt;2014-08-17;2014-08-17;Promotion;;Southbank Spillway
Big Heart Appeal;2014-08-29;2014-08-29;Promotion;;Southbank Spillway
Big Aussie Barbie Campaign;2014-09-03;2014-09-03;Promotion;;Bourke Street Mall - outfront of Adidas , Bourke St Mall - next to Tourism booth
Member Drive;2014-09-12;2014-09-12;Promotion;;Flinders St Station, Melbourne Central Station - Swanston Street, Southbank Spillway , Promotional Sites
Endeavour Gardens;2014-10-07;2014-10-10;Promotion;;Elizabeth Street, Parliament Station, Queensbridge Square
Medibank Retail Store Opening;2014-10-27;2014-10-28;Promotion;;Roads / Public Access Spaces
Oxfam Shop;2014-11-01;2014-11-23;Promotion;;Bourke St Mall - next to Tourism booth
Rise Melbourne Mission;2014-12-26;2014-12-26;Promotion;;Queensbridge Square
ANZ Rally For Good;2015-01-16;2015-01-16;Promotion;;Southbank Spillway
Perfect Fruit Sampling;2015-01-28;2015-01-31;Promotion;;Queensbridge Square
Chemmart And Ovarian CancerAustralia;2015-02-01;2015-02-01;Promotion;;Queensbridge Square
The Big Bounce;2015-03-04;2015-03-04;Promotion;;City Square
Promotion -Virgin Australia Melbourne FashionFestival VAMFF;2015-03-12;2015-03-20;Promotion;;Bourke St Mall - next to Tourism booth
World Down Syndrome Day;2015-03-20;2015-03-20;Promotion;;City Square, Flinders St Station, Melbourne Central Station - Swanston Street, Melbourne Central Station - Elizabeth Street
Perfect Fruit;2015-03-26;2015-03-28;Promotion;;Queensbridge Square
Repetto Fragrance;2015-04-24;2015-04-24;Promotion;;Bourke Street
Latina RTE Pasta;2015-05-05;2015-05-05;Promotion;;Queensbridge Square
Ride2work Activation;2015-09-11;2015-09-18;Promotion;;Queensbridge Square , Promotional Sites
Vitasoy Food Truck 'Tasty Way ToStart Your Day';2015-10-28;2015-10-28;Promotion;;Southbank Spillway
Wagyu One Grand OpeningCeremony;2016-03-10;2016-03-11;Promotion;;Bourke Street
2016 Australian F1 Grand Prix;2016-03-17;2016-03-22;Promotion;;Elizabeth Street
World Down Syndrome Day;2016-03-18;2016-03-18;Promotion;;City Square, Melbourne Central Station - Swanston Street, Melbourne Central Station - Elizabeth Street, Southbank Spillway
Promotion - Tour De Cure Ride For Charity;2016-04-02;2016-04-02;Promotion;;Bourke St Mall - next to Tourism booth
The Economist - Experiential;2016-05-12;2016-05-12;Promotion;;Southbank Spillway
Mfc Marketing Mid Year Promotion;2016-05-13;2016-08-05;Promotion;;Flinders St Station, Southbank Spillway , Bourke St Mall - next to Tourism booth
A Snag-a-thon For Siv;2016-06-09;2016-06-09;Promotion;;Queensbridge Square
Nutella Road Trip;2016-06-27;2016-06-27;Promotion;;Queensbridge Square
Priceline NYX Product Launch;2016-07-16;2016-07-16;Promotion;;Bourke Street, Bourke St Mall - next to Tourism booth
Cupcake Day Activation;2016-07-29;2016-07-29;Promotion;;City Square
Small Business Festival VictoriaSapling Giveawa;2016-08-02;2016-08-03;Promotion;;Bourke Street
Vic Christmas Driver Reviver Event;2016-12-20;2016-12-20;Promotion;;Queensbridge Square
Childfund Australia;2017-01-24;2017-01-27;Promotion;;Flinders St Station
Work With Nature;2017-02-27;2017-02-28;Promotion;;Southern Cross Pedestrian Bridge
Jnto - Ice Cream Truck;2017-03-11;2017-03-12;Promotion;;Queensbridge Square
Herbal Fix;2017-04-13;2017-04-13;Promotion;;Southbank Spillway
Melbourne To Namibia Ride Finale;2015-03-14;2015-03-15;Public Event - Cycling Event;;Parks
Myer 10 Yr One Loyalty ProgramCelebration;2014-08-28;2014-08-28;Public Event - Low Impact Activity;;Bourke Street
Laneway Cricket 2014;2014-10-06;2014-10-14;Public Event - Low Impact Activity;;Baptist Place
Movies Under The Stars At Yarra's Edge;2015-02-26;2015-03-13;Public Event - Low Impact Activity;;Parks
Come Together For Nepal;2015-05-22;2015-05-22;Public Event - Low Impact Activity;;City Square
Overdose Awareness Day;2015-08-31;2015-08-31;Public Event - Low Impact Activity;;Rutledge Lane
Wedding Car Display;2015-09-20;2015-09-20;Public Event - Low Impact Activity;;Queensbridge Square , Southbank Spillway
Private 150 Anniversary Birthday FlowerPresentation;2015-11-15;2015-11-15;Public Event - Low Impact Activity;;Chinatown Plaza
Signal Summer Street ArtMentoring;2016-01-12;2016-01-14;Public Event - Low Impact Activity;;Rutledge Lane
Family Fun Day;2016-01-20;2016-01-20;Public Event - Low Impact Activity;;Neill Street Reserve
Southey St Play Street;2016-04-17;2016-04-17;Public Event - Low Impact Activity;;Inner Suburb Locations
Vamff at Myer;2017-03-17;2017-03-17;Public Event - Low Impact Activity;;Bourke Street
Musoka Debut/cosplay Meet;2017-04-08;2017-04-08;Public Event - Low Impact Activity;;Treasury Gardens
2014 Motogp Media Call;2014-10-15;2014-10-15;Public Event - Media/Launch Event;;Alexandra Gardens
Chinese Youth Society OfMelbourne;2014-12-15;2014-12-15;Public Event - Media/Launch Event;;Little Bourke Street
Private AGPC Parliament F1 Car Run;2015-03-06;2015-03-10;Public Event - Media/Launch Event;;Spring Street, Inner Suburb Locations
National Police Remembrance Day;2016-09-29;2016-09-29;Public Event - Memorial;;Tom's Block, St Kilda Road, Bridges
Apology (SMMB);2014-02-12;2014-02-14;Public Event - Music Event;;Kings Domain
Melbourne Symphony Orchestra(SMMB);2014-02-14;2014-02-23;Public Event - Music Event;;Kings Domain
Salvation Army Band Concert;2014-10-19;2014-10-19;Public Event - Music Event;;Southbank Spillway
VH Summerfest;2015-02-27;2015-03-01;Public Event - Music Event;;All Other Spaces
World Refugee Day Gathering;2015-06-21;2015-06-21;Public Event - Music Event;;City Square
Balinese Music And Dance;2016-04-15;2016-04-15;Public Event - Music Event;;Queensbridge Square
Balinese Music And Dance;2016-11-25;2016-11-25;Public Event - Music Event;;Queensbridge Square
Sugar Mountain Arts & MusicFestival;2017-01-18;2017-01-23;Public Event - Music Event;;Inner Suburb Locations
Oromo Soccer Tournament;2014-01-02;2014-01-09;Public Event - Non-ticketed;;Holland Park, HP - Cricket Nets, HP - Running Track
Australia Day at Docklands;2014-01-25;2014-01-27;Public Event - Non-ticketed;;Promotional Sites
Melb Latin Summer Festival 2014(old format);2014-01-31;2014-02-03;Public Event - Non-ticketed;;Birrarung Marr
Twilight Bootcamp;2014-02-18;2014-03-18;Public Event - Non-ticketed;;Flagstaff Gardens
Southgate Fiesta;2014-03-01;2014-03-01;Public Event - Non-ticketed;;Southbank Promenade
H&M Store Launch;2014-03-30;2014-03-30;Public Event - Non-ticketed;;Bourke Street, Elizabeth Street
Swiss Festival 2014;2014-04-06;2014-04-06;Public Event - Non-ticketed;;Queensbridge Square
Private MASA Opening & ClosingCeremony;2014-04-21;2014-04-24;Public Event - Non-ticketed;;Flagstaff Gardens, Princes Park , Other Park Locations, Piazza Italia
Docklands Winter Festival;2014-07-04;2014-08-22;Public Event - Non-ticketed;;Promotional Sites
Yogathon;2014-08-16;2014-08-16;Public Event - Non-ticketed;;Queensbridge Square , Southbank Spillway
Melbourne Day Flag RaisingCeremony;2014-08-30;2014-08-30;Public Event - Non-ticketed;;EP - Lawn 2
EID Festival;2014-10-04;2014-10-04;Public Event - Non-ticketed;;NMCC Soccer
Diwali dance performance 2014;2014-10-23;2014-10-23;Public Event - Non-ticketed;;City Square
Festival Of Change;2014-11-08;2014-11-09;Public Event - Non-ticketed;;Collins Street
Legacy Centenary Mural Launch;2014-11-08;2014-11-08;Public Event - Non-ticketed;;Drewery Lane - Do Not Book
The Docklands Festival Of Giving;2014-11-30;2014-11-30;Public Event - Non-ticketed;;Promotional Sites, All Other Spaces
Westpac Foundation ChristmasPresent Wrapping;2014-12-17;2014-12-19;Public Event - Non-ticketed;;Bourke St Mall - next to Tourism booth
CoM Sunset Series 2015;2015-01-10;2015-01-18;Public Event - Non-ticketed;;Fitzroy Gardens
Australia Day On Victoria Harbour;2015-01-21;2015-01-30;Public Event - Non-ticketed;;All Other Spaces
Town Hall Veggie Patch;2015-02-05;2015-03-02;Public Event - Non-ticketed;;Swanston Street
Lion Dance & Chinese FirecrackerDischarge;2015-02-18;2015-02-18;Public Event - Non-ticketed;;Inner Suburb Locations
Italian Auto Icons Display;2015-03-01;2015-03-01;Public Event - Non-ticketed;;Inner Suburb Locations
Quiet Man Irish Pub St PatricksDay 2015;2015-03-17;2015-03-17;Public Event - Non-ticketed;;Inner Suburb Locations
Sporting 2015 Unity Cup & KenCommunity Festival;2015-03-28;2015-03-29;Public Event - Non-ticketed;;Holland Park, HP - Cricket Nets, HP - Running Track, Inner Suburb Locations
65 Roses Day;2015-05-29;2015-05-30;Public Event - Non-ticketed;;City Square, Bourke St Mall - next to Tourism booth
Melb International Film FestOpening Night;2015-07-30;2015-07-30;Public Event - Non-ticketed;;St Kilda Road, Southbank Promenade, Inner Suburb Locations
Rmit Open Day;2015-08-09;2015-08-09;Public Event - Non-ticketed;;Inner Suburb Locations, Street Locations
Asylum Seeker Food Justice;2015-08-12;2015-08-12;Public Event - Non-ticketed;;City Square
Big Aussie Barbie Launch;2015-09-03;2015-09-03;Public Event - Non-ticketed;;Treasury Gardens
150th Aniversary Street Party;2015-10-18;2015-10-18;Public Event - Non-ticketed;;Little Lonsdale Street
Tour Classica;2015-10-22;2015-10-22;Public Event - Non-ticketed;;Promotional Sites
Promotion - M2m Launch;2015-10-27;2015-10-27;Public Event - Non-ticketed;;Queensbridge Square
Wonderful Indonesia Festival;2015-11-13;2015-11-15;Public Event - Non-ticketed;;Bridges, Southbank Promenade, Queensbridge Square
Wharfies Project;2015-11-21;2015-11-21;Public Event - Non-ticketed;;Parks
Street Art Mentoring;2015-11-28;2015-11-29;Public Event - Non-ticketed;;Hosier Lane, Rutledge Lane
Chinese New Year Celebrations(CYSM);2016-02-11;2016-02-16;Public Event - Non-ticketed;;Bourke Street, Exhibition Street, Little Bourke Street, Little Collins Street, Lonsdale Street, Russell Street, Swanston Street, Therry Street
Victorian State Championships;2016-03-05;2016-03-05;Public Event - Non-ticketed;;All Other Spaces
Melbourne Chicken & BeerFestival;2016-03-12;2016-03-13;Public Event - Non-ticketed;;Little Bourke Street, Other Laneways/Places/Alleys
Close The Gap;2016-03-17;2016-03-17;Public Event - Non-ticketed;;Other Park Locations
Hyp Festival;2016-04-02;2016-04-03;Public Event - Non-ticketed;;Piazza Italia
Neighbourhood Day;2016-04-08;2016-04-08;Public Event - Non-ticketed;;NMCC Soccer
Anzac Day 2016;2016-04-22;2016-04-25;Public Event - Non-ticketed;;Alexandra Gardens, Kings Domain, Tom's Block, Queen Victoria Gardens, Shrine Reserve, Other Park Locations, Collins Street, Elizabeth Street, Flinders Lane, Flinders Street, Little Collins Street, Queen Street, Russell Street, Swanston Street, St Kilda Road, Bridges, City Square
Melbourne University CollegeRegatta;2016-04-30;2016-04-30;Public Event - Non-ticketed;;Alexandra Gardens
Carlton Harmony Day Festival;2016-06-24;2016-06-24;Public Event - Non-ticketed;;Neill Street Reserve
Melbourne Fringe Festival;2016-09-14;2016-10-04;Public Event - Non-ticketed;;City Square
First Friday Dance Club;2016-10-07;2017-06-02;Public Event - Non-ticketed;;Queensbridge Square
Childrens Week;2016-10-26;2016-10-26;Public Event - Non-ticketed;;Holland Park
Com Christmas Festival;2016-11-07;2017-01-09;Public Event - Non-ticketed;;Collins Street, Swanston Street, Bridges, City Square, Queensbridge Square , Parks, All Other Spaces
Festival Of Italian Motorcycles;2016-11-13;2016-11-13;Public Event - Non-ticketed;;Argyle Square Stage Only, Other Park Locations, Piazza Italia
E-waste Recycling Day;2017-03-04;2017-03-04;Public Event - Non-ticketed;;Southbank Promenade, Queensbridge Square
Italian Auto Icons 2017;2017-03-05;2017-03-05;Public Event - Non-ticketed;;Inner Suburb Locations
jinx 103', Dance Massive;2017-03-25;2017-03-26;Public Event - Non-ticketed;;Neill Street Reserve
Walk To The 'g;2017-03-25;2017-03-25;Public Event - Non-ticketed;;Birrarung Marr
Transitive Cycles;2016-06-04;2016-06-04;Public Event - Non-ticketed;Public;Birrarung Marr
Ride For Lily Celebration;2017-04-08;2017-04-08;Public Event - Non-ticketed;Public;Princes Park
Big Red Kidney Walk;2014-09-14;2014-09-14;Public Event - Run Walk;;Kings Domain
Le Tour De La Tan;2015-04-30;2015-04-30;Public Event - Run Walk;;Kings Domain
Walk To Paradise;2015-03-01;2015-03-01;Public Event - Run Walk;;Princes Park
Private Frank Dyson Memorial Relay2015;2015-06-20;2015-06-20;Public Event - Run Walk;;Kings Domain
Big Red Kidney Walk;2015-09-13;2015-09-13;Public Event - Run Walk;;Kings Domain
Step Up For Down Syndrome;2015-10-11;2015-10-11;Public Event - Run Walk;;Princes Park
Get Tanned;2015-11-28;2015-11-28;Public Event - Run Walk;;Kings Domain
Sunset Series Race 1;2016-02-03;2016-02-03;Public Event - Run Walk;;Royal Park, RP - Lawn 6_Brens Cricket Nets
Connor's Run 2016;2016-09-10;2016-09-12;Public Event - Run Walk;;Alexandra Gardens, Southbank Promenade, Queensbridge Square , Southbank Spillway , Evan Walker Bridge
Melbourne Marathon 2016;2016-10-16;2016-10-16;Public Event - Run Walk;;Alexandra Gardens, AG - Riverslide Skate Park, Birrarung Marr, Kings Domain, Tom's Block, Queen Victoria Gardens, Flinders Lane, Swanston Street, St Kilda Road, Inner Suburb Locations, Flinders St Station, Southbank Spillway , Evan Walker Bridge
Sunset Series Race 3;2017-03-01;2017-03-01;Public Event - Run Walk;;Kings Domain, Tom's Block
Melbourne Craft Beer & FoodFestival;2014-02-28;2014-03-03;Public Event - Ticketed;;Flagstaff Gardens
Fred Hates Fashion;2014-08-30;2014-08-31;Public Event - Ticketed;;Flinders Street, Katherine Place (Green Laneway), Mercantile Place
Stepup! For Down Syndrome;2014-10-12;2014-10-12;Public Event - Ticketed;;Princes Park
Oktoberfest In The Gardens;2014-10-21;2014-10-28;Public Event - Ticketed;;Birrarung Marr
Virgin Australia Melbourne FashionFestival;2015-03-10;2015-03-26;Public Event - Ticketed;;Promotional Sites, All Other Spaces
Slide Melbourne;2015-12-06;2015-12-06;Public Event - Ticketed;;Fitzroy Gardens, Treasury Gardens, Inner Suburb Locations
MIFGS 2016;2016-02-22;2016-03-24;Public Event - Ticketed;;Carlton Gardens
Ymca Fathers Day Fun Run;2016-09-03;2016-09-04;Public Event - Ticketed;;Alexandra Gardens, Kings Domain, Tom's Block, St Kilda Road
Red Spice Road Laneway 2017;2017-04-09;2017-04-09;Public Event - Ticketed;;McKillop Street
Wedding Ceremony;2014-01-12;2014-01-12;Wedding;;Kings Domain
Wedding Ceremony;2014-01-18;2014-01-18;Wedding;;Carlton Gardens
Wedding Ceremony;2014-01-26;2014-01-26;Wedding;;Fitzroy Gardens
Wedding Ceremony;2014-02-15;2014-02-15;Wedding;;Fitzroy Gardens
Wedding Ceremony;2014-03-07;2014-03-07;Wedding;;Fitzroy Gardens
Wedding Ceremony;2014-03-08;2014-03-08;Wedding;;Flagstaff Gardens
Wedding Ceremony;2014-03-27;2014-03-27;Wedding;;Fitzroy Gardens
Wedding Ceremony;2014-03-28;2014-03-28;Wedding;;Fitzroy Gardens
Wedding Ceremony;2014-03-29;2014-03-29;Wedding;;Fitzroy Gardens
Wedding Ceremony;2014-04-13;2014-04-13;Wedding;;Flagstaff Gardens
Wedding Ceremony;2014-09-20;2014-09-20;Wedding;;Treasury Gardens
Wedding Ceremony;2014-09-21;2014-09-21;Wedding;;Fitzroy Gardens
Wedding Ceremony;2014-10-04;2014-10-04;Wedding;;Fitzroy Gardens
Wedding Ceremony;2014-10-05;2014-10-05;Wedding;;Fitzroy Gardens
Wedding Ceremony;2014-10-16;2014-10-16;Wedding;;Fitzroy Gardens
Wedding Ceremony;2014-10-25;2014-10-25;Wedding;;Fitzroy Gardens
Wedding Ceremony;2014-10-31;2014-10-31;Wedding;;Fitzroy Gardens
Wedding Ceremony;2014-11-22;2014-11-22;Wedding;;Carlton Gardens
Wedding Ceremony;2014-11-23;2014-11-23;Wedding;;Treasury Gardens
Wedding Ceremony;2014-12-13;2014-12-13;Wedding;;Fitzroy Gardens
Wedding Ceremony;2014-12-20;2014-12-20;Wedding;;Princes Park
Wedding Ceremony;2015-01-04;2015-01-04;Wedding;;Kings Domain
Wedding Ceremony;2015-01-25;2015-01-25;Wedding;;Carlton Gardens
Wedding Ceremony;2015-01-25;2015-01-25;Wedding;;Treasury Gardens
Wedding Ceremony;2015-01-31;2015-01-31;Wedding;;Fitzroy Gardens
Wedding Ceremony;2015-02-07;2015-02-07;Wedding;;Kings Domain
Wedding Ceremony;2015-02-15;2015-02-15;Wedding;;Kings Domain
Wedding Ceremony;2015-02-21;2015-02-21;Wedding;;Fitzroy Gardens
Wedding Ceremony;2015-03-21;2015-03-21;Wedding;;Fitzroy Gardens
Wedding Ceremony;2015-04-11;2015-04-11;Wedding;;Treasury Gardens
Wedding Ceremony;2015-06-18;2015-06-18;Wedding;;Fitzroy Gardens
Wedding Ceremony;2015-10-10;2015-10-10;Wedding;;Carlton Gardens
Wedding Ceremony;2015-10-25;2015-10-25;Wedding;;Treasury Gardens
Wedding Ceremony;2015-11-02;2015-11-02;Wedding;;Fitzroy Gardens
Wedding Ceremony;2015-11-07;2015-11-07;Wedding;;Kings Domain
Wedding Ceremony;2015-11-28;2015-11-28;Wedding;;Other Park Locations
Wedding Ceremony;2015-12-05;2015-12-05;Wedding;;Fitzroy Gardens
Wedding Ceremony;2015-12-12;2015-12-12;Wedding;;Queen Victoria Gardens
Wedding Ceremony;2015-12-13;2015-12-13;Wedding;;Kings Domain
Wedding Ceremony;2016-01-07;2016-01-07;Wedding;;Carlton Gardens
Wedding Ceremony;2016-01-09;2016-01-09;Wedding;;Kings Domain
Wedding Ceremony;2016-01-16;2016-01-16;Wedding;;Carlton Gardens
Wedding Ceremony;2016-03-12;2016-03-12;Wedding;;Fitzroy Gardens
Wedding Ceremony;2016-03-26;2016-03-26;Wedding;;Kings Domain
Wedding Ceremony;2016-04-02;2016-04-02;Wedding;;Queen Victoria Gardens
Wedding Ceremony;2016-04-17;2016-04-17;Wedding;;Fitzroy Gardens
Wedding Ceremony;2016-05-13;2016-05-13;Wedding;;Fitzroy Gardens
Wedding Ceremony;2016-05-28;2016-05-28;Wedding;;Fitzroy Gardens
Wedding Ceremony;2016-09-24;2016-09-24;Wedding;;Kings Domain
Wedding Ceremony;2016-10-09;2016-10-09;Wedding;;Fitzroy Gardens
Wedding Ceremony;2016-10-15;2016-10-15;Wedding;;Kings Domain
Wedding Ceremony;2016-10-22;2016-10-22;Wedding;;Treasury Gardens
Wedding Ceremony;2016-10-29;2016-10-29;Wedding;;Fitzroy Gardens
Wedding Ceremony;2016-12-03;2016-12-03;Wedding;;Fitzroy Gardens
Wedding Ceremony;2016-12-10;2016-12-10;Wedding;;Fitzroy Gardens
Wedding Ceremony;2016-12-29;2016-12-29;Wedding;;Carlton Gardens
Wedding Ceremony;2016-12-31;2016-12-31;Wedding;;Fitzroy Gardens
Wedding Ceremony;2017-01-14;2017-01-14;Wedding;;Carlton Gardens
Wedding Ceremony;2017-01-27;2017-01-27;Wedding;;Fitzroy Gardens
Wedding Ceremony;2017-02-04;2017-02-04;Wedding;;Fitzroy Gardens
Wedding Ceremony;2017-02-26;2017-02-26;Wedding;;Fitzroy Gardens
Wedding Ceremony;2017-03-04;2017-03-04;Wedding;;Kings Domain
Wedding Ceremony;2017-03-11;2017-03-11;Wedding;;Treasury Gardens
Wedding Ceremony;2017-03-12;2017-03-12;Wedding;;Treasury Gardens
Bloody Long Walk Melbourne;2017-11-04;2017-11-05;Public Event - Run/Walk;;Alexandra Gardens, AG - Riverslide Skate Park, Kings Domain, Queen Victoria Gardens, Bridges, Southbank Promenade, Inner Suburb Locations, Queensbridge Square , Southbank Spillway , Promotional Sites, Parks, All Other Spaces, Roads / Public Access Spaces
Wedding Ceremony;2017-11-05;2017-11-05;Wedding;;Fitzroy Gardens
Spring Into Action;2017-10-09;2017-10-11;Promotion;;Southbank Spillway
Pride Run & Walk;2018-01-21;2018-01-21;Public Event - Run/Walk;;Kings Domain
Playgroup End Of Year Celebration;2017-12-06;2017-12-06;Private Event;Christmas Party;Holland Park
Frank Dyson Memorial Relay;2017-05-20;2017-05-20;Private Event;;Kings Domain
Cityside Eoy Celebration;2017-12-17;2017-12-17;Private Event;Christmas Party;Flagstaff Gardens
Sisters Unit Base;2017-09-07;2017-09-07;Filming - Unit Base;;Fawkner Park
Wedding Ceremony;2018-01-06;2018-01-06;Wedding;;Fitzroy Gardens
Stick It To Homelessness;2017-08-08;2017-08-09;Promotion;;Bourke St Mall - next to Tourism booth
Firelight;2017-06-28;2017-07-03;Public Event - Low Impact Activity;;Promotional Sites, All Other Spaces, Roads / Public Access Spaces
E-waste Recycling Day;2017-10-21;2017-10-21;Public Event - Low Impact Activity;;Queensbridge Square
Birdlife Australia Christmas Event;2017-12-08;2017-12-08;Private Event;Christmas Party;Carlton Gardens
Next Gen;2017-09-26;2017-09-26;Filming - TV Series;;Inner Suburb Locations
Sisters;2017-09-13;2017-09-13;Filming - TV Series;;Collins Street
David Jones Model Casting;2018-01-16;2018-01-16;Promotion;;Bourke Street
Toyota Sdl Promo Shoot;2018-01-15;2018-01-15;Filming - TVC;;Bourke Street, Spring Street, St Kilda Road, Southbank Promenade, Inner Suburb Locations
Wedding Car Display;2017-09-24;2017-09-24;Public Event - Non Ticketed;;Queensbridge Square , Southbank Spillway
Melbourne Music Week HUB 2017;2017-11-08;2017-11-26;Public Event - Non Ticketed;;Swanston Street
Cherry Rock 2017;2017-05-07;2017-05-08;Public Event - Ticketed;;ACDC Lane
Shore;2017-05-12;2017-05-13;Public Event - Low Impact Activity;;Royal Park
Acso Christmas Party;2017-12-15;2017-12-15;Private Event;Christmas Party;Other Park Locations
Purina 1 & Awl Sampling;2017-11-15;2017-11-15;Promotion;;Flinders St Station, Parliament Station, Melbourne Central Station - Swanston Street
Madman Staff Party;2017-11-24;2017-11-24;Private Event;;Treasury Gardens
Big Steps Community Event;2017-05-27;2017-05-27;Public Event - Low Impact Activity;;Treasury Gardens
Wedding Ceremony;2017-10-20;2017-10-20;Wedding;;Carlton Gardens
Wedding Ceremony;2017-12-10;2017-12-10;Wedding;;Carlton Gardens
Aia Onelife Video;2017-08-01;2017-08-01;Filming - TVC;;Fawkner Park
Light Fm Rememberance Walk;2017-04-23;2017-04-23;Public Event - Run/Walk;;Kings Domain, Queen Victoria Gardens
Phenomenon;2017-10-25;2017-10-25;Filming - TV Series;;Birrarung Marr
Alt Human Gallery;2017-10-09;2017-10-09;Promotion;;Queensbridge Square
Wedding Ceremony;2017-08-19;2017-08-19;Wedding;;Fitzroy Gardens
CPR Lab;2018-01-19;2018-01-21;Promotion;;Southbank Spillway
Melbourne Marathon 2017;2017-10-15;2017-10-15;Public Event - Run/Walk;;Alexandra Gardens, AG - Riverslide Skate Park, Birrarung Marr, Kings Domain, Tom's Block, Queen Victoria Gardens, Flinders Lane, Swanston Street, St Kilda Road, Inner Suburb Locations, Flinders St Station, Southbank Spillway , Evan Walker Bridge
Wedding Ceremony;2017-12-20;2017-12-20;Wedding;;Fitzroy Gardens
Salam Mobile;2017-11-21;2017-11-22;Promotion;;Queensbridge Square , Southbank Spillway
Festival Of Tabernacles;2017-10-09;2017-10-11;Public Event - Low Impact Activity;;Other Park Locations
Wedding Ceremony;2017-10-14;2017-10-14;Wedding;;Fitzroy Gardens
Wedding Ceremony;2017-12-12;2017-12-12;Wedding;;Fitzroy Gardens
Office Of The Coor-general Tvc;2017-11-22;2017-11-22;Filming - TVC;;Inner Suburb Locations
Wedding Ceremony;2017-11-04;2017-11-04;Wedding;;Fitzroy Gardens
Save The Children End Of Year Lunch;2017-12-14;2017-12-14;Private Event;Christmas Party;Other Park Locations
Wedding Ceremony;2017-12-30;2017-12-30;Wedding;;Fitzroy Gardens
Visit Victoria Ad;2017-11-16;2017-11-16;Filming - TVC;;ACDC Lane, Duckboard Place, Hosier Lane, Rutledge Lane
Wedding Ceremony;2017-11-18;2017-11-18;Wedding;;Kings Domain
Anzsog Christmas Party;2017-12-15;2017-12-15;Private Event;Christmas Party;Carlton Gardens
Sunday Streets Southbank;2017-11-12;2017-11-12;Public Event - Low Impact Activity;;Inner Suburb Locations
Domestic Print Advertising;2017-11-07;2017-11-07;Filming - Photo shoot;;Collins Street
Lee Jeans International Campaign;2017-12-06;2017-12-07;Filming - Photo shoot;;Roads / Public Access Spaces
Act Of Loving;2017-08-12;2017-08-13;Filming - Student;;Piazza Italia
Offspring S7;2017-06-15;2017-06-15;Filming - TV Series;;Fitzroy Gardens
The Sunday Age City2sea;2017-11-12;2017-11-12;Public Event - Ticketed;;Alexandra Gardens, Fawkner Park, FP - Northern Pavilion East, Fawkner Park, FP - Cordner_T1_T2_T3_F2_Ct3, Fawkner Park, FP - Cricket Nets, Fawkner Park, Kings Domain, Tom's Block, Queen Victoria Gardens, Shrine Reserve, Flinders Street, Swanston Street, St Kilda Road, Bridges, Inner Suburb Locations
Samsung Dreams Special Build;2017-06-19;2017-06-25;Promotion;;Queensbridge Square , Evan Walker Bridge
Windsor Smith;2017-09-29;2017-09-29;Promotion;;Bourke Street, Bourke St Mall - next to Tourism booth
The Doctor Blake Mysteries;2017-08-22;2017-08-22;Filming - TV Series;;Inner Suburb Locations
Life Spring Festival;2017-10-27;2017-10-27;Public Event - Low Impact Activity;;NMCC Soccer
Mpavilion;2017-07-17;2018-02-18;Public Event - Low Impact Activity;;Queen Victoria Gardens
Wedding Ceremony;2018-01-13;2018-01-13;Wedding;;Carlton Gardens
Wedding Ceremony;2018-01-21;2018-01-21;Wedding;;Carlton Gardens
Rmit;2017-05-22;2017-05-22;Filming - Student;;Street Locations
Wedding Ceremony;2018-01-13;2018-01-13;Wedding;;Fitzroy Gardens
Grand Final Eve Bbq;2017-09-28;2017-09-28;Private Event;;Fawkner Park
Wedding Ceremony;2017-11-18;2017-11-18;Wedding;;Carlton Gardens
The Melbourne Gothic & Victorian Picnic;2017-10-14;2017-10-14;Public Event - Low Impact Activity;;Fitzroy Gardens
Dogfight;2016-09-10;2016-09-10;Filming - Movie;Filming - Unit Base;Other Park Locations
Honda City Photo Shoot;2014-03-23;2014-03-31;Filming - Photo shoot;;Roads / Public Access Spaces
Just Jeans Photography;2015-02-05;2015-02-06;Filming - Photo shoot;;Roads / Public Access Spaces
Holden Spark;2015-12-07;2015-12-07;Filming - Photo shoot;;Queen Victoria Gardens
Sister Mother Sister (student);2014-07-23;2014-07-23;Filming - Student;;Other Park Locations
Nothing To Write Home About (student);2014-07-31;2014-07-31;Filming - Student;;Inner Suburb Locations
Saint Paul (student);2015-08-29;2015-08-30;Filming - Student;;Fitzroy Gardens
House Husbands Series 3;2014-05-09;2014-05-09;Filming - TV Series;;Other Park Locations, Inner Suburb Locations
The George Megalogenis Project;2014-06-05;2014-06-05;Filming - TV Series;;Birrarung Marr
Winners & Losers Series 4;2014-11-12;2014-11-12;Filming - TV Series;;Promotional Sites, Roads / Public Access Spaces
Hunters;2015-08-31;2015-08-31;Filming - TV Series;;All Other Spaces
Jack Irish;2015-09-30;2015-09-30;Filming - TV Series;;Queen Street
Seven Types Of Ambiguity;2016-05-09;2016-05-09;Filming - TV Series;;Flagstaff Gardens, Little Bourke Street, William Street, Barry Lane
The Wrong Girl;2016-06-07;2016-06-09;Filming - TV Series;;Collins Street
Power Couples;2016-12-10;2016-12-10;Filming - TV Series;;Inner Suburb Locations
Australian Unity Tvc;2015-01-15;2015-01-15;Filming - TVC;;Bridges
Sportsbet;2016-06-01;2016-06-02;Filming - TVC;;Inner Suburb Locations
Itterassyai;2016-08-20;2016-08-23;Filming - TVC;;Bourke Street, Swanston Street, Bridges, Southbank Promenade, Inner Suburb Locations
Afl Players Association Unit Base;2016-09-13;2016-09-14;Filming - Unit Base;;Promotional Sites
Panzerotti Launch;2014-02-18;2014-02-20;Promotion;;Flinders Lane
Citibank Switch Banking Promotion;2014-06-25;2014-06-25;Promotion;;Collins Street
Piggy Bank Appeal Launch;2014-09-01;2014-09-01;Promotion;;Bourke St Mall - next to Tourism booth
JPG Bench Promotion;2014-10-30;2014-12-05;Promotion;;Bourke Street, Collins Street
Telstra Product Launch;2014-11-05;2014-11-05;Promotion;;Bourke Street
TAC Be On The Ball Media Launch;2014-12-08;2014-12-08;Promotion;;Southbank Spillway
Heidi Klum Launch;2015-01-27;2015-01-27;Promotion;;Bourke Street
Paint Your World Blue;2015-02-07;2015-02-07;Promotion;;Queensbridge Square
Tag Heuer Interactive Chalk ArtDisplay;2015-10-30;2015-10-30;Promotion;;Queensbridge Square
Media Launch For Pnda AwarenessWeek;2015-11-17;2015-11-17;Promotion;;Bourke St Mall - next to Tourism booth
Promotion - Ikea Christmas Activation;2016-12-15;2016-12-15;Promotion;;Southbank Spillway
Annual Member Drive;2017-01-24;2017-03-01;Promotion;;Melbourne Central Station - Swanston Street, Queensbridge Square , All Other Spaces
Greenpeace Promotion;2017-02-27;2017-03-03;Promotion;;Bourke St Mall - next to Tourism booth
Mountain Dew;2017-04-05;2017-04-05;Promotion;;Southbank Spillway
Nova100's Comedy Kombi;2017-04-11;2017-04-11;Promotion;;Southbank Spillway
Foot Locker Store Launch;2017-04-15;2017-04-15;Promotion;;Bourke Street, Bourke St Mall - next to Tourism booth
Greenpeace Promotion;2017-04-18;2017-04-21;Promotion;;Bourke St Mall - next to Tourism booth
Tour Duchenne;2014-03-29;2014-03-29;Public Event - Cycling Event;;Queensbridge Square
Promotion - Myer Melbourne Chinese New YearsPerformances;2016-02-13;2016-02-20;Public Event - Low Impact Activity;;Bourke Street
Private Monument Park Launch;2014-12-10;2014-12-10;Public Event - Media/Launch Event;;Promotional Sites
Melbourne Music Week;2015-11-10;2015-11-27;Public Event - Music Event;;Inner Suburb Locations
Melb Recital Centre 5th BirthdayCelebrations;2014-02-08;2014-02-08;Public Event - Non-ticketed;;Inner Suburb Locations
MS Melbourne Cycle 2014;2014-02-22;2014-02-23;Public Event - Non-ticketed;;Alexandra Gardens, Kings Domain, Princes Park
New Orleans Fat Tuesday;2014-03-04;2014-03-04;Public Event - Non-ticketed;;Other Park Locations
HSV Owners Club 'Good Friday'Show N Shine;2014-04-18;2014-04-18;Public Event - Non-ticketed;;Southbank Promenade, Southbank Spillway
Nixi Killick Collection Launch;2014-09-06;2014-09-06;Public Event - Non-ticketed;;Finlay Alley
MPavilion;2014-09-30;2015-02-01;Public Event - Non-ticketed;;Queen Victoria Gardens
Uncommon Places Common Room;2015-09-16;2015-10-04;Public Event - Non-ticketed;;Other Park Locations, City Square
Icare Pod;2015-10-05;2015-10-16;Public Event - Non-ticketed;;City Square, Southbank Spillway
Global Village Multicultural Festival;2015-10-22;2015-10-26;Public Event - Non-ticketed;;Princes Park
Melbourne Food And Wine Festival;2016-02-22;2016-03-21;Public Event - Non-ticketed;;Batman Park, Queensbridge Square , Southbank Spillway
Nike Run Club Hit And RunSession;2016-04-07;2016-04-28;Public Event - Non-ticketed;;Kings Domain
For Heaven's Sake;2016-06-01;2016-06-01;Public Event - Non-ticketed;;City Square
Give A Flick, Quick!;2016-09-14;2016-09-26;Public Event - Non-ticketed;;Piazza Italia , Southbank Spillway , Parks, All Other Spaces
Chinese New Year (melb DaiLoong Association);2016-02-05;2016-02-15;Public Event - Non-ticketed;Public;Chinatown Plaza - see notes., Bourke Street, Exhibition Street, Little Bourke Street, Lonsdale Street, Russell Street, Swanston Street, Cohen Place, Other Laneways/Places/Alleys
Mothers Day Classic 2014;2014-05-05;2014-05-13;Public Event - Run Walk;;Alexandra Gardens, Birrarung Marr, BM Birrarung Marr, Kings Domain, Tom's Block, Queen Victoria Gardens, Shrine Reserve, St Kilda Road, Bridges
Sunflower Sunday Dash;2014-06-29;2014-06-29;Public Event - Run Walk;;Kings Domain, Tom's Block
Carlton Classic Marathon;2015-02-08;2015-02-08;Public Event - Run Walk;;Princes Park
Human Walking Program #3;2015-11-20;2015-11-20;Public Event - Run Walk;;Flagstaff Gardens
Go The Tan;2016-02-20;2016-02-20;Public Event - Run Walk;;Kings Domain
Private Mortgage Choice CharityChallenge;2016-03-11;2016-03-11;Public Event - Run Walk;;Princes Park
Move In May;2016-05-21;2016-05-22;Public Event - Run Walk;;Kings Domain, Tom's Block
XRace Melbourne;2016-10-29;2016-10-30;Public Event - Run Walk;;Alexandra Gardens, Birrarung Marr, BM Birrarung Marr, Other Park Locations, Bridges
Run For Palestine;2016-11-06;2016-11-06;Public Event - Run Walk;;Kings Domain, Tom's Block
Midsumma Carnival & T Dance;2014-01-06;2014-01-16;Public Event - Ticketed;;Alexandra Gardens, AG - Riverslide Skate Park, Birrarung Marr, BM Birrarung Marr
Circus Oz 2014;2014-05-29;2014-07-20;Public Event - Ticketed;;Birrarung Marr
Slide The Streets;2015-02-15;2015-03-09;Public Event - Ticketed;;Fitzroy Gardens, Treasury Gardens, Inner Suburb Locations, Promotional Sites, Harbour Esplanade, Roads / Public Access Spaces
Southgate Food & Wine Fiesta(2015 Mfwf);2015-02-28;2015-03-01;Public Event - Ticketed;;Southbank Promenade
Slide Melbourne;2016-02-07;2016-02-07;Public Event - Ticketed;;Fitzroy Gardens, Treasury Gardens, Inner Suburb Locations
Dan O'Connell St Patricks Day;2016-03-17;2016-03-18;Public Event - Ticketed;;Other Park Locations, Inner Suburb Locations
Wedding Ceremony;2014-01-04;2014-01-04;Wedding;;Fitzroy Gardens
Wedding Ceremony;2014-01-11;2014-01-11;Wedding;;Carlton Gardens
Wedding Ceremony;2014-01-24;2014-01-24;Wedding;;Fitzroy Gardens, Treasury Gardens
Wedding Ceremony;2014-02-01;2014-02-01;Wedding;;Treasury Gardens
Wedding Ceremony;2014-03-01;2014-03-01;Wedding;;Kings Domain
Wedding Ceremony;2014-03-15;2014-03-15;Wedding;;Flagstaff Gardens
Wedding Ceremony;2014-03-26;2014-03-26;Wedding;;Treasury Gardens
Wedding Ceremony;2014-03-29;2014-03-29;Wedding;;Treasury Gardens
Wedding Ceremony;2014-03-30;2014-03-30;Wedding;;Fitzroy Gardens
Wedding Ceremony;2014-08-10;2014-08-10;Wedding;;Fitzroy Gardens
Wedding Ceremony;2014-10-10;2014-10-10;Wedding;;Queen Victoria Gardens
Wedding Ceremony;2014-10-18;2014-10-18;Wedding;;Fitzroy Gardens
Wedding Ceremony;2014-11-04;2014-11-04;Wedding;;Kings Domain
Wedding Ceremony;2014-11-15;2014-11-15;Wedding;;Carlton Gardens
Wedding Ceremony;2014-11-23;2014-11-23;Wedding;;Carlton Gardens
Wedding Ceremony;2015-01-16;2015-01-16;Wedding;;Kings Domain
Wedding Ceremony;2015-01-31;2015-01-31;Wedding;;Treasury Gardens
Wedding Ceremony;2015-03-14;2015-03-14;Wedding;;Treasury Gardens
Wedding Ceremony;2015-04-05;2015-04-05;Wedding;;Fitzroy Gardens
Wedding Ceremony;2015-04-18;2015-04-18;Wedding;;Fitzroy Gardens
Wedding Ceremony;2015-09-24;2015-09-24;Wedding;;Treasury Gardens
Wedding Ceremony;2015-11-14;2015-11-14;Wedding;;Carlton Gardens
Wedding Ceremony;2015-11-14;2015-11-14;Wedding;;Fitzroy Gardens
Wedding Ceremony;2015-11-20;2015-11-20;Wedding;;Kings Domain
Wedding Ceremony;2015-12-20;2015-12-20;Wedding;;Fitzroy Gardens
Wedding Ceremony;2015-12-31;2015-12-31;Wedding;;Fitzroy Gardens
Wedding Ceremony;2016-02-21;2016-02-21;Wedding;;Fitzroy Gardens
Wedding Ceremony;2016-02-25;2016-02-25;Wedding;;Queen Victoria Gardens
Wedding Ceremony;2016-03-05;2016-03-05;Wedding;;Other Park Locations
Wedding Ceremony;2016-03-11;2016-03-11;Wedding;;Treasury Gardens
Wedding Ceremony;2016-03-11;2016-03-11;Wedding;;Fitzroy Gardens
Wedding Ceremony;2016-03-12;2016-03-12;Wedding;;Flagstaff Gardens
Wedding Ceremony;2016-03-20;2016-03-20;Wedding;;Fitzroy Gardens
Wedding Ceremony;2016-03-25;2016-03-25;Wedding;;Fitzroy Gardens
Wedding Ceremony;2016-03-30;2016-03-30;Wedding;;Fitzroy Gardens
Wedding Ceremony;2016-04-03;2016-04-03;Wedding;;Fitzroy Gardens
Wedding Ceremony;2016-05-21;2016-05-21;Wedding;;Fitzroy Gardens
Wedding Ceremony;2016-09-08;2016-09-08;Wedding;;Queen Victoria Gardens
Wedding Ceremony;2016-09-17;2016-09-17;Wedding;;Kings Domain
Wedding Ceremony;2016-10-08;2016-10-08;Wedding;;Fitzroy Gardens
Wedding Ceremony;2016-11-05;2016-11-05;Wedding;;Fitzroy Gardens
Wedding Ceremony;2016-11-26;2016-11-26;Wedding;;
Wedding Ceremony;2016-12-26;2016-12-26;Wedding;;Fitzroy Gardens
Wedding Ceremony;2017-01-28;2017-01-28;Wedding;;Kings Domain
Wedding Ceremony;2017-02-24;2017-02-24;Wedding;;Kings Domain
Wedding Ceremony;2017-03-25;2017-03-25;Wedding;;Treasury Gardens
Afl Players Association Mvp Awards Dinner;2017-09-12;2017-09-12;Filming - Other;;Promotional Sites
Spc Beans Food Truck;2017-08-23;2017-08-23;Promotion;;Queensbridge Square
Childfund;2017-11-06;2017-11-10;Promotion;;Bourke St Mall - next to Tourism booth
Dairy Farmers;2017-10-28;2017-10-28;Promotion;;Queensbridge Square , Southbank Spillway
Midsumma Carnival & T-Dance;2018-01-10;2018-01-16;Public Event - Non Ticketed;;Alexandra Gardens
Proposal;2017-12-15;2017-12-15;Private Event;;Fitzroy Gardens
Remembrance Day Service;2017-11-11;2017-11-11;Public Event - Memorial;;Bourke Street, Collins Street, Elizabeth Street, Flinders Street, Spring Street, Swanston Street, Bridges
Offsping S7 Murchison Square;2017-05-31;2017-05-31;Filming - TV Series;;Other Park Locations
Engagement Wark;2017-11-24;2017-11-24;Private Event;;Fitzroy Gardens
Gta Christmas Family Picnic;2017-12-15;2017-12-15;Private Event;Christmas Party;Treasury Gardens
Constance Afl Bbq;2017-09-30;2017-09-30;Private Event;;Other Park Locations
Vrr Fun Run - Princes Park;2017-08-20;2017-08-20;Public Event - Run/Walk;;Princes Park
Lincoln;2017-12-20;2017-12-20;Filming - TV Series;;Alexandra Gardens
Commemorative Funeral;2017-10-26;2017-10-27;Public Event - Memorial;;Birrarung Marr
Wedding Ceremony;2018-01-20;2018-01-20;Wedding;;Kings Domain
Sisters Unit Base;2017-08-30;2017-09-01;Filming - TV Series;;Flagstaff Gardens
CPR Lab;2017-10-16;2017-10-16;Promotion;;Southbank Spillway
Tac This Much Space;2017-09-26;2017-09-26;Filming - TVC;;Inner Suburb Locations
Wedding Ceremony;2017-09-09;2017-09-09;Wedding;;Flagstaff Gardens
Wedding Ceremony;2017-10-01;2017-10-01;Wedding;;Fitzroy Gardens
Aurecon Staff Christmas Bbq;2017-12-08;2017-12-08;Private Event;Christmas Party;Parks
Hayu Summer Activation;2017-12-16;2017-12-17;Promotion;;Southbank Spillway
Jaranan;2017-12-02;2017-12-02;Public Event - Low Impact Activity;;Argyle Square Stage Only, Other Park Locations, Piazza Italia
Enter The Void;2018-01-01;2018-01-01;Public Event - Music;;Bourke Street
Mercy To Mankind Multicultural Festival;2017-12-16;2017-12-16;Public Event - Non Ticketed;;Neill Street Reserve
Wedding Ceremony;2017-04-09;2017-04-09;Wedding;;Fitzroy Gardens
Fso Ey Christmas Party;2017-12-19;2017-12-19;Private Event;Christmas Party;Treasury Gardens
The Great Australian Garage Sale;2017-10-22;2017-10-22;Public Event - Non Ticketed;;Other Park Locations
Unveiling Of Bourke St Memorial;2018-01-20;2018-01-20;Private Event;;Other Park Locations
Volvo Ocean Race;2017-12-18;2018-01-07;Public Event - Non Ticketed;;Promotional Sites, All Other Spaces
City Of Melbourne Christmas Campaign;2017-09-25;2017-09-25;Filming - Photo shoot;;Higson Lane, Oliver Lane
Family And Values Conference;2017-12-23;2017-12-23;Public Event - Non Ticketed;;Argyle Square Stage Only, Piazza Italia
Oxfam - Water & Sanitation;2017-11-13;2017-11-17;Promotion;;Bourke St Mall - next to Tourism booth
Nab Bpmo Bbq;2017-12-15;2017-12-15;Private Event;Christmas Party;Flagstaff Gardens
Hill Of Content;2017-12-11;2017-12-23;Promotion;;Bourke Street
Health Service Christmas BBQ;2017-12-13;2017-12-13;Private Event;Christmas Party;Kings Domain
Wedding Ceremony;2017-12-31;2017-12-31;Wedding;;Carlton Gardens
Betrayal;2017-12-04;2017-12-04;Filming - Student;;Inner Suburb Locations
Wedding Ceremony;2017-10-14;2017-10-14;Wedding;;Kings Domain
Staff Lunch;2017-11-03;2017-11-03;Private Event;;Fawkner Park
Wedding Ceremony;2017-11-17;2017-11-17;Wedding;;Kings Domain
Spc Bean Pot Sampling;2017-07-19;2017-07-19;Promotion;;Queensbridge Square
One Bupa;2017-11-18;2017-11-18;Filming - TVC;;Bourke Street
Wedding Ceremony;2017-11-25;2017-11-25;Wedding;;Fitzroy Gardens
Wedding Ceremony;2017-12-27;2017-12-27;Wedding;;Royal Park
Anzac Day 2017;2017-04-18;2017-04-25;Public Event - Memorial;;Alexandra Gardens, BM - Fed Sq + Princes Walk,  Kings Domain, Tom's Block, Queen Victoria Gardens, Shrine Reserve, Other Park Locations, Collins Street, Elizabeth Street, Flinders Street, Little Collins Street, Queen Street, Russell Street, Swanston Street, St Kilda Road, BridgesFlinders Lane
Two Feet And A Heartbeat;2017-09-10;2017-09-10;Public Event - Run/Walk;;Princes Park
Wedding Ceremony;2017-12-16;2017-12-16;Wedding;;Carlton Gardens
Family And Values Conference;2017-09-23;2017-09-23;Public Event - Non Ticketed;;Piazza Italia
Discover Sailing Trailable Yacht Division;2017-10-22;2017-10-22;Public Event - Non Ticketed;;Promotional Sites
Samsung Demo Reel;2017-11-28;2017-11-29;Filming - TVC;;Carlton Gardens, Swanston Street, Southbank Promenade, All Other Spaces
Wedding Ceremony;2017-11-10;2017-11-10;Wedding;;Fitzroy Gardens
Wedding Ceremony;2017-11-18;2017-11-18;Wedding;;Other Park Locations
Victorian Festival of Diwali;2017-10-11;2017-10-11;Promotion;;Bourke St Mall - next to Tourism booth
Walk A Mile In Their Shoes;2017-09-01;2017-09-01;Public Event - Run/Walk;;Birrarung Marr, Bridges, Southbank Promenade, Queensbridge Square , Southbank Spillway
The Tan Ultra Running Festival;2017-08-27;2017-08-27;Public Event - Run/Walk;;Kings Domain
CGPS Mini Olympics;2017-10-26;2017-10-26;Private Event;;Carlton Gardens
VCA - John And Belle;2014-08-29;2014-08-29;Filming - Student;;Queen Victoria Gardens, St Kilda Road, Bridges
Jilted;2015-09-07;2015-09-08;Filming - Student;;Flagstaff Gardens
My Friend, The Clown;2016-08-25;2016-08-25;Filming - Student;;Carlton Gardens
The Moon And The Sun;2014-05-05;2014-05-10;Filming - Movie;;Promotional Sites
Dogfight;2016-08-28;2016-08-28;Filming - Movie;;Treasury Gardens, Spring Street
Support Act Bandwagon;2014-09-03;2014-09-03;Filming - Other;;Bourke Street
The Carers Project;2015-07-19;2015-07-19;Filming - Other;;Southbank Spillway
Traffic Demo Uav Shoot;2016-10-01;2016-10-03;Filming - Other;;Parks
Feathers Ss14;2014-05-27;2014-05-28;Filming - Photo shoot;;Treasury Gardens, Other Park Locations
Deakin Uni Photo Shoot;2015-09-11;2015-09-14;Filming - Photo shoot;;Centre Place
Australia Post;2017-03-07;2017-03-08;Filming - Photo shoot;;Parks
Winners & Losers;2014-05-14;2014-05-14;Filming - TV Series;;Alexandra Gardens, Southbank Promenade
It's A Date - Series 2;2014-05-29;2014-05-29;Filming - TV Series;;Treasury Gardens, St Kilda Road
The Moon And The Sun;2014-05-01;2014-05-03;Filming - Unit Base;;Other Park Locations
Holding The Man (Unit Base);2014-12-05;2014-12-08;Filming - Unit Base;;Royal Park
Jack Irish Unit Base;2015-08-19;2015-08-19;Filming - Unit Base;;Flagstaff Gardens
Wentworth Unit Base;2015-12-03;2015-12-03;Filming - Unit Base;;Other Park Locations
Melbourne Stars And Melbourne Renegades Derby;2014-01-03;2014-01-03;Promotion;;Bourke Street Mall - outfront of Adidas
Myer Juicy Couture Promotion;2014-10-23;2014-10-25;Promotion;;Bourke Street
SPC Perfect Fruit Sampling;2014-11-08;2014-11-08;Promotion;;Southbank Spillway
Mophotrobo;2015-01-23;2015-01-24;Promotion;;Bourke St Mall - next to Tourism booth, Evan Walker Bridge
La Zuppa;2015-04-30;2015-05-08;Promotion;;Southbank Spillway
Australia's Biggest Morning Tea;2015-05-05;2015-05-05;Promotion;;Flinders St Station, Parliament Station, Melbourne Central Station - Swanston Street, Melbourne Central Station - Elizabeth Street
Men's Month Shopping Night;2015-06-04;2015-06-04;Promotion;;Bourke Street
Chemist Warehouse;2015-07-27;2015-07-27;Promotion;;Bourke Street, Elizabeth Street, Bourke St Mall - next to Tourism booth
Nova 100's Browny Points;2016-04-07;2016-04-07;Promotion;;Southbank Spillway
Look Good Feel Better;2016-04-22;2016-04-22;Promotion;;Queensbridge Square , Southbank Spillway
H & M Home Activation;2016-05-10;2016-05-15;Promotion;;Bourke Street, Bourke St Mall - next to Tourism booth
Footy Colours Day;2016-07-01;2016-07-01;Promotion;;City Square, Flinders St Station
Coles Pizza Truck;2016-07-04;2016-07-12;Promotion;;Queensbridge Square
Myer Product Launch;2016-07-09;2016-07-09;Promotion;;Bourke Street, Bourke St Mall - next to Tourism booth
Spring Racing Shopping Night;2016-10-13;2016-10-13;Promotion;;Bourke Street, Bourke St Mall - next to Tourism booth
21st Birthday;2016-10-13;2016-10-25;Promotion;;Bourke Street
B Active With Bfree;2016-10-14;2016-10-14;Promotion;;Queensbridge Square
Australian Open Installation;2016-12-11;2016-12-18;Promotion;;Queensbridge Square
Pink Lid campaign launch;2014-10-01;2014-10-01;Public Event - Non-ticketed;;Swanston Street, City Square
Mental Health Week 2014 activity;2014-10-08;2014-10-08;Public Event - Non-ticketed;;City Square
F3K Hand Launch GliderCompetition;2014-10-19;2014-10-19;Public Event - Non-ticketed;;Royal Park
Tall Trees & Tributaries, ScenesOn The Yarra;2015-04-19;2015-04-19;Public Event - Non-ticketed;;Birrarung Marr, BM
Jamie's Ministry Of Food Kitchen;2015-07-09;2015-09-22;Public Event - Non-ticketed;;Princes Park
Victoriana Pleasure Garden(MSFW Curated);2015-08-24;2015-09-21;Public Event - Non-ticketed;;Fitzroy Gardens
Scenes On The Yarra - Docklands;2015-09-27;2015-09-27;Public Event - Non-ticketed;;Parks, All Other Spaces
Discover Sailing Trailable YachtDiv;2015-10-18;2015-10-18;Public Event - Non-ticketed;;Promotional Sites
2016 Australian Tree ClimbingChampionships;2016-02-18;2016-02-21;Public Event - Non-ticketed;;Treasury Gardens
Post Graduate Morning Tea;2016-03-02;2016-03-02;Public Event - Non-ticketed;;Other Park Locations
The Melbourne Gothic & VictorianPicnic;2016-04-16;2016-04-16;Public Event - Non-ticketed;;Fitzroy Gardens
Melbourne Head Regatta;2016-11-19;2016-11-19;Public Event - Non-ticketed;;Alexandra Gardens
Melbourne Latin Summer Festival;2017-01-06;2017-01-08;Public Event - Non-ticketed;;Kings Domain, Tom's Block, Queen Victoria Gardens, St Kilda Road
Thac School Music Tour;2017-04-20;2017-04-20;Public Event - Non-ticketed;Public;Queensbridge Square , Piazza Italia
Run For Palestine 2014;2014-11-09;2014-11-09;Public Event - Run Walk;;Kings Domain
We Can Walk It Out 2015;2015-02-15;2015-02-15;Public Event - Run Walk;;Kings Domain
Weekend To End Women's Cancers 2015;2015-02-27;2015-02-28;Public Event - Run Walk;;Fawkner Park, Treasury Gardens
MFWF: Breakfast Around TheTan-Also;2015-03-14;2015-03-15;Public Event - Run Walk;;Kings Domain, Tom's Block
Private Epworth Run For Your Life FunRun;2015-03-15;2015-03-15;Public Event - Run Walk;;Princes Park
Wings For Life World Run;2015-05-03;2015-05-04;Public Event - Run Walk;;Inner Suburb Locations, Promotional Sites
The Kids Foundation Charity Walk;2015-05-09;2015-05-09;Public Event - Run Walk;;Kings Domain
Tan Ultra Running Festival 2015;2015-08-09;2015-08-09;Public Event - Run Walk;;Kings Domain
Victorian Road Runners HalfMarathon;2015-08-16;2015-08-16;Public Event - Run Walk;;Princes Park
Remembrance Day 100kmMemorial Run;2015-11-10;2015-11-11;Public Event - Run Walk;;Kings Domain, Tom's Block
Cherry Rock 2016;2016-05-01;2016-05-01;Public Event - Ticketed;;ACDC Lane, Duckboard Place
MIFGS 2017;2017-03-06;2017-04-06;Public Event - Ticketed;;Carlton Gardens, Inner Suburb Locations
Dan O'Connell St Patricks Day;2017-03-17;2017-03-18;Public Event - Ticketed;;Other Park Locations, Inner Suburb Locations
2017 Melbourne InternationalComedy Festival;2017-03-26;2017-04-26;Public Event - Ticketed;;Chinatown Plaza - see notes., Collins Street, Flinders Lane, Russell Street, Swanston Street, Inner Suburb Locations, Cohen Place
Salomon City Trail;2015-04-19;2015-04-19;Public Event - Ticketed;;Alexandra Gardens, Birrarung Marr, BM Birrarung Marr, Kings Domain, Tom's Block, Bridges
Spirit Of The Game;2015-08-18;2015-08-18;Filming - Movie;;Carlton Gardens
Ali's Wedding;2015-11-30;2015-11-30;Filming - Movie;;Inner Suburb Locations
Dogfight;2016-08-23;2016-08-23;Filming - Movie;;Inner Suburb Locations
Dogfight;2016-09-11;2016-09-11;Filming - Movie;Filming - Unit Base;Treasury Gardens
Guerilla Gig Sheppard;2014-06-26;2014-06-26;Filming - Other;;Queensbridge Square
AFLPA MVP OB Compound;2014-09-09;2014-09-10;Filming - Other;;Promotional Sites
Mq Marketing Film;2015-05-27;2015-05-28;Filming - Other;;Treasury Gardens
Absolute Content;2015-07-07;2015-07-08;Filming - Other;;Little Collins Street, Corrs Lane, Tattersalls Lane
Rialto Regeneration Project;2015-08-11;2015-08-14;Filming - Other;;Batman Park
Hoyts;2015-09-10;2015-09-11;Filming - Other;;Bridges
Mpavilion Uav Shoot;2017-01-19;2017-01-19;Filming - Other;;Queen Victoria Gardens
Work Cover;2014-05-14;2014-05-14;Filming - Photo shoot;;Inner Suburb Locations
Dryburgh Street Photo Shoot;2015-08-11;2015-08-11;Filming - Photo shoot;;Inner Suburb Locations
130th Year Anniversary Photo;2017-03-20;2017-03-20;Filming - Photo shoot;;NMCC Soccer
Arts Center Uav Shoot;2016-10-24;2016-10-26;Filming - Photo shoot;Filming - Other;Alexandra Gardens, Kings Domain
Do You Ever - Music Video;2014-05-03;2014-05-03;Filming - Student;;Fitzroy Gardens
Chalk (student);2014-07-05;2014-07-07;Filming - Student;;Bourke Street, Flinders Lane, Little Bourke Street, Little Lonsdale Street, Queen Street, Guildford Lane (Green Laneway(
No One Hears The Screams (student);2014-07-23;2014-07-23;Filming - Student;;Flagstaff Gardens
Psychotherapy;2014-07-28;2014-07-29;Filming - Student;;Inner Suburb Locations
VCA - It's All Okay;2014-08-22;2014-08-24;Filming - Student;;Inner Suburb Locations
Icontrol;2016-11-14;2016-11-14;Filming - Student;;Flagstaff Gardens
Please Like Me Series 2;2014-02-28;2014-03-03;Filming - TV Series;;Promotional Sites, Roads / Public Access Spaces
Party Tricks;2014-05-07;2014-05-07;Filming - TV Series;;Inner Suburb Locations
Winners & Losers Series 4;2014-10-08;2014-10-08;Filming - TV Series;;Promotional Sites
