arun,dateType,name,important_date,publisher,description,source
4430ad5c-47a1-4342-a2ac-8078e6a5d131,MULTI_FAITH,Lent,6/03/2019,Faith Communities Council of Victoria,6 March 2019 - 18 April 2019,http://www.faithvictoria.org.au/calendar
d1a65c80-49fd-4652-8def-3cbe092b09ae,MULTI_FAITH,Lent,16/03/2019,Faith Communities Council of Victoria,6 March 2019 - 18 April 2019,http://www.faithvictoria.org.au/calendar
7bbee0c8-6fd2-4037-a384-9910e3dc129f,MULTI_FAITH,Lent,17/03/2019,Faith Communities Council of Victoria,6 March 2019 - 18 April 2019,http://www.faithvictoria.org.au/calendar
08f2b566-700b-454b-8a05-d2c2512955cd,MULTI_FAITH,Lent,18/03/2019,Faith Communities Council of Victoria,6 March 2019 - 18 April 2019,http://www.faithvictoria.org.au/calendar
12d57a11-99bc-40a1-9795-e573caebd6b2,MULTI_FAITH,Great lent (Orthodox),14/03/2019,Faith Communities Council of Victoria,11 March 2019-19 April 2019,http://www.faithvictoria.org.au/calendar
43e3fe60-9346-4cdb-b917-b03a0c7181ad,MULTI_FAITH,Lent,14/03/2019,Faith Communities Council of Victoria,6 March 2019 - 18 April 2019,http://www.faithvictoria.org.au/calendar
06d53741-fc95-41d7-8325-75a5eaed73ad,MULTI_FAITH,Great lent (Orthodox),30/03/2019,Faith Communities Council of Victoria,11 March 2019-19 April 2019,http://www.faithvictoria.org.au/calendar
e43da6e3-86a9-4ff6-82ea-286e5ccc6411,MULTI_FAITH,Great lent (Orthodox),1/04/2019,Faith Communities Council of Victoria,11 March 2019-19 April 2019,http://www.faithvictoria.org.au/calendar
9b209256-52fb-41fc-9c1a-654e97021b3f,MULTI_FAITH,Great lent (Orthodox),16/03/2019,Faith Communities Council of Victoria,11 March 2019-19 April 2019,http://www.faithvictoria.org.au/calendar
1a4f0a0c-3525-4407-b970-15d69071a4d7,MULTI_FAITH,Lent,20/03/2019,Faith Communities Council of Victoria,6 March 2019 - 18 April 2019,http://www.faithvictoria.org.au/calendar
60b70ef6-0dfc-4820-8d5e-07e0094d9c21,MULTI_FAITH,Lent,30/03/2019,Faith Communities Council of Victoria,6 March 2019 - 18 April 2019,http://www.faithvictoria.org.au/calendar
143b83e8-e3ec-4536-b1c9-2b9d736dee72,MULTI_FAITH,Lent,15/03/2019,Faith Communities Council of Victoria,6 March 2019 - 18 April 2019,http://www.faithvictoria.org.au/calendar
71f3f4b1-2f00-4dab-84c6-223cf67d7e38,MULTI_FAITH,Purim,21/03/2019,Faith Communities Council of Victoria,,http://www.faithvictoria.org.au/calendar
2d8c0149-5a1a-4e19-86e4-633cdbbadd86,MULTI_FAITH,Great lent (Orthodox),13/04/2019,Faith Communities Council of Victoria,11 March 2019-19 April 2019,http://www.faithvictoria.org.au/calendar
b061febb-630a-4a08-8b3a-23d086014ba6,MULTI_FAITH,Lent,13/04/2019,Faith Communities Council of Victoria,6 March 2019 - 18 April 2019,http://www.faithvictoria.org.au/calendar
1b6710f5-2dcf-42a7-bf1b-d81e24fc2177,MULTI_FAITH,Great lent (Orthodox),14/04/2019,Faith Communities Council of Victoria,11 March 2019-19 April 2019,http://www.faithvictoria.org.au/calendar
80796937-7d7b-4224-91de-bd063d60424f,MULTI_FAITH,Lent,17/04/2019,Faith Communities Council of Victoria,6 March 2019 - 18 April 2019,http://www.faithvictoria.org.au/calendar
2eac625f-e4a1-4b4f-8cee-1bfbac0e9848,MULTI_FAITH,Great lent (Orthodox),18/04/2019,Faith Communities Council of Victoria,11 March 2019-19 April 2019,http://www.faithvictoria.org.au/calendar
27927478-bf85-4580-bf69-6578513f885e,MULTI_FAITH,Great lent (Orthodox),19/04/2019,Faith Communities Council of Victoria,11 March 2019-19 April 2019,http://www.faithvictoria.org.au/calendar
5f065f06-fcb6-48c9-b381-186f2f2af456,MULTI_FAITH,Great lent (Orthodox),12/04/2019,Faith Communities Council of Victoria,11 March 2019-19 April 2019,http://www.faithvictoria.org.au/calendar
4831a662-ff79-4804-8c35-1e45cdeca11b,MULTI_FAITH,Great lent (Orthodox),7/04/2019,Faith Communities Council of Victoria,11 March 2019-19 April 2019,http://www.faithvictoria.org.au/calendar
4013362a-9f80-4c9f-9212-9dfff5e4b79a,MULTI_FAITH,Ridvan,22/04/2019,Faith Communities Council of Victoria,21 April - 2 May 2019,http://www.faithvictoria.org.au/calendar
e9259bc9-b435-4bdd-9892-330194f31ea0,MULTI_FAITH,Pesach,26/04/2019,Faith Communities Council of Victoria,20-27 April 2019,http://www.faithvictoria.org.au/calendar
5438b053-ed38-4774-95ed-d368cdb9985b,MULTI_FAITH,Ramadan,10/05/2019,Faith Communities Council of Victoria,6 May -4 June 2019,http://www.faithvictoria.org.au/calendar
0950a350-df0a-42d3-abd5-ad78a165267b,MULTI_FAITH,Krishna Janmashtami,23/08/2019,Faith Communities Council of Victoria,,http://www.faithvictoria.org.au/calendar
633a5422-1794-40cb-b900-44422e27884e,MULTI_FAITH,Ramadan,12/05/2019,Faith Communities Council of Victoria,6 May -4 June 2019,http://www.faithvictoria.org.au/calendar
c5f8dc0c-2b28-43dc-b22a-2bcba9b78201,MULTI_FAITH,Ramadan,15/05/2019,Faith Communities Council of Victoria,6 May -4 June 2019,http://www.faithvictoria.org.au/calendar
9f21a2f2-9951-4828-aa64-a4cf811d4b59,MULTI_FAITH,Ramadan,21/05/2019,Faith Communities Council of Victoria,6 May -4 June 2019,http://www.faithvictoria.org.au/calendar
7364b6cd-6ce7-4a37-a23f-eb76f0b49a26,MULTI_FAITH,Declaration of the Bab,24/05/2019,Faith Communities Council of Victoria,,http://www.faithvictoria.org.au/calendar
8ceff5b0-4f9a-4a63-adbe-f219dd67a406,MULTI_FAITH,Tisha B'Av,11/08/2019,Faith Communities Council of Victoria,,http://www.faithvictoria.org.au/calendar
e59c7a7a-0910-4bed-ad18-cac59e3bcfe2,MULTI_FAITH,Navaratri,7/10/2019,Faith Communities Council of Victoria,29 September - 7 October 2019,http://www.faithvictoria.org.au/calendar
739d6268-3e52-4f0c-b05d-f6a5471ed952,MULTI_FAITH,Sukkot,14/10/2019,Faith Communities Council of Victoria,14-20 October 2019,http://www.faithvictoria.org.au/calendar
ec7ea8cc-edfa-49c2-ac9f-2c1e1cd86dad,MULTI_FAITH,Sukkot,18/10/2019,Faith Communities Council of Victoria,14-20 October 2019,http://www.faithvictoria.org.au/calendar
a31122d3-97e7-427b-8762-245a4605fbcf,MULTI_FAITH,Advent,3/12/2019,Faith Communities Council of Victoria,1-24 Dec 2019,http://www.faithvictoria.org.au/calendar
1416ee4b-c8dd-4335-a001-1ff0f1b9caa0,MULTI_FAITH,All Saints day,1/11/2019,Faith Communities Council of Victoria,,http://www.faithvictoria.org.au/calendar
2fc43b4d-70ee-488a-ae0d-a0a662b0c9cd,MULTI_FAITH,Advent,17/12/2019,Faith Communities Council of Victoria,1-24 Dec 2019,http://www.faithvictoria.org.au/calendar
1355f3fb-94d5-4fcc-b735-972f86baf84c,MULTI_FAITH,Advent,18/12/2019,Faith Communities Council of Victoria,1-24 Dec 2019,http://www.faithvictoria.org.au/calendar
d0ac13df-970d-4b66-93d9-035d2a299cb6,MULTI_FAITH,Advent,20/12/2019,Faith Communities Council of Victoria,1-24 Dec 2019,http://www.faithvictoria.org.au/calendar
ed16acc7-2bb0-4243-8735-e3cbf8fbe9a8,MULTI_FAITH,Hanukkah,27/12/2019,Faith Communities Council of Victoria,23-30 December 2019,http://www.faithvictoria.org.au/calendar
6df608e6-d4ed-41de-afd9-1c93d688aef6,MULTI_FAITH,Advent,22/12/2019,Faith Communities Council of Victoria,1-24 Dec 2019,http://www.faithvictoria.org.au/calendar
9f8373ae-0a48-4cd9-9448-8c5522d7536e,MULTI_FAITH,Advent,16/12/2019,Faith Communities Council of Victoria,1-24 Dec 2019,http://www.faithvictoria.org.au/calendar
6f82d498-ff1f-49f3-8372-b4a7425beefb,MULTI_FAITH,Advent,12/12/2019,Faith Communities Council of Victoria,1-24 Dec 2019,http://www.faithvictoria.org.au/calendar
83bdd25d-68bd-4e2c-a400-e160f0d564a7,MULTI_FAITH,Lent,10/03/2020,Faith Communities Council of Victoria,26 February - 9 April 2020,http://www.faithvictoria.org.au/calendar
07779513-53cb-4f4c-867b-cf57310b4d3c,MULTI_FAITH,Lent,13/03/2020,Faith Communities Council of Victoria,26 February - 9 April 2020,http://www.faithvictoria.org.au/calendar
88a6ed3c-7b8b-443b-adb1-726603b2a788,MULTI_FAITH,Lent,15/03/2020,Faith Communities Council of Victoria,26 February - 9 April 2020,http://www.faithvictoria.org.au/calendar
0eb29241-4578-420c-a9cd-3ef5fa2babd4,MULTI_FAITH,Lent,26/02/2020,Faith Communities Council of Victoria,26 February - 9 April 2020,http://www.faithvictoria.org.au/calendar
e5cf8a69-b5c4-40b4-8b1e-19430fd5845a,MULTI_FAITH,Lent,23/03/2020,Faith Communities Council of Victoria,26 February - 9 April 2020,http://www.faithvictoria.org.au/calendar
6f30a29b-503b-456c-95e4-ab7271d5cb75,MULTI_FAITH,Lent,19/03/2020,Faith Communities Council of Victoria,26 February - 9 April 2020,http://www.faithvictoria.org.au/calendar
60a1297b-e4e1-4595-bc50-f3660559a0fa,MULTI_FAITH,Lent,5/03/2020,Faith Communities Council of Victoria,26 February - 9 April 2020,http://www.faithvictoria.org.au/calendar
390c8a6e-ee1a-4d86-9e28-de0a94de51d4,MULTI_FAITH,Maghi,13/01/2020,Faith Communities Council of Victoria,,http://www.faithvictoria.org.au/calendar
8d1644bc-bdf4-41f9-9e7e-290360d96481,MULTI_FAITH,Purim,10/03/2020,Faith Communities Council of Victoria,,http://www.faithvictoria.org.au/calendar
b4a965e8-8942-4b9c-9cc9-d0d6007b96c6,MULTI_FAITH,Lailat al Miraj,22/03/2020,Faith Communities Council of Victoria,,http://www.faithvictoria.org.au/calendar
71222cb2-222f-47f4-9d12-fbd209bc528d,MULTI_FAITH,Holy Week,6/04/2020,Faith Communities Council of Victoria,5 - 12 April 2020,http://www.faithvictoria.org.au/calendar
f5944ca8-88b5-4ac2-81ab-bbc0d71f787b,MULTI_FAITH,Great Lent (Orthodox),13/03/2020,Faith Communities Council of Victoria,2 March - 10 April 2020,http://www.faithvictoria.org.au/calendar
18549198-fe4c-4861-a77d-a22b4177a296,MULTI_FAITH,Great Lent (Orthodox),17/03/2020,Faith Communities Council of Victoria,2 March - 10 April 2020,http://www.faithvictoria.org.au/calendar
6d3a02a8-ebd7-43e4-a452-3d3f595b6ab3,MULTI_FAITH,Lent,3/04/2020,Faith Communities Council of Victoria,26 February - 9 April 2020,http://www.faithvictoria.org.au/calendar
a2a73d12-5bfa-4047-a987-51ac2b2e22ee,MULTI_FAITH,Lent,6/04/2020,Faith Communities Council of Victoria,26 February - 9 April 2020,http://www.faithvictoria.org.au/calendar
9db53427-e73b-479f-97bd-c210080ae27d,MULTI_FAITH,Great Lent (Orthodox),20/03/2020,Faith Communities Council of Victoria,2 March - 10 April 2020,http://www.faithvictoria.org.au/calendar
62ea69f7-395e-43d3-8156-99884d957963,MULTI_FAITH,Great Lent (Orthodox),24/03/2020,Faith Communities Council of Victoria,2 March - 10 April 2020,http://www.faithvictoria.org.au/calendar
c4d28db7-63fc-4ea0-bd6c-cf0519f88840,MULTI_FAITH,Great Lent (Orthodox),11/03/2020,Faith Communities Council of Victoria,2 March - 10 April 2020,http://www.faithvictoria.org.au/calendar
64b6e5fe-419f-46c5-9d9c-70d3f853fc51,MULTI_FAITH,Great Lent (Orthodox),7/04/2020,Faith Communities Council of Victoria,2 March - 10 April 2020,http://www.faithvictoria.org.au/calendar
1450c336-72d9-45ce-9674-e32493421c3e,MULTI_FAITH,Great Lent (Orthodox),3/03/2020,Faith Communities Council of Victoria,2 March - 10 April 2020,http://www.faithvictoria.org.au/calendar
19b72bc5-0352-4669-8150-f1b1105e2010,MULTI_FAITH,Lent,28/03/2020,Faith Communities Council of Victoria,26 February - 9 April 2020,http://www.faithvictoria.org.au/calendar
f434731d-3688-41c5-bedc-a1e2a332f7aa,MULTI_FAITH,Ramadan,10/05/2020,Faith Communities Council of Victoria,24 April - 23 May 2020,http://www.faithvictoria.org.au/calendar
3f980b91-661d-4cc2-829e-74a41c48a381,MULTI_FAITH,Ramadan,11/05/2020,Faith Communities Council of Victoria,24 April - 23 May 2020,http://www.faithvictoria.org.au/calendar
b01bb4a3-c312-4d62-beaa-5e88345a1033,MULTI_FAITH,Ramadan,12/05/2020,Faith Communities Council of Victoria,24 April - 23 May 2020,http://www.faithvictoria.org.au/calendar
31e6b6ad-8560-485f-b13c-498e82eb3baa,MULTI_FAITH,Eid Al Adha,31/07/2020,Faith Communities Council of Victoria,31 July - 3 August 2020,http://www.faithvictoria.org.au/calendar
676e0714-524d-44ca-b829-95971134fb0b,MULTI_FAITH,Raksha Bandhan,3/08/2020,Faith Communities Council of Victoria,,http://www.faithvictoria.org.au/calendar
4c989a2c-da41-4325-ad40-484d7babd482,MULTI_FAITH,Ramadan,24/04/2020,Faith Communities Council of Victoria,24 April - 23 May 2020,http://www.faithvictoria.org.au/calendar
b7881015-b25c-4bca-b7ec-093ad1bce872,MULTI_FAITH,Ramadan,25/04/2020,Faith Communities Council of Victoria,24 April - 23 May 2020,http://www.faithvictoria.org.au/calendar
fbbe25d4-db53-4fb4-bb59-af95facea32f,MULTI_FAITH,Rosh Hashanah,20/09/2020,Faith Communities Council of Victoria,19-20 September 2020,http://www.faithvictoria.org.au/calendar
2c130af6-f612-45e7-b9f1-4ec7fdcc95d0,MULTI_FAITH,Ramadan,8/05/2020,Faith Communities Council of Victoria,24 April - 23 May 2020,http://www.faithvictoria.org.au/calendar
c05b17c8-2a05-45d6-afa5-07962b9ef8c0,MULTI_FAITH,Holy Week,9/04/2020,Faith Communities Council of Victoria,5 - 12 April 2020,http://www.faithvictoria.org.au/calendar
9ed9ce74-d3d3-463b-b824-88b897779686,MULTI_FAITH,Holy Week,7/04/2020,Faith Communities Council of Victoria,5 - 12 April 2020,http://www.faithvictoria.org.au/calendar
3b99ff68-a727-419e-995f-5e83b1f0487a,MULTI_FAITH,Pesach,13/04/2020,Faith Communities Council of Victoria,9-16 April 2020,http://www.faithvictoria.org.au/calendar
79e692fc-d983-4cae-ad58-254398d855af,MULTI_FAITH,Lailat al Qadr,19/05/2020,Faith Communities Council of Victoria,,http://www.faithvictoria.org.au/calendar
f41f9c5e-bae2-492d-b6b8-3a22a4f82fb3,MULTI_FAITH,Hanukkah,18/12/2020,Faith Communities Council of Victoria,11 - 18 December 2020,http://www.faithvictoria.org.au/calendar
4646d46c-5b77-458c-b8c5-d51430583794,MULTI_FAITH,Christmas,25/12/2020,Faith Communities Council of Victoria,,http://www.faithvictoria.org.au/calendar
bd893532-1f28-4b2e-8212-96b8b2e5fec6,MULTI_FAITH,Navaratri,21/10/2020,Faith Communities Council of Victoria,17-26 October 2020,http://www.faithvictoria.org.au/calendar
89e1819e-d80f-4e79-85fd-6d2b2872fe73,MULTI_FAITH,Navaratri,24/10/2020,Faith Communities Council of Victoria,17-26 October 2020,http://www.faithvictoria.org.au/calendar
b6d8edb2-110b-45b0-b16e-a30e44a5b136,MULTI_FAITH,Diwali,14/11/2020,Faith Communities Council of Victoria,,http://www.faithvictoria.org.au/calendar
f2b5fdd6-c893-45d8-a8b7-361cc0ab62dd,MULTI_FAITH,Birth of Guru Nanak Dev Sahib Ji,30/11/2020,Faith Communities Council of Victoria,,http://www.faithvictoria.org.au/calendar
9fa29007-eaff-402d-b3df-4010f2681693,MULTI_FAITH,Advent,1/12/2020,Faith Communities Council of Victoria,29 November - 24 December 2020,http://www.faithvictoria.org.au/calendar
0379480f-ef3b-4a6a-8813-ea40cbb5a221,MULTI_FAITH,Navaratri,18/10/2020,Faith Communities Council of Victoria,17-26 October 2020,http://www.faithvictoria.org.au/calendar
534579bd-8f0f-425f-957a-d590e5ca8038,MULTI_FAITH,Advent,12/12/2020,Faith Communities Council of Victoria,29 November - 24 December 2020,http://www.faithvictoria.org.au/calendar
df4c474f-2de4-4521-b491-920e550b3b0b,MULTI_FAITH,Hanukkah,12/12/2020,Faith Communities Council of Victoria,11 - 18 December 2020,http://www.faithvictoria.org.au/calendar
30ed1044-d7d5-41e6-8f69-b1ba931a75be,MULTI_FAITH,Sukkot,7/10/2020,Faith Communities Council of Victoria,3-9 October 2020,http://www.faithvictoria.org.au/calendar
d0bd07ec-3863-44cd-b520-40c0b61a4943,MULTI_FAITH,Ash Wednesday,6/03/2019,Faith Communities Council of Victoria,,http://www.faithvictoria.org.au/calendar
8b68a49a-e0a1-414f-b0fb-2faa2b745dbb,MULTI_FAITH,Great lent (Orthodox),11/03/2019,Faith Communities Council of Victoria,11 March 2019-19 April 2019,http://www.faithvictoria.org.au/calendar
8800ed58-0b30-468a-8c3a-542dbf59bfd9,MULTI_FAITH,Mahayana New Year,21/01/2019,Faith Communities Council of Victoria,21-23 January 2019,http://www.faithvictoria.org.au/calendar
7d1ec4cc-37f1-4fdb-a02d-22b8cb99def8,MULTI_FAITH,Lent,19/03/2019,Faith Communities Council of Victoria,6 March 2019 - 18 April 2019,http://www.faithvictoria.org.au/calendar
acc96874-05e4-4a9c-a6e7-2630eb6f4e4b,MULTI_FAITH,Nirvana Day,15/02/2019,Faith Communities Council of Victoria,,http://www.faithvictoria.org.au/calendar
f1c31be2-1bfe-40b7-ae11-071674b5c9b0,MULTI_FAITH,Great lent (Orthodox),20/03/2019,Faith Communities Council of Victoria,11 March 2019-19 April 2019,http://www.faithvictoria.org.au/calendar
47046f60-e055-42cc-ae15-8d92f2d47d98,MULTI_FAITH,Great lent (Orthodox),16/04/2019,Faith Communities Council of Victoria,11 March 2019-19 April 2019,http://www.faithvictoria.org.au/calendar
db8791fb-7c22-40e6-9105-83745db9929a,MULTI_FAITH,Great lent (Orthodox),21/03/2019,Faith Communities Council of Victoria,11 March 2019-19 April 2019,http://www.faithvictoria.org.au/calendar
a326d5d8-f1ec-49ab-9d7a-a6a7b8cbfc70,MULTI_FAITH,Great lent (Orthodox),28/03/2019,Faith Communities Council of Victoria,11 March 2019-19 April 2019,http://www.faithvictoria.org.au/calendar
482081cd-52b3-40e9-bfdd-4228ff72cb83,MULTI_FAITH,Lent,8/04/2019,Faith Communities Council of Victoria,6 March 2019 - 18 April 2019,http://www.faithvictoria.org.au/calendar
01653f27-4286-43ec-b2b8-634ec3626835,MULTI_FAITH,Lent,4/04/2019,Faith Communities Council of Victoria,6 March 2019 - 18 April 2019,http://www.faithvictoria.org.au/calendar
a05e2dd5-a5f7-4863-870d-f65ee786ca57,MULTI_FAITH,Holy Week,14/04/2019,Faith Communities Council of Victoria,14-20 April 2019,http://www.faithvictoria.org.au/calendar
ae3248fe-9590-458c-9b92-15e330e56ed6,MULTI_FAITH,Lent,27/03/2019,Faith Communities Council of Victoria,6 March 2019 - 18 April 2019,http://www.faithvictoria.org.au/calendar
a6d1052c-bcd7-4b5b-8b42-90578deb9c8d,MULTI_FAITH,Lent,5/04/2019,Faith Communities Council of Victoria,6 March 2019 - 18 April 2019,http://www.faithvictoria.org.au/calendar
ed19fb06-6d9f-41f4-b418-01b6a4132ce7,MULTI_FAITH,Ridvan,1/05/2019,Faith Communities Council of Victoria,21 April - 2 May 2019,http://www.faithvictoria.org.au/calendar
7810cff5-6afb-42ce-b188-0ebba552f4c5,MULTI_FAITH,Great lent (Orthodox),17/04/2019,Faith Communities Council of Victoria,11 March 2019-19 April 2019,http://www.faithvictoria.org.au/calendar
d2bd4445-6591-4936-a364-40f651362448,MULTI_FAITH,Holy Week,17/04/2019,Faith Communities Council of Victoria,14-20 April 2019,http://www.faithvictoria.org.au/calendar
c1e57e3c-6d2a-4e27-bfb5-643bdac13789,MULTI_FAITH,Ridvan,26/04/2019,Faith Communities Council of Victoria,21 April - 2 May 2019,http://www.faithvictoria.org.au/calendar
982e6423-655c-44c1-9d7f-f98105975d9c,MULTI_FAITH,Lent,18/04/2019,Faith Communities Council of Victoria,6 March 2019 - 18 April 2019,http://www.faithvictoria.org.au/calendar
41dbb666-e90e-4dac-8eb1-fe3a4f4ab99a,MULTI_FAITH,Ramadan,8/05/2019,Faith Communities Council of Victoria,6 May -4 June 2019,http://www.faithvictoria.org.au/calendar
6864b8a3-b596-4c0e-b2b5-4f4f1b056183,MULTI_FAITH,Holy Week,19/04/2019,Faith Communities Council of Victoria,14-20 April 2019,http://www.faithvictoria.org.au/calendar
08447ca0-28ec-4b64-b7e4-1379d0dfc469,MULTI_FAITH,Ridvan,21/04/2019,Faith Communities Council of Victoria,21 April - 2 May 2019,http://www.faithvictoria.org.au/calendar
bfc74ce6-9ba5-4451-8e12-1fde2b19f98e,MULTI_FAITH,Pesach,20/04/2019,Faith Communities Council of Victoria,20-27 April 2019,http://www.faithvictoria.org.au/calendar
79b49632-4fe7-44de-adea-9a1c5bd6bece,MULTI_FAITH,Martyrdom of the Bab,10/07/2019,Faith Communities Council of Victoria,,http://www.faithvictoria.org.au/calendar
f7821db4-44df-45e8-b57b-13edd14d73c4,MULTI_FAITH,Ramadan,11/05/2019,Faith Communities Council of Victoria,6 May -4 June 2019,http://www.faithvictoria.org.au/calendar
197a27e4-ca33-4cfb-a431-ef703ea0c1af,MULTI_FAITH,Ramadan,14/05/2019,Faith Communities Council of Victoria,6 May -4 June 2019,http://www.faithvictoria.org.au/calendar
6d088b24-dec9-4beb-aac9-b339222b4955,MULTI_FAITH,Ramadan,18/05/2019,Faith Communities Council of Victoria,6 May -4 June 2019,http://www.faithvictoria.org.au/calendar
abb81766-0c0e-4ffc-91f3-9e491ce98f7f,MULTI_FAITH,Ramadan,20/05/2019,Faith Communities Council of Victoria,6 May -4 June 2019,http://www.faithvictoria.org.au/calendar
50876578-064f-4d52-a745-cf600817990a,MULTI_FAITH,Eid ul Fitr,7/06/2019,Faith Communities Council of Victoria,5-7 June 2019,http://www.faithvictoria.org.au/calendar
dd81d3b5-11b5-44f1-9333-ebd0ada7b900,MULTI_FAITH,Eid ul Fitr,5/06/2019,Faith Communities Council of Victoria,5-7 June 2019,http://www.faithvictoria.org.au/calendar
b5f36fd2-05a5-41c7-8282-50394551817c,MULTI_FAITH,Ramadan,24/05/2019,Faith Communities Council of Victoria,6 May -4 June 2019,http://www.faithvictoria.org.au/calendar
7d2f1fb2-0226-448f-bad9-b4e1582c06d1,MULTI_FAITH,Ashala Puja / Dharma Day,16/07/2019,Faith Communities Council of Victoria,,http://www.faithvictoria.org.au/calendar
f7efab6c-f2b1-48ec-852c-f29dec5fba4f,MULTI_FAITH,Ascension of Baha'ullah,29/05/2019,Faith Communities Council of Victoria,,http://www.faithvictoria.org.au/calendar
d668a2bc-a17e-4ef5-8b9c-903538e99448,MULTI_FAITH,Eid Al Adha,14/08/2019,Faith Communities Council of Victoria,12-15 August 2019,http://www.faithvictoria.org.au/calendar
15038189-042a-435a-b784-8d1834c58927,MULTI_FAITH,Hijra,31/08/2019,Faith Communities Council of Victoria,,http://www.faithvictoria.org.au/calendar
c13f7b84-14e8-48ac-a1f7-08045caf1e30,MULTI_FAITH,Navaratri,1/10/2019,Faith Communities Council of Victoria,29 September - 7 October 2019,http://www.faithvictoria.org.au/calendar
9b901808-c3bf-45af-a7cf-f595980848bb,MULTI_FAITH,Navaratri,3/10/2019,Faith Communities Council of Victoria,29 September - 7 October 2019,http://www.faithvictoria.org.au/calendar
f518fcc1-d716-4ec0-a7f3-fbdf6c363772,MULTI_FAITH,Eid Al Adha,13/08/2019,Faith Communities Council of Victoria,12-15 August 2019,http://www.faithvictoria.org.au/calendar
842c9187-c053-4027-bdd7-0db1ce169ec6,MULTI_FAITH,Sukkot,19/10/2019,Faith Communities Council of Victoria,14-20 October 2019,http://www.faithvictoria.org.au/calendar
efc2265f-be6d-48a3-918d-7b1c0ec00025,MULTI_FAITH,Birth of Baha'ullah,30/10/2019,Faith Communities Council of Victoria,,http://www.faithvictoria.org.au/calendar
c0699099-5f0d-4b20-9070-c085308e1b96,MULTI_FAITH,Hanukkah,23/12/2019,Faith Communities Council of Victoria,23-30 December 2019,http://www.faithvictoria.org.au/calendar
fcc295b9-32e7-4459-a180-9ff138c4299e,MULTI_FAITH,Advent,2/12/2019,Faith Communities Council of Victoria,1-24 Dec 2019,http://www.faithvictoria.org.au/calendar
ce281143-db3f-438e-80fb-48e99083dbde,MULTI_FAITH,Advent,21/12/2019,Faith Communities Council of Victoria,1-24 Dec 2019,http://www.faithvictoria.org.au/calendar
6f7b2984-f0a9-4a69-8d2f-0bca056ba92c,MULTI_FAITH,Advent,14/12/2019,Faith Communities Council of Victoria,1-24 Dec 2019,http://www.faithvictoria.org.au/calendar
8e6f52db-d17f-4e5e-aae5-9d7f1f2ee1ef,MULTI_FAITH,Advent,23/12/2019,Faith Communities Council of Victoria,1-24 Dec 2019,http://www.faithvictoria.org.au/calendar
b6724137-212f-482e-82c2-2e50431966bb,MULTI_FAITH,Birth of Guru Nanak Dev Sahib Ji,12/11/2019,Faith Communities Council of Victoria,,http://www.faithvictoria.org.au/calendar
cc5086c3-ce25-4408-8361-8d22f5052be9,MULTI_FAITH,Hanukkah,24/12/2019,Faith Communities Council of Victoria,23-30 December 2019,http://www.faithvictoria.org.au/calendar
f498689e-d594-4916-a069-681177f51c19,MULTI_FAITH,Hanukkah,25/12/2019,Faith Communities Council of Victoria,23-30 December 2019,http://www.faithvictoria.org.au/calendar
804be946-5fd0-4935-b445-1cc5180eb78d,MULTI_FAITH,Hanukkah,26/12/2019,Faith Communities Council of Victoria,23-30 December 2019,http://www.faithvictoria.org.au/calendar
1e1caa35-1af5-40ee-a941-8ec72b5cbdb4,MULTI_FAITH,Mahayana New Year,10/01/2020,Faith Communities Council of Victoria,10-12 January 2020,http://www.faithvictoria.org.au/calendar
007cd9be-f248-4218-95c5-64bb594af53c,MULTI_FAITH,Birthday of Guru Gobind Singh Ji,5/01/2020,Faith Communities Council of Victoria,,http://www.faithvictoria.org.au/calendar
e5f7a28b-22b5-4374-9f9b-1c87847fc6f8,MULTI_FAITH,Epiphany ,6/01/2020,Faith Communities Council of Victoria,,http://www.faithvictoria.org.au/calendar
1fc54dc7-8fda-4d1d-9430-c39aaf588b7d,MULTI_FAITH,Lent,7/03/2020,Faith Communities Council of Victoria,26 February - 9 April 2020,http://www.faithvictoria.org.au/calendar
0e005761-dca5-45f1-8c30-433b5eb1190e,MULTI_FAITH,Lent,9/03/2020,Faith Communities Council of Victoria,26 February - 9 April 2020,http://www.faithvictoria.org.au/calendar
380acd8c-4793-47d0-b768-565601cd7e55,MULTI_FAITH,Lent,18/03/2020,Faith Communities Council of Victoria,26 February - 9 April 2020,http://www.faithvictoria.org.au/calendar
db1bcebd-9688-4063-a96f-5c1fb3d6f3c5,MULTI_FAITH,Lent,20/03/2020,Faith Communities Council of Victoria,26 February - 9 April 2020,http://www.faithvictoria.org.au/calendar
9436f1bf-5025-48d0-ab0f-aa5a91fc1294,MULTI_FAITH,Great Lent (Orthodox),4/03/2020,Faith Communities Council of Victoria,2 March - 10 April 2020,http://www.faithvictoria.org.au/calendar
6e9f8ceb-93c2-4b51-b546-1d79fa04682f,MULTI_FAITH,Great Lent (Orthodox),7/03/2020,Faith Communities Council of Victoria,2 March - 10 April 2020,http://www.faithvictoria.org.au/calendar
2e3d8e33-0420-4f9a-bafe-56011076949e,MULTI_FAITH,Lent,2/04/2020,Faith Communities Council of Victoria,26 February - 9 April 2020,http://www.faithvictoria.org.au/calendar
7b958d28-3093-4fe6-af88-b530b4181a50,MULTI_FAITH,Lent,9/04/2020,Faith Communities Council of Victoria,26 February - 9 April 2020,http://www.faithvictoria.org.au/calendar
9712c3c2-06c9-4500-9a23-cce0453057e9,MULTI_FAITH,Lent,1/04/2020,Faith Communities Council of Victoria,26 February - 9 April 2020,http://www.faithvictoria.org.au/calendar
4b08f9dc-2b5e-474d-82a3-035e5bb0a656,MULTI_FAITH,Lent,7/04/2020,Faith Communities Council of Victoria,26 February - 9 April 2020,http://www.faithvictoria.org.au/calendar
678ab0ee-3187-4a68-8ebf-d8233a8a6c76,MULTI_FAITH,Chinese New Year,25/01/2020,Faith Communities Council of Victoria,,http://www.faithvictoria.org.au/calendar
fb628023-4f93-46f6-8747-2876f2215da6,MULTI_FAITH,Great Lent (Orthodox),28/03/2020,Faith Communities Council of Victoria,2 March - 10 April 2020,http://www.faithvictoria.org.au/calendar
ffb61d11-f0b1-4171-aedd-16c4fae83969,MULTI_FAITH,Great Lent (Orthodox),2/04/2020,Faith Communities Council of Victoria,2 March - 10 April 2020,http://www.faithvictoria.org.au/calendar
369b41b6-4701-44c6-afae-0bb661358c75,MULTI_FAITH,Great Lent (Orthodox),22/03/2020,Faith Communities Council of Victoria,2 March - 10 April 2020,http://www.faithvictoria.org.au/calendar
24bb6928-8267-4493-9ab9-bf97242a6aca,MULTI_FAITH,Great Lent (Orthodox),12/03/2020,Faith Communities Council of Victoria,2 March - 10 April 2020,http://www.faithvictoria.org.au/calendar
4890ec37-ab40-4a9c-a943-332672692815,MULTI_FAITH,Theravada New Year,9/04/2020,Faith Communities Council of Victoria,7-9 April 2020,http://www.faithvictoria.org.au/calendar
895132de-5347-4796-84c9-c8d8068e22eb,MULTI_FAITH,Holy Week,8/04/2020,Faith Communities Council of Victoria,5 - 12 April 2020,http://www.faithvictoria.org.au/calendar
4fb1209c-da5b-4068-a0db-142a627bddfe,MULTI_FAITH,Ridvan,20/04/2020,Faith Communities Council of Victoria,20 April - 1 May 2020,http://www.faithvictoria.org.au/calendar
e5dabbad-63e7-469e-ab0b-75642124e7c0,MULTI_FAITH,Pesach,12/04/2020,Faith Communities Council of Victoria,9-16 April 2020,http://www.faithvictoria.org.au/calendar
130a8ab6-2020-431c-86af-f522c37f1935,MULTI_FAITH,Holi,10/03/2020,Faith Communities Council of Victoria,,http://www.faithvictoria.org.au/calendar
312a33e6-28fc-445e-9327-fbbfc6e16849,MULTI_FAITH,Ramadan,28/04/2020,Faith Communities Council of Victoria,24 April - 23 May 2020,http://www.faithvictoria.org.au/calendar
91137f10-397c-471a-b65f-de67981197f9,MULTI_FAITH,Ridvan,1/05/2020,Faith Communities Council of Victoria,20 April - 1 May 2020,http://www.faithvictoria.org.au/calendar
becb9f2a-f7ee-4d6c-a903-590c7ebcc624,MULTI_FAITH,Ramadan,27/04/2020,Faith Communities Council of Victoria,24 April - 23 May 2020,http://www.faithvictoria.org.au/calendar
070242b7-0239-4caf-8fbe-6f8ab0ba416b,MULTI_FAITH,Ramadan,5/05/2020,Faith Communities Council of Victoria,24 April - 23 May 2020,http://www.faithvictoria.org.au/calendar
f8b0a015-859d-4b55-b786-e974558f3a37,MULTI_FAITH,Ramadan,9/05/2020,Faith Communities Council of Victoria,24 April - 23 May 2020,http://www.faithvictoria.org.au/calendar
db748b43-0667-4085-b0e1-06f926063e4a,MULTI_FAITH,Ramadan,23/05/2020,Faith Communities Council of Victoria,24 April - 23 May 2020,http://www.faithvictoria.org.au/calendar
8f030625-8e8d-4c70-a4e1-08b0e6c8cf97,MULTI_FAITH,Ridvan,30/04/2020,Faith Communities Council of Victoria,20 April - 1 May 2020,http://www.faithvictoria.org.au/calendar
7285951b-c3e5-4d28-9b3a-63a0ca83ff58,MULTI_FAITH,Ridvan,25/04/2020,Faith Communities Council of Victoria,20 April - 1 May 2020,http://www.faithvictoria.org.au/calendar
5d994709-3ea6-463e-a303-cbde6d876826,MULTI_FAITH,Shavuot,30/05/2020,Faith Communities Council of Victoria,29-30 May 2020,http://www.faithvictoria.org.au/calendar
f2ef794d-8b0a-4214-9cac-d328010b98f5,MULTI_FAITH,Advent,6/12/2020,Faith Communities Council of Victoria,29 November - 24 December 2020,http://www.faithvictoria.org.au/calendar
a6459ef7-db49-40d2-98ca-d3bcb1152b91,MULTI_FAITH,Eid Al Adha,3/08/2020,Faith Communities Council of Victoria,31 July - 3 August 2020,http://www.faithvictoria.org.au/calendar
df80a6e8-fc86-4559-97e7-5b42e4a69a34,MULTI_FAITH,Navaratri,19/10/2020,Faith Communities Council of Victoria,17-26 October 2020,http://www.faithvictoria.org.au/calendar
b8c2cb41-96ed-4359-ba76-4f869e22368c,MULTI_FAITH,Navaratri,25/10/2020,Faith Communities Council of Victoria,17-26 October 2020,http://www.faithvictoria.org.au/calendar
b90a95e0-8db0-4d62-8a48-f52a90fcb028,MULTI_FAITH,Sukkot,4/10/2020,Faith Communities Council of Victoria,3-9 October 2020,http://www.faithvictoria.org.au/calendar
4fc30feb-915d-4d91-9531-cce8e70d172d,MULTI_FAITH,Sukkot,8/10/2020,Faith Communities Council of Victoria,3-9 October 2020,http://www.faithvictoria.org.au/calendar
8c7e542f-0629-452a-8a43-74ff7cf5548d,MULTI_FAITH,Assumption of the Blessed Virgin Mary,15/08/2020,Faith Communities Council of Victoria,,http://www.faithvictoria.org.au/calendar
7d24bedf-088f-4cfa-b840-9ecdd87d9a06,MULTI_FAITH,Krishna Janmashtami,11/08/2020,Faith Communities Council of Victoria,,http://www.faithvictoria.org.au/calendar
de43d9cb-78f0-4d69-a177-0adf3149209d,MULTI_FAITH,Birth of Baha'ullah,19/10/2020,Faith Communities Council of Victoria,,http://www.faithvictoria.org.au/calendar
adf2f038-4ded-4192-a646-ba428852a914,MULTI_FAITH,Advent,16/12/2020,Faith Communities Council of Victoria,29 November - 24 December 2020,http://www.faithvictoria.org.au/calendar
a5e7fe3e-f8d8-47e9-9670-7b6282a708f1,MULTI_FAITH,Advent,17/12/2020,Faith Communities Council of Victoria,29 November - 24 December 2020,http://www.faithvictoria.org.au/calendar
941d0768-48a2-4aef-9350-c66278e988d4,MULTI_FAITH,Advent,21/12/2020,Faith Communities Council of Victoria,29 November - 24 December 2020,http://www.faithvictoria.org.au/calendar
64fa69db-5021-4b2f-8797-f4cea15e6bb0,MULTI_FAITH,Bodhi Day,8/12/2020,Faith Communities Council of Victoria,,http://www.faithvictoria.org.au/calendar
77694301-3350-4124-8938-2c88e8c33900,MULTI_FAITH,Hanukkah,13/12/2020,Faith Communities Council of Victoria,11 - 18 December 2020,http://www.faithvictoria.org.au/calendar
b4981e9c-b702-4d94-877f-0c206caead5d,MULTI_FAITH,Advent,11/12/2020,Faith Communities Council of Victoria,29 November - 24 December 2020,http://www.faithvictoria.org.au/calendar
618fe4f1-b857-43f2-b48f-d81f647529bb,MULTI_FAITH,Advent,15/12/2020,Faith Communities Council of Victoria,29 November - 24 December 2020,http://www.faithvictoria.org.au/calendar
fcd4dbe7-bb49-42a4-a563-729fd3dffea6,MULTI_FAITH,Advent,10/12/2020,Faith Communities Council of Victoria,29 November - 24 December 2020,http://www.faithvictoria.org.au/calendar
8852875e-4692-4ea4-86f4-faed541caf2f,MULTI_FAITH,Hanukkah,17/12/2020,Faith Communities Council of Victoria,11 - 18 December 2020,http://www.faithvictoria.org.au/calendar
51a9517e-b998-4a33-8d57-8bba230f28a0,MULTI_FAITH,Lent,13/03/2019,Faith Communities Council of Victoria,6 March 2019 - 18 April 2019,http://www.faithvictoria.org.au/calendar
cb85bb65-35f2-4173-bb12-c5200018d0d5,MULTI_FAITH,Great lent (Orthodox),15/03/2019,Faith Communities Council of Victoria,11 March 2019-19 April 2019,http://www.faithvictoria.org.au/calendar
e752a4b8-f902-4b9e-b49c-bfc45e4a6057,MULTI_FAITH,Lent,9/03/2019,Faith Communities Council of Victoria,6 March 2019 - 18 April 2019,http://www.faithvictoria.org.au/calendar
abb5a050-a5eb-4a93-b39e-11caab0c0c26,MULTI_FAITH,Lent,10/03/2019,Faith Communities Council of Victoria,6 March 2019 - 18 April 2019,http://www.faithvictoria.org.au/calendar
74be9b8d-7a57-49d0-893a-ac9d2b340ba4,MULTI_FAITH,Great lent (Orthodox),19/03/2019,Faith Communities Council of Victoria,11 March 2019-19 April 2019,http://www.faithvictoria.org.au/calendar
62f6f841-e73c-454f-a995-1a5c84652ac6,MULTI_FAITH,Mahayana New Year,22/01/2019,Faith Communities Council of Victoria,21-23 January 2019,http://www.faithvictoria.org.au/calendar
2efda1d2-fbcf-4425-983f-7b8982a59598,MULTI_FAITH,Tet Nam Moiaabs,5/02/2019,Faith Communities Council of Victoria,Updated annually,http://www.faithvictoria.org.au/calendar
ba87bdb5-8761-402c-884d-aeb779e2a352,MULTI_FAITH,Lent,7/03/2019,Faith Communities Council of Victoria,6 March 2019 - 18 April 2019,http://www.faithvictoria.org.au/calendar
fd3e90a2-a907-456f-98b6-be997fd3892b,MULTI_FAITH,Lent,11/03/2019,Faith Communities Council of Victoria,6 March 2019 - 18 April 2019,http://www.faithvictoria.org.au/calendar
4785dd62-1e26-4260-a497-78b3424b7725,MULTI_FAITH,Lent,25/03/2019,Faith Communities Council of Victoria,6 March 2019 - 18 April 2019,http://www.faithvictoria.org.au/calendar
1d24ce42-336d-4f0f-a8da-0356e968c7a4,MULTI_FAITH,Great lent (Orthodox),26/03/2019,Faith Communities Council of Victoria,11 March 2019-19 April 2019,http://www.faithvictoria.org.au/calendar
6a9afec8-b004-432a-a200-199c8f1a9b3d,MULTI_FAITH,Lent,22/03/2019,Faith Communities Council of Victoria,6 March 2019 - 18 April 2019,http://www.faithvictoria.org.au/calendar
45549dc6-6202-4889-b50e-31a8a9e3d409,MULTI_FAITH,Great lent (Orthodox),23/03/2019,Faith Communities Council of Victoria,11 March 2019-19 April 2019,http://www.faithvictoria.org.au/calendar
55e6de2e-73c2-4136-b0eb-5364902f7716,MULTI_FAITH,New Ruz,21/03/2019,Faith Communities Council of Victoria,,http://www.faithvictoria.org.au/calendar
5d3ae73f-5ce6-4200-a8c1-b09d334e63d5,MULTI_FAITH,Great lent (Orthodox),3/04/2019,Faith Communities Council of Victoria,11 March 2019-19 April 2019,http://www.faithvictoria.org.au/calendar
86058756-c10c-4697-a094-6cbb7c2f35a2,MULTI_FAITH,Lent,3/04/2019,Faith Communities Council of Victoria,6 March 2019 - 18 April 2019,http://www.faithvictoria.org.au/calendar
797a152c-f2cc-48c5-9bf4-46302bb34cd8,MULTI_FAITH,Great lent (Orthodox),2/04/2019,Faith Communities Council of Victoria,11 March 2019-19 April 2019,http://www.faithvictoria.org.au/calendar
22a5353a-f625-4f9b-ac27-cb4ce0f7a4b6,MULTI_FAITH,Great lent (Orthodox),31/03/2019,Faith Communities Council of Victoria,11 March 2019-19 April 2019,http://www.faithvictoria.org.au/calendar
e7df375d-8160-4364-9265-63193bd540c4,MULTI_FAITH,Great lent (Orthodox),24/03/2019,Faith Communities Council of Victoria,11 March 2019-19 April 2019,http://www.faithvictoria.org.au/calendar
98b1578d-cb7c-4d7c-9fc9-0bcdf486753a,MULTI_FAITH,Lent,7/04/2019,Faith Communities Council of Victoria,6 March 2019 - 18 April 2019,http://www.faithvictoria.org.au/calendar
570c3c0a-34ef-4af5-8058-92e4d0040c32,MULTI_FAITH,Lent,28/03/2019,Faith Communities Council of Victoria,6 March 2019 - 18 April 2019,http://www.faithvictoria.org.au/calendar
14f26c2e-f104-4b11-aafe-24ba42ca7d26,MULTI_FAITH,Ridvan,24/04/2019,Faith Communities Council of Victoria,21 April - 2 May 2019,http://www.faithvictoria.org.au/calendar
207feac3-ce4c-4fca-89e4-660525497c1f,MULTI_FAITH,Great lent (Orthodox),15/04/2019,Faith Communities Council of Victoria,11 March 2019-19 April 2019,http://www.faithvictoria.org.au/calendar
4ecc301b-9a71-4cca-876e-0b48798ce8ab,MULTI_FAITH,Lent,15/04/2019,Faith Communities Council of Victoria,6 March 2019 - 18 April 2019,http://www.faithvictoria.org.au/calendar
2434be24-6fc4-460c-b4f0-4730de3e4f26,MULTI_FAITH,Great lent (Orthodox),8/04/2019,Faith Communities Council of Victoria,11 March 2019-19 April 2019,http://www.faithvictoria.org.au/calendar
b248e2de-de15-43af-a850-a1bd941524a6,MULTI_FAITH,Great lent (Orthodox),9/04/2019,Faith Communities Council of Victoria,11 March 2019-19 April 2019,http://www.faithvictoria.org.au/calendar
92648b4f-29b9-47dc-8092-a0a3f165743a,MULTI_FAITH,Lent,12/04/2019,Faith Communities Council of Victoria,6 March 2019 - 18 April 2019,http://www.faithvictoria.org.au/calendar
91c04f6c-f3eb-43db-a64b-58651ae7881d,MULTI_FAITH,Lent,11/04/2019,Faith Communities Council of Victoria,6 March 2019 - 18 April 2019,http://www.faithvictoria.org.au/calendar
9d7c33ee-9e93-440a-8338-b6f69ad3db03,MULTI_FAITH,Pesach,24/04/2019,Faith Communities Council of Victoria,20-27 April 2019,http://www.faithvictoria.org.au/calendar
01897921-4c4e-4df4-9993-ebd551662ae5,MULTI_FAITH,Pesach,27/04/2019,Faith Communities Council of Victoria,20-27 April 2019,http://www.faithvictoria.org.au/calendar
5c43426f-df4c-4969-a20b-64d2f3227e69,MULTI_FAITH,Good/Holy Friday,19/04/2019,Faith Communities Council of Victoria,,http://www.faithvictoria.org.au/calendar
81c491a9-8c07-4554-b5c2-292ad184f786,MULTI_FAITH,Easter/Pascha [Orthodox],28/04/2019,Faith Communities Council of Victoria,,http://www.faithvictoria.org.au/calendar
f8aecf1f-1d37-49a4-a1e7-db09a3d6eb44,MULTI_FAITH,Ridvan,28/04/2019,Faith Communities Council of Victoria,21 April - 2 May 2019,http://www.faithvictoria.org.au/calendar
487fe846-3de5-4718-b067-b39a5d015c1c,MULTI_FAITH,Ridvan,29/04/2019,Faith Communities Council of Victoria,21 April - 2 May 2019,http://www.faithvictoria.org.au/calendar
e405021b-1a3d-4fdc-842e-97a9707e22e1,MULTI_FAITH,Ramadan,28/05/2019,Faith Communities Council of Victoria,6 May -4 June 2019,http://www.faithvictoria.org.au/calendar
76320d74-2998-4b52-bd0b-ac80245c0510,MULTI_FAITH,Ramadan,1/06/2019,Faith Communities Council of Victoria,6 May -4 June 2019,http://www.faithvictoria.org.au/calendar
5486b557-9c56-46e2-8fc6-f7f0efa7508f,MULTI_FAITH,Ramadan,19/05/2019,Faith Communities Council of Victoria,6 May -4 June 2019,http://www.faithvictoria.org.au/calendar
dbd5499b-86ec-4d72-9134-de46c68cfe1c,MULTI_FAITH,Ramadan,13/05/2019,Faith Communities Council of Victoria,6 May -4 June 2019,http://www.faithvictoria.org.au/calendar
33899ef7-5a10-4633-ab89-c04d89b19c13,MULTI_FAITH,Ramadan,22/05/2019,Faith Communities Council of Victoria,6 May -4 June 2019,http://www.faithvictoria.org.au/calendar
42940edb-53ee-457d-9e80-01f285130b3e,MULTI_FAITH,Ramadan,29/05/2019,Faith Communities Council of Victoria,6 May -4 June 2019,http://www.faithvictoria.org.au/calendar
fb350e80-25fb-4488-8b2b-d82590c3c206,MULTI_FAITH,Ridvan,30/04/2019,Faith Communities Council of Victoria,21 April - 2 May 2019,http://www.faithvictoria.org.au/calendar
51a4b216-84e6-428f-97bf-e60e6ee3f9e4,MULTI_FAITH,Ramadan,7/05/2019,Faith Communities Council of Victoria,6 May -4 June 2019,http://www.faithvictoria.org.au/calendar
2886c91f-748f-4540-9a8c-761a9baa01dd,MULTI_FAITH,Eid ul Fitr,6/06/2019,Faith Communities Council of Victoria,5-7 June 2019,http://www.faithvictoria.org.au/calendar
07f01319-5685-4c7d-8cd1-cb0f146d735d,MULTI_FAITH,Navaratri,29/09/2019,Faith Communities Council of Victoria,29 September - 7 October 2019,http://www.faithvictoria.org.au/calendar
20078030-fc98-4659-8563-465bf373b329,MULTI_FAITH,Navaratri,30/09/2019,Faith Communities Council of Victoria,29 September - 7 October 2019,http://www.faithvictoria.org.au/calendar
ac2e2d95-12fb-47d4-b1ae-a0196efc062b,MULTI_FAITH,Ramadan,3/06/2019,Faith Communities Council of Victoria,6 May -4 June 2019,http://www.faithvictoria.org.au/calendar
f1535d60-2b55-4ea6-8ac6-2d178d58d44a,MULTI_FAITH,Eid Al Adha,15/08/2019,Faith Communities Council of Victoria,12-15 August 2019,http://www.faithvictoria.org.au/calendar
6cbdbbe7-ff1a-4b7a-bbce-724ebceff596,MULTI_FAITH,Pentecost,9/06/2019,Faith Communities Council of Victoria,,http://www.faithvictoria.org.au/calendar
f63c5c4f-faca-424d-885c-c02c76103f1f,MULTI_FAITH,Dussehra,8/10/2019,Faith Communities Council of Victoria,,http://www.faithvictoria.org.au/calendar
54359518-7b93-4435-8131-08b578e2d1b7,MULTI_FAITH,Advent,11/12/2019,Faith Communities Council of Victoria,1-24 Dec 2019,http://www.faithvictoria.org.au/calendar
bd012889-0d80-4d4f-89a5-227f991ea3e3,MULTI_FAITH,Advent,15/12/2019,Faith Communities Council of Victoria,1-24 Dec 2019,http://www.faithvictoria.org.au/calendar
d1b4a252-c5f8-40d3-b305-b9fdc8a9d203,MULTI_FAITH,Bandi Chhor Divas (Diwali),27/10/2019,Faith Communities Council of Victoria,,http://www.faithvictoria.org.au/calendar
cf6bbac7-2cb0-4a7d-a2c4-386c703ad1bf,MULTI_FAITH,Birth of Bab,29/10/2019,Faith Communities Council of Victoria,,http://www.faithvictoria.org.au/calendar
52130132-cda8-4cb9-a7f5-802af4b4ff8c,MULTI_FAITH,Advent,1/12/2019,Faith Communities Council of Victoria,1-24 Dec 2019,http://www.faithvictoria.org.au/calendar
544ceef6-754d-4ce5-86b2-491dec1e8e19,MULTI_FAITH,Yom Kippur,9/10/2019,Faith Communities Council of Victoria,,http://www.faithvictoria.org.au/calendar
0a7fd3b7-b9f3-46df-b586-49fdd0019782,MULTI_FAITH,Mahayana New Year,12/01/2020,Faith Communities Council of Victoria,10-12 January 2020,http://www.faithvictoria.org.au/calendar
7d85c996-e455-4164-be24-4e1c55920058,MULTI_FAITH,Magha Puja Day / Sangha Day,9/02/2020,Faith Communities Council of Victoria,,http://www.faithvictoria.org.au/calendar
c71a9ff3-ba41-4fe0-9d61-67b117a4f6cf,MULTI_FAITH,Nirvana Day,15/02/2020,Faith Communities Council of Victoria,,http://www.faithvictoria.org.au/calendar
6649e666-5c97-452c-bafd-487717be9084,MULTI_FAITH,Lent,8/04/2020,Faith Communities Council of Victoria,26 February - 9 April 2020,http://www.faithvictoria.org.au/calendar
11553a81-365f-4329-8749-fff6445c3c4c,MULTI_FAITH,Great Lent (Orthodox),6/03/2020,Faith Communities Council of Victoria,2 March - 10 April 2020,http://www.faithvictoria.org.au/calendar
8515024f-cbee-446d-8b6a-aa3dacf333e8,MULTI_FAITH,Great Lent (Orthodox),16/03/2020,Faith Communities Council of Victoria,2 March - 10 April 2020,http://www.faithvictoria.org.au/calendar
0882bed6-d333-4943-a8e7-1d5065914234,MULTI_FAITH,Great Lent (Orthodox),18/03/2020,Faith Communities Council of Victoria,2 March - 10 April 2020,http://www.faithvictoria.org.au/calendar
e2e89304-b073-4ca7-a16e-0130071d0b22,MULTI_FAITH,Lent,4/03/2020,Faith Communities Council of Victoria,26 February - 9 April 2020,http://www.faithvictoria.org.au/calendar
70cac0d3-fede-41f1-83f7-19121139e37c,MULTI_FAITH,Lent,8/03/2020,Faith Communities Council of Victoria,26 February - 9 April 2020,http://www.faithvictoria.org.au/calendar
d69df4dc-d276-4691-955b-0e6d8813a946,MULTI_FAITH,Lent,12/03/2020,Faith Communities Council of Victoria,26 February - 9 April 2020,http://www.faithvictoria.org.au/calendar
876749c2-217c-4c2f-b378-83adadb2de34,MULTI_FAITH,Lent,14/03/2020,Faith Communities Council of Victoria,26 February - 9 April 2020,http://www.faithvictoria.org.au/calendar
8bbe95fd-39ac-49ae-8d21-8862b63595f7,MULTI_FAITH,Lent,26/03/2020,Faith Communities Council of Victoria,26 February - 9 April 2020,http://www.faithvictoria.org.au/calendar
f0de3cde-69a2-49e7-99ad-53beb84125c2,MULTI_FAITH,Lent,27/02/2020,Faith Communities Council of Victoria,26 February - 9 April 2020,http://www.faithvictoria.org.au/calendar
84bcaedc-89e3-4d7a-a4dc-7619a99bb92c,MULTI_FAITH,Lent,4/04/2020,Faith Communities Council of Victoria,26 February - 9 April 2020,http://www.faithvictoria.org.au/calendar
0b92c271-5ce1-4d32-8c6d-c30c786de323,MULTI_FAITH,Lent,16/03/2020,Faith Communities Council of Victoria,26 February - 9 April 2020,http://www.faithvictoria.org.au/calendar
36aa07f3-e7a2-4ff8-84ca-4779a1a37173,MULTI_FAITH,Lent,22/03/2020,Faith Communities Council of Victoria,26 February - 9 April 2020,http://www.faithvictoria.org.au/calendar
642ecc3d-87b7-4bb9-b0e2-ffef30851d1e,MULTI_FAITH,Baisakhi,13/04/2020,Faith Communities Council of Victoria,,http://www.faithvictoria.org.au/calendar
6303f55c-9a37-49a2-8b37-1bfa6b787c03,MULTI_FAITH,Ridvan,22/04/2020,Faith Communities Council of Victoria,20 April - 1 May 2020,http://www.faithvictoria.org.au/calendar
bad857bc-9738-4773-8782-b3e1a8fc47df,MULTI_FAITH,Great Lent (Orthodox),5/04/2020,Faith Communities Council of Victoria,2 March - 10 April 2020,http://www.faithvictoria.org.au/calendar
2981ecb1-b8a1-42cd-89d0-a245293e41d1,MULTI_FAITH,Great Lent (Orthodox),26/03/2020,Faith Communities Council of Victoria,2 March - 10 April 2020,http://www.faithvictoria.org.au/calendar
c2c15e76-87d6-41bf-9350-f32401c5a5c5,MULTI_FAITH,Theravada New Year,8/04/2020,Faith Communities Council of Victoria,7-9 April 2020,http://www.faithvictoria.org.au/calendar
ddf37c70-bc92-4607-a8c3-caff3c4d629f,MULTI_FAITH,Ramadan,29/04/2020,Faith Communities Council of Victoria,24 April - 23 May 2020,http://www.faithvictoria.org.au/calendar
648fd789-eff1-42eb-82f7-549a0eec0c35,MULTI_FAITH,Ramadan,6/05/2020,Faith Communities Council of Victoria,24 April - 23 May 2020,http://www.faithvictoria.org.au/calendar
dfb30b83-a3de-444c-b83f-c596580418ac,MULTI_FAITH,Ridvan,26/04/2020,Faith Communities Council of Victoria,20 April - 1 May 2020,http://www.faithvictoria.org.au/calendar
a8cc3afe-b3c3-48e9-ba6a-d4efc2380935,MULTI_FAITH,Holy Week,12/04/2020,Faith Communities Council of Victoria,5 - 12 April 2020,http://www.faithvictoria.org.au/calendar
a68c1480-a989-4a34-8e8f-b035413ba27a,MULTI_FAITH,Pesach,15/04/2020,Faith Communities Council of Victoria,9-16 April 2020,http://www.faithvictoria.org.au/calendar
25ac0aea-2405-48db-8676-1a0087f485ba,MULTI_FAITH,Tisha B'Av,30/07/2020,Faith Communities Council of Victoria,,http://www.faithvictoria.org.au/calendar
5b99b2b8-b67a-4573-a48d-3a31b62e8a3c,MULTI_FAITH,Eid Al Adha,2/08/2020,Faith Communities Council of Victoria,31 July - 3 August 2020,http://www.faithvictoria.org.au/calendar
6e663b60-7c67-46d2-9a7c-92720ca061a8,MULTI_FAITH,Simchat Torah,11/10/2020,Faith Communities Council of Victoria,,http://www.faithvictoria.org.au/calendar
75a5b54c-b2dc-4552-8e40-14a8594d7db2,MULTI_FAITH,Navaratri,17/10/2020,Faith Communities Council of Victoria,17-26 October 2020,http://www.faithvictoria.org.au/calendar
ceece95d-8625-4af5-8cc1-d7d5e43ff44d,MULTI_FAITH,Hijra,20/08/2020,Faith Communities Council of Victoria,,http://www.faithvictoria.org.au/calendar
c7d32504-b942-4cbf-a426-5900c55d2932,MULTI_FAITH,Sukkot,3/10/2020,Faith Communities Council of Victoria,3-9 October 2020,http://www.faithvictoria.org.au/calendar
b18b43fe-e0ed-4951-9db6-243f835512f0,MULTI_FAITH,Pentecost,31/05/2020,Faith Communities Council of Victoria,,http://www.faithvictoria.org.au/calendar
fa0518b3-7874-41f9-8fd9-d16bf496e2a7,MULTI_FAITH,Martyrdom of Guru Arjun Dev Ji,16/06/2020,Faith Communities Council of Victoria,,http://www.faithvictoria.org.au/calendar
4f37bb25-d8c3-4b3a-983f-2b5c2231a534,MULTI_FAITH,Ramadan,14/05/2020,Faith Communities Council of Victoria,24 April - 23 May 2020,http://www.faithvictoria.org.au/calendar
aa373a01-08e6-4fec-bf3e-55d0afc354c2,MULTI_FAITH,Ramadan,19/05/2020,Faith Communities Council of Victoria,24 April - 23 May 2020,http://www.faithvictoria.org.au/calendar
11855438-d077-49d0-983e-b65ef6b1a9b8,MULTI_FAITH,Ramadan,13/05/2020,Faith Communities Council of Victoria,24 April - 23 May 2020,http://www.faithvictoria.org.au/calendar
04bd581f-4ee2-447a-ad81-d5deaa9ada8a,MULTI_FAITH,Declaration of the Bab,23/05/2020,Faith Communities Council of Victoria,,http://www.faithvictoria.org.au/calendar
7be7e4a5-a5ea-4fd1-9ceb-8f9a0c57392f,MULTI_FAITH,Vesak / Buddha Day,7/05/2020,Faith Communities Council of Victoria,,http://www.faithvictoria.org.au/calendar
0f8c550c-bb78-4a87-b75d-19a9c21e9354,MULTI_FAITH,Advent,3/12/2020,Faith Communities Council of Victoria,29 November - 24 December 2020,http://www.faithvictoria.org.au/calendar
f3d5a14e-15d6-4007-9671-7bce943e89e6,MULTI_FAITH,Advent,5/12/2020,Faith Communities Council of Victoria,29 November - 24 December 2020,http://www.faithvictoria.org.au/calendar
8d21ef68-8f06-49df-be69-68da41fb0e07,MULTI_FAITH,Navaratri,22/10/2020,Faith Communities Council of Victoria,17-26 October 2020,http://www.faithvictoria.org.au/calendar
a3965a48-f0f6-4a19-ab27-eacbe9fa37e5,MULTI_FAITH,Navaratri,23/10/2020,Faith Communities Council of Victoria,17-26 October 2020,http://www.faithvictoria.org.au/calendar
f2f75328-7c51-449c-a013-3c15db4fa9cb,MULTI_FAITH,Dussehra,25/10/2020,Faith Communities Council of Victoria,,http://www.faithvictoria.org.au/calendar
0a896a18-f93a-4765-8d2b-75fe57707766,MULTI_FAITH,All Saints Day,1/11/2020,Faith Communities Council of Victoria,,http://www.faithvictoria.org.au/calendar
d420ab67-4c7c-4f32-91ad-417b7054b041,MULTI_FAITH,Advent,29/11/2020,Faith Communities Council of Victoria,29 November - 24 December 2020,http://www.faithvictoria.org.au/calendar
4a3beb43-da6b-40a7-8a1a-8715a98a75d5,MULTI_FAITH,Advent,14/12/2020,Faith Communities Council of Victoria,29 November - 24 December 2020,http://www.faithvictoria.org.au/calendar
902c2398-cd4c-4a36-aede-18cd478bb9b4,MULTI_FAITH,Advent,13/12/2020,Faith Communities Council of Victoria,29 November - 24 December 2020,http://www.faithvictoria.org.au/calendar
a5ce59ae-0559-47a3-afcf-6a0b0678a563,MULTI_FAITH,Advent,2/12/2020,Faith Communities Council of Victoria,29 November - 24 December 2020,http://www.faithvictoria.org.au/calendar
df119ed6-9846-4df3-bdde-356732f1b436,MULTI_FAITH,Navaratri,20/10/2020,Faith Communities Council of Victoria,17-26 October 2020,http://www.faithvictoria.org.au/calendar
3c92001a-1626-477a-85b3-b2302fef408e,MULTI_FAITH,Advent,7/12/2020,Faith Communities Council of Victoria,29 November - 24 December 2020,http://www.faithvictoria.org.au/calendar
35340ce0-b4fc-4054-9a4c-5a51f7e9de90,MULTI_FAITH,Advent,22/12/2020,Faith Communities Council of Victoria,29 November - 24 December 2020,http://www.faithvictoria.org.au/calendar
d8a5228c-3400-4c35-b29e-c229a755bbff,MULTI_FAITH,Hanukkah,16/12/2020,Faith Communities Council of Victoria,11 - 18 December 2020,http://www.faithvictoria.org.au/calendar
9915ea88-4a17-4f09-b45e-4dd30bbdbe88,MULTI_FAITH,Lent,26/03/2019,Faith Communities Council of Victoria,6 March 2019 - 18 April 2019,http://www.faithvictoria.org.au/calendar
a055a14f-a582-4b53-a79a-854aa280a5fa,MULTI_FAITH,Great lent (Orthodox),27/03/2019,Faith Communities Council of Victoria,11 March 2019-19 April 2019,http://www.faithvictoria.org.au/calendar
f7edc828-1648-46d3-b668-bc040df85968,MULTI_FAITH,Great lent (Orthodox),22/03/2019,Faith Communities Council of Victoria,11 March 2019-19 April 2019,http://www.faithvictoria.org.au/calendar
75995cbc-6f4c-47f5-8990-1ab27efcea60,MULTI_FAITH,Lent,23/03/2019,Faith Communities Council of Victoria,6 March 2019 - 18 April 2019,http://www.faithvictoria.org.au/calendar
6e2b6bbf-390c-4144-ae13-3ee385a7831e,MULTI_FAITH,Great lent (Orthodox),29/03/2019,Faith Communities Council of Victoria,11 March 2019-19 April 2019,http://www.faithvictoria.org.au/calendar
906015af-fbcb-4b88-8dc4-1c755f3de0fd,MULTI_FAITH,Lent,29/03/2019,Faith Communities Council of Victoria,6 March 2019 - 18 April 2019,http://www.faithvictoria.org.au/calendar
11e17e22-52e4-4e7f-bde8-8ee22123265d,MULTI_FAITH,Great lent (Orthodox),12/03/2019,Faith Communities Council of Victoria,11 March 2019-19 April 2019,http://www.faithvictoria.org.au/calendar
15a86dbe-4bde-473e-a9b6-fc6fd7f74341,MULTI_FAITH,Lent,24/03/2019,Faith Communities Council of Victoria,6 March 2019 - 18 April 2019,http://www.faithvictoria.org.au/calendar
bce68e2f-c921-4561-8478-d347f3f16400,MULTI_FAITH,Nativity (Orthodox),7/01/2019,Faith Communities Council of Victoria,,http://www.faithvictoria.org.au/calendar
dce6f765-8c2f-41e7-8558-dd1e410c89c2,MULTI_FAITH,Hola Mohalla,21/03/2019,Faith Communities Council of Victoria,,http://www.faithvictoria.org.au/calendar
446782a7-116e-4ab5-bb9a-07e42f92e09c,MULTI_FAITH,Holi,21/03/2019,Faith Communities Council of Victoria,,http://www.faithvictoria.org.au/calendar
5749c259-22bf-407c-ba52-675f9ad4f4bd,MULTI_FAITH,Great lent (Orthodox),6/04/2019,Faith Communities Council of Victoria,11 March 2019-19 April 2019,http://www.faithvictoria.org.au/calendar
f9afc94e-4aa2-4896-91a9-56518a6e7650,MULTI_FAITH,Lailat al Miraj,3/04/2019,Faith Communities Council of Victoria,,http://www.faithvictoria.org.au/calendar
05706442-dc46-4980-9683-94339584f6b0,MULTI_FAITH,Great lent (Orthodox),4/04/2019,Faith Communities Council of Victoria,11 March 2019-19 April 2019,http://www.faithvictoria.org.au/calendar
c2faebcb-34d2-4929-be02-7120eea4a55b,MULTI_FAITH,Great lent (Orthodox),11/04/2019,Faith Communities Council of Victoria,11 March 2019-19 April 2019,http://www.faithvictoria.org.au/calendar
dc717cf8-73e8-4a9a-82c3-d0a40209e43e,MULTI_FAITH,Lent,10/04/2019,Faith Communities Council of Victoria,6 March 2019 - 18 April 2019,http://www.faithvictoria.org.au/calendar
78f6bc01-2197-431f-935f-c47af203fe15,MULTI_FAITH,Lent,2/04/2019,Faith Communities Council of Victoria,6 March 2019 - 18 April 2019,http://www.faithvictoria.org.au/calendar
e5147d9b-7b6b-4b4f-a6b7-721cc9701cc5,MULTI_FAITH,Lent,31/03/2019,Faith Communities Council of Victoria,6 March 2019 - 18 April 2019,http://www.faithvictoria.org.au/calendar
71f1c036-e847-466f-a1c6-2374ee0c3d8d,MULTI_FAITH,Holy Week,18/04/2019,Faith Communities Council of Victoria,14-20 April 2019,http://www.faithvictoria.org.au/calendar
375cad26-5a34-4a44-81a1-f7e547cc6ba5,MULTI_FAITH,Rama Navami,14/04/2019,Faith Communities Council of Victoria,,http://www.faithvictoria.org.au/calendar
3f1b0f28-7137-4faf-bf2a-f20cf94ac712,MULTI_FAITH,Baisakhi,14/04/2019,Faith Communities Council of Victoria,,http://www.faithvictoria.org.au/calendar
eeab031f-a3ce-4809-b38f-d359aab8c386,MULTI_FAITH,Theravada New Year,19/04/2019,Faith Communities Council of Victoria,19-21 April 2019,http://www.faithvictoria.org.au/calendar
cbbdabae-92fb-4a96-956a-5a3357e63e79,MULTI_FAITH,Holy Week,20/04/2019,Faith Communities Council of Victoria,14-20 April 2019,http://www.faithvictoria.org.au/calendar
0d60643b-50c5-4ca4-bf49-4461e63714b5,MULTI_FAITH,Lailat al Bara'ah,21/04/2019,Faith Communities Council of Victoria,,http://www.faithvictoria.org.au/calendar
05821aa8-ab83-474c-b932-3cfc5cbe8acb,MULTI_FAITH,Pesach,21/04/2019,Faith Communities Council of Victoria,20-27 April 2019,http://www.faithvictoria.org.au/calendar
70c81b16-197e-4b64-9c00-d39e50d1a178,MULTI_FAITH,Theravada New Year,21/04/2019,Faith Communities Council of Victoria,19-21 April 2019,http://www.faithvictoria.org.au/calendar
e7c31ec2-9759-43b2-a3d9-a08d1d444964,MULTI_FAITH,Ridvan,2/05/2019,Faith Communities Council of Victoria,21 April - 2 May 2019,http://www.faithvictoria.org.au/calendar
c6151860-9fd3-430b-94dc-d8f3154c300a,MULTI_FAITH,Ridvan,27/04/2019,Faith Communities Council of Victoria,21 April - 2 May 2019,http://www.faithvictoria.org.au/calendar
1c1b61c5-686a-41ae-af75-2311e93f06b1,MULTI_FAITH,Pesach,22/04/2019,Faith Communities Council of Victoria,20-27 April 2019,http://www.faithvictoria.org.au/calendar
1f4448e3-edf9-449b-bf52-1d3ca2b95fc6,MULTI_FAITH,Pesach,25/04/2019,Faith Communities Council of Victoria,20-27 April 2019,http://www.faithvictoria.org.au/calendar
4f06e834-4899-4706-aad9-9ac8fb04dd1c,MULTI_FAITH,Ramadan,6/05/2019,Faith Communities Council of Victoria,6 May -4 June 2019,http://www.faithvictoria.org.au/calendar
eda5ac2d-657e-46c6-98b8-109f4c646a57,MULTI_FAITH,Assumption of the Blessed Virgin Mary,15/08/2019,Faith Communities Council of Victoria,,http://www.faithvictoria.org.au/calendar
67bf454e-176e-4308-ad57-b9e340ac69ae,MULTI_FAITH,Lailat al Qadr,1/06/2019,Faith Communities Council of Victoria,,http://www.faithvictoria.org.au/calendar
cafa5680-944b-4018-abfa-d53916f845ba,MULTI_FAITH,Ramadan,4/06/2019,Faith Communities Council of Victoria,6 May -4 June 2019,http://www.faithvictoria.org.au/calendar
9e6f0be1-277a-4517-9f77-96423e948b2e,MULTI_FAITH,Ramadan,23/05/2019,Faith Communities Council of Victoria,6 May -4 June 2019,http://www.faithvictoria.org.au/calendar
332cbe39-a5b6-4ba6-917c-28261526d704,MULTI_FAITH,Ramadan,25/05/2019,Faith Communities Council of Victoria,6 May -4 June 2019,http://www.faithvictoria.org.au/calendar
2bbae367-307c-46bb-b906-a04e95088f6f,MULTI_FAITH,Eid Al Adha,12/08/2019,Faith Communities Council of Victoria,12-15 August 2019,http://www.faithvictoria.org.au/calendar
566c2809-2794-41ec-9ac8-b193a68b8a84,MULTI_FAITH,Shavuot,10/06/2019,Faith Communities Council of Victoria,9-10 June 2019,http://www.faithvictoria.org.au/calendar
3fccce64-c64e-430b-b96d-dde913654a44,MULTI_FAITH,Ramadan,9/05/2019,Faith Communities Council of Victoria,6 May -4 June 2019,http://www.faithvictoria.org.au/calendar
9ce818d2-b01b-4f8b-bf9e-6a85903dfc73,MULTI_FAITH,Shavuot,9/06/2019,Faith Communities Council of Victoria,9-10 June 2019,http://www.faithvictoria.org.au/calendar
f3678789-130c-4c2d-aa18-32267274e9d9,MULTI_FAITH,Vesak / Buddha Day,19/05/2019,Faith Communities Council of Victoria,,http://www.faithvictoria.org.au/calendar
743c2b6d-3637-40c1-999d-239ea3b2fe2b,MULTI_FAITH,Sukkot,15/10/2019,Faith Communities Council of Victoria,14-20 October 2019,http://www.faithvictoria.org.au/calendar
f468c6b9-a26b-4164-bb40-9d8328b7769b,MULTI_FAITH,Sukkot,16/10/2019,Faith Communities Council of Victoria,14-20 October 2019,http://www.faithvictoria.org.au/calendar
0a0ecfa8-cc0e-48da-bef9-27459e083bd8,MULTI_FAITH,Sukkot,17/10/2019,Faith Communities Council of Victoria,14-20 October 2019,http://www.faithvictoria.org.au/calendar
d4366f5b-9401-4724-ac9e-6ec41c76414c,MULTI_FAITH,Conferment of Guruship to Guru Granth Sahib,20/10/2019,Faith Communities Council of Victoria,,http://www.faithvictoria.org.au/calendar
1cfb660d-d849-4437-8fd1-9699f74e3c51,MULTI_FAITH,Diwali,27/10/2019,Faith Communities Council of Victoria,,http://www.faithvictoria.org.au/calendar
e17fbb00-ee32-441f-8eb0-bc12016f8a3b,MULTI_FAITH,Navaratri,4/10/2019,Faith Communities Council of Victoria,29 September - 7 October 2019,http://www.faithvictoria.org.au/calendar
17814242-1963-490d-b2d1-12079ec7d964,MULTI_FAITH,Navaratri,6/10/2019,Faith Communities Council of Victoria,29 September - 7 October 2019,http://www.faithvictoria.org.au/calendar
ab81fe03-bf33-469d-be32-b7c15245ea79,MULTI_FAITH,Martyrdom of Guru Tegh Bahadur Ji,24/11/2019,Faith Communities Council of Victoria,,http://www.faithvictoria.org.au/calendar
3e2c419a-c5f6-4177-aa79-91d11a83befd,MULTI_FAITH,Bodhi,8/12/2019,Faith Communities Council of Victoria,,http://www.faithvictoria.org.au/calendar
cfd58dc4-06bb-4e16-9932-2d2266e0d1dd,MULTI_FAITH,Hanukkah,28/12/2019,Faith Communities Council of Victoria,23-30 December 2019,http://www.faithvictoria.org.au/calendar
ebc02012-0da4-4950-b562-a697f2039510,MULTI_FAITH,Hanukkah,30/12/2019,Faith Communities Council of Victoria,23-30 December 2019,http://www.faithvictoria.org.au/calendar
43ecadd6-3ac5-495a-b085-b13dd0ff5a83,MULTI_FAITH,Advent,10/12/2019,Faith Communities Council of Victoria,1-24 Dec 2019,http://www.faithvictoria.org.au/calendar
5aba34c5-b2a2-4a84-8f92-03c5e46a2192,MULTI_FAITH,Advent,19/12/2019,Faith Communities Council of Victoria,1-24 Dec 2019,http://www.faithvictoria.org.au/calendar
a388825b-1d4b-407e-8271-5f4856f0ac91,MULTI_FAITH,Advent,9/12/2019,Faith Communities Council of Victoria,1-24 Dec 2019,http://www.faithvictoria.org.au/calendar
927ab9ca-d720-44eb-8e3d-ddf84a87daf0,MULTI_FAITH,Christmas,25/12/2019,Faith Communities Council of Victoria,,http://www.faithvictoria.org.au/calendar
d823990e-b3f6-4af9-aaa9-17505819e863,MULTI_FAITH,Lent,28/02/2020,Faith Communities Council of Victoria,26 February - 9 April 2020,http://www.faithvictoria.org.au/calendar
f785dc58-c0db-4583-9df6-ac2288ae5ed0,MULTI_FAITH,Lent,1/03/2020,Faith Communities Council of Victoria,26 February - 9 April 2020,http://www.faithvictoria.org.au/calendar
9786bbd5-31d1-4e34-a65f-b5587d64dd08,MULTI_FAITH,Lent,31/03/2020,Faith Communities Council of Victoria,26 February - 9 April 2020,http://www.faithvictoria.org.au/calendar
1ae938cd-e408-4424-b272-a824b95c8b9e,MULTI_FAITH,Lent,11/03/2020,Faith Communities Council of Victoria,26 February - 9 April 2020,http://www.faithvictoria.org.au/calendar
752c1e7c-752b-4a34-bd80-797a09d0deaa,MULTI_FAITH,Lent,21/03/2020,Faith Communities Council of Victoria,26 February - 9 April 2020,http://www.faithvictoria.org.au/calendar
7f668b43-8ed0-43bf-8b38-f8973ab85a79,MULTI_FAITH,Lent,17/03/2020,Faith Communities Council of Victoria,26 February - 9 April 2020,http://www.faithvictoria.org.au/calendar
2ab6a00a-468a-42b0-aaf6-4dea0b27bc68,MULTI_FAITH,Lent,27/03/2020,Faith Communities Council of Victoria,26 February - 9 April 2020,http://www.faithvictoria.org.au/calendar
d0ffac41-284a-4855-be52-6e3ea1fd30b1,MULTI_FAITH,Lent,6/03/2020,Faith Communities Council of Victoria,26 February - 9 April 2020,http://www.faithvictoria.org.au/calendar
96e3a065-8605-4c08-9f19-fce74129ad63,MULTI_FAITH,Nativity (Orthodox),7/01/2020,Faith Communities Council of Victoria,,http://www.faithvictoria.org.au/calendar
847c8e71-964f-4a24-8d07-1fae6ed28471,MULTI_FAITH,Great Lent (Orthodox),9/04/2020,Faith Communities Council of Victoria,2 March - 10 April 2020,http://www.faithvictoria.org.au/calendar
6183dcba-49b8-4d8c-a556-49816c64f40b,MULTI_FAITH,Great Lent (Orthodox),10/04/2020,Faith Communities Council of Victoria,2 March - 10 April 2020,http://www.faithvictoria.org.au/calendar
00db19c7-8126-4b2e-b5d3-899780267d0c,MULTI_FAITH,Great Lent (Orthodox),21/03/2020,Faith Communities Council of Victoria,2 March - 10 April 2020,http://www.faithvictoria.org.au/calendar
7bfcdb33-f987-460b-b39b-e3a31bcc1860,MULTI_FAITH,Great Lent (Orthodox),23/03/2020,Faith Communities Council of Victoria,2 March - 10 April 2020,http://www.faithvictoria.org.au/calendar
59ba7d8b-a8f0-494e-be03-a57f84639654,MULTI_FAITH,Great Lent (Orthodox),30/03/2020,Faith Communities Council of Victoria,2 March - 10 April 2020,http://www.faithvictoria.org.au/calendar
cb86aa09-e324-4794-b968-b61eb2857d0f,MULTI_FAITH,Great Lent (Orthodox),31/03/2020,Faith Communities Council of Victoria,2 March - 10 April 2020,http://www.faithvictoria.org.au/calendar
3e0294f5-f4ff-4a0f-8255-987129110f22,MULTI_FAITH,Great Lent (Orthodox),1/04/2020,Faith Communities Council of Victoria,2 March - 10 April 2020,http://www.faithvictoria.org.au/calendar
2958a41c-116a-4a80-8685-0edc3806500b,MULTI_FAITH,Great Lent (Orthodox),3/04/2020,Faith Communities Council of Victoria,2 March - 10 April 2020,http://www.faithvictoria.org.au/calendar
a3dce5dc-5844-43de-8194-d14e18c8a3c1,MULTI_FAITH,Great Lent (Orthodox),2/03/2020,Faith Communities Council of Victoria,2 March - 10 April 2020,http://www.faithvictoria.org.au/calendar
661f13e9-b7ef-4c0a-8c77-5a9a870e31a7,MULTI_FAITH,Great Lent (Orthodox),8/04/2020,Faith Communities Council of Victoria,2 March - 10 April 2020,http://www.faithvictoria.org.au/calendar
3c25b1ef-c0d0-4529-92f0-efd928c3dd7a,MULTI_FAITH,Great Lent (Orthodox),15/03/2020,Faith Communities Council of Victoria,2 March - 10 April 2020,http://www.faithvictoria.org.au/calendar
6971a559-ae71-4e09-ba29-cef8ed565ee9,MULTI_FAITH,Holy Week,11/04/2020,Faith Communities Council of Victoria,5 - 12 April 2020,http://www.faithvictoria.org.au/calendar
25c2318e-2427-43df-ac12-cf93d72def97,MULTI_FAITH,Hola Mohalla,10/03/2020,Faith Communities Council of Victoria,,http://www.faithvictoria.org.au/calendar
9b753da4-cf1a-4b7d-8e24-4323f520fd0a,MULTI_FAITH,Ramadan,1/05/2020,Faith Communities Council of Victoria,24 April - 23 May 2020,http://www.faithvictoria.org.au/calendar
44bbe0ce-b97e-4f58-abfe-b36e57a72a5b,MULTI_FAITH,Ramadan,2/05/2020,Faith Communities Council of Victoria,24 April - 23 May 2020,http://www.faithvictoria.org.au/calendar
7202063c-f204-4d77-82ea-64126d796720,MULTI_FAITH,Ramadan,3/05/2020,Faith Communities Council of Victoria,24 April - 23 May 2020,http://www.faithvictoria.org.au/calendar
6ae23614-458e-44d9-8a19-9e963a17ef81,MULTI_FAITH,Ramadan,4/05/2020,Faith Communities Council of Victoria,24 April - 23 May 2020,http://www.faithvictoria.org.au/calendar
92751aff-30e0-43a9-ba44-1354cda551b0,MULTI_FAITH,Yom HaShoah,21/04/2020,Faith Communities Council of Victoria,,http://www.faithvictoria.org.au/calendar
7b538f60-4163-4733-9032-0ce6e42be9cd,MULTI_FAITH,Ramadan,26/04/2020,Faith Communities Council of Victoria,24 April - 23 May 2020,http://www.faithvictoria.org.au/calendar
8bf19899-efa0-4968-8b89-6f3db97753c3,MULTI_FAITH,Ramadan,30/04/2020,Faith Communities Council of Victoria,24 April - 23 May 2020,http://www.faithvictoria.org.au/calendar
ba34559a-07b6-4cc7-a7d3-501868003ce8,MULTI_FAITH,Pesach,9/04/2020,Faith Communities Council of Victoria,9-16 April 2020,http://www.faithvictoria.org.au/calendar
19217137-5aac-4056-9396-b802451081b3,MULTI_FAITH,Pesach,10/04/2020,Faith Communities Council of Victoria,9-16 April 2020,http://www.faithvictoria.org.au/calendar
2aacc1cb-0fda-423d-bac2-e35f4c40fe1c,MULTI_FAITH,Pesach,11/04/2020,Faith Communities Council of Victoria,9-16 April 2020,http://www.faithvictoria.org.au/calendar
9449a0db-f91e-4fbd-a331-1d00ee49b92d,MULTI_FAITH,Easter/Pascha (Orthodox),19/04/2020,Faith Communities Council of Victoria,,http://www.faithvictoria.org.au/calendar
ecc8bdd1-fe20-4001-a767-277ef2bc4d77,MULTI_FAITH,Ridvan,21/04/2020,Faith Communities Council of Victoria,20 April - 1 May 2020,http://www.faithvictoria.org.au/calendar
ed60894f-26b5-4fb6-800b-018c12f3a459,MULTI_FAITH,Good/Holy Friday,10/04/2020,Faith Communities Council of Victoria,,http://www.faithvictoria.org.au/calendar
a0c6467d-8588-48d1-a717-fc4d81c61e35,MULTI_FAITH,Easter,12/04/2020,Faith Communities Council of Victoria,,http://www.faithvictoria.org.au/calendar
d85e564d-1f85-4dc3-85e2-c6dc91e8606e,MULTI_FAITH,Ridvan,29/04/2020,Faith Communities Council of Victoria,20 April - 1 May 2020,http://www.faithvictoria.org.au/calendar
3d9ce769-e892-4588-ba9c-1451b63243e0,MULTI_FAITH,Ramadan,7/05/2020,Faith Communities Council of Victoria,24 April - 23 May 2020,http://www.faithvictoria.org.au/calendar
a16cec60-423d-4e28-bdc3-507568e00497,MULTI_FAITH,Ridvan,23/04/2020,Faith Communities Council of Victoria,20 April - 1 May 2020,http://www.faithvictoria.org.au/calendar
ebda7036-693d-4595-8186-021812005edb,MULTI_FAITH,Ridvan,28/04/2020,Faith Communities Council of Victoria,20 April - 1 May 2020,http://www.faithvictoria.org.au/calendar
45480e99-6166-41a0-80fe-ec7d565c195b,MULTI_FAITH,Ascension of Baha'ullah,28/05/2020,Faith Communities Council of Victoria,,http://www.faithvictoria.org.au/calendar
57c51b51-5e9e-4338-b70c-03207d709c02,MULTI_FAITH,Shavuot,29/05/2020,Faith Communities Council of Victoria,29-30 May 2020,http://www.faithvictoria.org.au/calendar
bfb29085-166e-47ac-8fbf-e946eaac4e75,MULTI_FAITH,Martyrdom of the Bab,9/07/2020,Faith Communities Council of Victoria,,http://www.faithvictoria.org.au/calendar
ecdb64a9-4f39-449d-8994-1f59630c5ed1,MULTI_FAITH,Rosh Hashanah,19/09/2020,Faith Communities Council of Victoria,19-20 September 2020,http://www.faithvictoria.org.au/calendar
49318418-abda-4dc0-927d-a33e0fbde5f8,MULTI_FAITH,Yom Kippur,28/09/2020,Faith Communities Council of Victoria,,http://www.faithvictoria.org.au/calendar
2daa2825-f301-426d-b3eb-283e8d7ae644,MULTI_FAITH,Advent,30/11/2020,Faith Communities Council of Victoria,29 November - 24 December 2020,http://www.faithvictoria.org.au/calendar
ce31daba-192e-4d06-80ff-3a9a2a9a9c4b,MULTI_FAITH,Navaratri,26/10/2020,Faith Communities Council of Victoria,17-26 October 2020,http://www.faithvictoria.org.au/calendar
c06515ee-6763-4fd1-96f7-cbb003cb901f,MULTI_FAITH,Advent,20/12/2020,Faith Communities Council of Victoria,29 November - 24 December 2020,http://www.faithvictoria.org.au/calendar
5eb8b66b-abcc-4102-8e29-29e87c162370,MULTI_FAITH,Ramadan,22/05/2020,Faith Communities Council of Victoria,24 April - 23 May 2020,http://www.faithvictoria.org.au/calendar
e9de4bca-620e-4f27-a5b3-3febec19b511,MULTI_FAITH,Conferment of Guruship to Guru Granth Sahib,20/10/2020,Faith Communities Council of Victoria,,http://www.faithvictoria.org.au/calendar
68a33c8b-5d99-48d9-80a4-5783b04ebb06,MULTI_FAITH,Martyrdom of Guru Tegh Bahadur Ji,24/11/2020,Faith Communities Council of Victoria,,http://www.faithvictoria.org.au/calendar
9ededcb7-245e-43c5-90ea-8ffdb71edd4d,MULTI_FAITH,Eid ul Fitr,24/05/2020,Faith Communities Council of Victoria,,http://www.faithvictoria.org.au/calendar
d3591a4c-c6d9-4455-b6d5-8411a0292043,MULTI_FAITH,Advent,24/12/2020,Faith Communities Council of Victoria,29 November - 24 December 2020,http://www.faithvictoria.org.au/calendar
13158cc3-a3fa-4a53-aeb7-fa7edf1a3a6c,MULTI_FAITH,Maghi,14/01/2019,Faith Communities Council of Victoria,,http://www.faithvictoria.org.au/calendar
51d2aded-1575-48bb-9e95-1a6ce1adc0d7,MULTI_FAITH,Lent,12/03/2019,Faith Communities Council of Victoria,6 March 2019 - 18 April 2019,http://www.faithvictoria.org.au/calendar
5533fc03-14ed-4c78-aa1c-5a662f1cd4cc,MULTI_FAITH,Great lent (Orthodox),13/03/2019,Faith Communities Council of Victoria,11 March 2019-19 April 2019,http://www.faithvictoria.org.au/calendar
4dcebcd0-550b-4cd7-bcc1-94e34e28c369,MULTI_FAITH,MahaShivaratri,4/03/2019,Faith Communities Council of Victoria,,http://www.faithvictoria.org.au/calendar
cb82fcf4-dbc1-4761-9ef9-7ad23891a744,MULTI_FAITH,Lent,8/03/2019,Faith Communities Council of Victoria,6 March 2019 - 18 April 2019,http://www.faithvictoria.org.au/calendar
8552019f-1369-41ef-8713-7fbbb971f0b8,MULTI_FAITH,Birthday of Guru Gobind Singh Ji,5/01/2019,Faith Communities Council of Victoria,,http://www.faithvictoria.org.au/calendar
15b8021b-6864-4b92-84ee-af24babfcabf,MULTI_FAITH,Chinese New Year,5/02/2019,Faith Communities Council of Victoria,,http://www.faithvictoria.org.au/calendar
06865e1e-ef41-4bb8-9121-12cd5b5cd652,MULTI_FAITH,Epiphany,6/01/2019,Faith Communities Council of Victoria,,http://www.faithvictoria.org.au/calendar
6f012164-8313-4007-a792-f580e9f9aadf,MULTI_FAITH,Great lent (Orthodox),17/03/2019,Faith Communities Council of Victoria,11 March 2019-19 April 2019,http://www.faithvictoria.org.au/calendar
1bd714e8-72b3-433c-b7d2-628eabfe6c41,MULTI_FAITH,Great lent (Orthodox),18/03/2019,Faith Communities Council of Victoria,11 March 2019-19 April 2019,http://www.faithvictoria.org.au/calendar
4886b9cd-920b-4d54-8c4d-631cfccf94be,MULTI_FAITH,Lent,14/04/2019,Faith Communities Council of Victoria,6 March 2019 - 18 April 2019,http://www.faithvictoria.org.au/calendar
1b083047-6bfe-4b40-b048-f5c9585a501b,MULTI_FAITH,Holy Week,15/04/2019,Faith Communities Council of Victoria,14-20 April 2019,http://www.faithvictoria.org.au/calendar
40c4485f-bbae-4d0b-a483-1f394ae92e88,MULTI_FAITH,Holy Week,16/04/2019,Faith Communities Council of Victoria,14-20 April 2019,http://www.faithvictoria.org.au/calendar
cf760426-5d27-49ab-a45a-ede2cae79c41,MULTI_FAITH,Great lent (Orthodox),5/04/2019,Faith Communities Council of Victoria,11 March 2019-19 April 2019,http://www.faithvictoria.org.au/calendar
62e6bde8-a102-4e42-8e11-af15b007cdb4,MULTI_FAITH,Lent,6/04/2019,Faith Communities Council of Victoria,6 March 2019 - 18 April 2019,http://www.faithvictoria.org.au/calendar
ba5466d7-0be2-4262-b11c-a61c5151eec3,MULTI_FAITH,Great lent (Orthodox),25/03/2019,Faith Communities Council of Victoria,11 March 2019-19 April 2019,http://www.faithvictoria.org.au/calendar
b461505d-d656-47f8-bd14-293be0159a58,MULTI_FAITH,Great lent (Orthodox),10/04/2019,Faith Communities Council of Victoria,11 March 2019-19 April 2019,http://www.faithvictoria.org.au/calendar
2e9f0472-a150-4d31-a52e-c7fcbb1b29ee,MULTI_FAITH,Lent,21/03/2019,Faith Communities Council of Victoria,6 March 2019 - 18 April 2019,http://www.faithvictoria.org.au/calendar
46255b66-2704-41a5-ae6a-ef94d18a1953,MULTI_FAITH,Lent,1/04/2019,Faith Communities Council of Victoria,6 March 2019 - 18 April 2019,http://www.faithvictoria.org.au/calendar
7278265c-ac99-4a9b-a979-e73762d3a149,MULTI_FAITH,Lent,9/04/2019,Faith Communities Council of Victoria,6 March 2019 - 18 April 2019,http://www.faithvictoria.org.au/calendar
985ef38f-6f89-4338-9dd1-3877f537f225,MULTI_FAITH,Lent,16/04/2019,Faith Communities Council of Victoria,6 March 2019 - 18 April 2019,http://www.faithvictoria.org.au/calendar
fd824a15-5a8e-4aa7-9120-a118ef18b0e6,MULTI_FAITH,Ridvan,23/04/2019,Faith Communities Council of Victoria,21 April - 2 May 2019,http://www.faithvictoria.org.au/calendar
0f0fa69e-f6b0-4ec4-8888-9fa771bec297,MULTI_FAITH,Ramadan,16/05/2019,Faith Communities Council of Victoria,6 May -4 June 2019,http://www.faithvictoria.org.au/calendar
82a38a62-17be-4702-afac-bd48f7ab3c77,MULTI_FAITH,Ramadan,17/05/2019,Faith Communities Council of Victoria,6 May -4 June 2019,http://www.faithvictoria.org.au/calendar
2b6d94c9-5aa6-43d5-8d61-7ebe501dddf2,MULTI_FAITH,Theravada New Year,20/04/2019,Faith Communities Council of Victoria,19-21 April 2019,http://www.faithvictoria.org.au/calendar
212b34d0-fd3d-4d5c-b419-4e4126bdcd03,MULTI_FAITH,Ridvan,25/04/2019,Faith Communities Council of Victoria,21 April - 2 May 2019,http://www.faithvictoria.org.au/calendar
4fb18699-2eed-468c-b48a-0e47ffbb32bd,MULTI_FAITH,Pesach,23/04/2019,Faith Communities Council of Victoria,20-27 April 2019,http://www.faithvictoria.org.au/calendar
3f2b0616-0bf3-43d9-bdab-eee60060c780,MULTI_FAITH,Yom HaShoah,2/05/2019,Faith Communities Council of Victoria,,http://www.faithvictoria.org.au/calendar
97ccae73-6362-4715-af31-8bd7e8fbdd2a,MULTI_FAITH,Easter,21/04/2019,Faith Communities Council of Victoria,,http://www.faithvictoria.org.au/calendar
e191fcad-7533-48af-9e75-632248aa0f80,MULTI_FAITH,Ramadan,2/06/2019,Faith Communities Council of Victoria,6 May -4 June 2019,http://www.faithvictoria.org.au/calendar
d02bff06-dcb3-462a-8901-45d398ce766c,MULTI_FAITH,Ramadan,27/05/2019,Faith Communities Council of Victoria,6 May -4 June 2019,http://www.faithvictoria.org.au/calendar
07733d9e-6af2-49a4-8d43-b8dc74bc1386,MULTI_FAITH,Ramadan,30/05/2019,Faith Communities Council of Victoria,6 May -4 June 2019,http://www.faithvictoria.org.au/calendar
9e42b43d-0015-4771-a23b-7391afb806c1,MULTI_FAITH,Ramadan,26/05/2019,Faith Communities Council of Victoria,6 May -4 June 2019,http://www.faithvictoria.org.au/calendar
3446d324-2bd8-424a-8e0e-3bf316b63972,MULTI_FAITH,Ramadan,31/05/2019,Faith Communities Council of Victoria,6 May -4 June 2019,http://www.faithvictoria.org.au/calendar
1750acc1-7c93-41fd-8e60-d65b27b5d148,MULTI_FAITH,Martyrdom of Guru Arjun Dev Ji,16/06/2019,Faith Communities Council of Victoria,,http://www.faithvictoria.org.au/calendar
9b13ee80-cdb3-4120-bce5-c479c80d5e0e,MULTI_FAITH,Navaratri,5/10/2019,Faith Communities Council of Victoria,29 September - 7 October 2019,http://www.faithvictoria.org.au/calendar
1ff2bf72-cbea-40ab-8221-cf2b27390679,MULTI_FAITH,Raksha Bandhan,15/08/2019,Faith Communities Council of Victoria,,http://www.faithvictoria.org.au/calendar
290e1ee5-eec3-4f85-83c4-4a5d24c94534,MULTI_FAITH,Navaratri,2/10/2019,Faith Communities Council of Victoria,29 September - 7 October 2019,http://www.faithvictoria.org.au/calendar
09ced732-0077-42e6-8da9-94b4fe38ad7d,MULTI_FAITH,Ganesh Chaturthi,2/09/2019,Faith Communities Council of Victoria,,http://www.faithvictoria.org.au/calendar
84cd8b35-ebff-49ee-8971-bb6ac15b415f,MULTI_FAITH,Advent,6/12/2019,Faith Communities Council of Victoria,1-24 Dec 2019,http://www.faithvictoria.org.au/calendar
2eae583d-a014-4eae-a83e-512c3e0f2da1,MULTI_FAITH,Advent,7/12/2019,Faith Communities Council of Victoria,1-24 Dec 2019,http://www.faithvictoria.org.au/calendar
4d173bec-9942-40ca-b97d-b9d42cf49f14,MULTI_FAITH,Advent,4/12/2019,Faith Communities Council of Victoria,1-24 Dec 2019,http://www.faithvictoria.org.au/calendar
f560cb88-11f4-4a21-9345-8ba73dc558ff,MULTI_FAITH,Advent,5/12/2019,Faith Communities Council of Victoria,1-24 Dec 2019,http://www.faithvictoria.org.au/calendar
ef64c495-0344-4db8-afd9-4584faa0eb51,MULTI_FAITH,Advent,13/12/2019,Faith Communities Council of Victoria,1-24 Dec 2019,http://www.faithvictoria.org.au/calendar
f745729e-a2a3-47af-95cc-725a24ba245c,MULTI_FAITH,Advent,8/12/2019,Faith Communities Council of Victoria,1-24 Dec 2019,http://www.faithvictoria.org.au/calendar
f27440a5-fc58-47df-a011-2e0c1cb3b998,MULTI_FAITH,Simchat Torah,22/10/2019,Faith Communities Council of Victoria,,http://www.faithvictoria.org.au/calendar
0437e2dd-f1bf-4ae9-9f2a-11217c9abe58,MULTI_FAITH,Advent,24/12/2019,Faith Communities Council of Victoria,1-24 Dec 2019,http://www.faithvictoria.org.au/calendar
62969ff1-1d3c-45d6-a917-7ade671475ab,MULTI_FAITH,Hanukkah,29/12/2019,Faith Communities Council of Victoria,23-30 December 2019,http://www.faithvictoria.org.au/calendar
961a5905-10f9-4afe-8754-cb440fe6bd1b,MULTI_FAITH,Ash Wednesday,26/02/2020,Faith Communities Council of Victoria,,http://www.faithvictoria.org.au/calendar
d5b43be4-6147-4cf7-ba90-a2da716b22a4,MULTI_FAITH,Lent,29/02/2020,Faith Communities Council of Victoria,26 February - 9 April 2020,http://www.faithvictoria.org.au/calendar
4bf22f9c-d052-4259-8841-1f2046dd72d9,MULTI_FAITH,Lent,29/03/2020,Faith Communities Council of Victoria,26 February - 9 April 2020,http://www.faithvictoria.org.au/calendar
571191ad-8008-4d05-9090-2d7485653389,MULTI_FAITH,Lent,30/03/2020,Faith Communities Council of Victoria,26 February - 9 April 2020,http://www.faithvictoria.org.au/calendar
41256de3-9534-4da4-a366-dc9767e4c9f4,MULTI_FAITH,Mahayana New Year,11/01/2020,Faith Communities Council of Victoria,10-12 January 2020,http://www.faithvictoria.org.au/calendar
07ebfbc6-9311-4209-846a-23668bf6cec1,MULTI_FAITH,Lent,2/03/2020,Faith Communities Council of Victoria,26 February - 9 April 2020,http://www.faithvictoria.org.au/calendar
b9dfc8e2-2170-47b8-baf2-0b7194221421,MULTI_FAITH,Lent,25/03/2020,Faith Communities Council of Victoria,26 February - 9 April 2020,http://www.faithvictoria.org.au/calendar
5bca0c4d-b422-4947-9e34-439383d889cf,MULTI_FAITH,Lent,3/03/2020,Faith Communities Council of Victoria,26 February - 9 April 2020,http://www.faithvictoria.org.au/calendar
0e21d5eb-8f8d-4a18-ac8e-1f311d67208c,MULTI_FAITH,Lent,24/03/2020,Faith Communities Council of Victoria,26 February - 9 April 2020,http://www.faithvictoria.org.au/calendar
126e079e-2819-4203-8872-fb67038b817b,MULTI_FAITH,MahaShivaratri,21/02/2020,Faith Communities Council of Victoria,,http://www.faithvictoria.org.au/calendar
12a157ae-37b1-4601-819b-e06c4000cad7,MULTI_FAITH,Great Lent (Orthodox),14/03/2020,Faith Communities Council of Victoria,2 March - 10 April 2020,http://www.faithvictoria.org.au/calendar
da2adf7b-c11a-42d2-9d80-43439c6b7676,MULTI_FAITH,Great Lent (Orthodox),19/03/2020,Faith Communities Council of Victoria,2 March - 10 April 2020,http://www.faithvictoria.org.au/calendar
ef6e14e0-50d8-428c-b743-6c264355408f,MULTI_FAITH,Great Lent (Orthodox),8/03/2020,Faith Communities Council of Victoria,2 March - 10 April 2020,http://www.faithvictoria.org.au/calendar
df6c939a-1094-4bfb-99ad-b21e971883d2,MULTI_FAITH,Great Lent (Orthodox),9/03/2020,Faith Communities Council of Victoria,2 March - 10 April 2020,http://www.faithvictoria.org.au/calendar
b9392565-ec43-43ad-9eeb-3afcf195fefb,MULTI_FAITH,Great Lent (Orthodox),4/04/2020,Faith Communities Council of Victoria,2 March - 10 April 2020,http://www.faithvictoria.org.au/calendar
94182484-607a-4746-af75-15adc0bfbc9c,MULTI_FAITH,Great Lent (Orthodox),6/04/2020,Faith Communities Council of Victoria,2 March - 10 April 2020,http://www.faithvictoria.org.au/calendar
12e05851-29b5-4b54-b912-d634af7efa76,MULTI_FAITH,Great Lent (Orthodox),5/03/2020,Faith Communities Council of Victoria,2 March - 10 April 2020,http://www.faithvictoria.org.au/calendar
812ae8c6-c130-45db-98dd-009a0309ed15,MULTI_FAITH,Great Lent (Orthodox),27/03/2020,Faith Communities Council of Victoria,2 March - 10 April 2020,http://www.faithvictoria.org.au/calendar
e61a7371-7ab4-4a56-86e3-8143f4b9220d,MULTI_FAITH,Great Lent (Orthodox),29/03/2020,Faith Communities Council of Victoria,2 March - 10 April 2020,http://www.faithvictoria.org.au/calendar
3cd0be38-120b-4679-8754-a5e2a7309392,MULTI_FAITH,Great Lent (Orthodox),10/03/2020,Faith Communities Council of Victoria,2 March - 10 April 2020,http://www.faithvictoria.org.au/calendar
2647de79-a836-4877-a522-cf68cc59ebad,MULTI_FAITH,Great Lent (Orthodox),25/03/2020,Faith Communities Council of Victoria,2 March - 10 April 2020,http://www.faithvictoria.org.au/calendar
9b3318de-bab3-4a90-8657-a697278f52ae,MULTI_FAITH,Lent,5/04/2020,Faith Communities Council of Victoria,26 February - 9 April 2020,http://www.faithvictoria.org.au/calendar
a7b3874f-d13b-417a-873b-a47be75c0a34,MULTI_FAITH,Holy Week,10/04/2020,Faith Communities Council of Victoria,5 - 12 April 2020,http://www.faithvictoria.org.au/calendar
4199c851-ac89-4ae3-b38c-a234558f7fe0,MULTI_FAITH,Theravada New Year,7/04/2020,Faith Communities Council of Victoria,7-9 April 2020,http://www.faithvictoria.org.au/calendar
a0446d93-c03b-44eb-a1a9-aa43d961898c,MULTI_FAITH,Naw Ruz,20/03/2020,Faith Communities Council of Victoria,,http://www.faithvictoria.org.au/calendar
4cd48023-a6ee-4ca1-9004-5f46a6394a12,MULTI_FAITH,Rama Navami,2/04/2020,Faith Communities Council of Victoria,,http://www.faithvictoria.org.au/calendar
94518b1d-d3c1-4448-820e-341a2f149986,MULTI_FAITH,Ridvan,24/04/2020,Faith Communities Council of Victoria,20 April - 1 May 2020,http://www.faithvictoria.org.au/calendar
c18a076c-1470-4ed6-96dc-185c340756fe,MULTI_FAITH,Ramadan,15/05/2020,Faith Communities Council of Victoria,24 April - 23 May 2020,http://www.faithvictoria.org.au/calendar
1277ea59-d763-4b22-9b80-26aa3e16fc40,MULTI_FAITH,Holy Week,5/04/2020,Faith Communities Council of Victoria,5 - 12 April 2020,http://www.faithvictoria.org.au/calendar
453b9076-30d0-4869-886f-9c9cf5223641,MULTI_FAITH,Ridvan,27/04/2020,Faith Communities Council of Victoria,20 April - 1 May 2020,http://www.faithvictoria.org.au/calendar
b5512aef-17b6-4ee2-9dbe-ec8464e75350,MULTI_FAITH,Pesach,14/04/2020,Faith Communities Council of Victoria,9-16 April 2020,http://www.faithvictoria.org.au/calendar
37e19202-f9eb-4340-abef-1e956df7bdc4,MULTI_FAITH,Pesach,16/04/2020,Faith Communities Council of Victoria,9-16 April 2020,http://www.faithvictoria.org.au/calendar
72c50fbf-10c5-46d4-b35b-2aabd8737ecf,MULTI_FAITH,Lailat al Bara'ah,9/04/2020,Faith Communities Council of Victoria,,http://www.faithvictoria.org.au/calendar
ee1a39e9-4975-44dd-b76c-96ce66fdf301,MULTI_FAITH,Ramadan,20/05/2020,Faith Communities Council of Victoria,24 April - 23 May 2020,http://www.faithvictoria.org.au/calendar
2c76306a-8f9b-463d-bb89-468a52a984ec,MULTI_FAITH,Ramadan,21/05/2020,Faith Communities Council of Victoria,24 April - 23 May 2020,http://www.faithvictoria.org.au/calendar
5a05b202-f88c-4f25-b1a2-67b8fb49fcd4,MULTI_FAITH,Sukkot,5/10/2020,Faith Communities Council of Victoria,3-9 October 2020,http://www.faithvictoria.org.au/calendar
ce55c78c-5159-4a87-8216-13a33cc1825c,MULTI_FAITH,Sukkot,6/10/2020,Faith Communities Council of Victoria,3-9 October 2020,http://www.faithvictoria.org.au/calendar
6f164c3c-2f4e-44ab-9b12-cd3a8b109669,MULTI_FAITH,Eid Al Adha,1/08/2020,Faith Communities Council of Victoria,31 July - 3 August 2020,http://www.faithvictoria.org.au/calendar
fe4c75e4-e604-4fd6-95ea-f4728b8caf2e,MULTI_FAITH,Ramadan,16/05/2020,Faith Communities Council of Victoria,24 April - 23 May 2020,http://www.faithvictoria.org.au/calendar
322d39e4-70be-496e-9832-b3f621b9cdd6,MULTI_FAITH,Ramadan,18/05/2020,Faith Communities Council of Victoria,24 April - 23 May 2020,http://www.faithvictoria.org.au/calendar
50b5ba4d-2580-415b-9cf8-0bc2376bdbc0,MULTI_FAITH,Ramadan,17/05/2020,Faith Communities Council of Victoria,24 April - 23 May 2020,http://www.faithvictoria.org.au/calendar
b2c219a7-a1a7-4ae5-bdd3-db4249dcc56e,MULTI_FAITH,Sukkot,9/10/2020,Faith Communities Council of Victoria,3-9 October 2020,http://www.faithvictoria.org.au/calendar
0b8b0cb0-52f9-4647-9122-a66c4c0e417c,MULTI_FAITH,Ashala Puja / Dharma Day,5/07/2020,Faith Communities Council of Victoria,,http://www.faithvictoria.org.au/calendar
c575cf9d-79ec-46d6-bbaa-2373a088dddd,MULTI_FAITH,Ganesh Chaturthi,22/08/2020,Faith Communities Council of Victoria,,http://www.faithvictoria.org.au/calendar
1b01883a-0844-4180-98fa-edcf6f351393,MULTI_FAITH,Advent,8/12/2020,Faith Communities Council of Victoria,29 November - 24 December 2020,http://www.faithvictoria.org.au/calendar
f9141653-d4bb-4288-bace-4206dbbcd2b9,MULTI_FAITH,Advent,9/12/2020,Faith Communities Council of Victoria,29 November - 24 December 2020,http://www.faithvictoria.org.au/calendar
75c0752f-5c41-4102-a682-6f12d220928b,MULTI_FAITH,Advent,19/12/2020,Faith Communities Council of Victoria,29 November - 24 December 2020,http://www.faithvictoria.org.au/calendar
39e03444-a87c-4987-89a7-c90a89635ec7,MULTI_FAITH,Advent,23/12/2020,Faith Communities Council of Victoria,29 November - 24 December 2020,http://www.faithvictoria.org.au/calendar
bb9939e3-63c5-413e-a7d4-ab1c6a4981cc,MULTI_FAITH,Advent,4/12/2020,Faith Communities Council of Victoria,29 November - 24 December 2020,http://www.faithvictoria.org.au/calendar
086d0f81-d0ef-4206-8abf-59b40974dea3,MULTI_FAITH,Advent,18/12/2020,Faith Communities Council of Victoria,29 November - 24 December 2020,http://www.faithvictoria.org.au/calendar
f2b4736d-3e17-4107-add7-6bea3233d8a5,MULTI_FAITH,Hanukkah,15/12/2020,Faith Communities Council of Victoria,11 - 18 December 2020,http://www.faithvictoria.org.au/calendar
c0598731-780a-4451-b3e5-2065f51377a1,MULTI_FAITH,Hanukkah,11/12/2020,Faith Communities Council of Victoria,11 - 18 December 2020,http://www.faithvictoria.org.au/calendar
952f0ee0-52e6-48f5-9bce-9da7e04e43f6,MULTI_FAITH,Hanukkah,14/12/2020,Faith Communities Council of Victoria,11 - 18 December 2020,http://www.faithvictoria.org.au/calendar
0d59361d-2b13-413d-80b7-aa31c0bee25d,MULTI_FAITH,Bandi Chhor Divas (Diwali),14/11/2020,Faith Communities Council of Victoria,,http://www.faithvictoria.org.au/calendar
61c7a027-ed37-48db-b36e-db71c1f9e948,MULTI_FAITH,Birth of the Bab,18/10/2020,Faith Communities Council of Victoria,,http://www.faithvictoria.org.au/calendar
c33df9b8-2869-4df1-9d2c-0260d82d2626,MULTI_FAITH,Birthday of Guru Gobind Singh Ji,5/01/2021,Faith Communities Council of Victoria,,http://www.faithvictoria.org.au/calendar
ec4e7886-f9f2-4d99-9949-807538abe625,MULTI_FAITH,Epiphany,6/01/2021,Faith Communities Council of Victoria,,http://www.faithvictoria.org.au/calendar
33ac8bec-6edc-4ecf-a029-17e421bec26f,MULTI_FAITH,Nativity (Orthodox),7/01/2021,Faith Communities Council of Victoria,,http://www.faithvictoria.org.au/calendar
32220888-8f30-4c35-b483-1e7e33bd2c4d,MULTI_FAITH,Maghi,13/01/2021,Faith Communities Council of Victoria,,http://www.faithvictoria.org.au/calendar
fe8b1f06-4932-40f1-9cda-faef5f649108,MULTI_FAITH,Pongal,13/01/2021,Faith Communities Council of Victoria,,http://www.faithvictoria.org.au/calendar
9f60c216-6ac4-488a-8ada-75fb98b31990,MULTI_FAITH,Pongal,14/01/2021,Faith Communities Council of Victoria,,http://www.faithvictoria.org.au/calendar
aa76472e-f64e-4364-a212-e6fc208966c9,MULTI_FAITH,Pongal,15/01/2021,Faith Communities Council of Victoria,,http://www.faithvictoria.org.au/calendar
997d48dc-f162-433c-bc58-4509828b899b,MULTI_FAITH,Pongal,16/01/2021,Faith Communities Council of Victoria,,http://www.faithvictoria.org.au/calendar
b6abe529-632c-4b6f-90c3-06ade8af8331,MULTI_FAITH,Mahayana New Year,29/01/2021,Faith Communities Council of Victoria,,http://www.faithvictoria.org.au/calendar
6a38c84f-9593-4827-b24b-7f5781952b3b,MULTI_FAITH,Nirvana Day,8/02/2021,Faith Communities Council of Victoria,,http://www.faithvictoria.org.au/calendar
1654ebee-6ce8-451b-b140-b18fc888f009,MULTI_FAITH,Chinese New Year,12/02/2021,Faith Communities Council of Victoria,,http://www.faithvictoria.org.au/calendar
f42b05aa-b0a0-4c30-a724-5eb16615ac17,MULTI_FAITH,Lent begins on Ash Wednesday,17/02/2021,Faith Communities Council of Victoria,,http://www.faithvictoria.org.au/calendar
9561d21d-d4f0-4a69-8efa-049342672fe9,MULTI_FAITH,Lent begins on Ash Wednesday,18/02/2021,Faith Communities Council of Victoria,,http://www.faithvictoria.org.au/calendar
d18c9f8c-2e43-42f9-8ced-bb1ce67ce835,MULTI_FAITH,Lent begins on Ash Wednesday,19/02/2021,Faith Communities Council of Victoria,,http://www.faithvictoria.org.au/calendar
cc51cd69-1a1a-4745-aec6-4fcd4ba0cb49,MULTI_FAITH,Lent begins on Ash Wednesday,20/02/2021,Faith Communities Council of Victoria,,http://www.faithvictoria.org.au/calendar
06653c4e-a6e2-4b1a-95e8-45f017c50e0a,MULTI_FAITH,Lent begins on Ash Wednesday,21/02/2021,Faith Communities Council of Victoria,,http://www.faithvictoria.org.au/calendar
5a80c635-686f-4462-84c8-dfc6145bc691,MULTI_FAITH,Lent begins on Ash Wednesday,22/02/2021,Faith Communities Council of Victoria,,http://www.faithvictoria.org.au/calendar
25ac9ad8-31e0-46a9-91c0-5ee91dabe4cc,MULTI_FAITH,Lent begins on Ash Wednesday,23/02/2021,Faith Communities Council of Victoria,,http://www.faithvictoria.org.au/calendar
d95efc36-3b43-460a-874f-f7de3eb45cdd,MULTI_FAITH,Lent begins on Ash Wednesday,24/02/2021,Faith Communities Council of Victoria,,http://www.faithvictoria.org.au/calendar
247f98bc-f853-4d87-9c82-40756ee2dcb8,MULTI_FAITH,Lent begins on Ash Wednesday,25/02/2021,Faith Communities Council of Victoria,,http://www.faithvictoria.org.au/calendar
83e89119-3aec-4526-9078-582aa0509cfa,MULTI_FAITH,Lent begins on Ash Wednesday,26/02/2021,Faith Communities Council of Victoria,,http://www.faithvictoria.org.au/calendar
6b11f5ff-e076-42b5-a7e0-5328848db299,MULTI_FAITH,Lent begins on Ash Wednesday,27/02/2021,Faith Communities Council of Victoria,,http://www.faithvictoria.org.au/calendar
b5f69a12-65be-4fc0-8bf1-2d1476ad00ad,MULTI_FAITH,Lent begins on Ash Wednesday,28/02/2021,Faith Communities Council of Victoria,,http://www.faithvictoria.org.au/calendar
22392730-9348-4725-941b-1b6106f8c076,MULTI_FAITH,Lent begins on Ash Wednesday,1/03/2021,Faith Communities Council of Victoria,,http://www.faithvictoria.org.au/calendar
cdd8afac-2dc0-4196-a7a7-30f72336cd41,MULTI_FAITH,Lent begins on Ash Wednesday,2/03/2021,Faith Communities Council of Victoria,,http://www.faithvictoria.org.au/calendar
775c14bb-eb91-453e-8f38-8ad28319c991,MULTI_FAITH,Lent begins on Ash Wednesday,3/03/2021,Faith Communities Council of Victoria,,http://www.faithvictoria.org.au/calendar
2e5a8c23-a8b5-46c3-b399-0d6f2440c95e,MULTI_FAITH,Lent begins on Ash Wednesday,4/03/2021,Faith Communities Council of Victoria,,http://www.faithvictoria.org.au/calendar
c2433340-ebd0-4479-9cc8-6961f6ef88d2,MULTI_FAITH,Lent begins on Ash Wednesday,5/03/2021,Faith Communities Council of Victoria,,http://www.faithvictoria.org.au/calendar
51ec9168-e929-406e-b7bf-d326122ce439,MULTI_FAITH,Lent begins on Ash Wednesday,6/03/2021,Faith Communities Council of Victoria,,http://www.faithvictoria.org.au/calendar
70b12900-c7df-443b-9d25-7f0d89f7d207,MULTI_FAITH,Lent begins on Ash Wednesday,7/03/2021,Faith Communities Council of Victoria,,http://www.faithvictoria.org.au/calendar
f7919506-9149-49ec-b9df-1bccc2acd048,MULTI_FAITH,Lent begins on Ash Wednesday,8/03/2021,Faith Communities Council of Victoria,,http://www.faithvictoria.org.au/calendar
c77c7225-e3f5-44c2-aa01-a97d2413a538,MULTI_FAITH,Lent begins on Ash Wednesday,9/03/2021,Faith Communities Council of Victoria,,http://www.faithvictoria.org.au/calendar
e98d6503-7740-497f-ab56-064ecea85e2c,MULTI_FAITH,Lent begins on Ash Wednesday,10/03/2021,Faith Communities Council of Victoria,,http://www.faithvictoria.org.au/calendar
6a44e6aa-842e-46b1-bae6-3ab5e71c631b,MULTI_FAITH,Lent begins on Ash Wednesday,11/03/2021,Faith Communities Council of Victoria,,http://www.faithvictoria.org.au/calendar
9810ed3a-3298-4c1d-9f96-1018245b42de,MULTI_FAITH,Lent begins on Ash Wednesday,12/03/2021,Faith Communities Council of Victoria,,http://www.faithvictoria.org.au/calendar
8d8d8880-6a52-4c6c-b0a2-7886f18b4284,MULTI_FAITH,Lent begins on Ash Wednesday,13/03/2021,Faith Communities Council of Victoria,,http://www.faithvictoria.org.au/calendar
b7f87536-e8ae-4bde-8052-7e66d807630a,MULTI_FAITH,Lent begins on Ash Wednesday,14/03/2021,Faith Communities Council of Victoria,,http://www.faithvictoria.org.au/calendar
90cf6f25-8373-4c23-b7ee-5e4f4363e760,MULTI_FAITH,Lent begins on Ash Wednesday,15/03/2021,Faith Communities Council of Victoria,,http://www.faithvictoria.org.au/calendar
8c22bdb8-9827-4b73-a0d0-842670376fba,MULTI_FAITH,Lent begins on Ash Wednesday,16/03/2021,Faith Communities Council of Victoria,,http://www.faithvictoria.org.au/calendar
4fa23dfb-1941-4fee-b346-4d1d9876b064,MULTI_FAITH,Lent begins on Ash Wednesday,17/03/2021,Faith Communities Council of Victoria,,http://www.faithvictoria.org.au/calendar
96c26843-6edc-4872-ba15-20a4270add40,MULTI_FAITH,Lent begins on Ash Wednesday,18/03/2021,Faith Communities Council of Victoria,,http://www.faithvictoria.org.au/calendar
195689e2-4f57-4cd2-aa69-36857b59527a,MULTI_FAITH,Lent begins on Ash Wednesday,19/03/2021,Faith Communities Council of Victoria,,http://www.faithvictoria.org.au/calendar
84edfd46-15d6-47d0-b7ee-b24c222ad6f3,MULTI_FAITH,Lent begins on Ash Wednesday,20/03/2021,Faith Communities Council of Victoria,,http://www.faithvictoria.org.au/calendar
b050657e-a9e7-41c5-a4e0-4c2d90ae554e,MULTI_FAITH,Lent begins on Ash Wednesday,21/03/2021,Faith Communities Council of Victoria,,http://www.faithvictoria.org.au/calendar
2f17a6ac-72a4-404a-a94a-c1d5a56b5227,MULTI_FAITH,Lent begins on Ash Wednesday,22/03/2021,Faith Communities Council of Victoria,,http://www.faithvictoria.org.au/calendar
16685f97-da85-41bd-a5cb-85c2930ba9b2,MULTI_FAITH,Lent begins on Ash Wednesday,23/03/2021,Faith Communities Council of Victoria,,http://www.faithvictoria.org.au/calendar
d2d34425-e026-421f-a191-e93717626d52,MULTI_FAITH,Lent begins on Ash Wednesday,24/03/2021,Faith Communities Council of Victoria,,http://www.faithvictoria.org.au/calendar
5d95038b-6f8b-4ad9-8708-e23094eafcc2,MULTI_FAITH,Lent begins on Ash Wednesday,25/03/2021,Faith Communities Council of Victoria,,http://www.faithvictoria.org.au/calendar
69ad8fd3-97ae-445c-ba92-78f296ba3abe,MULTI_FAITH,Lent begins on Ash Wednesday,26/03/2021,Faith Communities Council of Victoria,,http://www.faithvictoria.org.au/calendar
feef7a3a-ccc4-4bff-9747-92b99dd70ee0,MULTI_FAITH,Lent begins on Ash Wednesday,27/03/2021,Faith Communities Council of Victoria,,http://www.faithvictoria.org.au/calendar
c4483e17-82c2-44af-8174-f13f45471ba5,MULTI_FAITH,Lent begins on Ash Wednesday,28/03/2021,Faith Communities Council of Victoria,,http://www.faithvictoria.org.au/calendar
d6a73703-ccb0-471c-a5ba-5ebc30338279,MULTI_FAITH,Lent begins on Ash Wednesday,29/03/2021,Faith Communities Council of Victoria,,http://www.faithvictoria.org.au/calendar
d045f22e-4306-4451-86ba-4b868b8a99a4,MULTI_FAITH,Lent begins on Ash Wednesday,30/03/2021,Faith Communities Council of Victoria,,http://www.faithvictoria.org.au/calendar
70c66a9d-9c7a-481a-9e8c-1a959cd6dae5,MULTI_FAITH,Lent begins on Ash Wednesday,31/03/2021,Faith Communities Council of Victoria,,http://www.faithvictoria.org.au/calendar
30358fab-2c6f-443e-ad8d-289797aea147,MULTI_FAITH,Lent begins on Ash Wednesday,1/04/2021,Faith Communities Council of Victoria,,http://www.faithvictoria.org.au/calendar
8858ab9f-dbbb-4f18-98bf-8e3a80405667,MULTI_FAITH,Purim,26/02/2021,Faith Communities Council of Victoria,,http://www.faithvictoria.org.au/calendar
2b44035a-a784-4528-bcad-9a54f01a7790,MULTI_FAITH,Magha Puja Day / Sangha Day,27/02/2021,Faith Communities Council of Victoria,,http://www.faithvictoria.org.au/calendar
371c628c-dbad-4273-952c-3c8ea7a737ae,MULTI_FAITH,MahaShivaratri,11/03/2021,Faith Communities Council of Victoria,,http://www.faithvictoria.org.au/calendar
895901b0-49e4-4177-9afb-5a4397af6ac9,MULTI_FAITH,Lailat al Miraj,11/03/2021,Faith Communities Council of Victoria,,http://www.faithvictoria.org.au/calendar
e87a904c-2cab-41cb-bd56-ce79d6b0c4b1,MULTI_FAITH,Great Lent (Orthodox),15/03/2021,Faith Communities Council of Victoria,,http://www.faithvictoria.org.au/calendar
c2bcdb01-4525-47e0-a131-2c21bc74c6b4,MULTI_FAITH,Great Lent (Orthodox),16/03/2021,Faith Communities Council of Victoria,,http://www.faithvictoria.org.au/calendar
aa0a1b7e-129d-45d6-a2a8-520be0ace5bb,MULTI_FAITH,Great Lent (Orthodox),17/03/2021,Faith Communities Council of Victoria,,http://www.faithvictoria.org.au/calendar
f90a7d6a-e64f-4df6-87d8-ffa003b0b62f,MULTI_FAITH,Great Lent (Orthodox),18/03/2021,Faith Communities Council of Victoria,,http://www.faithvictoria.org.au/calendar
2a7b36f7-7641-4839-94cb-7a048077699a,MULTI_FAITH,Great Lent (Orthodox),19/03/2021,Faith Communities Council of Victoria,,http://www.faithvictoria.org.au/calendar
e3fadada-724e-4c0b-a982-01b4815958a8,MULTI_FAITH,Great Lent (Orthodox),20/03/2021,Faith Communities Council of Victoria,,http://www.faithvictoria.org.au/calendar
513e6d28-35ae-4422-84b4-871032d03c59,MULTI_FAITH,Great Lent (Orthodox),21/03/2021,Faith Communities Council of Victoria,,http://www.faithvictoria.org.au/calendar
f814392e-4947-4282-bf95-d967b5407171,MULTI_FAITH,Great Lent (Orthodox),22/03/2021,Faith Communities Council of Victoria,,http://www.faithvictoria.org.au/calendar
7f7932f1-6371-425b-9ec0-f0265a5c69b7,MULTI_FAITH,Great Lent (Orthodox),23/03/2021,Faith Communities Council of Victoria,,http://www.faithvictoria.org.au/calendar
6f51906f-23d8-4746-9c0b-ff5ebd887f62,MULTI_FAITH,Great Lent (Orthodox),24/03/2021,Faith Communities Council of Victoria,,http://www.faithvictoria.org.au/calendar
2390f2d9-5f4d-490f-b5b6-e8dd2426b484,MULTI_FAITH,Great Lent (Orthodox),25/03/2021,Faith Communities Council of Victoria,,http://www.faithvictoria.org.au/calendar
b145db20-e402-42d5-b449-54ff6b6584c5,MULTI_FAITH,Great Lent (Orthodox),26/03/2021,Faith Communities Council of Victoria,,http://www.faithvictoria.org.au/calendar
5a32359b-c815-49d1-be26-ee7dd36b7583,MULTI_FAITH,Great Lent (Orthodox),27/03/2021,Faith Communities Council of Victoria,,http://www.faithvictoria.org.au/calendar
df584fac-b6dc-4ba4-81e4-9518c4f56777,MULTI_FAITH,Great Lent (Orthodox),28/03/2021,Faith Communities Council of Victoria,,http://www.faithvictoria.org.au/calendar
b6c2d378-2420-44cd-94dd-3fa05baaaf78,MULTI_FAITH,Great Lent (Orthodox),29/03/2021,Faith Communities Council of Victoria,,http://www.faithvictoria.org.au/calendar
c104e064-b6a1-48a3-8972-ead476f8ecec,MULTI_FAITH,Great Lent (Orthodox),30/03/2021,Faith Communities Council of Victoria,,http://www.faithvictoria.org.au/calendar
99e44313-e8fb-4a00-ad66-501d75778de0,MULTI_FAITH,Great Lent (Orthodox),31/03/2021,Faith Communities Council of Victoria,,http://www.faithvictoria.org.au/calendar
842a97f7-387a-4e69-9014-9943924474e5,MULTI_FAITH,Great Lent (Orthodox),1/04/2021,Faith Communities Council of Victoria,,http://www.faithvictoria.org.au/calendar
c0725edd-fbf4-46de-ba71-fb680a8afef5,MULTI_FAITH,Great Lent (Orthodox),2/04/2021,Faith Communities Council of Victoria,,http://www.faithvictoria.org.au/calendar
f5d91853-860c-415f-a650-bb66a8d968ec,MULTI_FAITH,Great Lent (Orthodox),3/04/2021,Faith Communities Council of Victoria,,http://www.faithvictoria.org.au/calendar
09a54aa4-1a27-4feb-ab7c-ae0ad8420ac9,MULTI_FAITH,Great Lent (Orthodox),4/04/2021,Faith Communities Council of Victoria,,http://www.faithvictoria.org.au/calendar
e32d4017-01bf-47de-9828-776fd26eb27a,MULTI_FAITH,Great Lent (Orthodox),5/04/2021,Faith Communities Council of Victoria,,http://www.faithvictoria.org.au/calendar
8ed53337-04cb-4ac6-b659-77f3ae06b524,MULTI_FAITH,Great Lent (Orthodox),6/04/2021,Faith Communities Council of Victoria,,http://www.faithvictoria.org.au/calendar
40249968-c483-4a9f-8d9e-658c9efaf6d3,MULTI_FAITH,Great Lent (Orthodox),7/04/2021,Faith Communities Council of Victoria,,http://www.faithvictoria.org.au/calendar
9fb80895-0671-4de4-a529-0fb05c899765,MULTI_FAITH,Great Lent (Orthodox),8/04/2021,Faith Communities Council of Victoria,,http://www.faithvictoria.org.au/calendar
5f7bef4a-3522-4a35-8c69-9b7f5398a48d,MULTI_FAITH,Great Lent (Orthodox),9/04/2021,Faith Communities Council of Victoria,,http://www.faithvictoria.org.au/calendar
15b15157-0e06-4daf-a73d-f75ae79c0d15,MULTI_FAITH,Great Lent (Orthodox),10/04/2021,Faith Communities Council of Victoria,,http://www.faithvictoria.org.au/calendar
af86b3c0-99ce-4587-8a07-1b352d6c48fb,MULTI_FAITH,Great Lent (Orthodox),11/04/2021,Faith Communities Council of Victoria,,http://www.faithvictoria.org.au/calendar
b37a72f0-0ee8-4249-996a-f2d2679b3768,MULTI_FAITH,Great Lent (Orthodox),12/04/2021,Faith Communities Council of Victoria,,http://www.faithvictoria.org.au/calendar
8fbec1a4-f9b4-412c-8bdc-3edbc2741c7a,MULTI_FAITH,Great Lent (Orthodox),13/04/2021,Faith Communities Council of Victoria,,http://www.faithvictoria.org.au/calendar
4752c13c-eba9-447c-8ea6-4c089186215b,MULTI_FAITH,Great Lent (Orthodox),14/04/2021,Faith Communities Council of Victoria,,http://www.faithvictoria.org.au/calendar
bce2a5e1-a662-4938-9976-8943d80b0e33,MULTI_FAITH,Great Lent (Orthodox),15/04/2021,Faith Communities Council of Victoria,,http://www.faithvictoria.org.au/calendar
b3970493-f701-4b10-a22b-e28bedf9e970,MULTI_FAITH,Great Lent (Orthodox),16/04/2021,Faith Communities Council of Victoria,,http://www.faithvictoria.org.au/calendar
f56a8776-2653-4e24-b057-cbf44905be78,MULTI_FAITH,Great Lent (Orthodox),17/04/2021,Faith Communities Council of Victoria,,http://www.faithvictoria.org.au/calendar
4b2fddde-6e17-43d7-b6ec-60080708ab51,MULTI_FAITH,Great Lent (Orthodox),18/04/2021,Faith Communities Council of Victoria,,http://www.faithvictoria.org.au/calendar
acc47a0b-0ebc-4010-8145-16b7abf1a318,MULTI_FAITH,Great Lent (Orthodox),19/04/2021,Faith Communities Council of Victoria,,http://www.faithvictoria.org.au/calendar
f7d5ac2a-397d-4e27-b14a-ef0b5b201431,MULTI_FAITH,Great Lent (Orthodox),20/04/2021,Faith Communities Council of Victoria,,http://www.faithvictoria.org.au/calendar
e56d2abd-e6ac-4448-be7f-c08f286f8eb8,MULTI_FAITH,Great Lent (Orthodox),21/04/2021,Faith Communities Council of Victoria,,http://www.faithvictoria.org.au/calendar
0bfb084a-3e7c-4038-a500-dd46d8444420,MULTI_FAITH,Great Lent (Orthodox),22/04/2021,Faith Communities Council of Victoria,,http://www.faithvictoria.org.au/calendar
391c911c-f7b2-4759-ab13-e81ee4688fa5,MULTI_FAITH,Great Lent (Orthodox),23/04/2021,Faith Communities Council of Victoria,,http://www.faithvictoria.org.au/calendar
492bbad1-2287-4721-b4d4-6de29fffbf2d,MULTI_FAITH,Naw Ruz,20/03/2021,Faith Communities Council of Victoria,,http://www.faithvictoria.org.au/calendar
07c0fc26-bb4a-4a58-85f1-8f05439b6428,MULTI_FAITH,Holy Week,28/03/2021,Faith Communities Council of Victoria,,http://www.faithvictoria.org.au/calendar
b18fd0e9-b810-4955-a2a3-e9fb2231f7af,MULTI_FAITH,Holy Week,29/03/2021,Faith Communities Council of Victoria,,http://www.faithvictoria.org.au/calendar
09fb9a53-923d-41dd-9498-0714c81017bf,MULTI_FAITH,Holy Week,30/03/2021,Faith Communities Council of Victoria,,http://www.faithvictoria.org.au/calendar
a4b103c8-9246-4343-9135-24b06e8e3fc3,MULTI_FAITH,Holy Week,31/03/2021,Faith Communities Council of Victoria,,http://www.faithvictoria.org.au/calendar
905f06bf-de94-45a4-874b-6a87cb96fbcc,MULTI_FAITH,Holy Week,1/04/2021,Faith Communities Council of Victoria,,http://www.faithvictoria.org.au/calendar
55b66964-e4cc-4657-a8b8-6d82be4a0458,MULTI_FAITH,Holy Week,2/04/2021,Faith Communities Council of Victoria,,http://www.faithvictoria.org.au/calendar
fb181dab-333e-483c-8f02-2064f7b333c8,MULTI_FAITH,Holy Week,3/04/2021,Faith Communities Council of Victoria,,http://www.faithvictoria.org.au/calendar
a6651907-0957-49bc-94f8-15907eade11d,MULTI_FAITH,Pesach,28/03/2021,Faith Communities Council of Victoria,,http://www.faithvictoria.org.au/calendar
9141d1e7-8672-4423-86f6-1acc27cd472d,MULTI_FAITH,Pesach,29/03/2021,Faith Communities Council of Victoria,,http://www.faithvictoria.org.au/calendar
1ab20925-470d-46a2-ae89-f215ed912207,MULTI_FAITH,Pesach,30/03/2021,Faith Communities Council of Victoria,,http://www.faithvictoria.org.au/calendar
aa998a64-6cb7-4a5b-afe6-8a7b5a4da80a,MULTI_FAITH,Pesach,31/03/2021,Faith Communities Council of Victoria,,http://www.faithvictoria.org.au/calendar
7243c77d-d791-492e-8854-9dab2693973d,MULTI_FAITH,Pesach,1/04/2021,Faith Communities Council of Victoria,,http://www.faithvictoria.org.au/calendar
4066f145-123a-4989-9765-3243f0e0b619,MULTI_FAITH,Pesach,2/04/2021,Faith Communities Council of Victoria,,http://www.faithvictoria.org.au/calendar
7840d026-fb24-484b-a90a-53da4a00d30a,MULTI_FAITH,Pesach,3/04/2021,Faith Communities Council of Victoria,,http://www.faithvictoria.org.au/calendar
283446ef-f1a4-4e42-a7ce-57e229543453,MULTI_FAITH,Pesach,4/04/2021,Faith Communities Council of Victoria,,http://www.faithvictoria.org.au/calendar
eea2df8d-a821-4282-ae98-da66c9fb4d3d,MULTI_FAITH,Holi,29/04/2021,Faith Communities Council of Victoria,,http://www.faithvictoria.org.au/calendar
f59d99d4-2a25-4e66-b075-b84d9ea2be34,MULTI_FAITH,Lailat al Bara'ah,29/03/2021,Faith Communities Council of Victoria,,http://www.faithvictoria.org.au/calendar
38a91006-5280-44bf-9df8-0423faae1faa,MULTI_FAITH,Hola Mohalla,29/03/2021,Faith Communities Council of Victoria,,http://www.faithvictoria.org.au/calendar
91117840-bd4e-4d48-be92-b19b9f1fa6a4,MULTI_FAITH,Good/Holy Friday,2/04/2021,Faith Communities Council of Victoria,,http://www.faithvictoria.org.au/calendar
17a1791b-3b50-4ba2-abfb-bb88a907aa34,MULTI_FAITH,Easter,4/04/2021,Faith Communities Council of Victoria,,http://www.faithvictoria.org.au/calendar
7ea0b7d9-d744-476f-8c10-dcf3ee8fef73,MULTI_FAITH,Yom HaShoah,8/04/2021,Faith Communities Council of Victoria,,http://www.faithvictoria.org.au/calendar
ba546b75-59ba-4fa1-85b7-a9d647a39de9,MULTI_FAITH,Ramadan,13/04/2021,Faith Communities Council of Victoria,,http://www.faithvictoria.org.au/calendar
7636ad34-7969-4b42-91ea-6c182e34b872,MULTI_FAITH,Ramadan,14/04/2021,Faith Communities Council of Victoria,,http://www.faithvictoria.org.au/calendar
3f3638a8-1f7a-4c4f-af7b-36b4085b0dac,MULTI_FAITH,Ramadan,15/04/2021,Faith Communities Council of Victoria,,http://www.faithvictoria.org.au/calendar
cbbeb7e6-3a1f-49b4-9fee-27a3a169a578,MULTI_FAITH,Ramadan,16/04/2021,Faith Communities Council of Victoria,,http://www.faithvictoria.org.au/calendar
b7f36483-3691-4d3a-99ff-4adaf80f59da,MULTI_FAITH,Ramadan,17/04/2021,Faith Communities Council of Victoria,,http://www.faithvictoria.org.au/calendar
2aebd78b-afd5-404d-9485-2fdc53b4d546,MULTI_FAITH,Ramadan,18/04/2021,Faith Communities Council of Victoria,,http://www.faithvictoria.org.au/calendar
9f5d0202-c0e9-4215-a915-735fc83339da,MULTI_FAITH,Ramadan,19/04/2021,Faith Communities Council of Victoria,,http://www.faithvictoria.org.au/calendar
13e47112-9a23-4be4-8be0-3d1b75a875c3,MULTI_FAITH,Ramadan,20/04/2021,Faith Communities Council of Victoria,,http://www.faithvictoria.org.au/calendar
98aec694-f8ed-4a8a-9be2-2277087998a0,MULTI_FAITH,Ramadan,21/04/2021,Faith Communities Council of Victoria,,http://www.faithvictoria.org.au/calendar
83cff755-0bfd-4533-9800-31c4cfd90d5e,MULTI_FAITH,Ramadan,22/04/2021,Faith Communities Council of Victoria,,http://www.faithvictoria.org.au/calendar
9304e3eb-8174-4d5a-8b24-499355f2ee40,MULTI_FAITH,Ramadan,23/04/2021,Faith Communities Council of Victoria,,http://www.faithvictoria.org.au/calendar
7fc57f8a-c80f-48f1-bf24-7788fd9e327f,MULTI_FAITH,Ramadan,24/04/2021,Faith Communities Council of Victoria,,http://www.faithvictoria.org.au/calendar
4beaa678-aabf-4788-bd33-2c0494f6483c,MULTI_FAITH,Ramadan,25/04/2021,Faith Communities Council of Victoria,,http://www.faithvictoria.org.au/calendar
c2f1ea15-1a0c-421a-98e0-56447a6d797b,MULTI_FAITH,Ramadan,26/04/2021,Faith Communities Council of Victoria,,http://www.faithvictoria.org.au/calendar
55d59274-fa48-4deb-a8c7-91711b7cf810,MULTI_FAITH,Ramadan,27/04/2021,Faith Communities Council of Victoria,,http://www.faithvictoria.org.au/calendar
bf3bbec1-4dd1-4121-9e0e-594753afaf17,MULTI_FAITH,Ramadan,28/04/2021,Faith Communities Council of Victoria,,http://www.faithvictoria.org.au/calendar
a8f25f73-be3d-4cd9-ba57-24abbd6f5356,MULTI_FAITH,Ramadan,29/04/2021,Faith Communities Council of Victoria,,http://www.faithvictoria.org.au/calendar
5bac73d5-fc4d-4d68-ad24-e3bf39c5cf19,MULTI_FAITH,Ramadan,30/04/2021,Faith Communities Council of Victoria,,http://www.faithvictoria.org.au/calendar
a3bc1e16-a897-4539-a56e-4a6c80135a89,MULTI_FAITH,Ramadan,1/05/2021,Faith Communities Council of Victoria,,http://www.faithvictoria.org.au/calendar
7874e847-9a90-45cd-beba-be1782d146c9,MULTI_FAITH,Ramadan,2/05/2021,Faith Communities Council of Victoria,,http://www.faithvictoria.org.au/calendar
1ced18ca-9a25-4821-b026-41dd46a1609b,MULTI_FAITH,Ramadan,3/05/2021,Faith Communities Council of Victoria,,http://www.faithvictoria.org.au/calendar
f3e108e7-6fb2-419a-b582-2cc50ea86bbc,MULTI_FAITH,Ramadan,4/05/2021,Faith Communities Council of Victoria,,http://www.faithvictoria.org.au/calendar
4c8ad3e2-da94-4efc-bbde-8c75a0fdc924,MULTI_FAITH,Ramadan,5/05/2021,Faith Communities Council of Victoria,,http://www.faithvictoria.org.au/calendar
a3ed5f8c-e308-4842-84fa-abaa3acafe36,MULTI_FAITH,Ramadan,6/05/2021,Faith Communities Council of Victoria,,http://www.faithvictoria.org.au/calendar
6505142c-ccb0-4052-8033-3b4f08e7ee5f,MULTI_FAITH,Ramadan,7/05/2021,Faith Communities Council of Victoria,,http://www.faithvictoria.org.au/calendar
bcf65f4e-2742-4dcf-aea1-ed1b04f25d5d,MULTI_FAITH,Ramadan,8/05/2021,Faith Communities Council of Victoria,,http://www.faithvictoria.org.au/calendar
0fc09bdb-844a-43f6-9b76-c8ab20446e76,MULTI_FAITH,Ramadan,9/05/2021,Faith Communities Council of Victoria,,http://www.faithvictoria.org.au/calendar
f88bae33-8085-4e27-819d-272d21c5f212,MULTI_FAITH,Ramadan,10/05/2021,Faith Communities Council of Victoria,,http://www.faithvictoria.org.au/calendar
ad07b34f-79e8-479a-ac13-606bfa71b89b,MULTI_FAITH,Ramadan,11/05/2021,Faith Communities Council of Victoria,,http://www.faithvictoria.org.au/calendar
dbd08927-322c-4d56-817d-92cbc95a553c,MULTI_FAITH,Ramadan,12/05/2021,Faith Communities Council of Victoria,,http://www.faithvictoria.org.au/calendar
05386738-1d17-4d75-9c51-40f4553bc1c2,MULTI_FAITH,Baisakhi,14/04/2021,Faith Communities Council of Victoria,,http://www.faithvictoria.org.au/calendar
69796cf1-1904-4c72-b87f-7bff2cd1f377,MULTI_FAITH,Ridvan,20/04/2021,Faith Communities Council of Victoria,,http://www.faithvictoria.org.au/calendar
a8962a52-0a90-48c9-8b2e-b2db021104be,MULTI_FAITH,Ridvan,21/04/2021,Faith Communities Council of Victoria,,http://www.faithvictoria.org.au/calendar
4161c9c6-7beb-4aec-8a11-ec04ebae8b4c,MULTI_FAITH,Ridvan,22/04/2021,Faith Communities Council of Victoria,,http://www.faithvictoria.org.au/calendar
f6ebbcf5-d0ea-4bc8-9e07-84acd33e2bc9,MULTI_FAITH,Ridvan,23/04/2021,Faith Communities Council of Victoria,,http://www.faithvictoria.org.au/calendar
d2ea3e5d-46d1-4663-b29b-55213d2a2e96,MULTI_FAITH,Ridvan,24/04/2021,Faith Communities Council of Victoria,,http://www.faithvictoria.org.au/calendar
4f6070af-b453-4df9-bcb0-6c2f2136c5cc,MULTI_FAITH,Ridvan,25/04/2021,Faith Communities Council of Victoria,,http://www.faithvictoria.org.au/calendar
023f6d56-12e1-43f8-9809-cdc60a0faf17,MULTI_FAITH,Ridvan,26/04/2021,Faith Communities Council of Victoria,,http://www.faithvictoria.org.au/calendar
9d61835a-1e61-46bc-bed9-83ce314a4c5a,MULTI_FAITH,Ridvan,27/04/2021,Faith Communities Council of Victoria,,http://www.faithvictoria.org.au/calendar
ba6d61a8-e3f6-4468-89f4-dc1ef3007c2f,MULTI_FAITH,Ridvan,28/04/2021,Faith Communities Council of Victoria,,http://www.faithvictoria.org.au/calendar
1f7b34a0-f906-458f-82f9-76fdefe48515,MULTI_FAITH,Ridvan,29/04/2021,Faith Communities Council of Victoria,,http://www.faithvictoria.org.au/calendar
80cadf68-9169-453d-82e9-acce6f47a5bc,MULTI_FAITH,Ridvan,30/04/2021,Faith Communities Council of Victoria,,http://www.faithvictoria.org.au/calendar
0b5ee081-2663-4461-878d-40f123f2781b,MULTI_FAITH,Ridvan,1/05/2021,Faith Communities Council of Victoria,,http://www.faithvictoria.org.au/calendar
1d88fcbd-eff1-4c30-805b-6f6e62c918f1,MULTI_FAITH,Rama Navami,21/04/2021,Faith Communities Council of Victoria,,http://www.faithvictoria.org.au/calendar
6da59f20-2f13-456f-8217-f800c59bd567,MULTI_FAITH,Theravada New Year,21/04/2021,Faith Communities Council of Victoria,,http://www.faithvictoria.org.au/calendar
1a372a64-d720-476f-b364-897322c9dea5,MULTI_FAITH,Easter/Pascha (Orthodox),2/05/2021,Faith Communities Council of Victoria,,http://www.faithvictoria.org.au/calendar
d20c7162-0a95-47ba-85f5-62456b55c7be,MULTI_FAITH,Lailat al Qadr,9/05/2021,Faith Communities Council of Victoria,,http://www.faithvictoria.org.au/calendar
0052316e-b707-4515-9f20-67e4259fdc8e,MULTI_FAITH,Eid ul Fitr,13/05/2021,Faith Communities Council of Victoria,,http://www.faithvictoria.org.au/calendar
13a850a9-1540-405e-b209-0f535153651a,MULTI_FAITH,Shavuot,17/05/2021,Faith Communities Council of Victoria,,http://www.faithvictoria.org.au/calendar
0458fe63-d0ae-4bf2-83a7-b4caa60ad0f6,MULTI_FAITH,Declaration of the Bab,23/05/2021,Faith Communities Council of Victoria,,http://www.faithvictoria.org.au/calendar
6e2e6fec-9e71-49a6-9ada-a4bc0908e4ce,MULTI_FAITH,Pentecost,23/05/2021,Faith Communities Council of Victoria,,http://www.faithvictoria.org.au/calendar
e63f89a3-26ec-4854-a49c-d0d4c7e00a96,MULTI_FAITH,Vesak / Buddha Day,26/05/2021,Faith Communities Council of Victoria,,http://www.faithvictoria.org.au/calendar
84780a3e-bd08-407a-86e4-d47c78050c57,MULTI_FAITH,Ascension of Baha'ullah,28/05/2021,Faith Communities Council of Victoria,,http://www.faithvictoria.org.au/calendar
4bc76a78-5223-4985-a134-7e547d31e680,MULTI_FAITH,Martyrdom of Guru Arjun Dev Ji,16/06/2021,Faith Communities Council of Victoria,,http://www.faithvictoria.org.au/calendar
4b287838-9a5a-43d3-91be-668214e5672a,MULTI_FAITH,Martyrdom of the Bab,9/07/2021,Faith Communities Council of Victoria,,http://www.faithvictoria.org.au/calendar
c89ea568-2b15-451a-9055-a6468b48aa35,MULTI_FAITH,Tisha B'Av,18/07/2021,Faith Communities Council of Victoria,,http://www.faithvictoria.org.au/calendar
6a1d561c-a5a0-488b-88c4-28226e782fbe,MULTI_FAITH,Eid Al Adha,20/07/2021,Faith Communities Council of Victoria,,http://www.faithvictoria.org.au/calendar
0dc022d3-6a75-41dd-ac6b-2df097256b94,MULTI_FAITH,Eid Al Adha,21/07/2021,Faith Communities Council of Victoria,,http://www.faithvictoria.org.au/calendar
ac75c25e-2caf-4434-9a3b-2b4c55bd0764,MULTI_FAITH,Eid Al Adha,22/07/2021,Faith Communities Council of Victoria,,http://www.faithvictoria.org.au/calendar
4b7b3c7b-c560-4f5d-824d-cf99e975781e,MULTI_FAITH,Eid Al Adha,23/07/2021,Faith Communities Council of Victoria,,http://www.faithvictoria.org.au/calendar
752e0406-3818-4c13-a3dd-8274aa62df0e,MULTI_FAITH,Asalha Puja/Dharma Day,24/07/2021,Faith Communities Council of Victoria,,http://www.faithvictoria.org.au/calendar
291dec51-36e3-495c-81f6-ab26d1093bf6,MULTI_FAITH,Hijra,10/08/2021,Faith Communities Council of Victoria,,http://www.faithvictoria.org.au/calendar
a22ec489-4e87-4693-90cf-9d0f30382815,MULTI_FAITH,Assumption of the Blessed Virgin Mary,15/08/2021,Faith Communities Council of Victoria,,http://www.faithvictoria.org.au/calendar
1adbf727-7131-437b-983b-1312200c2978,MULTI_FAITH,Raksha Bandhan,22/08/2021,Faith Communities Council of Victoria,,http://www.faithvictoria.org.au/calendar
6f431f95-1116-4190-ba01-abc70bb6513e,MULTI_FAITH,Krishna Janmashtami,30/08/2021,Faith Communities Council of Victoria,,http://www.faithvictoria.org.au/calendar
991cff9f-3f8f-429e-9f40-f9478fb36278,MULTI_FAITH,Rosh Hashanah,7/09/2021,Faith Communities Council of Victoria,,http://www.faithvictoria.org.au/calendar
a548a5fb-3d5c-4bc9-aacb-0bbaeeabea74,MULTI_FAITH,Rosh Hashanah,8/09/2021,Faith Communities Council of Victoria,,http://www.faithvictoria.org.au/calendar
6a34a71e-e883-4d82-b587-e675c912a6f8,MULTI_FAITH,Ganesh Chaturthi,10/09/2021,Faith Communities Council of Victoria,,http://www.faithvictoria.org.au/calendar
77c7a894-a643-4e4c-8a2a-03a4679672e8,MULTI_FAITH,Yom Kippur,16/09/2021,Faith Communities Council of Victoria,,http://www.faithvictoria.org.au/calendar
f813abae-a2ca-4183-a062-31856f8b5010,MULTI_FAITH,Sukkot,21/09/2021,Faith Communities Council of Victoria,,http://www.faithvictoria.org.au/calendar
ea52fe7a-bd1f-473d-9836-02449e4bd3be,MULTI_FAITH,Sukkot,22/09/2021,Faith Communities Council of Victoria,,http://www.faithvictoria.org.au/calendar
2278f7bb-fe0f-4a91-aa53-db4d9a17fd4b,MULTI_FAITH,Sukkot,23/09/2021,Faith Communities Council of Victoria,,http://www.faithvictoria.org.au/calendar
76165c28-6c66-4ea0-8c86-ec87409b7dcc,MULTI_FAITH,Sukkot,24/09/2021,Faith Communities Council of Victoria,,http://www.faithvictoria.org.au/calendar
eb47eace-8889-4709-975c-1da842e2a97e,MULTI_FAITH,Sukkot,25/09/2021,Faith Communities Council of Victoria,,http://www.faithvictoria.org.au/calendar
dbb12094-eba9-4c26-8a28-49d61b4eca26,MULTI_FAITH,Sukkot,26/09/2021,Faith Communities Council of Victoria,,http://www.faithvictoria.org.au/calendar
b0d7be08-d9e1-4280-89b2-366ec9ed1020,MULTI_FAITH,Sukkot,27/09/2021,Faith Communities Council of Victoria,,http://www.faithvictoria.org.au/calendar
13fb2f2e-dc3d-4247-8176-152a55a2222b,MULTI_FAITH,Simchat Torah,29/09/2021,Faith Communities Council of Victoria,,http://www.faithvictoria.org.au/calendar
19ff2d31-6c25-4200-9850-6226cfb91fbb,MULTI_FAITH,Navaratri,7/10/2021,Faith Communities Council of Victoria,,http://www.faithvictoria.org.au/calendar
2e5e83ff-5fdc-443b-b6b8-31f800aef2fa,MULTI_FAITH,Navaratri,8/10/2021,Faith Communities Council of Victoria,,http://www.faithvictoria.org.au/calendar
667b6a74-69df-45b4-800c-24a93aa3c53c,MULTI_FAITH,Navaratri,9/10/2021,Faith Communities Council of Victoria,,http://www.faithvictoria.org.au/calendar
9443122f-f603-4494-892a-796b7217870f,MULTI_FAITH,Navaratri,10/10/2021,Faith Communities Council of Victoria,,http://www.faithvictoria.org.au/calendar
061b0236-a466-40cd-88a2-cb6e65aa1c27,MULTI_FAITH,Navaratri,11/10/2021,Faith Communities Council of Victoria,,http://www.faithvictoria.org.au/calendar
76caf253-b91f-49cd-97e0-32f6048fae69,MULTI_FAITH,Navaratri,12/10/2021,Faith Communities Council of Victoria,,http://www.faithvictoria.org.au/calendar
469f01da-e597-4fd9-883d-443e30488b59,MULTI_FAITH,Navaratri,13/10/2021,Faith Communities Council of Victoria,,http://www.faithvictoria.org.au/calendar
d8bfafb9-fe1d-4d16-bbfb-b62177a1a6c8,MULTI_FAITH,Navaratri,14/10/2021,Faith Communities Council of Victoria,,http://www.faithvictoria.org.au/calendar
f3a23f49-a521-424c-a9c1-80df65a59967,MULTI_FAITH,Dussehra,15/10/2021,Faith Communities Council of Victoria,,http://www.faithvictoria.org.au/calendar
2c62453c-16dd-427e-a865-3fb84266bc11,MULTI_FAITH,Conferment of Guruship to Guru Granth Sahib,20/10/2021,Faith Communities Council of Victoria,,http://www.faithvictoria.org.au/calendar
b3ec44d9-c68a-4ce7-b427-b00f52fc7ab2,MULTI_FAITH,All Saints Day,1/11/2021,Faith Communities Council of Victoria,,http://www.faithvictoria.org.au/calendar
aca17031-7b01-481d-965c-fbd47caea4eb,MULTI_FAITH,Diwali,4/11/2021,Faith Communities Council of Victoria,,http://www.faithvictoria.org.au/calendar
0aba63a3-61d4-4c94-85ce-9cb8a4d445bf,MULTI_FAITH,Bandi Chhor Divas (Diwali),4/11/2021,Faith Communities Council of Victoria,,http://www.faithvictoria.org.au/calendar
42dc06ce-e89e-4084-ab30-84de84a97eb4,MULTI_FAITH,Birth of the Bab,6/11/2021,Faith Communities Council of Victoria,,http://www.faithvictoria.org.au/calendar
38510f10-01a5-48b0-bddd-b9574c237060,MULTI_FAITH,Birth of Baha'ullah,7/11/2021,Faith Communities Council of Victoria,,http://www.faithvictoria.org.au/calendar
13214e58-da93-49b2-a2b3-f58a1571ba9c,MULTI_FAITH,Birth of Guru Nanak Dev Sahib Ji,19/11/2021,Faith Communities Council of Victoria,,http://www.faithvictoria.org.au/calendar
24378886-c453-4959-8d10-a0c72cd26d26,MULTI_FAITH,Martyrdom of Guru Tegh Bahadur Ji,24/11/2021,Faith Communities Council of Victoria,,http://www.faithvictoria.org.au/calendar
668b1451-746c-4739-a253-129f81200b22,MULTI_FAITH,Advent,28/11/2021,Faith Communities Council of Victoria,,http://www.faithvictoria.org.au/calendar
fddf47cc-382f-48e6-b322-547d6abfd689,MULTI_FAITH,Advent,29/11/2021,Faith Communities Council of Victoria,,http://www.faithvictoria.org.au/calendar
6f7ada23-ffeb-4fbd-aba4-16fac6fb9ec3,MULTI_FAITH,Advent,30/11/2021,Faith Communities Council of Victoria,,http://www.faithvictoria.org.au/calendar
55faf2da-7812-44e1-91bd-6dd40fad32db,MULTI_FAITH,Advent,1/12/2021,Faith Communities Council of Victoria,,http://www.faithvictoria.org.au/calendar
507d25a7-d822-49d6-9f98-ddfb4aa867ca,MULTI_FAITH,Advent,2/12/2021,Faith Communities Council of Victoria,,http://www.faithvictoria.org.au/calendar
232502aa-01ef-4d18-a018-fa0f397f9bf4,MULTI_FAITH,Advent,3/12/2021,Faith Communities Council of Victoria,,http://www.faithvictoria.org.au/calendar
2846d31a-dfad-4615-8b5e-0185f6529bcc,MULTI_FAITH,Advent,4/12/2021,Faith Communities Council of Victoria,,http://www.faithvictoria.org.au/calendar
4d155a95-3216-4ac6-a22f-9a6720ec27bd,MULTI_FAITH,Advent,5/12/2021,Faith Communities Council of Victoria,,http://www.faithvictoria.org.au/calendar
4292727f-8048-4841-90a8-d279b22496b3,MULTI_FAITH,Advent,6/12/2021,Faith Communities Council of Victoria,,http://www.faithvictoria.org.au/calendar
e71824f7-1777-48ac-b0f7-4fd2f6a981fb,MULTI_FAITH,Advent,7/12/2021,Faith Communities Council of Victoria,,http://www.faithvictoria.org.au/calendar
f9334497-fc0a-48d6-b79a-267f9a748338,MULTI_FAITH,Advent,8/12/2021,Faith Communities Council of Victoria,,http://www.faithvictoria.org.au/calendar
543fd76f-7d92-4720-8260-6f27b08fd8ad,MULTI_FAITH,Advent,9/12/2021,Faith Communities Council of Victoria,,http://www.faithvictoria.org.au/calendar
1c5787c2-d09e-430d-b2a5-8e941da76a6d,MULTI_FAITH,Advent,10/12/2021,Faith Communities Council of Victoria,,http://www.faithvictoria.org.au/calendar
21eda89d-cbe0-4885-af7a-a5df0721b899,MULTI_FAITH,Advent,11/12/2021,Faith Communities Council of Victoria,,http://www.faithvictoria.org.au/calendar
46fad1cb-e956-420e-bd0b-127dd17dd74d,MULTI_FAITH,Advent,12/12/2021,Faith Communities Council of Victoria,,http://www.faithvictoria.org.au/calendar
5c9b85e7-1e65-4cf7-8eda-71a999ca40f5,MULTI_FAITH,Advent,13/12/2021,Faith Communities Council of Victoria,,http://www.faithvictoria.org.au/calendar
87e8eb62-aa0f-4919-812f-e26d42aae799,MULTI_FAITH,Advent,14/12/2021,Faith Communities Council of Victoria,,http://www.faithvictoria.org.au/calendar
e5ffb298-5b43-4467-ad57-623b8f88d700,MULTI_FAITH,Advent,15/12/2021,Faith Communities Council of Victoria,,http://www.faithvictoria.org.au/calendar
d9436314-e8c8-4e75-8bc5-897a83a38620,MULTI_FAITH,Advent,16/12/2021,Faith Communities Council of Victoria,,http://www.faithvictoria.org.au/calendar
3d9530d1-98d0-4e6a-bb1a-27e1f101d774,MULTI_FAITH,Advent,17/12/2021,Faith Communities Council of Victoria,,http://www.faithvictoria.org.au/calendar
ee593fa4-58cc-4de3-a18d-49b73a1559f7,MULTI_FAITH,Advent,18/12/2021,Faith Communities Council of Victoria,,http://www.faithvictoria.org.au/calendar
982ffd14-c03d-4c68-a4eb-dc66fb8fe3d7,MULTI_FAITH,Advent,19/12/2021,Faith Communities Council of Victoria,,http://www.faithvictoria.org.au/calendar
96fa19db-4a3a-4965-ac70-37cdb83b09b1,MULTI_FAITH,Advent,20/12/2021,Faith Communities Council of Victoria,,http://www.faithvictoria.org.au/calendar
fe3f12e2-b662-49b0-90ab-d2aa118b7a94,MULTI_FAITH,Advent,21/12/2021,Faith Communities Council of Victoria,,http://www.faithvictoria.org.au/calendar
3c6d7e37-6943-48fb-a61a-f32bd0f254d1,MULTI_FAITH,Advent,22/12/2021,Faith Communities Council of Victoria,,http://www.faithvictoria.org.au/calendar
d0569c72-57a5-412e-9f6b-b8ce0589e029,MULTI_FAITH,Advent,23/12/2021,Faith Communities Council of Victoria,,http://www.faithvictoria.org.au/calendar
c2fdf7fc-8644-4a68-b327-dad4b6f98cc2,MULTI_FAITH,Advent,24/12/2021,Faith Communities Council of Victoria,,http://www.faithvictoria.org.au/calendar
5d181003-bb12-4d6c-b6fa-7914136e22cf,MULTI_FAITH,Hanukkah,29/11/2021,Faith Communities Council of Victoria,,http://www.faithvictoria.org.au/calendar
37476cc7-7898-42a6-876a-6f0b883207e5,MULTI_FAITH,Hanukkah,30/11/2021,Faith Communities Council of Victoria,,http://www.faithvictoria.org.au/calendar
5bff6766-4152-466d-a488-a151e14b0679,MULTI_FAITH,Hanukkah,1/12/2021,Faith Communities Council of Victoria,,http://www.faithvictoria.org.au/calendar
241035fb-e1a6-4f84-9453-f24aa75754cc,MULTI_FAITH,Hanukkah,2/12/2021,Faith Communities Council of Victoria,,http://www.faithvictoria.org.au/calendar
3419c09d-63e4-427c-916c-ad780663bf33,MULTI_FAITH,Hanukkah,3/12/2021,Faith Communities Council of Victoria,,http://www.faithvictoria.org.au/calendar
b0df8678-4d04-40b0-9903-3059825e461f,MULTI_FAITH,Hanukkah,4/12/2021,Faith Communities Council of Victoria,,http://www.faithvictoria.org.au/calendar
4fdcf1b1-0234-49ff-9b7c-f420c81787fc,MULTI_FAITH,Hanukkah,5/12/2021,Faith Communities Council of Victoria,,http://www.faithvictoria.org.au/calendar
bff057c8-6658-453c-a410-dad5495d52e6,MULTI_FAITH,Hanukkah,6/12/2021,Faith Communities Council of Victoria,,http://www.faithvictoria.org.au/calendar
3c3a9d8b-31af-4228-8e33-85cdb6c76e1f,MULTI_FAITH,Bodhi Day,8/12/2021,Faith Communities Council of Victoria,,http://www.faithvictoria.org.au/calendar
6c3db789-b765-44b9-b210-3e80e180c0e4,MULTI_FAITH,Christmas,25/12/2021,Faith Communities Council of Victoria,,http://www.faithvictoria.org.au/calendar
d2913211-614f-40a4-a61d-a822095d67c1,PARLIAMENT_SITTING,Both Houses sitting,6/02/2019,Parliament of Victoria,,https://new.parliament.vic.gov.au/parliamentary-activity/
b0177023-73fe-4c52-8a07-43d71ffe8883,PARLIAMENT_SITTING,Both Houses sitting,19/02/2019,Parliament of Victoria,,https://new.parliament.vic.gov.au/parliamentary-activity/
b779ce68-cd0d-43d3-9dd5-6b187960e4ef,PARLIAMENT_SITTING,Both Houses sitting,6/03/2019,Parliament of Victoria,,https://new.parliament.vic.gov.au/parliamentary-activity/
9ffcfee4-5a10-4429-989c-bd1ba4518809,PARLIAMENT_SITTING,Both Houses sitting,9/05/2019,Parliament of Victoria,,https://new.parliament.vic.gov.au/parliamentary-activity/
6047557f-fa2c-49e3-a0ca-4ac19861c1e5,PARLIAMENT_SITTING,Both Houses sitting,15/08/2019,Parliament of Victoria,,https://new.parliament.vic.gov.au/parliamentary-activity/
b12e1ea9-1e2f-456a-bd9e-d69891e701c0,PARLIAMENT_SITTING,Both Houses sitting,5/06/2019,Parliament of Victoria,,https://new.parliament.vic.gov.au/parliamentary-activity/
c13ba997-d074-470c-a839-afb18acf4e6d,PARLIAMENT_SITTING,Both Houses sitting,11/09/2019,Parliament of Victoria,,https://new.parliament.vic.gov.au/parliamentary-activity/
f0ae2d97-a646-49b3-9134-e9e66e10c11c,PARLIAMENT_SITTING,Both Houses sitting,13/11/2019,Parliament of Victoria,,https://new.parliament.vic.gov.au/parliamentary-activity/
101317b1-cd31-4d69-a5aa-6f87844bf0bc,PARLIAMENT_SITTING,Both Houses sitting,14/11/2019,Parliament of Victoria,,https://new.parliament.vic.gov.au/parliamentary-activity/
dd43df4e-ee86-4763-88f2-09157609da95,PARLIAMENT_SITTING,Legislative council only,18/10/2019,Parliament of Victoria,,https://new.parliament.vic.gov.au/parliamentary-activity/
3e1d30d9-2d4b-4320-a5a0-cbb34a15934b,PARLIAMENT_SITTING,Legislative council only,29/11/2019,Parliament of Victoria,,https://new.parliament.vic.gov.au/parliamentary-activity/
fd46f956-a7d3-4b08-adb5-357a3ec9eb33,PARLIAMENT_SITTING,Both Houses sitting,12/09/2019,Parliament of Victoria,,https://new.parliament.vic.gov.au/parliamentary-activity/
32f66bce-d494-44d4-be61-6dea1c5eb2e4,PARLIAMENT_SITTING,Both Houses sitting,17/10/2019,Parliament of Victoria,,https://new.parliament.vic.gov.au/parliamentary-activity/
07c2fcfd-03e2-4b29-856f-9606f579be58,PARLIAMENT_SITTING,Both Houses sitting,5/02/2020,Parliament of Victoria,,https://new.parliament.vic.gov.au/parliamentary-activity/
6ba232f4-ee76-4d72-ad49-1ca9011ecbe9,PARLIAMENT_SITTING,Both Houses sitting,21/05/2020,Parliament of Victoria,,https://new.parliament.vic.gov.au/parliamentary-activity/
7222ee4d-98ac-4d19-953f-1320122baac9,PARLIAMENT_SITTING,Both Houses sitting,18/06/2020,Parliament of Victoria,,https://new.parliament.vic.gov.au/parliamentary-activity/
668b996a-14b0-4b9d-857c-d28839cbcc5d,PARLIAMENT_SITTING,Both Houses sitting,4/08/2020,Parliament of Victoria,,https://new.parliament.vic.gov.au/parliamentary-activity/
3502b6fc-a547-4d0f-b0bf-7d5e640e45a2,PARLIAMENT_SITTING,Both Houses sitting,5/08/2020,Parliament of Victoria,,https://new.parliament.vic.gov.au/parliamentary-activity/
f393bc6d-5b72-491f-99e4-794392111452,PARLIAMENT_SITTING,Both Houses sitting,19/08/2020,Parliament of Victoria,,https://new.parliament.vic.gov.au/parliamentary-activity/
3689fff4-7c24-46cf-aff8-f8ba49598bc8,PARLIAMENT_SITTING,Both Houses sitting,2/09/2020,Parliament of Victoria,,https://new.parliament.vic.gov.au/parliamentary-activity/
eb5d25e7-512c-4935-a9a7-f7fa2ab46bad,PARLIAMENT_SITTING,Both Houses sitting,16/09/2020,Parliament of Victoria,,https://new.parliament.vic.gov.au/parliamentary-activity/
054f5541-bed2-4612-800c-436e06d062e3,PARLIAMENT_SITTING,Both Houses sitting,21/02/2019,Parliament of Victoria,,https://new.parliament.vic.gov.au/parliamentary-activity/
307cddba-4da9-4869-b446-e35cf0f824c8,PARLIAMENT_SITTING,Both Houses sitting,7/03/2019,Parliament of Victoria,,https://new.parliament.vic.gov.au/parliamentary-activity/
5477113e-bbd7-4a48-9755-aa51996d10f5,PARLIAMENT_SITTING,Both Houses sitting,7/05/2019,Parliament of Victoria,,https://new.parliament.vic.gov.au/parliamentary-activity/
b3e01649-1b4e-468e-829d-00b7a5dc9457,PARLIAMENT_SITTING,Both Houses sitting,18/06/2019,Parliament of Victoria,,https://new.parliament.vic.gov.au/parliamentary-activity/
ddb40d69-173b-4971-9886-bdc229f7388d,PARLIAMENT_SITTING,Both Houses sitting,19/06/2019,Parliament of Victoria,,https://new.parliament.vic.gov.au/parliamentary-activity/
adc771a9-ab3a-4104-867e-4c60668a60d6,PARLIAMENT_SITTING,Both Houses sitting,14/08/2019,Parliament of Victoria,,https://new.parliament.vic.gov.au/parliamentary-activity/
c04014f0-e83b-49a9-839c-88b22790094e,PARLIAMENT_SITTING,Legislative council only,30/08/2019,Parliament of Victoria,,https://new.parliament.vic.gov.au/parliamentary-activity/
3373360c-b453-44ad-adb0-6bfe7f438fae,PARLIAMENT_SITTING,Legislative council only,16/08/2019,Parliament of Victoria,,https://new.parliament.vic.gov.au/parliamentary-activity/
fa8a6253-4fe1-42c0-b04d-c2701b8e273e,PARLIAMENT_SITTING,Both Houses sitting,27/08/2019,Parliament of Victoria,,https://new.parliament.vic.gov.au/parliamentary-activity/
82b38e9b-03bf-4366-82c4-745488301e72,PARLIAMENT_SITTING,Both Houses sitting,10/09/2019,Parliament of Victoria,,https://new.parliament.vic.gov.au/parliamentary-activity/
34f0fe12-5db8-4790-80fc-f79060cdaf48,PARLIAMENT_SITTING,Both Houses sitting,29/10/2019,Parliament of Victoria,,https://new.parliament.vic.gov.au/parliamentary-activity/
0f182353-fb8a-4d8b-bd35-3902645e1c66,PARLIAMENT_SITTING,Both Houses sitting,12/11/2019,Parliament of Victoria,,https://new.parliament.vic.gov.au/parliamentary-activity/
4cfe1fc5-253f-4a53-b1b3-fa9e919221e7,PARLIAMENT_SITTING,Both Houses sitting,28/11/2019,Parliament of Victoria,,https://new.parliament.vic.gov.au/parliamentary-activity/
98c7ad72-eb16-402e-adb7-1e83b1abb40f,PARLIAMENT_SITTING,Both Houses sitting,26/11/2019,Parliament of Victoria,,https://new.parliament.vic.gov.au/parliamentary-activity/
702893c0-475f-4c6c-abe7-f87eb938ef30,PARLIAMENT_SITTING,Both Houses sitting,20/02/2020,Parliament of Victoria,,https://new.parliament.vic.gov.au/parliamentary-activity/
4cda62d7-392b-4df2-9854-0f097c678e86,PARLIAMENT_SITTING,Both Houses sitting,3/03/2020,Parliament of Victoria,,https://new.parliament.vic.gov.au/parliamentary-activity/
2df59403-291b-48e1-86d8-b9dcb8fba1b0,PARLIAMENT_SITTING,Both Houses sitting,3/06/2020,Parliament of Victoria,,https://new.parliament.vic.gov.au/parliamentary-activity/
deb74c73-6633-4a87-8ee4-8f0f0654a088,PARLIAMENT_SITTING,Both Houses sitting,20/08/2020,Parliament of Victoria,,https://new.parliament.vic.gov.au/parliamentary-activity/
ab67452f-3755-40eb-9e59-fb4b624ae552,PARLIAMENT_SITTING,Both Houses sitting,18/02/2020,Parliament of Victoria,,https://new.parliament.vic.gov.au/parliamentary-activity/
11cf3f39-521e-4889-afed-e1184802d5f6,PARLIAMENT_SITTING,Both Houses sitting,4/03/2020,Parliament of Victoria,,https://new.parliament.vic.gov.au/parliamentary-activity/
6f127842-174a-4bb7-9f53-cb72d633651f,PARLIAMENT_SITTING,Both Houses sitting,15/09/2020,Parliament of Victoria,,https://new.parliament.vic.gov.au/parliamentary-activity/
95871fb2-355d-4c9b-b844-e0b01353453d,PARLIAMENT_SITTING,Both Houses sitting,13/10/2020,Parliament of Victoria,,https://new.parliament.vic.gov.au/parliamentary-activity/
01e46874-a824-4f6f-ab7c-c71ffdc9d2a5,PARLIAMENT_SITTING,Both Houses sitting,5/02/2019,Parliament of Victoria,,https://new.parliament.vic.gov.au/parliamentary-activity/
95cb797f-e619-4e08-b68c-34d184219905,PARLIAMENT_SITTING,Both Houses sitting,20/03/2019,Parliament of Victoria,,https://new.parliament.vic.gov.au/parliamentary-activity/
c90c2d80-03d4-4845-9ffa-d4a8429e26ee,PARLIAMENT_SITTING,Both Houses sitting,21/03/2019,Parliament of Victoria,,https://new.parliament.vic.gov.au/parliamentary-activity/
790a4087-b64f-4f82-8f27-928914cf9197,PARLIAMENT_SITTING,Both Houses sitting,6/06/2019,Parliament of Victoria,,https://new.parliament.vic.gov.au/parliamentary-activity/
967db37b-d396-4072-8e8b-ba0246c17f33,PARLIAMENT_SITTING,Both Houses sitting,29/08/2019,Parliament of Victoria,,https://new.parliament.vic.gov.au/parliamentary-activity/
1316cf3b-03a2-4cfa-8bcc-be23f1e1d6ff,PARLIAMENT_SITTING,Both Houses sitting,17/03/2020,Parliament of Victoria,,https://new.parliament.vic.gov.au/parliamentary-activity/
5094406e-c3b4-4608-994d-e91b0ee1dcc5,PARLIAMENT_SITTING,Both Houses sitting - Budget Day,5/05/2020,Parliament of Victoria,,https://new.parliament.vic.gov.au/parliamentary-activity/
e8e79414-5db3-4535-9552-b870048dc43c,PARLIAMENT_SITTING,Both Houses sitting,2/06/2020,Parliament of Victoria,,https://new.parliament.vic.gov.au/parliamentary-activity/
2eeb5b39-1e47-44bb-850e-511d232c3eaf,PARLIAMENT_SITTING,Both Houses sitting,17/06/2020,Parliament of Victoria,,https://new.parliament.vic.gov.au/parliamentary-activity/
3b20d9e1-469a-4d9f-a50b-21d41d288f91,PARLIAMENT_SITTING,Both Houses sitting,6/08/2020,Parliament of Victoria,,https://new.parliament.vic.gov.au/parliamentary-activity/
60119636-62a6-4a0e-bb9f-06daea6b7836,PARLIAMENT_SITTING,Both Houses sitting,17/09/2020,Parliament of Victoria,,https://new.parliament.vic.gov.au/parliamentary-activity/
1e2466ad-9d45-4a11-9a7c-8296a9c0752d,PARLIAMENT_SITTING,Both Houses sitting,14/10/2020,Parliament of Victoria,,https://new.parliament.vic.gov.au/parliamentary-activity/
d7f4b60b-c8df-4a9e-8f03-ecf2fa09001f,PARLIAMENT_SITTING,Both Houses sitting,19/11/2020,Parliament of Victoria,,https://new.parliament.vic.gov.au/parliamentary-activity/
2a949963-b1e1-4c43-ab9b-f738c4a7b6b3,PARLIAMENT_SITTING,Both Houses sitting,2/12/2020,Parliament of Victoria,,https://new.parliament.vic.gov.au/parliamentary-activity/
3f090460-e20a-4e22-8857-097819b0a624,PARLIAMENT_SITTING,Both Houses sitting,8/05/2019,Parliament of Victoria,,https://new.parliament.vic.gov.au/parliamentary-activity/
24ee8896-4bfe-424c-9eff-9ea40936bc21,PARLIAMENT_SITTING,Both Houses sitting,13/08/2019,Parliament of Victoria,,https://new.parliament.vic.gov.au/parliamentary-activity/
6dfeac9c-9aa6-4b40-8edb-473d7210f56d,PARLIAMENT_SITTING,Both Houses sitting,31/10/2019,Parliament of Victoria,,https://new.parliament.vic.gov.au/parliamentary-activity/
8e5b2835-6237-4d05-8537-837fadf48700,PARLIAMENT_SITTING,Legislative council only,1/11/2019,Parliament of Victoria,,https://new.parliament.vic.gov.au/parliamentary-activity/
9c771853-b08a-4c62-86f5-5f66925387b3,PARLIAMENT_SITTING,Legislative council only,13/09/2019,Parliament of Victoria,,https://new.parliament.vic.gov.au/parliamentary-activity/
9fbea432-e5b3-4b25-93eb-2f5af0558b46,PARLIAMENT_SITTING,Both Houses sitting,4/02/2020,Parliament of Victoria,,https://new.parliament.vic.gov.au/parliamentary-activity/
806ee083-0f17-4860-9d02-073ca73dbc84,PARLIAMENT_SITTING,Both Houses sitting,6/02/2020,Parliament of Victoria,,https://new.parliament.vic.gov.au/parliamentary-activity/
16f13d0d-cee8-4982-a4f6-5f994eeeb953,PARLIAMENT_SITTING,Both Houses sitting,19/05/2020,Parliament of Victoria,,https://new.parliament.vic.gov.au/parliamentary-activity/
908a55a9-e375-449b-aad4-d10f3c705a69,PARLIAMENT_SITTING,Both Houses sitting,20/05/2020,Parliament of Victoria,,https://new.parliament.vic.gov.au/parliamentary-activity/
77fb2fb2-586b-41a6-a111-44f30657c05e,PARLIAMENT_SITTING,Both Houses sitting,18/03/2020,Parliament of Victoria,,https://new.parliament.vic.gov.au/parliamentary-activity/
e92afea0-4fd0-4ec8-96f5-636ec57fc175,PARLIAMENT_SITTING,Both Houses sitting,4/06/2020,Parliament of Victoria,,https://new.parliament.vic.gov.au/parliamentary-activity/
7c951dc5-33f0-4d71-a2b1-861205f458ff,PARLIAMENT_SITTING,Both Houses sitting,18/08/2020,Parliament of Victoria,,https://new.parliament.vic.gov.au/parliamentary-activity/
ae61e179-972c-4f9f-8896-256401bf3a62,PARLIAMENT_SITTING,Both Houses sitting,3/09/2020,Parliament of Victoria,,https://new.parliament.vic.gov.au/parliamentary-activity/
58d1a7d4-8d82-4239-b9a8-cd0695707463,PARLIAMENT_SITTING,Both Houses sitting,15/10/2020,Parliament of Victoria,,https://new.parliament.vic.gov.au/parliamentary-activity/
d46bbb7f-200d-4298-bb70-ee680567111d,PARLIAMENT_SITTING,Both Houses sitting,27/10/2020,Parliament of Victoria,,https://new.parliament.vic.gov.au/parliamentary-activity/
141ce48b-17c3-4d13-acf1-fb48f3527662,PARLIAMENT_SITTING,Both Houses sitting,28/10/2020,Parliament of Victoria,,https://new.parliament.vic.gov.au/parliamentary-activity/
2feb064d-0e08-44e6-b3e3-e0f46668952a,PARLIAMENT_SITTING,Both Houses sitting,29/10/2020,Parliament of Victoria,,https://new.parliament.vic.gov.au/parliamentary-activity/
77a8f56c-33a4-4431-aaad-c14c551c24a6,PARLIAMENT_SITTING,Both Houses sitting,17/11/2020,Parliament of Victoria,,https://new.parliament.vic.gov.au/parliamentary-activity/
34cca313-508c-482d-965f-bc2f2e0fc93c,PARLIAMENT_SITTING,Both Houses sitting,1/12/2020,Parliament of Victoria,,https://new.parliament.vic.gov.au/parliamentary-activity/
3c97b56c-98a1-425a-9f3c-d660001cf7a9,PARLIAMENT_SITTING,Both Houses sitting,3/12/2020,Parliament of Victoria,,https://new.parliament.vic.gov.au/parliamentary-activity/
43e50753-2e2d-4d2b-a329-7fc5f24e98c9,PARLIAMENT_SITTING,Both Houses sitting,5/03/2019,Parliament of Victoria,,https://new.parliament.vic.gov.au/parliamentary-activity/
7021a29b-b76a-4cfb-8166-5ece0e6bd5d7,PARLIAMENT_SITTING,Both Houses sitting,20/02/2019,Parliament of Victoria,,https://new.parliament.vic.gov.au/parliamentary-activity/
f13dec6b-d718-45cf-8822-5a0f9d5fc150,PARLIAMENT_SITTING,Both Houses sitting,19/03/2019,Parliament of Victoria,,https://new.parliament.vic.gov.au/parliamentary-activity/
16c9f370-ecf9-4393-8934-625d9c1b2c49,PARLIAMENT_SITTING,Both Houses sitting,30/04/2019,Parliament of Victoria,,https://new.parliament.vic.gov.au/parliamentary-activity/
094d7076-c008-4ff7-951c-b2a4f78820c9,PARLIAMENT_SITTING,Both Houses sitting,20/06/2019,Parliament of Victoria,,https://new.parliament.vic.gov.au/parliamentary-activity/
6c885a1a-d5cf-415b-906b-5bcd393880df,PARLIAMENT_SITTING,Both Houses sitting,4/06/2019,Parliament of Victoria,,https://new.parliament.vic.gov.au/parliamentary-activity/
6490f09a-892b-4a7a-ad70-b6f5e471d64d,PARLIAMENT_SITTING,Both Houses sitting,21/05/2019,Parliament of Victoria,,https://new.parliament.vic.gov.au/parliamentary-activity/
8b3c1c61-a3bb-458c-a842-925ee9ddc38a,PARLIAMENT_SITTING,Both Houses sitting,23/05/2019,Parliament of Victoria,,https://new.parliament.vic.gov.au/parliamentary-activity/
9780b68c-4cf1-4845-b24b-8510e99ae11c,PARLIAMENT_SITTING,Both Houses sitting,22/05/2019,Parliament of Victoria,,https://new.parliament.vic.gov.au/parliamentary-activity/
e80551dc-396c-4a3e-97d5-64c4b23c328b,PARLIAMENT_SITTING,Both Houses sitting,28/08/2019,Parliament of Victoria,,https://new.parliament.vic.gov.au/parliamentary-activity/
fb3f6d77-64e7-4f39-9911-37abf3c7af5a,PARLIAMENT_SITTING,Both Houses sitting,15/10/2019,Parliament of Victoria,,https://new.parliament.vic.gov.au/parliamentary-activity/
ee7fd8a3-7bed-4a4b-9ad2-73f69af604ec,PARLIAMENT_SITTING,Both Houses sitting,16/10/2019,Parliament of Victoria,,https://new.parliament.vic.gov.au/parliamentary-activity/
a796f4fb-41cd-44c0-9362-4522cacbf30a,PARLIAMENT_SITTING,Legislative council only,15/11/2019,Parliament of Victoria,,https://new.parliament.vic.gov.au/parliamentary-activity/
faa79561-d2f9-458d-a48c-23daabda402a,PARLIAMENT_SITTING,Both Houses sitting,30/10/2019,Parliament of Victoria,,https://new.parliament.vic.gov.au/parliamentary-activity/
d9a2ae3d-c168-4a9d-b165-7bbea497081f,PARLIAMENT_SITTING,Both Houses sitting,27/11/2019,Parliament of Victoria,,https://new.parliament.vic.gov.au/parliamentary-activity/
81cfdc4d-4d01-4b60-a6be-66c6723b7640,PARLIAMENT_SITTING,Both Houses sitting,19/02/2020,Parliament of Victoria,,https://new.parliament.vic.gov.au/parliamentary-activity/
42ca85ce-6dcd-48c3-818a-62d60cd6c954,PARLIAMENT_SITTING,Both Houses sitting,5/03/2020,Parliament of Victoria,,https://new.parliament.vic.gov.au/parliamentary-activity/
19b6e02e-d0f7-4455-91e6-5bca72cbb866,PARLIAMENT_SITTING,Both Houses sitting,19/03/2020,Parliament of Victoria,,https://new.parliament.vic.gov.au/parliamentary-activity/
65b52e4d-39a5-4e33-a2a8-18fd6687b1ac,PARLIAMENT_SITTING,Both Houses sitting,16/06/2020,Parliament of Victoria,,https://new.parliament.vic.gov.au/parliamentary-activity/
5b4215e7-2ea3-4764-ac2f-09c26c4b3c6c,PARLIAMENT_SITTING,Both Houses sitting,1/09/2020,Parliament of Victoria,,https://new.parliament.vic.gov.au/parliamentary-activity/
c2db8942-8a1b-4d86-b6f4-d72d7976f6ac,PARLIAMENT_SITTING,Both Houses sitting,18/11/2020,Parliament of Victoria,,https://new.parliament.vic.gov.au/parliamentary-activity/
4eb067e3-e60b-4996-812a-55f514761d01,PARLIAMENT_SITTING,Both Houses sitting,3/02/2021,Parliament of Victoria,,https://new.parliament.vic.gov.au/parliamentary-activity/
6e695370-b138-47f0-b184-f471deefe2d1,PARLIAMENT_SITTING,Both Houses sitting,2/02/2021,Parliament of Victoria,,https://new.parliament.vic.gov.au/parliamentary-activity/
c8e07e14-763f-477c-9fac-473f302ffd6f,PARLIAMENT_SITTING,Both Houses sitting,4/02/2021,Parliament of Victoria,,https://new.parliament.vic.gov.au/parliamentary-activity/
e7acff1b-cf7a-4131-a730-bf236cd38cdf,PARLIAMENT_SITTING,Both Houses sitting,16/02/2021,Parliament of Victoria,,https://new.parliament.vic.gov.au/parliamentary-activity/
b75d9ada-3bf9-49c9-8b17-886401b4c4cb,PARLIAMENT_SITTING,Both Houses sitting,17/02/2021,Parliament of Victoria,,https://new.parliament.vic.gov.au/parliamentary-activity/
07f83af8-25cb-4e04-b23c-9f4e13652bb1,PARLIAMENT_SITTING,Both Houses sitting,18/02/2021,Parliament of Victoria,,https://new.parliament.vic.gov.au/parliamentary-activity/
a5712fe2-86ee-4e0b-8c49-27e8351e9755,PARLIAMENT_SITTING,Both Houses sitting,3/03/2021,Parliament of Victoria,,https://new.parliament.vic.gov.au/parliamentary-activity/
ef7b2321-2d85-482a-be5d-d9e760ec756e,PARLIAMENT_SITTING,Both Houses sitting,2/03/2021,Parliament of Victoria,,https://new.parliament.vic.gov.au/parliamentary-activity/
59ebab78-4ba2-47a4-a3b9-1d1f0de8baa6,PARLIAMENT_SITTING,Both Houses sitting,4/03/2021,Parliament of Victoria,,https://new.parliament.vic.gov.au/parliamentary-activity/
d8358366-515c-42a2-97b6-11b2372593b4,PARLIAMENT_SITTING,Both Houses sitting,16/03/2021,Parliament of Victoria,,https://new.parliament.vic.gov.au/parliamentary-activity/
63d00042-c0ce-4ff2-bbee-90ae634ff1e6,PARLIAMENT_SITTING,Both Houses sitting,17/03/2021,Parliament of Victoria,,https://new.parliament.vic.gov.au/parliamentary-activity/
302c97b0-6aea-4b9d-b7ec-7565fede0b0d,PARLIAMENT_SITTING,Both Houses sitting,18/03/2021,Parliament of Victoria,,https://new.parliament.vic.gov.au/parliamentary-activity/
8d20de59-e6e8-4ef5-9f31-5aa29d8d74dc,PARLIAMENT_SITTING,Both Houses sitting,29/04/2021,Parliament of Victoria,,https://new.parliament.vic.gov.au/parliamentary-activity/
efcbc2b9-da71-45a1-8a11-49c1f816360c,PARLIAMENT_SITTING,Both Houses sitting,4/05/2021,Parliament of Victoria,,https://new.parliament.vic.gov.au/parliamentary-activity/
7883b39a-fc04-4af8-9a6a-31c29db084d5,PARLIAMENT_SITTING,Both Houses sitting,5/05/2021,Parliament of Victoria,,https://new.parliament.vic.gov.au/parliamentary-activity/
23e094d4-9d24-49f1-8aa2-3739b7c237aa,PARLIAMENT_SITTING,Both Houses sitting,6/05/2021,Parliament of Victoria,,https://new.parliament.vic.gov.au/parliamentary-activity/
70ecaab5-f539-461c-9e76-cc2c6d4f538e,PARLIAMENT_SITTING,Both Houses sitting,20/05/2021,Parliament of Victoria,,https://new.parliament.vic.gov.au/parliamentary-activity/
aabcf465-e58d-41fe-893d-a57744bed83d,PARLIAMENT_SITTING,Both Houses sitting,25/05/2021,Parliament of Victoria,,https://new.parliament.vic.gov.au/parliamentary-activity/
9df315e7-9d28-4e1b-85a0-dda3d2bfb346,PARLIAMENT_SITTING,Both Houses sitting,26/05/2021,Parliament of Victoria,,https://new.parliament.vic.gov.au/parliamentary-activity/
4d991491-942d-4082-849e-c3f92e8245c7,PARLIAMENT_SITTING,Both Houses sitting,8/06/2021,Parliament of Victoria,,https://new.parliament.vic.gov.au/parliamentary-activity/
6c923106-7d12-4324-822f-d6953c1ebd36,PARLIAMENT_SITTING,Both Houses sitting,9/06/2021,Parliament of Victoria,,https://new.parliament.vic.gov.au/parliamentary-activity/
284f3f1a-ac2f-4395-9348-defaf33f0f85,PARLIAMENT_SITTING,Both Houses sitting,10/06/2021,Parliament of Victoria,,https://new.parliament.vic.gov.au/parliamentary-activity/
bd591160-0349-4f37-a20a-a3b0db671e1f,PARLIAMENT_SITTING,Both Houses sitting,22/06/2021,Parliament of Victoria,,https://new.parliament.vic.gov.au/parliamentary-activity/
f210c11a-a9a0-4fe0-8f65-0d3abad79648,PARLIAMENT_SITTING,Both Houses sitting,23/06/2021,Parliament of Victoria,,https://new.parliament.vic.gov.au/parliamentary-activity/
2e3e36d0-13c0-45d2-8598-2ee95597f603,PARLIAMENT_SITTING,Both Houses sitting,24/06/2021,Parliament of Victoria,,https://new.parliament.vic.gov.au/parliamentary-activity/
c08b2724-3c5f-40f9-9fd3-532128477313,PARLIAMENT_SITTING,Both Houses sitting,3/08/2021,Parliament of Victoria,,https://new.parliament.vic.gov.au/parliamentary-activity/
476f258c-a1c7-46f5-9f4f-076afc3b74f0,PARLIAMENT_SITTING,Both Houses sitting,4/08/2021,Parliament of Victoria,,https://new.parliament.vic.gov.au/parliamentary-activity/
2b515f31-d0e1-4391-86c6-5bb99184a486,PARLIAMENT_SITTING,Both Houses sitting,5/08/2021,Parliament of Victoria,,https://new.parliament.vic.gov.au/parliamentary-activity/
55006d59-2e94-45e5-99bf-3770cbeb6f4e,PARLIAMENT_SITTING,Both Houses sitting,17/08/2021,Parliament of Victoria,,https://new.parliament.vic.gov.au/parliamentary-activity/
16961a1e-d6ef-499c-97dd-c5e83e8e5df6,PARLIAMENT_SITTING,Both Houses sitting,18/08/2021,Parliament of Victoria,,https://new.parliament.vic.gov.au/parliamentary-activity/
211db1d8-cb2a-4750-a94f-46237c9f0d06,PARLIAMENT_SITTING,Both Houses sitting,19/08/2021,Parliament of Victoria,,https://new.parliament.vic.gov.au/parliamentary-activity/
fa0f9ea5-7139-4e08-a217-7d901213afb8,PARLIAMENT_SITTING,Both Houses sitting,31/08/2021,Parliament of Victoria,,https://new.parliament.vic.gov.au/parliamentary-activity/
e19ab5a9-fba1-4399-88ef-cb97f1047476,PARLIAMENT_SITTING,Both Houses sitting,1/09/2021,Parliament of Victoria,,https://new.parliament.vic.gov.au/parliamentary-activity/
cfa90752-9f5a-44d3-9490-30d885379331,PARLIAMENT_SITTING,Both Houses sitting,2/09/2021,Parliament of Victoria,,https://new.parliament.vic.gov.au/parliamentary-activity/
9ea17bfb-21e0-4b9b-be33-f57c76d69287,PARLIAMENT_SITTING,Both Houses sitting,14/09/2021,Parliament of Victoria,,https://new.parliament.vic.gov.au/parliamentary-activity/
aff00c96-a35b-4bdd-a94c-4d5872ceda4f,PARLIAMENT_SITTING,Both Houses sitting,15/09/2021,Parliament of Victoria,,https://new.parliament.vic.gov.au/parliamentary-activity/
94fe0f32-dac5-4a6e-bb85-db5fea8559f0,PARLIAMENT_SITTING,Both Houses sitting,16/09/2021,Parliament of Victoria,,https://new.parliament.vic.gov.au/parliamentary-activity/
c7155180-dfa6-4352-9826-b011f2741d4b,PARLIAMENT_SITTING,Both Houses sitting,12/10/2021,Parliament of Victoria,,https://new.parliament.vic.gov.au/parliamentary-activity/
3b40d8e9-0554-4f0f-b061-24ca0898ed03,PARLIAMENT_SITTING,Both Houses sitting,13/10/2021,Parliament of Victoria,,https://new.parliament.vic.gov.au/parliamentary-activity/
c66b967b-5036-48c0-aa0e-f676f2a0b71e,PARLIAMENT_SITTING,Both Houses sitting,14/10/2021,Parliament of Victoria,,https://new.parliament.vic.gov.au/parliamentary-activity/
d8a22eb9-8886-4109-ac9f-542a139feeb0,PARLIAMENT_SITTING,Both Houses sitting,26/10/2021,Parliament of Victoria,,https://new.parliament.vic.gov.au/parliamentary-activity/
cc9e4e18-5346-4e98-bb52-480073e1266a,PARLIAMENT_SITTING,Both Houses sitting,27/10/2021,Parliament of Victoria,,https://new.parliament.vic.gov.au/parliamentary-activity/
e427595b-29dc-4745-a3bc-54ca9d4ec908,PARLIAMENT_SITTING,Both Houses sitting,28/10/2021,Parliament of Victoria,,https://new.parliament.vic.gov.au/parliamentary-activity/
84bc1e46-6005-444b-9234-3a79dd490f72,PARLIAMENT_SITTING,Both Houses sitting,23/11/2021,Parliament of Victoria,,https://new.parliament.vic.gov.au/parliamentary-activity/
da494aab-b53e-41ba-a5f3-6954e76e1078,PARLIAMENT_SITTING,Both Houses sitting,24/11/2021,Parliament of Victoria,,https://new.parliament.vic.gov.au/parliamentary-activity/
f94f93f3-791d-4a41-b1a5-3b2760decde0,PARLIAMENT_SITTING,Both Houses sitting,25/11/2021,Parliament of Victoria,,https://new.parliament.vic.gov.au/parliamentary-activity/
8148bfd6-fc95-4ddb-8aae-b89ac39b82fb,PUBLIC_HOLIDAY,Melbourne Cup day,5/11/2019,Business Victoria,,https://business.vic.gov.au/business-information/public-holidays/victorian-public-holidays-2019
b4480fa4-4ce7-4f52-9304-52a2eec82dc2,PUBLIC_HOLIDAY,Saturday before Easter Sunday,11/04/2020,Business Victoria,,https://business.vic.gov.au/business-information/public-holidays/victorian-public-holidays-2020
c5ef5958-5530-45dc-8257-4d7b9f718913,PUBLIC_HOLIDAY,Queen's Birthday,8/06/2020,Business Victoria,,https://business.vic.gov.au/business-information/public-holidays/victorian-public-holidays-2020
a32719ce-b6cc-4e8b-9122-0f462f070e71,PUBLIC_HOLIDAY,Easter Monday,13/04/2020,Business Victoria,,https://business.vic.gov.au/business-information/public-holidays/victorian-public-holidays-2020
07d002bb-cbc1-4cf2-97a5-dc565234306b,PUBLIC_HOLIDAY,Labour Day,8/03/2021,Business Victoria,,https://business.vic.gov.au/business-information/public-holidays/victorian-public-holidays-2021
6e88280e-718f-49df-9a4b-91e2b43a3213,PUBLIC_HOLIDAY,Melbourne Cup,1/11/2022,Business Victoria,,https://business.vic.gov.au/business-information/public-holidays/victorian-public-holidays-2022
05cda66f-e088-4b93-85bf-b802fb8c95e0,PUBLIC_HOLIDAY,New Year's Day - additional public holiday,2/01/2023,Business Victoria,As New Year's Day falls on a Sunday the Monday is an additional public holiday,https://business.vic.gov.au/business-information/public-holidays/victorian-public-holidays-2023
2bcec287-a44a-4315-87e3-4c02d2bb5dd1,PUBLIC_HOLIDAY,Labour Day,11/03/2024,Business Victoria,,https://business.vic.gov.au/business-information/public-holidays/victorian-public-holidays-2024
ef7d4ae7-80b5-45ef-b5d3-301160cf93cd,PUBLIC_HOLIDAY,ANZAC Day,25/04/2024,Business Victoria,,https://business.vic.gov.au/business-information/public-holidays/victorian-public-holidays-2024
82f8509a-b407-44f5-818c-5353bb31550b,PUBLIC_HOLIDAY,Good Friday,15/04/2022,Business Victoria,,https://business.vic.gov.au/business-information/public-holidays/victorian-public-holidays-2022
46f176fa-af09-4eb3-a0ac-716419d65ca8,PUBLIC_HOLIDAY,ANZAC Day,25/04/2022,Business Victoria,,https://business.vic.gov.au/business-information/public-holidays/victorian-public-holidays-2022
c87009c4-e8eb-473f-8ef1-72a590d3554c,PUBLIC_HOLIDAY,Melbourne Cup,5/11/2024,Business Victoria,,https://business.vic.gov.au/business-information/public-holidays/victorian-public-holidays-2024
15c9efb9-fefa-477b-8657-66952af5eaa9,PUBLIC_HOLIDAY,Christmas Day,25/12/2023,Business Victoria,,https://business.vic.gov.au/business-information/public-holidays/victorian-public-holidays-2023
b1644f0e-4441-4e8c-86a5-3264e292b9ab,PUBLIC_HOLIDAY,Boxing Day,26/12/2021,Business Victoria,,https://business.vic.gov.au/business-information/public-holidays/victorian-public-holidays-2021
a2bc9c7b-58c9-42d7-8e98-b78da2347e98,PUBLIC_HOLIDAY,Labour Day,13/03/2023,Business Victoria,,https://business.vic.gov.au/business-information/public-holidays/victorian-public-holidays-2023
6962ebf4-bc49-4bf2-a65a-7a9c06b58d46,PUBLIC_HOLIDAY,Australia day,28/01/2019,Business Victoria,,https://business.vic.gov.au/business-information/public-holidays/victorian-public-holidays-2019
1c63adf7-8342-4959-b060-9536af513156,PUBLIC_HOLIDAY,Easter Monday,22/04/2019,Business Victoria,,https://business.vic.gov.au/business-information/public-holidays/victorian-public-holidays-2019
078c2b1a-d6b6-4711-ace8-6ff4e0f1d174,PUBLIC_HOLIDAY,Good Friday,2/04/2021,Business Victoria,,https://business.vic.gov.au/business-information/public-holidays/victorian-public-holidays-2021
9379f89d-fbc8-4331-9a92-a73fbe5c8e65,PUBLIC_HOLIDAY,Saturday before Easter Sunday,3/04/2021,Business Victoria,,https://business.vic.gov.au/business-information/public-holidays/victorian-public-holidays-2021
3411f2b2-27d0-4416-ba19-36bad97fa852,PUBLIC_HOLIDAY,Australia Day,26/01/2021,Business Victoria,,https://business.vic.gov.au/business-information/public-holidays/victorian-public-holidays-2021
b7b08e7b-ccb4-4008-ad5c-7d1756ec082b,PUBLIC_HOLIDAY,Australia Day,26/01/2021,Business Victoria,,https://business.vic.gov.au/business-information/public-holidays/victorian-public-holidays-2021
39809aa0-3827-481e-afa6-cf4ed97762d3,PUBLIC_HOLIDAY,Australia Day (26 Jan is a Sunday hence Monday is a public holiday),27/01/2020,Business Victoria,,https://business.vic.gov.au/business-information/public-holidays/victorian-public-holidays-2020
2f7a9b67-7234-4c1f-9a40-0f2c3ffbe5a6,PUBLIC_HOLIDAY,Easter Sunday,4/04/2021,Business Victoria,,https://business.vic.gov.au/business-information/public-holidays/victorian-public-holidays-2021
0d3b1257-5b98-4f7d-a684-07dad37c9630,PUBLIC_HOLIDAY,New Year's Day,1/01/2020,Business Victoria,,https://business.vic.gov.au/business-information/public-holidays/victorian-public-holidays-2020
0dbd66e3-aefa-401c-ac17-f43473c1f825,PUBLIC_HOLIDAY,Christmas Day,25/12/2022,Business Victoria,,https://business.vic.gov.au/business-information/public-holidays/victorian-public-holidays-2022
72047f2d-3864-4e38-9924-e5614df724d3,PUBLIC_HOLIDAY,ANZAC Day,25/04/2021,Business Victoria,,https://business.vic.gov.au/business-information/public-holidays/victorian-public-holidays-2021
3c78a6ca-749c-43b4-87c2-37e1158b48d9,PUBLIC_HOLIDAY,Christmas Day,25/12/2025,Business Victoria,,https://business.vic.gov.au/business-information/public-holidays/victorian-public-holidays-2025
d41be404-b87f-4dd5-aaf3-6498387d450f,PUBLIC_HOLIDAY,Good Friday,7/04/2023,Business Victoria,,https://business.vic.gov.au/business-information/public-holidays/victorian-public-holidays-2023
ffe1b4db-9f54-4593-b330-9b435cfdb3cb,PUBLIC_HOLIDAY,ANZAC Day,25/04/2023,Business Victoria,,https://business.vic.gov.au/business-information/public-holidays/victorian-public-holidays-2023
d6c3b73b-ad63-4760-9570-8d6e1ac26089,PUBLIC_HOLIDAY,Boxing Day,26/12/2023,Business Victoria,,https://business.vic.gov.au/business-information/public-holidays/victorian-public-holidays-2023
1e179a63-f477-4b4c-9bc4-6025fc380f8f,PUBLIC_HOLIDAY,Australia Day,26/01/2024,Business Victoria,,https://business.vic.gov.au/business-information/public-holidays/victorian-public-holidays-2024
a62e72ee-200e-4203-9c03-d02f22232b0d,PUBLIC_HOLIDAY,Good Friday,29/03/2024,Business Victoria,,https://business.vic.gov.au/business-information/public-holidays/victorian-public-holidays-2024
4c0ba00f-a080-44c9-9e87-2e0f99ec8469,PUBLIC_HOLIDAY,Boxing Day,26/12/2024,Business Victoria,,https://business.vic.gov.au/business-information/public-holidays/victorian-public-holidays-2024
b60830ff-2459-4a08-b412-10e0385236fc,PUBLIC_HOLIDAY,New Years Day,1/01/2019,Business Victoria,,https://business.vic.gov.au/business-information/public-holidays/victorian-public-holidays-2019
1527b168-f16a-4a90-ba9a-52a57b27bc0c,PUBLIC_HOLIDAY,ANZAC Day,25/04/2019,Business Victoria,Restricted trading day (until 1pm),https://business.vic.gov.au/business-information/public-holidays/victorian-public-holidays-2019
ee861c8e-6bb1-48c5-8798-2b557e66eddf,PUBLIC_HOLIDAY,Friday before the AFL grand final,27/09/2019,Business Victoria,,https://business.vic.gov.au/business-information/public-holidays/victorian-public-holidays-2019
e52c6578-9ffc-4a53-aa85-31701be1d721,PUBLIC_HOLIDAY,Queen's Birthday,10/06/2019,Business Victoria,,https://business.vic.gov.au/business-information/public-holidays/victorian-public-holidays-2019
f73c38ca-183b-4341-954e-e892463ae4be,PUBLIC_HOLIDAY,Boxing Day - additional public holiday,28/12/2020,Business Victoria,As Boxing Day falls on a Saturday this is an additional public holiday,https://business.vic.gov.au/business-information/public-holidays/victorian-public-holidays-2020
85e46baa-8bee-4067-a4e0-97b962b377b8,PUBLIC_HOLIDAY,ANZAC Day,25/04/2020,Business Victoria,,https://business.vic.gov.au/business-information/public-holidays/victorian-public-holidays-2020
77bb67b8-e2d4-4ea8-8797-03a2b8cc4116,PUBLIC_HOLIDAY,Boxing day,26/12/2019,Business Victoria,,https://business.vic.gov.au/business-information/public-holidays/victorian-public-holidays-2019
ccfad206-270e-469d-b2aa-87fc2505a579,PUBLIC_HOLIDAY,Easter Monday,5/04/2021,Business Victoria,,https://business.vic.gov.au/business-information/public-holidays/victorian-public-holidays-2021
8c3a1b70-cc51-4599-bc57-9f9b9c6aa35e,PUBLIC_HOLIDAY,Labour Day,14/03/2022,Business Victoria,,https://business.vic.gov.au/business-information/public-holidays/victorian-public-holidays-2022
fb758822-0033-438a-b6c5-a9647ae06f86,PUBLIC_HOLIDAY,Easter Sunday,17/04/2022,Business Victoria,,https://business.vic.gov.au/business-information/public-holidays/victorian-public-holidays-2022
d449d6e3-3323-4ccc-9d32-eea858f90a4f,PUBLIC_HOLIDAY,Saturday before Easter Sunday,8/04/2023,Business Victoria,,https://business.vic.gov.au/business-information/public-holidays/victorian-public-holidays-2023
6476b6ec-1c4f-4dc9-b8c2-7d4e201deeab,PUBLIC_HOLIDAY,Saturday before Easter Sunday,30/03/2024,Business Victoria,,https://business.vic.gov.au/business-information/public-holidays/victorian-public-holidays-2024
f261db24-8563-41fd-8a63-9723c536bb8d,PUBLIC_HOLIDAY,Queen's Birthday,14/06/2021,Business Victoria,,https://business.vic.gov.au/business-information/public-holidays/victorian-public-holidays-2021
dce84526-19dd-4204-9f4c-a92f05517d20,PUBLIC_HOLIDAY,New Year's Day,1/01/2021,Business Victoria,,https://business.vic.gov.au/business-information/public-holidays/victorian-public-holidays-2021
f9a038be-733b-4087-a874-99236787730b,PUBLIC_HOLIDAY,Easter Monday,18/04/2022,Business Victoria,,https://business.vic.gov.au/business-information/public-holidays/victorian-public-holidays-2022
dc129cd4-a9eb-4602-b32e-ede9946fb7aa,PUBLIC_HOLIDAY,New Year's Day,1/01/2024,Business Victoria,,https://business.vic.gov.au/business-information/public-holidays/victorian-public-holidays-2024
2ca4f7a3-11f1-417a-b8a6-c35d230cd018,PUBLIC_HOLIDAY,Boxing Day,26/12/2022,Business Victoria,,https://business.vic.gov.au/business-information/public-holidays/victorian-public-holidays-2022
383d6f82-4200-4265-ae85-47fe85dc44eb,PUBLIC_HOLIDAY,Boxing Day,26/12/2025,Business Victoria,,https://business.vic.gov.au/business-information/public-holidays/victorian-public-holidays-2025
a846c8b9-1898-443c-87fd-87ecfbf3e19c,PUBLIC_HOLIDAY,Australia Day - As Australia Day falls on a Sunday the public holiday is on the following Monday,27/01/2025,Business Victoria,,https://business.vic.gov.au/business-information/public-holidays/victorian-public-holidays-2025
10631460-eed6-4966-9e3e-1cd275027aa7,PUBLIC_HOLIDAY,Easter Monday,1/04/2024,Business Victoria,,https://business.vic.gov.au/business-information/public-holidays/victorian-public-holidays-2024
54f7a69f-fcaf-44de-ade2-14662025e067,PUBLIC_HOLIDAY,ANZAC Day,25/04/2025,Business Victoria,,https://business.vic.gov.au/business-information/public-holidays/victorian-public-holidays-2025
9a1ee618-2df0-4e89-8d6d-1322a77facf2,PUBLIC_HOLIDAY,Friday before the AFL grand final,23/10/2020,Business Victoria,,https://business.vic.gov.au/business-information/public-holidays/victorian-public-holidays-2020
ba61ffdb-13f4-43db-8f19-1eacc50bd557,PUBLIC_HOLIDAY,Labour Day,11/03/2019,Business Victoria,,https://business.vic.gov.au/business-information/public-holidays/victorian-public-holidays-2019
99330154-d627-4493-be96-042a17448c98,PUBLIC_HOLIDAY,Saturday before Easter Sunday,20/04/2019,Business Victoria,,https://business.vic.gov.au/business-information/public-holidays/victorian-public-holidays-2019
67a64850-5c4d-4a78-b41b-663e6562425e,PUBLIC_HOLIDAY,Easter Sunday,21/04/2019,Business Victoria,,https://business.vic.gov.au/business-information/public-holidays/victorian-public-holidays-2019
d37a1971-f866-471b-b522-bb2ff0f48f34,PUBLIC_HOLIDAY,Christmas Day,25/12/2020,Business Victoria,,https://business.vic.gov.au/business-information/public-holidays/victorian-public-holidays-2020
62e606ff-2bcf-440e-a92c-3bc27b9a849e,PUBLIC_HOLIDAY,Melbourne Cup,2/11/2021,Business Victoria,,https://business.vic.gov.au/business-information/public-holidays/victorian-public-holidays-2021
47a99db7-5054-4cc4-8cb5-f1197f0d2a1e,PUBLIC_HOLIDAY,Boxing Day - additional public holiday,28/12/2021,Business Victoria,As Boxing Day falls on a Sunday an additional public holiday is given on the following Tuesday,https://business.vic.gov.au/business-information/public-holidays/victorian-public-holidays-2021
31bf58d5-e22f-49ba-ad9e-614557c9ce46,PUBLIC_HOLIDAY,Australia Day,26/01/2020,Business Victoria,,https://business.vic.gov.au/business-information/public-holidays/victorian-public-holidays-2020
5f175152-ec9e-4794-884c-0917e1f43f42,PUBLIC_HOLIDAY,Easter Sunday,12/04/2020,Business Victoria,,https://business.vic.gov.au/business-information/public-holidays/victorian-public-holidays-2020
a0e95250-511a-454c-b161-72a031483cab,PUBLIC_HOLIDAY,Labour Day,10/03/2025,Business Victoria,,https://business.vic.gov.au/business-information/public-holidays/victorian-public-holidays-2025
447772e5-5faa-43d8-b231-515b3f4452db,PUBLIC_HOLIDAY,Good Friday,18/04/2025,Business Victoria,,https://business.vic.gov.au/business-information/public-holidays/victorian-public-holidays-2025
1ab34f44-98aa-4028-90d6-b57d0a9df815,PUBLIC_HOLIDAY,Easter Sunday,20/04/2025,Business Victoria,,https://business.vic.gov.au/business-information/public-holidays/victorian-public-holidays-2025
6feabfc4-583d-40db-8227-3083be8b687e,PUBLIC_HOLIDAY,Kings's Birthday,9/06/2025,Business Victoria,,https://business.vic.gov.au/business-information/public-holidays/victorian-public-holidays-2025
cff0f800-c8e3-4d3f-9e73-70a8e6266383,PUBLIC_HOLIDAY,Queen's Birthday,13/06/2022,Business Victoria,,https://business.vic.gov.au/business-information/public-holidays/victorian-public-holidays-2022
d6ff6693-81f7-477b-aba1-8c4d641b89c7,PUBLIC_HOLIDAY,Australia Day,26/01/2023,Business Victoria,,https://business.vic.gov.au/business-information/public-holidays/victorian-public-holidays-2023
2fafc898-6e3e-4ace-b8ec-0241052b2782,PUBLIC_HOLIDAY,Kings's Birthday,12/06/2023,Business Victoria,,https://business.vic.gov.au/business-information/public-holidays/victorian-public-holidays-2023
52d4c6ce-c698-4ec6-af2a-2d827b02a29a,PUBLIC_HOLIDAY,Kings's Birthday,10/06/2024,Business Victoria,,https://business.vic.gov.au/business-information/public-holidays/victorian-public-holidays-2024
594a7bb2-44c9-4014-a531-ccfa8aac5170,PUBLIC_HOLIDAY,Christmas Day,25/12/2024,Business Victoria,,https://business.vic.gov.au/business-information/public-holidays/victorian-public-holidays-2024
ab71dcd3-664b-4dbd-8040-c32c8f20cb30,PUBLIC_HOLIDAY,Melbourne Cup,4/11/2025,Business Victoria,,https://business.vic.gov.au/business-information/public-holidays/victorian-public-holidays-2025
7c880dec-ff0c-454c-8fe9-d2cc69da55a3,PUBLIC_HOLIDAY,Good Friday,19/04/2019,Business Victoria,Restricted trading day,https://business.vic.gov.au/business-information/public-holidays/victorian-public-holidays-2019
b924d727-53cc-416e-aea0-12dce3eb15d2,PUBLIC_HOLIDAY,Christmas Day,25/12/2021,Business Victoria,,https://business.vic.gov.au/business-information/public-holidays/victorian-public-holidays-2021
2cd782de-fb7e-48a9-a4fa-60033b9047a9,PUBLIC_HOLIDAY,Christmas Day - additional public holiday,27/12/2021,Business Victoria,As Christmas Day falls on a Saturday an additional public holiday is given on the following Monday,https://business.vic.gov.au/business-information/public-holidays/victorian-public-holidays-2021
4b3ee285-1e6f-414c-89fb-a503274d4b7c,PUBLIC_HOLIDAY,Labour Day,9/03/2020,Business Victoria,,https://business.vic.gov.au/business-information/public-holidays/victorian-public-holidays-2020
f35a9ef1-fc5d-4a11-a2ad-c15cfbbd4e66,PUBLIC_HOLIDAY,Good Friday,10/04/2020,Business Victoria,,https://business.vic.gov.au/business-information/public-holidays/victorian-public-holidays-2020
58e57f21-6a55-4f72-9b1f-80630de0a814,PUBLIC_HOLIDAY,Melbourne Cup,3/11/2020,Business Victoria,,https://business.vic.gov.au/business-information/public-holidays/victorian-public-holidays-2020
b30d2d3f-5c3c-4a7e-810a-54f440f8fc04,PUBLIC_HOLIDAY,Boxing Day,26/12/2020,Business Victoria,,https://business.vic.gov.au/business-information/public-holidays/victorian-public-holidays-2020
d3332cd2-408e-4e4d-a6ed-84f5e5ab515f,PUBLIC_HOLIDAY,Christmas day,25/12/2019,Business Victoria,Restricted trading day,https://business.vic.gov.au/business-information/public-holidays/victorian-public-holidays-2019
8619c403-b47c-41e9-aae6-c1563428d49e,PUBLIC_HOLIDAY,Saturday before Easter Sunday,16/04/2022,Business Victoria,,https://business.vic.gov.au/business-information/public-holidays/victorian-public-holidays-2022
2443599e-35ed-474f-b84d-ac4579daf68a,PUBLIC_HOLIDAY,New Year's Day,1/01/2022,Business Victoria,,https://business.vic.gov.au/business-information/public-holidays/victorian-public-holidays-2022
5501fff1a4-9678-1344-9b2f-08e03fdeadfc,PUBLIC_HOLIDAY,New Year's Day - additional public holiday,3/01/2022,Business Victoria,As New Year's Day falls on a Saturday the Monday is an additional public holiday,https://business.vic.gov.au/business-information/public-holidays/victorian-public-holidays-2022
a5b7f1a4-9678-4df9-9b2f-08e03fdeadfc,PUBLIC_HOLIDAY,Australia Day,26/01/2022,Business Victoria,,https://business.vic.gov.au/business-information/public-holidays/victorian-public-holidays-2022
9a356440-37f9-49e2-b667-f9610e6cd83e,PUBLIC_HOLIDAY,Christmas Day - additional public holiday,27/12/2022,Business Victoria,As Christmas Day falls on a Sunday the following Tuesday is an additional public holiday,https://business.vic.gov.au/business-information/public-holidays/victorian-public-holidays-2022
44a22a63-2a81-4aef-9067-f723706b5929,PUBLIC_HOLIDAY,New Year's Day,1/01/2023,Business Victoria,,https://business.vic.gov.au/business-information/public-holidays/victorian-public-holidays-2023
cd6fb544-8f96-48a6-a148-33e36643fe0e,PUBLIC_HOLIDAY,Saturday before Easter Sunday,19/04/2025,Business Victoria,,https://business.vic.gov.au/business-information/public-holidays/victorian-public-holidays-2025
1fa4af9c-124c-43cf-8deb-6eca52ab4f66,PUBLIC_HOLIDAY,Easter Monday,21/04/2025,Business Victoria,,https://business.vic.gov.au/business-information/public-holidays/victorian-public-holidays-2025
0c57a0a6-8f11-499b-922a-e870badcd538,PUBLIC_HOLIDAY,Easter Sunday,9/04/2023,Business Victoria,,https://business.vic.gov.au/business-information/public-holidays/victorian-public-holidays-2023
d26d8982-a6a8-4cc3-9844-6f6a186e1d91,PUBLIC_HOLIDAY,Easter Monday,10/04/2023,Business Victoria,,https://business.vic.gov.au/business-information/public-holidays/victorian-public-holidays-2023
5820dfc3-ceb7-4eca-b37b-222b3af9dcb9,PUBLIC_HOLIDAY,New Year's Day,1/01/2025,Business Victoria,,https://business.vic.gov.au/business-information/public-holidays/victorian-public-holidays-2025
724dcb7b-3b03-41fa-a26f-6c44e8ece887,PUBLIC_HOLIDAY,Melbourne Cup,7/11/2023,Business Victoria,,https://business.vic.gov.au/business-information/public-holidays/victorian-public-holidays-2023
72036105-8afb-4be7-82ba-77de69fbb83a,PUBLIC_HOLIDAY,Easter Sunday,31/03/2024,Business Victoria,,https://business.vic.gov.au/business-information/public-holidays/victorian-public-holidays-2024
91564b78-6360-4c32-b285-57e9022065df,PUBLIC_HOLIDAY,Australia Day,26/01/2025,Business Victoria,,https://business.vic.gov.au/business-information/public-holidays/victorian-public-holidays-2025
3bef7855-9981-462b-b65c-e4f5d8c83306,PUBLIC_HOLIDAY,Friday before the AFL grand final,24/09/2021,Business Victoria,Friday before AFL Grand Final typically falls on the last Friday in September or the first Friday in October. The exact date is subject to change based on the 2021 AFL schedule.,https://business.vic.gov.au/business-information/public-holidays/victorian-public-holidays-2021
6245badb-ccf0-4fd0-aa3e-2c0d17183732,SCHOOL_HOLIDAY,Term 1 2019 - Holiday start date,8/04/2019,No Source  - Generated,There is no formal source for these but they are the inbetween of the dates above,
8bd43420-2c7b-4b53-b878-36bdab6e66c5,SCHOOL_HOLIDAY,Term 3 2022 - Holiday end date,30/09/2022,No Source  - Generated,There is no formal source for these but they are the inbetween of the dates above,
7ceb4191-0448-4af5-b419-a6507ed3588a,SCHOOL_HOLIDAY,Term 4 2022 - Holiday start date,21/12/2022,No Source  - Generated,There is no formal source for these but they are the inbetween of the dates above,
a8c8ea46-6dfb-4c9f-97b2-99f781ef11ef,SCHOOL_HOLIDAY,Term 4 2020 - Holiday start date,21/12/2020,No Source  - Generated,There is no formal source for these but they are the inbetween of the dates above,
350b5dff-0b0e-480e-9bc2-bec05f3bf3b9,SCHOOL_HOLIDAY,Term 1 2021 - Holiday start date,2/04/2021,No Source  - Generated,There is no formal source for these but they are the inbetween of the dates above,
a77cc5c1-b503-4435-a481-049cfe680a91,SCHOOL_HOLIDAY,Term 3 2023 - Holiday start date,18/09/2023,No Source  - Generated,There is no formal source for these but they are the inbetween of the dates above,
e34203fa-9a6d-429e-a674-39f4baa61708,SCHOOL_HOLIDAY,Term 3 2022 - Holiday start date,19/09/2022,No Source  - Generated,There is no formal source for these but they are the inbetween of the dates above,
52b4df01-6308-4d25-9544-909594798d8f,SCHOOL_HOLIDAY,Term 3 2021 - Holiday end date,1/10/2021,No Source  - Generated,There is no formal source for these but they are the inbetween of the dates above,
8f26e692-b948-4598-ad32-9635229a6c92,SCHOOL_HOLIDAY,Term 1 2024 - Holiday start date,29/03/2024,No Source  - Generated,There is no formal source for these but they are the inbetween of the dates above,
f33b8ca4-437b-4cf5-9be4-1f0dbc7fec38,SCHOOL_HOLIDAY,Term 1 2025 - Holiday start date,7/04/2025,No Source  - Generated,There is no formal source for these but they are the inbetween of the dates above,
bec1f6a5-3349-4efb-aab7-97ffa4fb68d6,SCHOOL_HOLIDAY,Term 1 2020 - Holiday start date,30/03/2020,No Source  - Generated,There is no formal source for these but they are the inbetween of the dates above,
2fa238b4-0b05-47cc-94a6-9a9123dc6224,SCHOOL_HOLIDAY,Term 3 2020 - Holiday start date,21/09/2020,No Source  - Generated,There is no formal source for these but they are the inbetween of the dates above,
2d6c3754-d0e1-430f-89b7-dc66c8e5bc49,SCHOOL_HOLIDAY,Term 1 2024 - Holiday end date,12/04/2024,No Source  - Generated,There is no formal source for these but they are the inbetween of the dates above,
fc965c96-916d-440d-92bd-292c826bbbe0,SCHOOL_HOLIDAY,Term 3 2024 - Holiday start date,23/09/2024,No Source  - Generated,There is no formal source for these but they are the inbetween of the dates above,
6d5945d3-5e8c-436d-924c-06073165a096,SCHOOL_HOLIDAY,Term 1 2023 - Holiday end date,21/04/2023,No Source  - Generated,There is no formal source for these but they are the inbetween of the dates above,
4a260fe7-f743-4a2b-909b-49f1e5230d08,SCHOOL_HOLIDAY,Term 2 2023 - Holiday start date,26/06/2023,No Source  - Generated,There is no formal source for these but they are the inbetween of the dates above,
0c2f09c4-135d-41ec-ab77-5e071c3ddbe6,SCHOOL_HOLIDAY,Term 3 2021 - Holiday start date,20/09/2021,No Source  - Generated,There is no formal source for these but they are the inbetween of the dates above,
6c89ad2c-555c-40ee-a384-683b413cc111,SCHOOL_HOLIDAY,Term 4 2024 - Holiday start date,23/12/2024,No Source  - Generated,There is no formal source for these but they are the inbetween of the dates above,
24b84055-5a68-43ab-8a20-9f4ba038b123,SCHOOL_HOLIDAY,Term 1 2022 - Holiday end date,25/04/2022,No Source  - Generated,There is no formal source for these but they are the inbetween of the dates above,
7bcd92e8-f909-4822-88de-d84318caa48c,SCHOOL_HOLIDAY,Term 2 2022 - Holiday end date,8/07/2022,No Source  - Generated,There is no formal source for these but they are the inbetween of the dates above,
511a1afc-ecc2-4abb-bb72-e2b153fba11e,SCHOOL_HOLIDAY,Term 2 2025 - Holiday end date,18/07/2025,No Source  - Generated,There is no formal source for these but they are the inbetween of the dates above,
8833c9cb-dbb3-4332-a250-6ee8edfc854c,SCHOOL_HOLIDAY,Term 3 2025 - Holiday start date,22/09/2025,No Source  - Generated,There is no formal source for these but they are the inbetween of the dates above,
17fff601-5d5a-49e9-8f95-930da56f157c,SCHOOL_HOLIDAY,Term 1 2025 - Holiday end date,21/04/2025,No Source  - Generated,There is no formal source for these but they are the inbetween of the dates above,
a3bde1c2-7efa-4951-9733-26e2b6bf5064,SCHOOL_HOLIDAY,Term 3 2025 - Holiday end date,3/10/2025,No Source  - Generated,There is no formal source for these but they are the inbetween of the dates above,
fbaafe68-a5c9-4aac-adfb-9d95442bd7ad,SCHOOL_HOLIDAY,Term 1 2019 Holiday end date,19/04/2019,No Source  - Generated,There is no formal source for these but they are the inbetween of the dates above,
c1d82b28-fd5f-4a9d-a819-f779779a0cf3,SCHOOL_HOLIDAY,Term 4  2019 Holiday end date,28/01/2020,No Source  - Generated,There is no formal source for these but they are the inbetween of the dates above,
cb487a5a-6dc2-458e-8a97-818f1b7976bc,SCHOOL_HOLIDAY,Term 2 2020 - Holiday end date,10/07/2020,No Source  - Generated,There is no formal source for these but they are the inbetween of the dates above,
6c0be2ab-6a6b-4995-8437-e7ecf4daa80a,SCHOOL_HOLIDAY,Term 4 2021 - Holiday end date,28/01/2022,No Source  - Generated,There is no formal source for these but they are the inbetween of the dates above,
202ae66c-079d-4d39-8262-8261247c93d7,SCHOOL_HOLIDAY,Term 1 2022 - Holiday start date,11/04/2022,No Source  - Generated,There is no formal source for these but they are the inbetween of the dates above,
1b559dbb-f9e0-42e7-b3f9-34d0c2511d72,SCHOOL_HOLIDAY,Term 4 2023 - Holiday start date,21/12/2023,No Source  - Generated,There is no formal source for these but they are the inbetween of the dates above,
1bb81636-56e9-4f7d-960e-b94391056747,SCHOOL_HOLIDAY,Term 4 2023 - Holiday end date,29/01/2024,No Source  - Generated,There is no formal source for these but they are the inbetween of the dates above,
00203471-a61b-4345-aed4-139f69d1e982,SCHOOL_HOLIDAY,Term 3 2024 - Holiday end date,4/10/2024,No Source  - Generated,There is no formal source for these but they are the inbetween of the dates above,
a80d2105-32fb-4f42-8984-95386c6ca2e2,SCHOOL_HOLIDAY,Term 4 2022 - Holiday end date,27/01/2023,No Source  - Generated,There is no formal source for these but they are the inbetween of the dates above,
7097607c-03f6-413a-b82a-23119c6a750f,SCHOOL_HOLIDAY,Term 2 2023 - Holiday end date,7/07/2023,No Source  - Generated,There is no formal source for these but they are the inbetween of the dates above,
7e73567b-3071-425a-8139-fb9398b19f41,SCHOOL_HOLIDAY,Term 2 2024 - Holiday end date,12/07/2024,No Source  - Generated,There is no formal source for these but they are the inbetween of the dates above,
4b3ea2b0-8dbe-480a-b4fe-0ffe26c69646,SCHOOL_HOLIDAY,Term 2 2021 - Holiday end date,9/07/2021,No Source  - Generated,There is no formal source for these but they are the inbetween of the dates above,
e45e5eda-e3d6-412d-b5ee-37b43a9e89e8,SCHOOL_HOLIDAY,Term2 2019 Holiday start date,1/07/2019,No Source  - Generated,There is no formal source for these but they are the inbetween of the dates above,
1af355cc-a17b-4233-a28f-e032f4523a4e,SCHOOL_HOLIDAY,Term 3 2019 - Holiday end date,4/10/2019,No Source  - Generated,There is no formal source for these but they are the inbetween of the dates above,
439146a2-f42a-4706-b3c9-e18ba223e16c,SCHOOL_HOLIDAY,Term 2 2021 - Holiday start date,28/06/2021,No Source  - Generated,There is no formal source for these but they are the inbetween of the dates above,
f2007a29-caa3-4a2e-a1f0-f23a330675f0,SCHOOL_HOLIDAY,Term 2 2025 - Holiday start date,7/07/2025,No Source  - Generated,There is no formal source for these but they are the inbetween of the dates above,
a5a46b6e-8db7-4e84-bad2-1bf87af406ae,SCHOOL_HOLIDAY,Term 4 2025 - Holiday start date,22/12/2025,No Source  - Generated,There is no formal source for these but they are the inbetween of the dates above,
50bf76f3-1654-46eb-a82f-2ab8620590e6,SCHOOL_HOLIDAY,Term 4 2021 - Holiday start date,20/12/2021,No Source  - Generated,There is no formal source for these but they are the inbetween of the dates above,
271ce2a2-0a08-4428-bae0-37cfe9d2965b,SCHOOL_HOLIDAY,Term 3 2019 - Holiday start date,23/09/2019,No Source  - Generated,There is no formal source for these but they are the inbetween of the dates above,
7d989f3b-f772-4f7f-8648-e3003ca98628,SCHOOL_HOLIDAY,Term 2 2019 - Holiday end date,12/07/2019,No Source  - Generated,There is no formal source for these but they are the inbetween of the dates above,
4adbbffc-73f2-49e4-b313-8e4aa01c5dd8,SCHOOL_HOLIDAY,Term 4 2019 - Holiday start date,23/12/2019,No Source  - Generated,There is no formal source for these but they are the inbetween of the dates above,
5860d642-ed5e-4075-bf66-b8e1d3069937,SCHOOL_HOLIDAY,Term 1 2020 - Holiday end date,13/04/2020,No Source  - Generated,There is no formal source for these but they are the inbetween of the dates above,
f7a77f78-ebdf-43e8-89fa-78288734c57a,SCHOOL_HOLIDAY,Term 2 2020 - Holiday start date,29/06/2020,No Source  - Generated,There is no formal source for these but they are the inbetween of the dates above,
d8dbc994-df80-4c4a-a62d-597a8338d12d,SCHOOL_HOLIDAY,Term 2 2022 - Holiday start date,27/06/2022,No Source  - Generated,There is no formal source for these but they are the inbetween of the dates above,
eb99a08a-1162-4c47-b573-147d7d3c23d3,SCHOOL_HOLIDAY,Term 1 2023 - Holiday start date,7/04/2023,No Source  - Generated,There is no formal source for these but they are the inbetween of the dates above,
1a95d980-43d4-400f-825a-a0ef2d50c3b5,SCHOOL_HOLIDAY,Term 4 2020 - Holiday end date,27/01/2021,No Source  - Generated,There is no formal source for these but they are the inbetween of the dates above,
e0b521f6-194f-484c-b44b-c95264e1fd48,SCHOOL_HOLIDAY,Term 1 2021 - Holiday end date,16/04/2021,No Source  - Generated,There is no formal source for these but they are the inbetween of the dates above,
394f863b-c0ad-4aef-9a63-84a3f97d65c7,SCHOOL_HOLIDAY,Term 3 2020 - Holiday end date,2/10/2020,No Source  - Generated,There is no formal source for these but they are the inbetween of the dates above,
c9ffae9f-decd-42f1-8911-3ca4d7d0b255,SCHOOL_HOLIDAY,Term 3 2023 - Holiday end date,29/09/2023,No Source  - Generated,There is no formal source for these but they are the inbetween of the dates above,
69bf0fac-d8ba-4e71-848b-0387b60bf14b,SCHOOL_HOLIDAY,Term 2 2024 - Holiday start date,1/07/2024,No Source  - Generated,There is no formal source for these but they are the inbetween of the dates above,
ef81fe6b-4ee8-493c-9c2f-faa38898eb33,SCHOOL_HOLIDAY,Term 4 2024 - Holiday end date,28/01/2025,No Source  - Generated,There is no formal source for these but they are the inbetween of the dates above,
5150273e-674a-464b-ae06-c3c97a60da08,SCHOOL_TERM,Term 1 2019 -Start date,30/01/2019,Department of Education,Term dates are published up until 2025,https://www.vic.gov.au/school-term-dates-and-holidays-victoria
21e22d99-c1a4-4c1b-92f2-b3a437bfac52,SCHOOL_TERM,Term 1 2020 - Start date - Students start 29 January in government schools,29/01/2020,Department of Education,,https://www.vic.gov.au/school-term-dates-and-holidays-victoria
99585b2a-8717-405d-a21b-c626a603a590,SCHOOL_TERM,Term 3 2020 - Start date,13/07/2020,Department of Education,,https://www.vic.gov.au/school-term-dates-and-holidays-victoria
1202d974-f795-40b2-8666-6e7d20948a40,SCHOOL_TERM,Term 4 2020 - End date,18/12/2020,Department of Education,,https://www.vic.gov.au/school-term-dates-and-holidays-victoria
4b43b51f-c980-4d3e-8043-17c35d290d0a,SCHOOL_TERM,Term 3 2023 - Start date,10/07/2023,Department of Education,,https://www.vic.gov.au/school-term-dates-and-holidays-victoria
3f0587f2-4c37-4ced-95b1-e4f3224f5972,SCHOOL_TERM,Term 4 2023 - End date,20/12/2023,Department of Education,,https://www.vic.gov.au/school-term-dates-and-holidays-victoria
ce34ffb0-2ecf-4222-8e75-0d8530228777,SCHOOL_TERM,Term 1 2024 - End date,28/03/2024,Department of Education,,https://www.vic.gov.au/school-term-dates-and-holidays-victoria
a09def30-2ba5-4d25-a21d-ffa90111bfce,SCHOOL_TERM,Term 2 2024 - End date,28/06/2024,Department of Education,,https://www.vic.gov.au/school-term-dates-and-holidays-victoria
bf559ba1-acd7-4455-becc-7f04e4f81f1e,SCHOOL_TERM,Term 4 2022 - End date,20/12/2022,Department of Education,,https://www.vic.gov.au/school-term-dates-and-holidays-victoria
4ac6e9c9-24f3-45e3-8b65-c7c0e236d512,SCHOOL_TERM,Term 3 2019 - Start date,15/07/2019,Department of Education,Term dates are published up until 2025,https://www.vic.gov.au/school-term-dates-and-holidays-victoria
5d97addf-4cc3-4999-a97d-1fa618520fa0,SCHOOL_TERM,Term 1 2021 - End date,1/04/2021,Department of Education,,https://www.vic.gov.au/school-term-dates-and-holidays-victoria
1283f224-dffd-428d-9662-ee18d3c11b10,SCHOOL_TERM,Term 3 2021 - Start date,12/07/2021,Department of Education,,https://www.vic.gov.au/school-term-dates-and-holidays-victoria
47ea6302-9c0e-4be6-8328-ee500abc109e,SCHOOL_TERM,Term 3 2020 - End date,17/09/2021,Department of Education,,https://www.vic.gov.au/school-term-dates-and-holidays-victoria
473dc573-79aa-48c7-9db2-29e9bc8d1667,SCHOOL_TERM,Term 1 2022 - Start date - Students start 31 January in government schools,31/01/2022,Department of Education,,https://www.vic.gov.au/school-term-dates-and-holidays-victoria
22596494-2522-472b-97de-4c5bd8fe3fb0,SCHOOL_TERM,Term 1 2023 - Start date - Students start 30 January in government schools,30/01/2023,Department of Education,,https://www.vic.gov.au/school-term-dates-and-holidays-victoria
cf52a92b-55cf-45ef-b277-a18a64eef0dd,SCHOOL_TERM,Term 4 2020 - Start date,5/10/2020,Department of Education,,https://www.vic.gov.au/school-term-dates-and-holidays-victoria
0434ec75-7432-4196-a85c-02bdff7e55d9,SCHOOL_TERM,Term 4 2025 - End date,19/12/2025,Department of Education,,https://www.vic.gov.au/school-term-dates-and-holidays-victoria
a1ea2e8e-47fe-48d3-b177-3b850a8077a5,SCHOOL_TERM,Term 1 2025 - Start date - Students start 29 January in government schools,29/01/2025,Department of Education,,https://www.vic.gov.au/school-term-dates-and-holidays-victoria
5c18f608-c136-441c-9701-78be94df4c54,SCHOOL_TERM,Term 2 2025 - End date,4/07/2025,Department of Education,,https://www.vic.gov.au/school-term-dates-and-holidays-victoria
3a5be4f7-f752-48ea-aa20-e2f0ff8e883d,SCHOOL_TERM,Term 3 2025 - Start date,21/07/2025,Department of Education,,https://www.vic.gov.au/school-term-dates-and-holidays-victoria
e2aa0891-8656-4308-9b65-c1b2c013bc9d,SCHOOL_TERM,Term 2 2023 - Start date,24/04/2023,Department of Education,,https://www.vic.gov.au/school-term-dates-and-holidays-victoria
e0194f64-ba7d-4746-978e-92422239e587,SCHOOL_TERM,Term 2 2023 - End date,23/06/2023,Department of Education,,https://www.vic.gov.au/school-term-dates-and-holidays-victoria
c4336bff-d463-4e18-84b7-26322cf94c3a,SCHOOL_TERM,Term 4 2021 - Start date,4/10/2021,Department of Education,,https://www.vic.gov.au/school-term-dates-and-holidays-victoria
7715f51a-38b1-4e9d-8818-5de765e1d86b,SCHOOL_TERM,Term 4 2021 - End date,17/12/2021,Department of Education,,https://www.vic.gov.au/school-term-dates-and-holidays-victoria
cb639e1e-5577-47cb-b651-2e4c41437013,SCHOOL_TERM,Term 1 2023 - Start date,27/01/2023,Department of Education,,https://www.vic.gov.au/school-term-dates-and-holidays-victoria
c2aeb379-ad2f-4ee4-be41-0d2bb38b0e2f,SCHOOL_TERM,Term 2 2024 - Start date,15/04/2024,Department of Education,,https://www.vic.gov.au/school-term-dates-and-holidays-victoria
cc9f6f47-b19a-4f58-881c-8749a9c1cdf5,SCHOOL_TERM,Term 1 2024 - Start date,29/01/2024,Department of Education,,https://www.vic.gov.au/school-term-dates-and-holidays-victoria
d1daa77d-d8d5-4095-9283-0726a5fb4773,SCHOOL_TERM,Term 2 2020 - End date,26/06/2020,Department of Education,,https://www.vic.gov.au/school-term-dates-and-holidays-victoria
58294c73-1e3a-4e25-a9de-da0eaee8447a,SCHOOL_TERM,Term 3 2023 - End date,15/09/2023,Department of Education,,https://www.vic.gov.au/school-term-dates-and-holidays-victoria
eb07cd5a-a225-4596-8932-a5c76aefcd31,SCHOOL_TERM,Term 4 2025 - Start date,6/10/2025,Department of Education,,https://www.vic.gov.au/school-term-dates-and-holidays-victoria
808cf622-38b6-4ebf-842d-5c9cb2d95d99,SCHOOL_TERM,Term 1 2025 - Start date,28/01/2025,Department of Education,,https://www.vic.gov.au/school-term-dates-and-holidays-victoria
07f5d13a-7903-457d-8963-782e116cbc13,SCHOOL_TERM,Term 1 2019 -End date,5/04/2019,Department of Education,Term dates are published up until 2025,https://www.vic.gov.au/school-term-dates-and-holidays-victoria
5b6c1a4f-77bb-4a42-b58e-d05dc403633a,SCHOOL_TERM,Term 1 2024 - Start date - Students start 30 January in government schools,30/01/2024,Department of Education,,https://www.vic.gov.au/school-term-dates-and-holidays-victoria
0e117491-69db-47bd-82d1-9cf3ba5bd8ba,SCHOOL_TERM,Term 3 2024 - Start date,15/07/2024,Department of Education,,https://www.vic.gov.au/school-term-dates-and-holidays-victoria
9b4045ee-3a39-4943-96ba-94775733c859,SCHOOL_TERM,Term 2 2022 - Start date,26/04/2022,Department of Education,,https://www.vic.gov.au/school-term-dates-and-holidays-victoria
55256199-50ea-4610-91fb-87216c822d1f,SCHOOL_TERM,Term 2 2022 - End date,24/06/2022,Department of Education,,https://www.vic.gov.au/school-term-dates-and-holidays-victoria
104ec8a2-aafb-4637-9bb6-77e0d215190f,SCHOOL_TERM,Term 4 2024 - Start date,7/10/2024,Department of Education,,https://www.vic.gov.au/school-term-dates-and-holidays-victoria
dfbfc26f-9639-4a5c-b196-04ccd35c7ee3,SCHOOL_TERM,Term 4 2022 - Start date,3/10/2022,Department of Education,,https://www.vic.gov.au/school-term-dates-and-holidays-victoria
e5fd2bdd-de6d-413c-b88b-cc961b3a8976,SCHOOL_TERM,Term 1 2023 - End date,6/04/2023,Department of Education,,https://www.vic.gov.au/school-term-dates-and-holidays-victoria
75e0722d-abd8-4a9a-acbf-65ba2230d4ef,SCHOOL_TERM,Term 2 2020 - Start date,14/04/2020,Department of Education,,https://www.vic.gov.au/school-term-dates-and-holidays-victoria
b18fb37f-37cf-4b35-a8a4-4d6c333a8fd0,SCHOOL_TERM,Term 1 2020 - Start date,28/01/2020,Department of Education,,https://www.vic.gov.au/school-term-dates-and-holidays-victoria
79ee6e90-6f4d-48e0-9e3a-ca8a9313b14b,SCHOOL_TERM,Term 1 2022 - End date,8/04/2022,Department of Education,,https://www.vic.gov.au/school-term-dates-and-holidays-victoria
871f7875-8d84-418f-bb1c-bfef69d41427,SCHOOL_TERM,Term 1 2025 - End date,4/04/2025,Department of Education,,https://www.vic.gov.au/school-term-dates-and-holidays-victoria
e5642bcd-b0ab-4625-8437-579e4c69db17,SCHOOL_TERM,Term 3 2025 - End date,19/09/2025,Department of Education,,https://www.vic.gov.au/school-term-dates-and-holidays-victoria
5d0b55fc-3456-4bcc-9d31-ae67c22af3a0,SCHOOL_TERM,Term 2 2019 - Start date,23/04/2019,Department of Education,Term dates are published up until 2025,https://www.vic.gov.au/school-term-dates-and-holidays-victoria
45db403a-5e02-4a99-b1b5-732bcdeeb6fd,SCHOOL_TERM,Term 2 2019 - End date,28/06/2019,Department of Education,Term dates are published up until 2025,https://www.vic.gov.au/school-term-dates-and-holidays-victoria
e019dffb-530e-479a-9062-5c3c18c3bcae,SCHOOL_TERM,Term 4 2019 -Start date,7/10/2019,Department of Education,Term dates are published up until 2025,https://www.vic.gov.au/school-term-dates-and-holidays-victoria
700ba7e5-b2c8-447b-a966-a0d293a3b497,SCHOOL_TERM,Term 3 2019-End date,20/09/2019,Department of Education,Term dates are published up until 2025,https://www.vic.gov.au/school-term-dates-and-holidays-victoria
eb9b5a3c-88b1-4813-a038-796e8b6de4e2,SCHOOL_TERM,Term 4 2019-End date,20/12/2019,Department of Education,,https://www.vic.gov.au/school-term-dates-and-holidays-victoria
09a3883d-6d77-4b5d-b607-b453e74192e9,SCHOOL_TERM,Term 1 2021 - Start date - Students start 28 January in government schools,28/01/2021,Department of Education,,https://www.vic.gov.au/school-term-dates-and-holidays-victoria
4b308004-d830-4e6e-82a8-eb0ab283f4ea,SCHOOL_TERM,Term 3 2022 - Start date,11/07/2022,Department of Education,,https://www.vic.gov.au/school-term-dates-and-holidays-victoria
7f42ebde-a780-4e6e-9f90-578b6b225c80,SCHOOL_TERM,Term 1 2021 - Start date,27/01/2021,Department of Education,,https://www.vic.gov.au/school-term-dates-and-holidays-victoria
de136624-6386-4ddb-af05-0ba9abb3e8a5,SCHOOL_TERM,Term 2 2021 - Start date,19/04/2021,Department of Education,,https://www.vic.gov.au/school-term-dates-and-holidays-victoria
ba506c49-0271-486d-a807-61278229b502,SCHOOL_TERM,Term 1 2020 - End date,27/03/2020,Department of Education,,https://www.vic.gov.au/school-term-dates-and-holidays-victoria
d047f1ec-92be-40f1-9606-895ab1b80d35,SCHOOL_TERM,Term 3 2022 - End date,16/09/2022,Department of Education,,https://www.vic.gov.au/school-term-dates-and-holidays-victoria
38c88a96-b41c-4045-b06f-383b57603e9e,SCHOOL_TERM,Term 1 2022 - Start date,28/01/2022,Department of Education,,https://www.vic.gov.au/school-term-dates-and-holidays-victoria
ddb707c9-40b9-468d-bc63-f991e6c4c9aa,SCHOOL_TERM,Term 3 2020 - End date,18/09/2020,Department of Education,,https://www.vic.gov.au/school-term-dates-and-holidays-victoria
4d920188-3143-4aa7-8a75-577de4991008,SCHOOL_TERM,Term 2 2021 - End date,25/06/2021,Department of Education,,https://www.vic.gov.au/school-term-dates-and-holidays-victoria
abd2ad3c-ee6e-495b-b857-f65d0efbf8bb,SCHOOL_TERM,Term 4 2024 - End date,20/12/2024,Department of Education,,https://www.vic.gov.au/school-term-dates-and-holidays-victoria
04751c1e-9026-42de-bfc3-78dee4dfee12,SCHOOL_TERM,Term 4 2023 - Start date,2/10/2023,Department of Education,,https://www.vic.gov.au/school-term-dates-and-holidays-victoria
74f79563-a097-4c09-b481-15fbc0661462,SCHOOL_TERM,Term 2 2025 - Start date,22/04/2025,Department of Education,,https://www.vic.gov.au/school-term-dates-and-holidays-victoria
917e5ecf-312a-4d47-8391-335f2a654ad4,SCHOOL_TERM,Term 3 2024 - End date,20/09/2024,Department of Education,,https://www.vic.gov.au/school-term-dates-and-holidays-victoria
76c3fbb4-cd27-45b5-9830-ab2431e6e61c,DAYLIGHT_SAVING,Daylight Savings Ends,7/04/2019,Business Victoria,Daylight Saving Time ends at 2am (3am Daylight Saving Time) on the first Sunday in April when clocks are put back one hour,https://business.vic.gov.au/business-information/daylight-saving
34eed940-4fa0-45d0-ac1f-1d3ab499ee33,DAYLIGHT_SAVING,Daylight Savings Starts,7/10/2018,Business Victoria,Always starts the first weekend in October and ends the First weekend in April,https://business.vic.gov.au/business-information/daylight-saving
52f22ea5-5111-427d-9a26-1a589d3164d5,DAYLIGHT_SAVING,Daylight Savings Ends,5/04/2020,Business Victoria,Always starts the first weekend in October and ends the First weekend in April,https://business.vic.gov.au/business-information/daylight-saving
b4a1d6bd-73ff-4245-b0f1-a580bab1a7f9,DAYLIGHT_SAVING,Daylight Savings Ends,4/04/2021,Business Victoria,Daylight Saving Time ends at 2am (3am Daylight Saving Time) on the first Sunday in April when clocks are put back one hour,https://business.vic.gov.au/business-information/daylight-saving
791010e8-5f4f-47fe-8266-75a671b2f1b2,DAYLIGHT_SAVING,Daylight Savings Starts,4/10/2020,Business Victoria,Daylight Saving Time begins at 2am on the first Sunday in October when clocks are put forward one hour,https://business.vic.gov.au/business-information/daylight-saving
80653ade-b104-4e40-8c01-6e59f3c1e186,DAYLIGHT_SAVING,Daylight Savings Starts,6/10/2019,Business Victoria,Daylight Saving Time begins at 2am on the first Sunday in October when clocks are put forward one hour,https://business.vic.gov.au/business-information/daylight-saving
e45cdf64-e256-4042-8f1c-450182bc2f96,DAYLIGHT_SAVING,Daylight Savings Starts,3/10/2021,Business Victoria,Daylight Saving Time begins at 2am on the first Sunday in October when clocks are put forward one hour,https://business.vic.gov.au/business-information/daylight-saving
96cb3e91-151e-4cc0-b636-7783c392bf20,DAYLIGHT_SAVING,Daylight Savings Ends,3/04/2022,Business Victoria,Daylight Saving Time ends at 2am (3am Daylight Saving Time) on the first Sunday in April when clocks are put back one hour,https://business.vic.gov.au/business-information/daylight-saving
1a34e1ad-2cbd-4730-9c89-42bf9fceb235,MULTI_FAITH,Tet Nam Moiaabsc,2/05/2019,Faith Communities Council of Victoria,Updated annually,http://www.faithvictoria.org.au/calendar
5603f2f1-5205-4107-ba58-02520e46d6ff,MULTI_FAITH,Mahayana New Year,23/01/2019,Faith Communities Council of Victoria,21-23 January 2019,http://www.faithvictoria.org.au/calendar
,MULTI_FAITH,Epiphany,6/01/2022,Faith Communities Council of Victoria,,http://www.faithvictoria.org.au/calendar
,MULTI_FAITH,Nativity (Orthodox),7/01/2022,Faith Communities Council of Victoria,,http://www.faithvictoria.org.au/calendar
,MULTI_FAITH,Birthday of Guru Gobind Singh Ji,9/01/2022,Faith Communities Council of Victoria,,http://www.faithvictoria.org.au/calendar
,MULTI_FAITH,Bodhi Day,10/01/2022,Faith Communities Council of Victoria,,http://www.faithvictoria.org.au/calendar
,MULTI_FAITH,Maghi,13/01/2022,Faith Communities Council of Victoria,,http://www.faithvictoria.org.au/calendar
,MULTI_FAITH,Pongal,14/01/2022,Faith Communities Council of Victoria,14-17 January 2022,http://www.faithvictoria.org.au/calendar
,MULTI_FAITH,Pongal,15/01/2022,Faith Communities Council of Victoria,14-17 January 2022,http://www.faithvictoria.org.au/calendar
,MULTI_FAITH,Pongal,16/01/2022,Faith Communities Council of Victoria,14-17 January 2022,http://www.faithvictoria.org.au/calendar
,MULTI_FAITH,Pongal,17/01/2022,Faith Communities Council of Victoria,14-17 January 2022,http://www.faithvictoria.org.au/calendar
,MULTI_FAITH,Mahayana New Year,18/01/2022,Faith Communities Council of Victoria,18-20 January 2022,http://www.faithvictoria.org.au/calendar
,MULTI_FAITH,Mahayana New Year,19/01/2022,Faith Communities Council of Victoria,18-20 January 2022,http://www.faithvictoria.org.au/calendar
,MULTI_FAITH,Mahayana New Year,20/01/2022,Faith Communities Council of Victoria,18-20 January 2022,http://www.faithvictoria.org.au/calendar
,MULTI_FAITH,Chinese New Year,1/02/2022,Faith Communities Council of Victoria,,http://www.faithvictoria.org.au/calendar
,MULTI_FAITH,Nirvana Day,15/02/2022,Faith Communities Council of Victoria,,http://www.faithvictoria.org.au/calendar
,MULTI_FAITH,Magha Puja Day,16/02/2022,Faith Communities Council of Victoria,,http://www.faithvictoria.org.au/calendar
,MULTI_FAITH,MahaShivaratri,1/03/2022,Faith Communities Council of Victoria,,http://www.faithvictoria.org.au/calendar
,MULTI_FAITH,Lailat al Miraj,1/03/2022,Faith Communities Council of Victoria,,http://www.faithvictoria.org.au/calendar
,MULTI_FAITH,Lent begins on Ash Wednesday,2/03/2022,Faith Communities Council of Victoria,2 March-14 April 2022,http://www.faithvictoria.org.au/calendar
,MULTI_FAITH,Lent begins on Ash Wednesday,3/03/2022,Faith Communities Council of Victoria,2 March-14 April 2022,http://www.faithvictoria.org.au/calendar
,MULTI_FAITH,Lent begins on Ash Wednesday,4/03/2022,Faith Communities Council of Victoria,2 March-14 April 2022,http://www.faithvictoria.org.au/calendar
,MULTI_FAITH,Lent begins on Ash Wednesday,5/03/2022,Faith Communities Council of Victoria,2 March-14 April 2022,http://www.faithvictoria.org.au/calendar
,MULTI_FAITH,Lent begins on Ash Wednesday,6/03/2022,Faith Communities Council of Victoria,2 March-14 April 2022,http://www.faithvictoria.org.au/calendar
,MULTI_FAITH,Lent begins on Ash Wednesday,7/03/2022,Faith Communities Council of Victoria,2 March-14 April 2022,http://www.faithvictoria.org.au/calendar
,MULTI_FAITH,Lent begins on Ash Wednesday,8/03/2022,Faith Communities Council of Victoria,2 March-14 April 2022,http://www.faithvictoria.org.au/calendar
,MULTI_FAITH,Lent begins on Ash Wednesday,9/03/2022,Faith Communities Council of Victoria,2 March-14 April 2022,http://www.faithvictoria.org.au/calendar
,MULTI_FAITH,Lent begins on Ash Wednesday,10/03/2022,Faith Communities Council of Victoria,2 March-14 April 2022,http://www.faithvictoria.org.au/calendar
,MULTI_FAITH,Lent begins on Ash Wednesday,11/03/2022,Faith Communities Council of Victoria,2 March-14 April 2022,http://www.faithvictoria.org.au/calendar
,MULTI_FAITH,Lent begins on Ash Wednesday,12/03/2022,Faith Communities Council of Victoria,2 March-14 April 2022,http://www.faithvictoria.org.au/calendar
,MULTI_FAITH,Lent begins on Ash Wednesday,13/03/2022,Faith Communities Council of Victoria,2 March-14 April 2022,http://www.faithvictoria.org.au/calendar
,MULTI_FAITH,Lent begins on Ash Wednesday,14/03/2022,Faith Communities Council of Victoria,2 March-14 April 2022,http://www.faithvictoria.org.au/calendar
,MULTI_FAITH,Lent begins on Ash Wednesday,15/03/2022,Faith Communities Council of Victoria,2 March-14 April 2022,http://www.faithvictoria.org.au/calendar
,MULTI_FAITH,Lent begins on Ash Wednesday,16/03/2022,Faith Communities Council of Victoria,2 March-14 April 2022,http://www.faithvictoria.org.au/calendar
,MULTI_FAITH,Lent begins on Ash Wednesday,17/03/2022,Faith Communities Council of Victoria,2 March-14 April 2022,http://www.faithvictoria.org.au/calendar
,MULTI_FAITH,Lent begins on Ash Wednesday,18/03/2022,Faith Communities Council of Victoria,2 March-14 April 2022,http://www.faithvictoria.org.au/calendar
,MULTI_FAITH,Lent begins on Ash Wednesday,19/03/2022,Faith Communities Council of Victoria,2 March-14 April 2022,http://www.faithvictoria.org.au/calendar
,MULTI_FAITH,Lent begins on Ash Wednesday,20/03/2022,Faith Communities Council of Victoria,2 March-14 April 2022,http://www.faithvictoria.org.au/calendar
,MULTI_FAITH,Lent begins on Ash Wednesday,21/03/2022,Faith Communities Council of Victoria,2 March-14 April 2022,http://www.faithvictoria.org.au/calendar
,MULTI_FAITH,Lent begins on Ash Wednesday,22/03/2022,Faith Communities Council of Victoria,2 March-14 April 2022,http://www.faithvictoria.org.au/calendar
,MULTI_FAITH,Lent begins on Ash Wednesday,23/03/2022,Faith Communities Council of Victoria,2 March-14 April 2022,http://www.faithvictoria.org.au/calendar
,MULTI_FAITH,Lent begins on Ash Wednesday,24/03/2022,Faith Communities Council of Victoria,2 March-14 April 2022,http://www.faithvictoria.org.au/calendar
,MULTI_FAITH,Lent begins on Ash Wednesday,25/03/2022,Faith Communities Council of Victoria,2 March-14 April 2022,http://www.faithvictoria.org.au/calendar
,MULTI_FAITH,Lent begins on Ash Wednesday,26/03/2022,Faith Communities Council of Victoria,2 March-14 April 2022,http://www.faithvictoria.org.au/calendar
,MULTI_FAITH,Lent begins on Ash Wednesday,27/03/2022,Faith Communities Council of Victoria,2 March-14 April 2022,http://www.faithvictoria.org.au/calendar
,MULTI_FAITH,Lent begins on Ash Wednesday,28/03/2022,Faith Communities Council of Victoria,2 March-14 April 2022,http://www.faithvictoria.org.au/calendar
,MULTI_FAITH,Lent begins on Ash Wednesday,29/03/2022,Faith Communities Council of Victoria,2 March-14 April 2022,http://www.faithvictoria.org.au/calendar
,MULTI_FAITH,Lent begins on Ash Wednesday,30/03/2022,Faith Communities Council of Victoria,2 March-14 April 2022,http://www.faithvictoria.org.au/calendar
,MULTI_FAITH,Lent begins on Ash Wednesday,31/03/2022,Faith Communities Council of Victoria,2 March-14 April 2022,http://www.faithvictoria.org.au/calendar
,MULTI_FAITH,Lent begins on Ash Wednesday,1/04/2022,Faith Communities Council of Victoria,2 March-14 April 2022,http://www.faithvictoria.org.au/calendar
,MULTI_FAITH,Lent begins on Ash Wednesday,2/04/2022,Faith Communities Council of Victoria,2 March-14 April 2022,http://www.faithvictoria.org.au/calendar
,MULTI_FAITH,Lent begins on Ash Wednesday,3/04/2022,Faith Communities Council of Victoria,2 March-14 April 2022,http://www.faithvictoria.org.au/calendar
,MULTI_FAITH,Lent begins on Ash Wednesday,4/04/2022,Faith Communities Council of Victoria,2 March-14 April 2022,http://www.faithvictoria.org.au/calendar
,MULTI_FAITH,Lent begins on Ash Wednesday,5/04/2022,Faith Communities Council of Victoria,2 March-14 April 2022,http://www.faithvictoria.org.au/calendar
,MULTI_FAITH,Lent begins on Ash Wednesday,6/04/2022,Faith Communities Council of Victoria,2 March-14 April 2022,http://www.faithvictoria.org.au/calendar
,MULTI_FAITH,Lent begins on Ash Wednesday,7/04/2022,Faith Communities Council of Victoria,2 March-14 April 2022,http://www.faithvictoria.org.au/calendar
,MULTI_FAITH,Lent begins on Ash Wednesday,8/04/2022,Faith Communities Council of Victoria,2 March-14 April 2022,http://www.faithvictoria.org.au/calendar
,MULTI_FAITH,Lent begins on Ash Wednesday,9/04/2022,Faith Communities Council of Victoria,2 March-14 April 2022,http://www.faithvictoria.org.au/calendar
,MULTI_FAITH,Lent begins on Ash Wednesday,10/04/2022,Faith Communities Council of Victoria,2 March-14 April 2022,http://www.faithvictoria.org.au/calendar
,MULTI_FAITH,Lent begins on Ash Wednesday,11/04/2022,Faith Communities Council of Victoria,2 March-14 April 2022,http://www.faithvictoria.org.au/calendar
,MULTI_FAITH,Lent begins on Ash Wednesday,12/04/2022,Faith Communities Council of Victoria,2 March-14 April 2022,http://www.faithvictoria.org.au/calendar
,MULTI_FAITH,Lent begins on Ash Wednesday,13/04/2022,Faith Communities Council of Victoria,2 March-14 April 2022,http://www.faithvictoria.org.au/calendar
,MULTI_FAITH,Lent begins on Ash Wednesday,14/04/2022,Faith Communities Council of Victoria,2 March-14 April 2022,http://www.faithvictoria.org.au/calendar
,MULTI_FAITH,Tibetan New Year,3/03/2022,Faith Communities Council of Victoria,3-5 March 2022,http://www.faithvictoria.org.au/calendar
,MULTI_FAITH,Tibetan New Year,4/03/2022,Faith Communities Council of Victoria,3-5 March 2022,http://www.faithvictoria.org.au/calendar
,MULTI_FAITH,Tibetan New Year,5/03/2022,Faith Communities Council of Victoria,3-5 March 2022,http://www.faithvictoria.org.au/calendar
,MULTI_FAITH,Great Lent (Orthodox),7/03/2022,Faith Communities Council of Victoria,7 March-15 April 2022,http://www.faithvictoria.org.au/calendar
,MULTI_FAITH,Great Lent (Orthodox),8/03/2022,Faith Communities Council of Victoria,7 March-15 April 2022,http://www.faithvictoria.org.au/calendar
,MULTI_FAITH,Great Lent (Orthodox),9/03/2022,Faith Communities Council of Victoria,7 March-15 April 2022,http://www.faithvictoria.org.au/calendar
,MULTI_FAITH,Great Lent (Orthodox),10/03/2022,Faith Communities Council of Victoria,7 March-15 April 2022,http://www.faithvictoria.org.au/calendar
,MULTI_FAITH,Great Lent (Orthodox),11/03/2022,Faith Communities Council of Victoria,7 March-15 April 2022,http://www.faithvictoria.org.au/calendar
,MULTI_FAITH,Great Lent (Orthodox),12/03/2022,Faith Communities Council of Victoria,7 March-15 April 2022,http://www.faithvictoria.org.au/calendar
,MULTI_FAITH,Great Lent (Orthodox),13/03/2022,Faith Communities Council of Victoria,7 March-15 April 2022,http://www.faithvictoria.org.au/calendar
,MULTI_FAITH,Great Lent (Orthodox),14/03/2022,Faith Communities Council of Victoria,7 March-15 April 2022,http://www.faithvictoria.org.au/calendar
,MULTI_FAITH,Great Lent (Orthodox),15/03/2022,Faith Communities Council of Victoria,7 March-15 April 2022,http://www.faithvictoria.org.au/calendar
,MULTI_FAITH,Great Lent (Orthodox),16/03/2022,Faith Communities Council of Victoria,7 March-15 April 2022,http://www.faithvictoria.org.au/calendar
,MULTI_FAITH,Great Lent (Orthodox),17/03/2022,Faith Communities Council of Victoria,7 March-15 April 2022,http://www.faithvictoria.org.au/calendar
,MULTI_FAITH,Great Lent (Orthodox),18/03/2022,Faith Communities Council of Victoria,7 March-15 April 2022,http://www.faithvictoria.org.au/calendar
,MULTI_FAITH,Great Lent (Orthodox),19/03/2022,Faith Communities Council of Victoria,7 March-15 April 2022,http://www.faithvictoria.org.au/calendar
,MULTI_FAITH,Great Lent (Orthodox),20/03/2022,Faith Communities Council of Victoria,7 March-15 April 2022,http://www.faithvictoria.org.au/calendar
,MULTI_FAITH,Great Lent (Orthodox),21/03/2022,Faith Communities Council of Victoria,7 March-15 April 2022,http://www.faithvictoria.org.au/calendar
,MULTI_FAITH,Great Lent (Orthodox),22/03/2022,Faith Communities Council of Victoria,7 March-15 April 2022,http://www.faithvictoria.org.au/calendar
,MULTI_FAITH,Great Lent (Orthodox),23/03/2022,Faith Communities Council of Victoria,7 March-15 April 2022,http://www.faithvictoria.org.au/calendar
,MULTI_FAITH,Great Lent (Orthodox),24/03/2022,Faith Communities Council of Victoria,7 March-15 April 2022,http://www.faithvictoria.org.au/calendar
,MULTI_FAITH,Great Lent (Orthodox),25/03/2022,Faith Communities Council of Victoria,7 March-15 April 2022,http://www.faithvictoria.org.au/calendar
,MULTI_FAITH,Great Lent (Orthodox),26/03/2022,Faith Communities Council of Victoria,7 March-15 April 2022,http://www.faithvictoria.org.au/calendar
,MULTI_FAITH,Great Lent (Orthodox),27/03/2022,Faith Communities Council of Victoria,7 March-15 April 2022,http://www.faithvictoria.org.au/calendar
,MULTI_FAITH,Great Lent (Orthodox),28/03/2022,Faith Communities Council of Victoria,7 March-15 April 2022,http://www.faithvictoria.org.au/calendar
,MULTI_FAITH,Great Lent (Orthodox),29/03/2022,Faith Communities Council of Victoria,7 March-15 April 2022,http://www.faithvictoria.org.au/calendar
,MULTI_FAITH,Great Lent (Orthodox),30/03/2022,Faith Communities Council of Victoria,7 March-15 April 2022,http://www.faithvictoria.org.au/calendar
,MULTI_FAITH,Great Lent (Orthodox),31/03/2022,Faith Communities Council of Victoria,7 March-15 April 2022,http://www.faithvictoria.org.au/calendar
,MULTI_FAITH,Great Lent (Orthodox),1/04/2022,Faith Communities Council of Victoria,7 March-15 April 2022,http://www.faithvictoria.org.au/calendar
,MULTI_FAITH,Great Lent (Orthodox),2/04/2022,Faith Communities Council of Victoria,7 March-15 April 2022,http://www.faithvictoria.org.au/calendar
,MULTI_FAITH,Great Lent (Orthodox),3/04/2022,Faith Communities Council of Victoria,7 March-15 April 2022,http://www.faithvictoria.org.au/calendar
,MULTI_FAITH,Great Lent (Orthodox),4/04/2022,Faith Communities Council of Victoria,7 March-15 April 2022,http://www.faithvictoria.org.au/calendar
,MULTI_FAITH,Great Lent (Orthodox),5/04/2022,Faith Communities Council of Victoria,7 March-15 April 2022,http://www.faithvictoria.org.au/calendar
,MULTI_FAITH,Great Lent (Orthodox),6/04/2022,Faith Communities Council of Victoria,7 March-15 April 2022,http://www.faithvictoria.org.au/calendar
,MULTI_FAITH,Great Lent (Orthodox),7/04/2022,Faith Communities Council of Victoria,7 March-15 April 2022,http://www.faithvictoria.org.au/calendar
,MULTI_FAITH,Great Lent (Orthodox),8/04/2022,Faith Communities Council of Victoria,7 March-15 April 2022,http://www.faithvictoria.org.au/calendar
,MULTI_FAITH,Great Lent (Orthodox),9/04/2022,Faith Communities Council of Victoria,7 March-15 April 2022,http://www.faithvictoria.org.au/calendar
,MULTI_FAITH,Great Lent (Orthodox),10/04/2022,Faith Communities Council of Victoria,7 March-15 April 2022,http://www.faithvictoria.org.au/calendar
,MULTI_FAITH,Great Lent (Orthodox),11/04/2022,Faith Communities Council of Victoria,7 March-15 April 2022,http://www.faithvictoria.org.au/calendar
,MULTI_FAITH,Great Lent (Orthodox),12/04/2022,Faith Communities Council of Victoria,7 March-15 April 2022,http://www.faithvictoria.org.au/calendar
,MULTI_FAITH,Great Lent (Orthodox),13/04/2022,Faith Communities Council of Victoria,7 March-15 April 2022,http://www.faithvictoria.org.au/calendar
,MULTI_FAITH,Great Lent (Orthodox),14/04/2022,Faith Communities Council of Victoria,7 March-15 April 2022,http://www.faithvictoria.org.au/calendar
,MULTI_FAITH,Great Lent (Orthodox),15/04/2022,Faith Communities Council of Victoria,7 March-15 April 2022,http://www.faithvictoria.org.au/calendar
,MULTI_FAITH,Purim,17/04/2022,Faith Communities Council of Victoria,,http://www.faithvictoria.org.au/calendar
,MULTI_FAITH,Holi,18/04/2022,Faith Communities Council of Victoria,,http://www.faithvictoria.org.au/calendar
,MULTI_FAITH,Hola Mohalla,18/04/2022,Faith Communities Council of Victoria,18-20 April 2022,http://www.faithvictoria.org.au/calendar
,MULTI_FAITH,Hola Mohalla,19/04/2022,Faith Communities Council of Victoria,18-20 April 2022,http://www.faithvictoria.org.au/calendar
,MULTI_FAITH,Hola Mohalla,20/04/2022,Faith Communities Council of Victoria,18-20 April 2022,http://www.faithvictoria.org.au/calendar
,MULTI_FAITH,Lailat al Bara'ah,19/04/2022,Faith Communities Council of Victoria,,http://www.faithvictoria.org.au/calendar
,MULTI_FAITH,Naw Ruz,21/04/2022,Faith Communities Council of Victoria,,http://www.faithvictoria.org.au/calendar
,MULTI_FAITH,Ramadan,3/04/2022,Faith Communities Council of Victoria,3 April-2 May 2022,http://www.faithvictoria.org.au/calendar
,MULTI_FAITH,Ramadan,4/04/2022,Faith Communities Council of Victoria,3 April-2 May 2022,http://www.faithvictoria.org.au/calendar
,MULTI_FAITH,Ramadan,5/04/2022,Faith Communities Council of Victoria,3 April-2 May 2022,http://www.faithvictoria.org.au/calendar
,MULTI_FAITH,Ramadan,6/04/2022,Faith Communities Council of Victoria,3 April-2 May 2022,http://www.faithvictoria.org.au/calendar
,MULTI_FAITH,Ramadan,7/04/2022,Faith Communities Council of Victoria,3 April-2 May 2022,http://www.faithvictoria.org.au/calendar
,MULTI_FAITH,Ramadan,8/04/2022,Faith Communities Council of Victoria,3 April-2 May 2022,http://www.faithvictoria.org.au/calendar
,MULTI_FAITH,Ramadan,9/04/2022,Faith Communities Council of Victoria,3 April-2 May 2022,http://www.faithvictoria.org.au/calendar
,MULTI_FAITH,Ramadan,10/04/2022,Faith Communities Council of Victoria,3 April-2 May 2022,http://www.faithvictoria.org.au/calendar
,MULTI_FAITH,Ramadan,11/04/2022,Faith Communities Council of Victoria,3 April-2 May 2022,http://www.faithvictoria.org.au/calendar
,MULTI_FAITH,Ramadan,12/04/2022,Faith Communities Council of Victoria,3 April-2 May 2022,http://www.faithvictoria.org.au/calendar
,MULTI_FAITH,Ramadan,13/04/2022,Faith Communities Council of Victoria,3 April-2 May 2022,http://www.faithvictoria.org.au/calendar
,MULTI_FAITH,Ramadan,14/04/2022,Faith Communities Council of Victoria,3 April-2 May 2022,http://www.faithvictoria.org.au/calendar
,MULTI_FAITH,Ramadan,15/04/2022,Faith Communities Council of Victoria,3 April-2 May 2022,http://www.faithvictoria.org.au/calendar
,MULTI_FAITH,Ramadan,16/04/2022,Faith Communities Council of Victoria,3 April-2 May 2022,http://www.faithvictoria.org.au/calendar
,MULTI_FAITH,Ramadan,17/04/2022,Faith Communities Council of Victoria,3 April-2 May 2022,http://www.faithvictoria.org.au/calendar
,MULTI_FAITH,Ramadan,18/04/2022,Faith Communities Council of Victoria,3 April-2 May 2022,http://www.faithvictoria.org.au/calendar
,MULTI_FAITH,Ramadan,19/04/2022,Faith Communities Council of Victoria,3 April-2 May 2022,http://www.faithvictoria.org.au/calendar
,MULTI_FAITH,Ramadan,20/04/2022,Faith Communities Council of Victoria,3 April-2 May 2022,http://www.faithvictoria.org.au/calendar
,MULTI_FAITH,Ramadan,21/04/2022,Faith Communities Council of Victoria,3 April-2 May 2022,http://www.faithvictoria.org.au/calendar
,MULTI_FAITH,Ramadan,22/04/2022,Faith Communities Council of Victoria,3 April-2 May 2022,http://www.faithvictoria.org.au/calendar
,MULTI_FAITH,Ramadan,23/04/2022,Faith Communities Council of Victoria,3 April-2 May 2022,http://www.faithvictoria.org.au/calendar
,MULTI_FAITH,Ramadan,24/04/2022,Faith Communities Council of Victoria,3 April-2 May 2022,http://www.faithvictoria.org.au/calendar
,MULTI_FAITH,Ramadan,25/04/2022,Faith Communities Council of Victoria,3 April-2 May 2022,http://www.faithvictoria.org.au/calendar
,MULTI_FAITH,Ramadan,26/04/2022,Faith Communities Council of Victoria,3 April-2 May 2022,http://www.faithvictoria.org.au/calendar
,MULTI_FAITH,Ramadan,27/04/2022,Faith Communities Council of Victoria,3 April-2 May 2022,http://www.faithvictoria.org.au/calendar
,MULTI_FAITH,Ramadan,28/04/2022,Faith Communities Council of Victoria,3 April-2 May 2022,http://www.faithvictoria.org.au/calendar
,MULTI_FAITH,Ramadan,29/04/2022,Faith Communities Council of Victoria,3 April-2 May 2022,http://www.faithvictoria.org.au/calendar
,MULTI_FAITH,Ramadan,30/04/2022,Faith Communities Council of Victoria,3 April-2 May 2022,http://www.faithvictoria.org.au/calendar
,MULTI_FAITH,Ramadan,1/05/2022,Faith Communities Council of Victoria,3 April-2 May 2022,http://www.faithvictoria.org.au/calendar
,MULTI_FAITH,Ramadan,2/05/2022,Faith Communities Council of Victoria,3 April-2 May 2022,http://www.faithvictoria.org.au/calendar
,MULTI_FAITH,Rama Navami,10/04/2022,Faith Communities Council of Victoria,,http://www.faithvictoria.org.au/calendar
,MULTI_FAITH,Holy Week,10/04/2022,Faith Communities Council of Victoria,10-16 April 2022,http://www.faithvictoria.org.au/calendar
,MULTI_FAITH,Holy Week,11/04/2022,Faith Communities Council of Victoria,10-16 April 2022,http://www.faithvictoria.org.au/calendar
,MULTI_FAITH,Holy Week,12/04/2022,Faith Communities Council of Victoria,10-16 April 2022,http://www.faithvictoria.org.au/calendar
,MULTI_FAITH,Holy Week,13/04/2022,Faith Communities Council of Victoria,10-16 April 2022,http://www.faithvictoria.org.au/calendar
,MULTI_FAITH,Holy Week,14/04/2022,Faith Communities Council of Victoria,10-16 April 2022,http://www.faithvictoria.org.au/calendar
,MULTI_FAITH,Holy Week,15/04/2022,Faith Communities Council of Victoria,10-16 April 2022,http://www.faithvictoria.org.au/calendar
,MULTI_FAITH,Holy Week,16/04/2022,Faith Communities Council of Victoria,10-16 April 2022,http://www.faithvictoria.org.au/calendar
,MULTI_FAITH,Baisakhi,14/04/2022,Faith Communities Council of Victoria,,http://www.faithvictoria.org.au/calendar
,MULTI_FAITH,Mahavir Jayanti,14/04/2022,Faith Communities Council of Victoria,,http://www.faithvictoria.org.au/calendar
,MULTI_FAITH,Good/Holy Friday,15/04/2022,Faith Communities Council of Victoria,,http://www.faithvictoria.org.au/calendar
,MULTI_FAITH,Theravada New Year,16/04/2022,Faith Communities Council of Victoria,16-18 April 2022,http://www.faithvictoria.org.au/calendar
,MULTI_FAITH,Theravada New Year,17/04/2022,Faith Communities Council of Victoria,16-18 April 2022,http://www.faithvictoria.org.au/calendar
,MULTI_FAITH,Theravada New Year,18/04/2022,Faith Communities Council of Victoria,16-18 April 2022,http://www.faithvictoria.org.au/calendar
,MULTI_FAITH,Pesach,16/04/2022,Faith Communities Council of Victoria,16-23 April 2022,http://www.faithvictoria.org.au/calendar
,MULTI_FAITH,Pesach,17/04/2022,Faith Communities Council of Victoria,16-23 April 2022,http://www.faithvictoria.org.au/calendar
,MULTI_FAITH,Pesach,18/04/2022,Faith Communities Council of Victoria,16-23 April 2022,http://www.faithvictoria.org.au/calendar
,MULTI_FAITH,Pesach,19/04/2022,Faith Communities Council of Victoria,16-23 April 2022,http://www.faithvictoria.org.au/calendar
,MULTI_FAITH,Pesach,20/04/2022,Faith Communities Council of Victoria,16-23 April 2022,http://www.faithvictoria.org.au/calendar
,MULTI_FAITH,Pesach,21/04/2022,Faith Communities Council of Victoria,16-23 April 2022,http://www.faithvictoria.org.au/calendar
,MULTI_FAITH,Pesach,22/04/2022,Faith Communities Council of Victoria,16-23 April 2022,http://www.faithvictoria.org.au/calendar
,MULTI_FAITH,Pesach,23/04/2022,Faith Communities Council of Victoria,,http://www.faithvictoria.org.au/calendar
,MULTI_FAITH,Easter,17/04/2022,Faith Communities Council of Victoria,,http://www.faithvictoria.org.au/calendar
,MULTI_FAITH,Ridvan,21/04/2022,Faith Communities Council of Victoria,21 April-2 May 2022,http://www.faithvictoria.org.au/calendar
,MULTI_FAITH,Ridvan,22/04/2022,Faith Communities Council of Victoria,21 April-2 May 2022,http://www.faithvictoria.org.au/calendar
,MULTI_FAITH,Ridvan,23/04/2022,Faith Communities Council of Victoria,21 April-2 May 2022,http://www.faithvictoria.org.au/calendar
,MULTI_FAITH,Ridvan,24/04/2022,Faith Communities Council of Victoria,21 April-2 May 2022,http://www.faithvictoria.org.au/calendar
,MULTI_FAITH,Ridvan,25/04/2022,Faith Communities Council of Victoria,21 April-2 May 2022,http://www.faithvictoria.org.au/calendar
,MULTI_FAITH,Ridvan,26/04/2022,Faith Communities Council of Victoria,21 April-2 May 2022,http://www.faithvictoria.org.au/calendar
,MULTI_FAITH,Ridvan,27/04/2022,Faith Communities Council of Victoria,21 April-2 May 2022,http://www.faithvictoria.org.au/calendar
,MULTI_FAITH,Ridvan,28/04/2022,Faith Communities Council of Victoria,21 April-2 May 2022,http://www.faithvictoria.org.au/calendar
,MULTI_FAITH,Ridvan,29/04/2022,Faith Communities Council of Victoria,21 April-2 May 2022,http://www.faithvictoria.org.au/calendar
,MULTI_FAITH,Ridvan,30/04/2022,Faith Communities Council of Victoria,21 April-2 May 2022,http://www.faithvictoria.org.au/calendar
,MULTI_FAITH,Ridvan,1/05/2022,Faith Communities Council of Victoria,21 April-2 May 2022,http://www.faithvictoria.org.au/calendar
,MULTI_FAITH,Ridvan,2/05/2022,Faith Communities Council of Victoria,21 April-2 May 2022,http://www.faithvictoria.org.au/calendar
,MULTI_FAITH,Easter/Pascha (Orthodox),24/04/2022,Faith Communities Council of Victoria,,http://www.faithvictoria.org.au/calendar
,MULTI_FAITH,Yom HaShoah,28/04/2022,Faith Communities Council of Victoria,,http://www.faithvictoria.org.au/calendar
,MULTI_FAITH,Lailat al Qadr,29/04/2022,Faith Communities Council of Victoria,,http://www.faithvictoria.org.au/calendar
,MULTI_FAITH,Eid ul Fitr,3/05/2022,Faith Communities Council of Victoria,,http://www.faithvictoria.org.au/calendar
,MULTI_FAITH,Vesak / Buddha Day,16/05/2022,Faith Communities Council of Victoria,,http://www.faithvictoria.org.au/calendar
,MULTI_FAITH,Declaration of the Bab,24/05/2022,Faith Communities Council of Victoria,,http://www.faithvictoria.org.au/calendar
,MULTI_FAITH,Ascension of Baha'ullah,29/05/2022,Faith Communities Council of Victoria,,http://www.faithvictoria.org.au/calendar
,MULTI_FAITH,Pentecost,5/06/2022,Faith Communities Council of Victoria,,http://www.faithvictoria.org.au/calendar
,MULTI_FAITH,Shavuot,5/06/2022,Faith Communities Council of Victoria,5-6 June 2022,http://www.faithvictoria.org.au/calendar
,MULTI_FAITH,Shavuot,6/06/2022,Faith Communities Council of Victoria,5-6 June 2022,http://www.faithvictoria.org.au/calendar
,MULTI_FAITH,Martyrdom of Guru Arjun Dev Ji,16/06/2022,Faith Communities Council of Victoria,,http://www.faithvictoria.org.au/calendar
,MULTI_FAITH,Eid Al Adha,10/07/2022,Faith Communities Council of Victoria,10-12 July 2022,http://www.faithvictoria.org.au/calendar
,MULTI_FAITH,Eid Al Adha,11/07/2022,Faith Communities Council of Victoria,10-12 July 2022,http://www.faithvictoria.org.au/calendar
,MULTI_FAITH,Eid Al Adha,12/07/2022,Faith Communities Council of Victoria,10-12 July 2022,http://www.faithvictoria.org.au/calendar
,MULTI_FAITH,Martyrdom of the Bab,10/07/2022,Faith Communities Council of Victoria,,http://www.faithvictoria.org.au/calendar
,MULTI_FAITH,Asalha Puja,13/07/2022,Faith Communities Council of Victoria,,http://www.faithvictoria.org.au/calendar
,MULTI_FAITH,Hijra,30/07/2022,Faith Communities Council of Victoria,,http://www.faithvictoria.org.au/calendar
,MULTI_FAITH,Tisha B'Av,7/08/2022,Faith Communities Council of Victoria,,http://www.faithvictoria.org.au/calendar
,MULTI_FAITH,Raksha Bandhan,11/08/2022,Faith Communities Council of Victoria,,http://www.faithvictoria.org.au/calendar
,MULTI_FAITH,Ullambana,13/08/2022,Faith Communities Council of Victoria,,http://www.faithvictoria.org.au/calendar
,MULTI_FAITH,Assumption of the Blessed Virgin Mary,15/08/2022,Faith Communities Council of Victoria,,http://www.faithvictoria.org.au/calendar
,MULTI_FAITH,Krishna Janmashtami,19/08/2022,Faith Communities Council of Victoria,,http://www.faithvictoria.org.au/calendar
,MULTI_FAITH,Paryushana,25/08/2022,Faith Communities Council of Victoria,25 August-1 September 2022,http://www.faithvictoria.org.au/calendar
,MULTI_FAITH,Paryushana,26/08/2022,Faith Communities Council of Victoria,25 August-1 September 2022,http://www.faithvictoria.org.au/calendar
,MULTI_FAITH,Paryushana,27/08/2022,Faith Communities Council of Victoria,25 August-1 September 2022,http://www.faithvictoria.org.au/calendar
,MULTI_FAITH,Paryushana,28/08/2022,Faith Communities Council of Victoria,25 August-1 September 2022,http://www.faithvictoria.org.au/calendar
,MULTI_FAITH,Paryushana,29/08/2022,Faith Communities Council of Victoria,25 August-1 September 2022,http://www.faithvictoria.org.au/calendar
,MULTI_FAITH,Paryushana,30/08/2022,Faith Communities Council of Victoria,25 August-1 September 2022,http://www.faithvictoria.org.au/calendar
,MULTI_FAITH,Paryushana,31/08/2022,Faith Communities Council of Victoria,25 August-1 September 2022,http://www.faithvictoria.org.au/calendar
,MULTI_FAITH,Paryushana,1/09/2022,Faith Communities Council of Victoria,25 August-1 September 2022,http://www.faithvictoria.org.au/calendar
,MULTI_FAITH,Ganesh Chaturthi,31/08/2022,Faith Communities Council of Victoria,,http://www.faithvictoria.org.au/calendar
,MULTI_FAITH,Samvatsari,1/09/2022,Faith Communities Council of Victoria,,http://www.faithvictoria.org.au/calendar
,MULTI_FAITH,Daslakshana,1/09/2022,Faith Communities Council of Victoria,,http://www.faithvictoria.org.au/calendar
,MULTI_FAITH,Kshamavani,10/09/2022,Faith Communities Council of Victoria,,http://www.faithvictoria.org.au/calendar
,MULTI_FAITH,Rosh Hashanah,26/09/2022,Faith Communities Council of Victoria,26-27 September 2022,http://www.faithvictoria.org.au/calendar
,MULTI_FAITH,Rosh Hashanah,27/09/2022,Faith Communities Council of Victoria,26-27 September 2022,http://www.faithvictoria.org.au/calendar
,MULTI_FAITH,Navaratri,26/09/2022,Faith Communities Council of Victoria,26 September-5 October 2022,http://www.faithvictoria.org.au/calendar
,MULTI_FAITH,Navaratri,27/09/2022,Faith Communities Council of Victoria,26 September-5 October 2022,http://www.faithvictoria.org.au/calendar
,MULTI_FAITH,Navaratri,28/09/2022,Faith Communities Council of Victoria,26 September-5 October 2022,http://www.faithvictoria.org.au/calendar
,MULTI_FAITH,Navaratri,29/09/2022,Faith Communities Council of Victoria,26 September-5 October 2022,http://www.faithvictoria.org.au/calendar
,MULTI_FAITH,Navaratri,30/09/2022,Faith Communities Council of Victoria,26 September-5 October 2022,http://www.faithvictoria.org.au/calendar
,MULTI_FAITH,Navaratri,1/10/2022,Faith Communities Council of Victoria,26 September-5 October 2022,http://www.faithvictoria.org.au/calendar
,MULTI_FAITH,Navaratri,2/10/2022,Faith Communities Council of Victoria,26 September-5 October 2022,http://www.faithvictoria.org.au/calendar
,MULTI_FAITH,Navaratri,3/10/2022,Faith Communities Council of Victoria,26 September-5 October 2022,http://www.faithvictoria.org.au/calendar
,MULTI_FAITH,Navaratri,4/10/2022,Faith Communities Council of Victoria,26 September-5 October 2022,http://www.faithvictoria.org.au/calendar
,MULTI_FAITH,Navaratri,5/10/2022,Faith Communities Council of Victoria,26 September-5 October 2022,http://www.faithvictoria.org.au/calendar
,MULTI_FAITH,Dussehra,5/10/2022,Faith Communities Council of Victoria,,http://www.faithvictoria.org.au/calendar
,MULTI_FAITH,Yom Kippur,5/10/2022,Faith Communities Council of Victoria,,http://www.faithvictoria.org.au/calendar
,MULTI_FAITH,Kathina,9/10/2022,Faith Communities Council of Victoria,,http://www.faithvictoria.org.au/calendar
,MULTI_FAITH,Sukkot,10/10/2022,Faith Communities Council of Victoria,10-16 October 2022,http://www.faithvictoria.org.au/calendar
,MULTI_FAITH,Sukkot,11/10/2022,Faith Communities Council of Victoria,10-16 October 2022,http://www.faithvictoria.org.au/calendar
,MULTI_FAITH,Sukkot,12/10/2022,Faith Communities Council of Victoria,10-16 October 2022,http://www.faithvictoria.org.au/calendar
,MULTI_FAITH,Sukkot,13/10/2022,Faith Communities Council of Victoria,10-16 October 2022,http://www.faithvictoria.org.au/calendar
,MULTI_FAITH,Sukkot,14/10/2022,Faith Communities Council of Victoria,10-16 October 2022,http://www.faithvictoria.org.au/calendar
,MULTI_FAITH,Sukkot,15/10/2022,Faith Communities Council of Victoria,10-16 October 2022,http://www.faithvictoria.org.au/calendar
,MULTI_FAITH,Sukkot,16/10/2022,Faith Communities Council of Victoria,10-16 October 2022,http://www.faithvictoria.org.au/calendar
,MULTI_FAITH,Shemini Atzeret,17/10/2022,Faith Communities Council of Victoria,,http://www.faithvictoria.org.au/calendar
,MULTI_FAITH,Simchat Torah,18/10/2022,Faith Communities Council of Victoria,,http://www.faithvictoria.org.au/calendar
,MULTI_FAITH,Conferment of Guruship to Guru Granth Sahib,20/10/2022,Faith Communities Council of Victoria,,http://www.faithvictoria.org.au/calendar
,MULTI_FAITH,Diwali,24/10/2022,Faith Communities Council of Victoria,,http://www.faithvictoria.org.au/calendar
,MULTI_FAITH,Mahavira Nirvana (Diwali),24/10/2022,Faith Communities Council of Victoria,,http://www.faithvictoria.org.au/calendar
,MULTI_FAITH,Bandi Chhor Divas (Diwali),24/10/2022,Faith Communities Council of Victoria,,http://www.faithvictoria.org.au/calendar
,MULTI_FAITH,Birth of the Bab,26/10/2022,Faith Communities Council of Victoria,,http://www.faithvictoria.org.au/calendar
,MULTI_FAITH,Birth of Baha'ullah,27/10/2022,Faith Communities Council of Victoria,,http://www.faithvictoria.org.au/calendar
,MULTI_FAITH,All Saints Day,1/11/2022,Faith Communities Council of Victoria,,http://www.faithvictoria.org.au/calendar
,MULTI_FAITH,Birth of Guru Nanak Dev Sahib Ji,8/11/2022,Faith Communities Council of Victoria,,http://www.faithvictoria.org.au/calendar
,MULTI_FAITH,Martyrdom of Guru Tegh Bahadur Ji,24/11/2022,Faith Communities Council of Victoria,,http://www.faithvictoria.org.au/calendar
,MULTI_FAITH,Day of the Covenant,26/11/2022,Faith Communities Council of Victoria,,http://www.faithvictoria.org.au/calendar
,MULTI_FAITH,Advent,27/11/2022,Faith Communities Council of Victoria,27 November-24 December 2022,http://www.faithvictoria.org.au/calendar
,MULTI_FAITH,Advent,28/11/2022,Faith Communities Council of Victoria,27 November-24 December 2022,http://www.faithvictoria.org.au/calendar
,MULTI_FAITH,Advent,29/11/2022,Faith Communities Council of Victoria,27 November-24 December 2022,http://www.faithvictoria.org.au/calendar
,MULTI_FAITH,Advent,30/11/2022,Faith Communities Council of Victoria,27 November-24 December 2022,http://www.faithvictoria.org.au/calendar
,MULTI_FAITH,Advent,1/12/2022,Faith Communities Council of Victoria,27 November-24 December 2022,http://www.faithvictoria.org.au/calendar
,MULTI_FAITH,Advent,2/12/2022,Faith Communities Council of Victoria,27 November-24 December 2022,http://www.faithvictoria.org.au/calendar
,MULTI_FAITH,Advent,3/12/2022,Faith Communities Council of Victoria,27 November-24 December 2022,http://www.faithvictoria.org.au/calendar
,MULTI_FAITH,Advent,4/12/2022,Faith Communities Council of Victoria,27 November-24 December 2022,http://www.faithvictoria.org.au/calendar
,MULTI_FAITH,Advent,5/12/2022,Faith Communities Council of Victoria,27 November-24 December 2022,http://www.faithvictoria.org.au/calendar
,MULTI_FAITH,Advent,6/12/2022,Faith Communities Council of Victoria,27 November-24 December 2022,http://www.faithvictoria.org.au/calendar
,MULTI_FAITH,Advent,7/12/2022,Faith Communities Council of Victoria,27 November-24 December 2022,http://www.faithvictoria.org.au/calendar
,MULTI_FAITH,Advent,8/12/2022,Faith Communities Council of Victoria,27 November-24 December 2022,http://www.faithvictoria.org.au/calendar
,MULTI_FAITH,Advent,9/12/2022,Faith Communities Council of Victoria,27 November-24 December 2022,http://www.faithvictoria.org.au/calendar
,MULTI_FAITH,Advent,10/12/2022,Faith Communities Council of Victoria,27 November-24 December 2022,http://www.faithvictoria.org.au/calendar
,MULTI_FAITH,Advent,11/12/2022,Faith Communities Council of Victoria,27 November-24 December 2022,http://www.faithvictoria.org.au/calendar
,MULTI_FAITH,Advent,12/12/2022,Faith Communities Council of Victoria,27 November-24 December 2022,http://www.faithvictoria.org.au/calendar
,MULTI_FAITH,Advent,13/12/2022,Faith Communities Council of Victoria,27 November-24 December 2022,http://www.faithvictoria.org.au/calendar
,MULTI_FAITH,Advent,14/12/2022,Faith Communities Council of Victoria,27 November-24 December 2022,http://www.faithvictoria.org.au/calendar
,MULTI_FAITH,Advent,15/12/2022,Faith Communities Council of Victoria,27 November-24 December 2022,http://www.faithvictoria.org.au/calendar
,MULTI_FAITH,Advent,16/12/2022,Faith Communities Council of Victoria,27 November-24 December 2022,http://www.faithvictoria.org.au/calendar
,MULTI_FAITH,Advent,17/12/2022,Faith Communities Council of Victoria,27 November-24 December 2022,http://www.faithvictoria.org.au/calendar
,MULTI_FAITH,Advent,18/12/2022,Faith Communities Council of Victoria,27 November-24 December 2022,http://www.faithvictoria.org.au/calendar
,MULTI_FAITH,Advent,19/12/2022,Faith Communities Council of Victoria,27 November-24 December 2022,http://www.faithvictoria.org.au/calendar
,MULTI_FAITH,Advent,20/12/2022,Faith Communities Council of Victoria,27 November-24 December 2022,http://www.faithvictoria.org.au/calendar
,MULTI_FAITH,Advent,21/12/2022,Faith Communities Council of Victoria,27 November-24 December 2022,http://www.faithvictoria.org.au/calendar
,MULTI_FAITH,Advent,22/12/2022,Faith Communities Council of Victoria,27 November-24 December 2022,http://www.faithvictoria.org.au/calendar
,MULTI_FAITH,Advent,23/12/2022,Faith Communities Council of Victoria,27 November-24 December 2022,http://www.faithvictoria.org.au/calendar
,MULTI_FAITH,Advent,24/12/2022,Faith Communities Council of Victoria,27 November-24 December 2022,http://www.faithvictoria.org.au/calendar
,MULTI_FAITH,Ascension of Abdu'l-Baha,28/11/2022,Faith Communities Council of Victoria,,http://www.faithvictoria.org.au/calendar
,MULTI_FAITH,Hanukkah,19/12/2022,Faith Communities Council of Victoria,19-26 December 2022,http://www.faithvictoria.org.au/calendar
,MULTI_FAITH,Hanukkah,20/12/2022,Faith Communities Council of Victoria,19-26 December 2022,http://www.faithvictoria.org.au/calendar
,MULTI_FAITH,Hanukkah,21/12/2022,Faith Communities Council of Victoria,19-26 December 2022,http://www.faithvictoria.org.au/calendar
,MULTI_FAITH,Hanukkah,22/12/2022,Faith Communities Council of Victoria,19-26 December 2022,http://www.faithvictoria.org.au/calendar
,MULTI_FAITH,Hanukkah,23/12/2022,Faith Communities Council of Victoria,19-26 December 2022,http://www.faithvictoria.org.au/calendar
,MULTI_FAITH,Hanukkah,24/12/2022,Faith Communities Council of Victoria,19-26 December 2022,http://www.faithvictoria.org.au/calendar
,MULTI_FAITH,Hanukkah,25/12/2022,Faith Communities Council of Victoria,19-26 December 2022,http://www.faithvictoria.org.au/calendar
,MULTI_FAITH,Hanukkah,26/12/2022,Faith Communities Council of Victoria,19-26 December 2022,http://www.faithvictoria.org.au/calendar
,MULTI_FAITH,Christmas,25/12/2022,Faith Communities Council of Victoria,,http://www.faithvictoria.org.au/calendar
,PARLIAMENT_SITTING,Both Houses sitting,8/02/2022,Parliament of Victoria,,https://new.parliament.vic.gov.au/parliamentary-activity/
,PARLIAMENT_SITTING,Both Houses sitting,9/02/2022,Parliament of Victoria,,https://new.parliament.vic.gov.au/parliamentary-activity/
,PARLIAMENT_SITTING,Both Houses sitting,10/02/2022,Parliament of Victoria,,https://new.parliament.vic.gov.au/parliamentary-activity/
,PARLIAMENT_SITTING,Both Houses sitting,22/02/2022,Parliament of Victoria,,https://new.parliament.vic.gov.au/parliamentary-activity/
,PARLIAMENT_SITTING,Both Houses sitting,23/02/2022,Parliament of Victoria,,https://new.parliament.vic.gov.au/parliamentary-activity/
,PARLIAMENT_SITTING,Both Houses sitting,24/02/2022,Parliament of Victoria,,https://new.parliament.vic.gov.au/parliamentary-activity/
,PARLIAMENT_SITTING,Both Houses sitting,8/03/2022,Parliament of Victoria,,https://new.parliament.vic.gov.au/parliamentary-activity/
,PARLIAMENT_SITTING,Both Houses sitting,9/03/2022,Parliament of Victoria,,https://new.parliament.vic.gov.au/parliamentary-activity/
,PARLIAMENT_SITTING,Both Houses sitting,10/03/2022,Parliament of Victoria,,https://new.parliament.vic.gov.au/parliamentary-activity/
,PARLIAMENT_SITTING,Both Houses sitting,22/03/2022,Parliament of Victoria,,https://new.parliament.vic.gov.au/parliamentary-activity/
,PARLIAMENT_SITTING,Both Houses sitting,23/03/2022,Parliament of Victoria,,https://new.parliament.vic.gov.au/parliamentary-activity/
,PARLIAMENT_SITTING,Both Houses sitting,24/03/2022,Parliament of Victoria,,https://new.parliament.vic.gov.au/parliamentary-activity/
,PARLIAMENT_SITTING,Both Houses sitting,5/04/2022,Parliament of Victoria,,https://new.parliament.vic.gov.au/parliamentary-activity/
,PARLIAMENT_SITTING,Both Houses sitting,6/07/2022,Parliament of Victoria,,https://new.parliament.vic.gov.au/parliamentary-activity/
,PARLIAMENT_SITTING,Both Houses sitting,7/04/2022,Parliament of Victoria,,https://new.parliament.vic.gov.au/parliamentary-activity/
,PARLIAMENT_SITTING,Assembly only sitting,3/05/2022,Parliament of Victoria,,https://new.parliament.vic.gov.au/parliamentary-activity/
,PARLIAMENT_SITTING,Council only sitting,10/05/2022,Parliament of Victoria,,https://new.parliament.vic.gov.au/parliamentary-activity/
,PARLIAMENT_SITTING,Both Houses sitting,11/05/2022,Parliament of Victoria,,https://new.parliament.vic.gov.au/parliamentary-activity/
,PARLIAMENT_SITTING,Both Houses sitting,12/05/2022,Parliament of Victoria,,https://new.parliament.vic.gov.au/parliamentary-activity/
,PARLIAMENT_SITTING,Both Houses sitting,24/05/2022,Parliament of Victoria,,https://new.parliament.vic.gov.au/parliamentary-activity/
,PARLIAMENT_SITTING,Both Houses sitting,25/05/2022,Parliament of Victoria,,https://new.parliament.vic.gov.au/parliamentary-activity/
,PARLIAMENT_SITTING,Both Houses sitting,26/05/2022,Parliament of Victoria,,https://new.parliament.vic.gov.au/parliamentary-activity/
,PARLIAMENT_SITTING,Both Houses sitting,7/06/2022,Parliament of Victoria,,https://new.parliament.vic.gov.au/parliamentary-activity/
,PARLIAMENT_SITTING,Both Houses sitting,8/06/2022,Parliament of Victoria,,https://new.parliament.vic.gov.au/parliamentary-activity/
,PARLIAMENT_SITTING,Both Houses sitting,9/06/2022,Parliament of Victoria,,https://new.parliament.vic.gov.au/parliamentary-activity/
,PARLIAMENT_SITTING,Both Houses sitting,21/06/2022,Parliament of Victoria,,https://new.parliament.vic.gov.au/parliamentary-activity/
,PARLIAMENT_SITTING,Both Houses sitting,22/06/2022,Parliament of Victoria,,https://new.parliament.vic.gov.au/parliamentary-activity/
,PARLIAMENT_SITTING,Both Houses sitting,23/06/2022,Parliament of Victoria,,https://new.parliament.vic.gov.au/parliamentary-activity/
,PARLIAMENT_SITTING,Both Houses sitting,2/08/2022,Parliament of Victoria,,https://new.parliament.vic.gov.au/parliamentary-activity/
,PARLIAMENT_SITTING,Both Houses sitting,3/08/2022,Parliament of Victoria,,https://new.parliament.vic.gov.au/parliamentary-activity/
,PARLIAMENT_SITTING,Both Houses sitting,4/08/2022,Parliament of Victoria,,https://new.parliament.vic.gov.au/parliamentary-activity/
,PARLIAMENT_SITTING,Both Houses sitting,16/08/2022,Parliament of Victoria,,https://new.parliament.vic.gov.au/parliamentary-activity/
,PARLIAMENT_SITTING,Both Houses sitting,17/08/2022,Parliament of Victoria,,https://new.parliament.vic.gov.au/parliamentary-activity/
,PARLIAMENT_SITTING,Both Houses sitting,18/08/2022,Parliament of Victoria,,https://new.parliament.vic.gov.au/parliamentary-activity/
,PARLIAMENT_SITTING,Both Houses sitting,30/08/2022,Parliament of Victoria,,https://new.parliament.vic.gov.au/parliamentary-activity/
,PARLIAMENT_SITTING,Both Houses sitting,31/08/2022,Parliament of Victoria,,https://new.parliament.vic.gov.au/parliamentary-activity/
,PARLIAMENT_SITTING,Both Houses sitting,1/09/2022,Parliament of Victoria,,https://new.parliament.vic.gov.au/parliamentary-activity/
,PARLIAMENT_SITTING,Both Houses sitting,13/09/2022,Parliament of Victoria,,https://new.parliament.vic.gov.au/parliamentary-activity/
,PARLIAMENT_SITTING,Both Houses sitting,14/09/2022,Parliament of Victoria,,https://new.parliament.vic.gov.au/parliamentary-activity/
,PARLIAMENT_SITTING,Both Houses sitting,15/09/2022,Parliament of Victoria,,https://new.parliament.vic.gov.au/parliamentary-activity/
,PUBLIC_HOLIDAY,National Day of Mourning,22/09/2022,Business Victoria,,https://business.vic.gov.au/business-information/public-holidays/victorian-public-holidays-2022
,PUBLIC_HOLIDAY,Friday before the AFL grand final,23/09/2022,Business Victoria,,https://business.vic.gov.au/business-information/public-holidays/victorian-public-holidays-2022
,PARLIAMENT_SITTING,Both Houses sitting,20/12/2022,Parliament of Victoria,,https://new.parliament.vic.gov.au/parliamentary-activity/
,PARLIAMENT_SITTING,Both Houses sitting,7/02/2023,Parliament of Victoria,,https://new.parliament.vic.gov.au/parliamentary-activity/
,PARLIAMENT_SITTING,Both Houses sitting,8/02/2023,Parliament of Victoria,,https://new.parliament.vic.gov.au/parliamentary-activity/
,PARLIAMENT_SITTING,Both Houses sitting,9/02/2023,Parliament of Victoria,,https://new.parliament.vic.gov.au/parliamentary-activity/
,PARLIAMENT_SITTING,Both Houses sitting,21/02/2023,Parliament of Victoria,,https://new.parliament.vic.gov.au/parliamentary-activity/
,PARLIAMENT_SITTING,Both Houses sitting,22/02/2023,Parliament of Victoria,,https://new.parliament.vic.gov.au/parliamentary-activity/
,PARLIAMENT_SITTING,Both Houses sitting,23/02/2023,Parliament of Victoria,,https://new.parliament.vic.gov.au/parliamentary-activity/
,PARLIAMENT_SITTING,Both Houses sitting,7/03/2023,Parliament of Victoria,,https://new.parliament.vic.gov.au/parliamentary-activity/
,PARLIAMENT_SITTING,Both Houses sitting,8/03/2023,Parliament of Victoria,,https://new.parliament.vic.gov.au/parliamentary-activity/
,PARLIAMENT_SITTING,Both Houses sitting,9/03/2023,Parliament of Victoria,,https://new.parliament.vic.gov.au/parliamentary-activity/
,PARLIAMENT_SITTING,Both Houses sitting,21/03/2023,Parliament of Victoria,,https://new.parliament.vic.gov.au/parliamentary-activity/
,PARLIAMENT_SITTING,Both Houses sitting,22/03/2023,Parliament of Victoria,,https://new.parliament.vic.gov.au/parliamentary-activity/
,PARLIAMENT_SITTING,Both Houses sitting,23/03/2023,Parliament of Victoria,,https://new.parliament.vic.gov.au/parliamentary-activity/
,PARLIAMENT_SITTING,Both Houses sitting,2/05/2023,Parliament of Victoria,,https://new.parliament.vic.gov.au/parliamentary-activity/
,PARLIAMENT_SITTING,Both Houses sitting,3/05/2023,Parliament of Victoria,,https://new.parliament.vic.gov.au/parliamentary-activity/
,PARLIAMENT_SITTING,Both Houses sitting,4/05/2023,Parliament of Victoria,,https://new.parliament.vic.gov.au/parliamentary-activity/
,PARLIAMENT_SITTING,Both Houses sitting,16/05/2023,Parliament of Victoria,,https://new.parliament.vic.gov.au/parliamentary-activity/
,PARLIAMENT_SITTING,Both Houses sitting,17/05/2023,Parliament of Victoria,,https://new.parliament.vic.gov.au/parliamentary-activity/
,PARLIAMENT_SITTING,Both Houses sitting,18/05/2023,Parliament of Victoria,,https://new.parliament.vic.gov.au/parliamentary-activity/
,PARLIAMENT_SITTING,Assembly only sitting,23/05/2023,Parliament of Victoria,,https://new.parliament.vic.gov.au/parliamentary-activity/
,PARLIAMENT_SITTING,Both Houses sitting,30/05/2023,Parliament of Victoria,,https://new.parliament.vic.gov.au/parliamentary-activity/
,PARLIAMENT_SITTING,Both Houses sitting,31/05/2023,Parliament of Victoria,,https://new.parliament.vic.gov.au/parliamentary-activity/
,PARLIAMENT_SITTING,Council only sitting,1/06/2023,Parliament of Victoria,,https://new.parliament.vic.gov.au/parliamentary-activity/
,PARLIAMENT_SITTING,Both Houses sitting,20/07/2023,Parliament of Victoria,,https://new.parliament.vic.gov.au/parliamentary-activity/
,PARLIAMENT_SITTING,Both Houses sitting,21/07/2023,Parliament of Victoria,,https://new.parliament.vic.gov.au/parliamentary-activity/
,PARLIAMENT_SITTING,Both Houses sitting,22/07/2023,Parliament of Victoria,,https://new.parliament.vic.gov.au/parliamentary-activity/
,PARLIAMENT_SITTING,Both Houses sitting,1/08/2023,Parliament of Victoria,,https://new.parliament.vic.gov.au/parliamentary-activity/
,PARLIAMENT_SITTING,Both Houses sitting,2/08/2023,Parliament of Victoria,,https://new.parliament.vic.gov.au/parliamentary-activity/
,PARLIAMENT_SITTING,Both Houses sitting,3/08/2023,Parliament of Victoria,,https://new.parliament.vic.gov.au/parliamentary-activity/
,PARLIAMENT_SITTING,Both Houses sitting,15/08/2023,Parliament of Victoria,,https://new.parliament.vic.gov.au/parliamentary-activity/
,PARLIAMENT_SITTING,Both Houses sitting,16/08/2023,Parliament of Victoria,,https://new.parliament.vic.gov.au/parliamentary-activity/
,PARLIAMENT_SITTING,Both Houses sitting,17/08/2023,Parliament of Victoria,,https://new.parliament.vic.gov.au/parliamentary-activity/
,PARLIAMENT_SITTING,Both Houses sitting,29/08/2023,Parliament of Victoria,,https://new.parliament.vic.gov.au/parliamentary-activity/
,PARLIAMENT_SITTING,Both Houses sitting,30/08/2023,Parliament of Victoria,,https://new.parliament.vic.gov.au/parliamentary-activity/
,PARLIAMENT_SITTING,Both Houses sitting,31/08/2023,Parliament of Victoria,,https://new.parliament.vic.gov.au/parliamentary-activity/
,PARLIAMENT_SITTING,Both Houses sitting,3/10/2023,Parliament of Victoria,,https://new.parliament.vic.gov.au/parliamentary-activity/
,PARLIAMENT_SITTING,Both Houses sitting,4/10/2023,Parliament of Victoria,,https://new.parliament.vic.gov.au/parliamentary-activity/
,PARLIAMENT_SITTING,Both Houses sitting,5/10/2023,Parliament of Victoria,,https://new.parliament.vic.gov.au/parliamentary-activity/
,PARLIAMENT_SITTING,Both Houses sitting,17/10/2023,Parliament of Victoria,,https://new.parliament.vic.gov.au/parliamentary-activity/
,PARLIAMENT_SITTING,Both Houses sitting,18/10/2023,Parliament of Victoria,,https://new.parliament.vic.gov.au/parliamentary-activity/
,PARLIAMENT_SITTING,Both Houses sitting,19/10/2023,Parliament of Victoria,,https://new.parliament.vic.gov.au/parliamentary-activity/
,PARLIAMENT_SITTING,Both Houses sitting,31/10/2023,Parliament of Victoria,,https://new.parliament.vic.gov.au/parliamentary-activity/
,PARLIAMENT_SITTING,Both Houses sitting,1/11/2023,Parliament of Victoria,,https://new.parliament.vic.gov.au/parliamentary-activity/
,PARLIAMENT_SITTING,Both Houses sitting,2/11/2023,Parliament of Victoria,,https://new.parliament.vic.gov.au/parliamentary-activity/
,PARLIAMENT_SITTING,Both Houses sitting,14/11/2023,Parliament of Victoria,,https://new.parliament.vic.gov.au/parliamentary-activity/
,PARLIAMENT_SITTING,Both Houses sitting,15/11/2023,Parliament of Victoria,,https://new.parliament.vic.gov.au/parliamentary-activity/
,PARLIAMENT_SITTING,Both Houses sitting,16/11/2023,Parliament of Victoria,,https://new.parliament.vic.gov.au/parliamentary-activity/
,PARLIAMENT_SITTING,Both Houses sitting,28/11/2023,Parliament of Victoria,,https://new.parliament.vic.gov.au/parliamentary-activity/
,PARLIAMENT_SITTING,Both Houses sitting,29/11/2023,Parliament of Victoria,,https://new.parliament.vic.gov.au/parliamentary-activity/
,PARLIAMENT_SITTING,Both Houses sitting,30/11/2023,Parliament of Victoria,,https://new.parliament.vic.gov.au/parliamentary-activity/
,MULTI_FAITH,Birthday of Guru Gobind Singh Ji,5/01/2023,Faith Communities Council of Victoria,,http://www.faithvictoria.org.au/calendar
,MULTI_FAITH,Epiphany,6/01/2023,Faith Communities Council of Victoria,,http://www.faithvictoria.org.au/calendar
,MULTI_FAITH,Nativity (Orthodox),7/01/2023,Faith Communities Council of Victoria,,http://www.faithvictoria.org.au/calendar
,MULTI_FAITH,Mahayana New Year,7/01/2023,Faith Communities Council of Victoria,7-9 January 2023,http://www.faithvictoria.org.au/calendar
,MULTI_FAITH,Mahayana New Year,8/01/2023,Faith Communities Council of Victoria,7-9 January 2023,http://www.faithvictoria.org.au/calendar
,MULTI_FAITH,Mahayana New Year,9/01/2023,Faith Communities Council of Victoria,7-9 January 2023,http://www.faithvictoria.org.au/calendar
,MULTI_FAITH,Maghi,13/01/2023,Faith Communities Council of Victoria,,http://www.faithvictoria.org.au/calendar
,MULTI_FAITH,Pongal,15/01/2023,Faith Communities Council of Victoria,15-18 January 2023,http://www.faithvictoria.org.au/calendar
,MULTI_FAITH,Pongal,16/01/2023,Faith Communities Council of Victoria,15-18 January 2023,http://www.faithvictoria.org.au/calendar
,MULTI_FAITH,Pongal,17/01/2023,Faith Communities Council of Victoria,15-18 January 2023,http://www.faithvictoria.org.au/calendar
,MULTI_FAITH,Pongal,18/01/2023,Faith Communities Council of Victoria,15-18 January 2023,http://www.faithvictoria.org.au/calendar
,MULTI_FAITH,Epiphany (Orthdox),19/01/2023,Faith Communities Council of Victoria,,http://www.faithvictoria.org.au/calendar
,MULTI_FAITH,Chinese New Year,22/01/2023,Faith Communities Council of Victoria,,http://www.faithvictoria.org.au/calendar
,MULTI_FAITH,Nirvana Day,15/02/2023,Faith Communities Council of Victoria,,http://www.faithvictoria.org.au/calendar
,MULTI_FAITH,MahaShivaratri,18/02/2023,Faith Communities Council of Victoria,,http://www.faithvictoria.org.au/calendar
,MULTI_FAITH,Lailat at Miraj,18/02/2023,Faith Communities Council of Victoria,,http://www.faithvictoria.org.au/calendar
,MULTI_FAITH,Tibetan New Year,21/02/2023,Faith Communities Council of Victoria,21-23 January 2023,http://www.faithvictoria.org.au/calendar
,MULTI_FAITH,Tibetan New Year,22/02/2023,Faith Communities Council of Victoria,21-23 January 2023,http://www.faithvictoria.org.au/calendar
,MULTI_FAITH,Tibetan New Year,23/02/2023,Faith Communities Council of Victoria,21-23 January 2023,http://www.faithvictoria.org.au/calendar
,MULTI_FAITH,Lent begins,22/02/2023,Faith Communities Council of Victoria,22 February - 6 April 2023,http://www.faithvictoria.org.au/calendar
,MULTI_FAITH,Lent begins,23/02/2023,Faith Communities Council of Victoria,22 February - 6 April 2023,http://www.faithvictoria.org.au/calendar
,MULTI_FAITH,Lent begins,24/02/2023,Faith Communities Council of Victoria,22 February - 6 April 2023,http://www.faithvictoria.org.au/calendar
,MULTI_FAITH,Lent begins,25/02/2023,Faith Communities Council of Victoria,22 February - 6 April 2023,http://www.faithvictoria.org.au/calendar
,MULTI_FAITH,Lent begins,26/02/2023,Faith Communities Council of Victoria,22 February - 6 April 2023,http://www.faithvictoria.org.au/calendar
,MULTI_FAITH,Lent begins,27/02/2023,Faith Communities Council of Victoria,22 February - 6 April 2023,http://www.faithvictoria.org.au/calendar
,MULTI_FAITH,Lent begins,28/02/2023,Faith Communities Council of Victoria,22 February - 6 April 2023,http://www.faithvictoria.org.au/calendar
,MULTI_FAITH,Lent begins,1/03/2023,Faith Communities Council of Victoria,22 February - 6 April 2023,http://www.faithvictoria.org.au/calendar
,MULTI_FAITH,Lent begins,2/03/2023,Faith Communities Council of Victoria,22 February - 6 April 2023,http://www.faithvictoria.org.au/calendar
,MULTI_FAITH,Lent begins,3/03/2023,Faith Communities Council of Victoria,22 February - 6 April 2023,http://www.faithvictoria.org.au/calendar
,MULTI_FAITH,Lent begins,4/03/2023,Faith Communities Council of Victoria,22 February - 6 April 2023,http://www.faithvictoria.org.au/calendar
,MULTI_FAITH,Lent begins,5/03/2023,Faith Communities Council of Victoria,22 February - 6 April 2023,http://www.faithvictoria.org.au/calendar
,MULTI_FAITH,Lent begins,6/03/2023,Faith Communities Council of Victoria,22 February - 6 April 2023,http://www.faithvictoria.org.au/calendar
,MULTI_FAITH,Lent begins,7/03/2023,Faith Communities Council of Victoria,22 February - 6 April 2023,http://www.faithvictoria.org.au/calendar
,MULTI_FAITH,Lent begins,8/03/2023,Faith Communities Council of Victoria,22 February - 6 April 2023,http://www.faithvictoria.org.au/calendar
,MULTI_FAITH,Lent begins,9/03/2023,Faith Communities Council of Victoria,22 February - 6 April 2023,http://www.faithvictoria.org.au/calendar
,MULTI_FAITH,Lent begins,10/03/2023,Faith Communities Council of Victoria,22 February - 6 April 2023,http://www.faithvictoria.org.au/calendar
,MULTI_FAITH,Lent begins,11/03/2023,Faith Communities Council of Victoria,22 February - 6 April 2023,http://www.faithvictoria.org.au/calendar
,MULTI_FAITH,Lent begins,12/03/2023,Faith Communities Council of Victoria,22 February - 6 April 2023,http://www.faithvictoria.org.au/calendar
,MULTI_FAITH,Lent begins,13/03/2023,Faith Communities Council of Victoria,22 February - 6 April 2023,http://www.faithvictoria.org.au/calendar
,MULTI_FAITH,Lent begins,14/03/2023,Faith Communities Council of Victoria,22 February - 6 April 2023,http://www.faithvictoria.org.au/calendar
,MULTI_FAITH,Lent begins,15/03/2023,Faith Communities Council of Victoria,22 February - 6 April 2023,http://www.faithvictoria.org.au/calendar
,MULTI_FAITH,Lent begins,16/03/2023,Faith Communities Council of Victoria,22 February - 6 April 2023,http://www.faithvictoria.org.au/calendar
,MULTI_FAITH,Lent begins,17/03/2023,Faith Communities Council of Victoria,22 February - 6 April 2023,http://www.faithvictoria.org.au/calendar
,MULTI_FAITH,Lent begins,18/03/2023,Faith Communities Council of Victoria,22 February - 6 April 2023,http://www.faithvictoria.org.au/calendar
,MULTI_FAITH,Lent begins,19/03/2023,Faith Communities Council of Victoria,22 February - 6 April 2023,http://www.faithvictoria.org.au/calendar
,MULTI_FAITH,Lent begins,20/03/2023,Faith Communities Council of Victoria,22 February - 6 April 2023,http://www.faithvictoria.org.au/calendar
,MULTI_FAITH,Lent begins,21/03/2023,Faith Communities Council of Victoria,22 February - 6 April 2023,http://www.faithvictoria.org.au/calendar
,MULTI_FAITH,Lent begins,22/03/2023,Faith Communities Council of Victoria,22 February - 6 April 2023,http://www.faithvictoria.org.au/calendar
,MULTI_FAITH,Lent begins,23/03/2023,Faith Communities Council of Victoria,22 February - 6 April 2023,http://www.faithvictoria.org.au/calendar
,MULTI_FAITH,Lent begins,24/03/2023,Faith Communities Council of Victoria,22 February - 6 April 2023,http://www.faithvictoria.org.au/calendar
,MULTI_FAITH,Lent begins,25/03/2023,Faith Communities Council of Victoria,22 February - 6 April 2023,http://www.faithvictoria.org.au/calendar
,MULTI_FAITH,Lent begins,26/03/2023,Faith Communities Council of Victoria,22 February - 6 April 2023,http://www.faithvictoria.org.au/calendar
,MULTI_FAITH,Lent begins,27/03/2023,Faith Communities Council of Victoria,22 February - 6 April 2023,http://www.faithvictoria.org.au/calendar
,MULTI_FAITH,Lent begins,28/03/2023,Faith Communities Council of Victoria,22 February - 6 April 2023,http://www.faithvictoria.org.au/calendar
,MULTI_FAITH,Lent begins,29/03/2023,Faith Communities Council of Victoria,22 February - 6 April 2023,http://www.faithvictoria.org.au/calendar
,MULTI_FAITH,Lent begins,30/03/2023,Faith Communities Council of Victoria,22 February - 6 April 2023,http://www.faithvictoria.org.au/calendar
,MULTI_FAITH,Lent begins,31/03/2023,Faith Communities Council of Victoria,22 February - 6 April 2023,http://www.faithvictoria.org.au/calendar
,MULTI_FAITH,Lent begins,1/04/2023,Faith Communities Council of Victoria,22 February - 6 April 2023,http://www.faithvictoria.org.au/calendar
,MULTI_FAITH,Lent begins,2/04/2023,Faith Communities Council of Victoria,22 February - 6 April 2023,http://www.faithvictoria.org.au/calendar
,MULTI_FAITH,Lent begins,3/04/2023,Faith Communities Council of Victoria,22 February - 6 April 2023,http://www.faithvictoria.org.au/calendar
,MULTI_FAITH,Lent begins,4/04/2023,Faith Communities Council of Victoria,22 February - 6 April 2023,http://www.faithvictoria.org.au/calendar
,MULTI_FAITH,Lent begins,5/04/2023,Faith Communities Council of Victoria,22 February - 6 April 2023,http://www.faithvictoria.org.au/calendar
,MULTI_FAITH,Lent begins,6/04/2023,Faith Communities Council of Victoria,22 February - 6 April 2023,http://www.faithvictoria.org.au/calendar
,MULTI_FAITH,Great Lent (Orthodox),27/02/2023,Faith Communities Council of Victoria,27 February - 7 April 2023,http://www.faithvictoria.org.au/calendar
,MULTI_FAITH,Great Lent (Orthodox),28/02/2023,Faith Communities Council of Victoria,27 February - 7 April 2023,http://www.faithvictoria.org.au/calendar
,MULTI_FAITH,Great Lent (Orthodox),1/03/2023,Faith Communities Council of Victoria,27 February - 7 April 2023,http://www.faithvictoria.org.au/calendar
,MULTI_FAITH,Great Lent (Orthodox),2/03/2023,Faith Communities Council of Victoria,27 February - 7 April 2023,http://www.faithvictoria.org.au/calendar
,MULTI_FAITH,Great Lent (Orthodox),3/03/2023,Faith Communities Council of Victoria,27 February - 7 April 2023,http://www.faithvictoria.org.au/calendar
,MULTI_FAITH,Great Lent (Orthodox),4/03/2023,Faith Communities Council of Victoria,27 February - 7 April 2023,http://www.faithvictoria.org.au/calendar
,MULTI_FAITH,Great Lent (Orthodox),5/03/2023,Faith Communities Council of Victoria,27 February - 7 April 2023,http://www.faithvictoria.org.au/calendar
,MULTI_FAITH,Great Lent (Orthodox),6/03/2023,Faith Communities Council of Victoria,27 February - 7 April 2023,http://www.faithvictoria.org.au/calendar
,MULTI_FAITH,Great Lent (Orthodox),7/03/2023,Faith Communities Council of Victoria,27 February - 7 April 2023,http://www.faithvictoria.org.au/calendar
,MULTI_FAITH,Great Lent (Orthodox),8/03/2023,Faith Communities Council of Victoria,27 February - 7 April 2023,http://www.faithvictoria.org.au/calendar
,MULTI_FAITH,Great Lent (Orthodox),9/03/2023,Faith Communities Council of Victoria,27 February - 7 April 2023,http://www.faithvictoria.org.au/calendar
,MULTI_FAITH,Great Lent (Orthodox),10/03/2023,Faith Communities Council of Victoria,27 February - 7 April 2023,http://www.faithvictoria.org.au/calendar
,MULTI_FAITH,Great Lent (Orthodox),11/03/2023,Faith Communities Council of Victoria,27 February - 7 April 2023,http://www.faithvictoria.org.au/calendar
,MULTI_FAITH,Great Lent (Orthodox),12/03/2023,Faith Communities Council of Victoria,27 February - 7 April 2023,http://www.faithvictoria.org.au/calendar
,MULTI_FAITH,Great Lent (Orthodox),13/03/2023,Faith Communities Council of Victoria,27 February - 7 April 2023,http://www.faithvictoria.org.au/calendar
,MULTI_FAITH,Great Lent (Orthodox),14/03/2023,Faith Communities Council of Victoria,27 February - 7 April 2023,http://www.faithvictoria.org.au/calendar
,MULTI_FAITH,Great Lent (Orthodox),15/03/2023,Faith Communities Council of Victoria,27 February - 7 April 2023,http://www.faithvictoria.org.au/calendar
,MULTI_FAITH,Great Lent (Orthodox),16/03/2023,Faith Communities Council of Victoria,27 February - 7 April 2023,http://www.faithvictoria.org.au/calendar
,MULTI_FAITH,Great Lent (Orthodox),17/03/2023,Faith Communities Council of Victoria,27 February - 7 April 2023,http://www.faithvictoria.org.au/calendar
,MULTI_FAITH,Great Lent (Orthodox),18/03/2023,Faith Communities Council of Victoria,27 February - 7 April 2023,http://www.faithvictoria.org.au/calendar
,MULTI_FAITH,Great Lent (Orthodox),19/03/2023,Faith Communities Council of Victoria,27 February - 7 April 2023,http://www.faithvictoria.org.au/calendar
,MULTI_FAITH,Great Lent (Orthodox),20/03/2023,Faith Communities Council of Victoria,27 February - 7 April 2023,http://www.faithvictoria.org.au/calendar
,MULTI_FAITH,Great Lent (Orthodox),21/03/2023,Faith Communities Council of Victoria,27 February - 7 April 2023,http://www.faithvictoria.org.au/calendar
,MULTI_FAITH,Great Lent (Orthodox),22/03/2023,Faith Communities Council of Victoria,27 February - 7 April 2023,http://www.faithvictoria.org.au/calendar
,MULTI_FAITH,Great Lent (Orthodox),23/03/2023,Faith Communities Council of Victoria,27 February - 7 April 2023,http://www.faithvictoria.org.au/calendar
,MULTI_FAITH,Great Lent (Orthodox),24/03/2023,Faith Communities Council of Victoria,27 February - 7 April 2023,http://www.faithvictoria.org.au/calendar
,MULTI_FAITH,Great Lent (Orthodox),25/03/2023,Faith Communities Council of Victoria,27 February - 7 April 2023,http://www.faithvictoria.org.au/calendar
,MULTI_FAITH,Great Lent (Orthodox),26/03/2023,Faith Communities Council of Victoria,27 February - 7 April 2023,http://www.faithvictoria.org.au/calendar
,MULTI_FAITH,Great Lent (Orthodox),27/03/2023,Faith Communities Council of Victoria,27 February - 7 April 2023,http://www.faithvictoria.org.au/calendar
,MULTI_FAITH,Great Lent (Orthodox),28/03/2023,Faith Communities Council of Victoria,27 February - 7 April 2023,http://www.faithvictoria.org.au/calendar
,MULTI_FAITH,Great Lent (Orthodox),29/03/2023,Faith Communities Council of Victoria,27 February - 7 April 2023,http://www.faithvictoria.org.au/calendar
,MULTI_FAITH,Great Lent (Orthodox),30/03/2023,Faith Communities Council of Victoria,27 February - 7 April 2023,http://www.faithvictoria.org.au/calendar
,MULTI_FAITH,Great Lent (Orthodox),31/03/2023,Faith Communities Council of Victoria,27 February - 7 April 2023,http://www.faithvictoria.org.au/calendar
,MULTI_FAITH,Great Lent (Orthodox),1/04/2023,Faith Communities Council of Victoria,27 February - 7 April 2023,http://www.faithvictoria.org.au/calendar
,MULTI_FAITH,Great Lent (Orthodox),2/04/2023,Faith Communities Council of Victoria,27 February - 7 April 2023,http://www.faithvictoria.org.au/calendar
,MULTI_FAITH,Great Lent (Orthodox),3/04/2023,Faith Communities Council of Victoria,27 February - 7 April 2023,http://www.faithvictoria.org.au/calendar
,MULTI_FAITH,Great Lent (Orthodox),4/04/2023,Faith Communities Council of Victoria,27 February - 7 April 2023,http://www.faithvictoria.org.au/calendar
,MULTI_FAITH,Great Lent (Orthodox),5/04/2023,Faith Communities Council of Victoria,27 February - 7 April 2023,http://www.faithvictoria.org.au/calendar
,MULTI_FAITH,Great Lent (Orthodox),6/04/2023,Faith Communities Council of Victoria,27 February - 7 April 2023,http://www.faithvictoria.org.au/calendar
,MULTI_FAITH,Great Lent (Orthodox),7/04/2023,Faith Communities Council of Victoria,27 February - 7 April 2023,http://www.faithvictoria.org.au/calendar
,MULTI_FAITH,Magha Puja Day,6/03/2023,Faith Communities Council of Victoria,,http://www.faithvictoria.org.au/calendar
,MULTI_FAITH,Purim,7/03/2023,Faith Communities Council of Victoria,,http://www.faithvictoria.org.au/calendar
,MULTI_FAITH,Holi,8/03/2023,Faith Communities Council of Victoria,,http://www.faithvictoria.org.au/calendar
,MULTI_FAITH,Lailat al Bara'ah,8/03/2023,Faith Communities Council of Victoria,,http://www.faithvictoria.org.au/calendar
,MULTI_FAITH,Hola Mohalla,8/03/2023,Faith Communities Council of Victoria,,http://www.faithvictoria.org.au/calendar
,MULTI_FAITH,Naw Ruz,21/03/2023,Faith Communities Council of Victoria,,http://www.faithvictoria.org.au/calendar
,MULTI_FAITH,Ramadan,23/02/2023,Faith Communities Council of Victoria,23 March - 21 April 2023,http://www.faithvictoria.org.au/calendar
,MULTI_FAITH,Ramadan,24/02/2023,Faith Communities Council of Victoria,23 March - 21 April 2023,http://www.faithvictoria.org.au/calendar
,MULTI_FAITH,Ramadan,25/02/2023,Faith Communities Council of Victoria,23 March - 21 April 2023,http://www.faithvictoria.org.au/calendar
,MULTI_FAITH,Ramadan,26/02/2023,Faith Communities Council of Victoria,23 March - 21 April 2023,http://www.faithvictoria.org.au/calendar
,MULTI_FAITH,Ramadan,27/02/2023,Faith Communities Council of Victoria,23 March - 21 April 2023,http://www.faithvictoria.org.au/calendar
,MULTI_FAITH,Ramadan,28/02/2023,Faith Communities Council of Victoria,23 March - 21 April 2023,http://www.faithvictoria.org.au/calendar
,MULTI_FAITH,Ramadan,1/03/2023,Faith Communities Council of Victoria,23 March - 21 April 2023,http://www.faithvictoria.org.au/calendar
,MULTI_FAITH,Ramadan,2/03/2023,Faith Communities Council of Victoria,23 March - 21 April 2023,http://www.faithvictoria.org.au/calendar
,MULTI_FAITH,Ramadan,3/03/2023,Faith Communities Council of Victoria,23 March - 21 April 2023,http://www.faithvictoria.org.au/calendar
,MULTI_FAITH,Ramadan,4/03/2023,Faith Communities Council of Victoria,23 March - 21 April 2023,http://www.faithvictoria.org.au/calendar
,MULTI_FAITH,Ramadan,5/03/2023,Faith Communities Council of Victoria,23 March - 21 April 2023,http://www.faithvictoria.org.au/calendar
,MULTI_FAITH,Ramadan,6/03/2023,Faith Communities Council of Victoria,23 March - 21 April 2023,http://www.faithvictoria.org.au/calendar
,MULTI_FAITH,Ramadan,7/03/2023,Faith Communities Council of Victoria,23 March - 21 April 2023,http://www.faithvictoria.org.au/calendar
,MULTI_FAITH,Ramadan,8/03/2023,Faith Communities Council of Victoria,23 March - 21 April 2023,http://www.faithvictoria.org.au/calendar
,MULTI_FAITH,Ramadan,9/03/2023,Faith Communities Council of Victoria,23 March - 21 April 2023,http://www.faithvictoria.org.au/calendar
,MULTI_FAITH,Ramadan,10/03/2023,Faith Communities Council of Victoria,23 March - 21 April 2023,http://www.faithvictoria.org.au/calendar
,MULTI_FAITH,Ramadan,11/03/2023,Faith Communities Council of Victoria,23 March - 21 April 2023,http://www.faithvictoria.org.au/calendar
,MULTI_FAITH,Ramadan,12/03/2023,Faith Communities Council of Victoria,23 March - 21 April 2023,http://www.faithvictoria.org.au/calendar
,MULTI_FAITH,Ramadan,13/03/2023,Faith Communities Council of Victoria,23 March - 21 April 2023,http://www.faithvictoria.org.au/calendar
,MULTI_FAITH,Ramadan,14/03/2023,Faith Communities Council of Victoria,23 March - 21 April 2023,http://www.faithvictoria.org.au/calendar
,MULTI_FAITH,Ramadan,15/03/2023,Faith Communities Council of Victoria,23 March - 21 April 2023,http://www.faithvictoria.org.au/calendar
,MULTI_FAITH,Ramadan,16/03/2023,Faith Communities Council of Victoria,23 March - 21 April 2023,http://www.faithvictoria.org.au/calendar
,MULTI_FAITH,Ramadan,17/03/2023,Faith Communities Council of Victoria,23 March - 21 April 2023,http://www.faithvictoria.org.au/calendar
,MULTI_FAITH,Ramadan,18/03/2023,Faith Communities Council of Victoria,23 March - 21 April 2023,http://www.faithvictoria.org.au/calendar
,MULTI_FAITH,Ramadan,19/03/2023,Faith Communities Council of Victoria,23 March - 21 April 2023,http://www.faithvictoria.org.au/calendar
,MULTI_FAITH,Ramadan,20/03/2023,Faith Communities Council of Victoria,23 March - 21 April 2023,http://www.faithvictoria.org.au/calendar
,MULTI_FAITH,Ramadan,21/03/2023,Faith Communities Council of Victoria,23 March - 21 April 2023,http://www.faithvictoria.org.au/calendar
,MULTI_FAITH,Ramadan,22/03/2023,Faith Communities Council of Victoria,23 March - 21 April 2023,http://www.faithvictoria.org.au/calendar
,MULTI_FAITH,Ramadan,23/03/2023,Faith Communities Council of Victoria,23 March - 21 April 2023,http://www.faithvictoria.org.au/calendar
,MULTI_FAITH,Ramadan,24/03/2023,Faith Communities Council of Victoria,23 March - 21 April 2023,http://www.faithvictoria.org.au/calendar
,MULTI_FAITH,Ramadan,25/03/2023,Faith Communities Council of Victoria,23 March - 21 April 2023,http://www.faithvictoria.org.au/calendar
,MULTI_FAITH,Ramadan,26/03/2023,Faith Communities Council of Victoria,23 March - 21 April 2023,http://www.faithvictoria.org.au/calendar
,MULTI_FAITH,Ramadan,27/03/2023,Faith Communities Council of Victoria,23 March - 21 April 2023,http://www.faithvictoria.org.au/calendar
,MULTI_FAITH,Ramadan,28/03/2023,Faith Communities Council of Victoria,23 March - 21 April 2023,http://www.faithvictoria.org.au/calendar
,MULTI_FAITH,Ramadan,29/03/2023,Faith Communities Council of Victoria,23 March - 21 April 2023,http://www.faithvictoria.org.au/calendar
,MULTI_FAITH,Ramadan,30/03/2023,Faith Communities Council of Victoria,23 March - 21 April 2023,http://www.faithvictoria.org.au/calendar
,MULTI_FAITH,Ramadan,31/03/2023,Faith Communities Council of Victoria,23 March - 21 April 2023,http://www.faithvictoria.org.au/calendar
,MULTI_FAITH,Ramadan,1/04/2023,Faith Communities Council of Victoria,23 March - 21 April 2023,http://www.faithvictoria.org.au/calendar
,MULTI_FAITH,Ramadan,2/04/2023,Faith Communities Council of Victoria,23 March - 21 April 2023,http://www.faithvictoria.org.au/calendar
,MULTI_FAITH,Ramadan,3/04/2023,Faith Communities Council of Victoria,23 March - 21 April 2023,http://www.faithvictoria.org.au/calendar
,MULTI_FAITH,Ramadan,4/04/2023,Faith Communities Council of Victoria,23 March - 21 April 2023,http://www.faithvictoria.org.au/calendar
,MULTI_FAITH,Ramadan,5/04/2023,Faith Communities Council of Victoria,23 March - 21 April 2023,http://www.faithvictoria.org.au/calendar
,MULTI_FAITH,Ramadan,6/04/2023,Faith Communities Council of Victoria,23 March - 21 April 2023,http://www.faithvictoria.org.au/calendar
,MULTI_FAITH,Ramadan,7/04/2023,Faith Communities Council of Victoria,23 March - 21 April 2023,http://www.faithvictoria.org.au/calendar
,MULTI_FAITH,Ramadan,8/04/2023,Faith Communities Council of Victoria,23 March - 21 April 2023,http://www.faithvictoria.org.au/calendar
,MULTI_FAITH,Ramadan,9/04/2023,Faith Communities Council of Victoria,23 March - 21 April 2023,http://www.faithvictoria.org.au/calendar
,MULTI_FAITH,Ramadan,10/04/2023,Faith Communities Council of Victoria,23 March - 21 April 2023,http://www.faithvictoria.org.au/calendar
,MULTI_FAITH,Ramadan,11/04/2023,Faith Communities Council of Victoria,23 March - 21 April 2023,http://www.faithvictoria.org.au/calendar
,MULTI_FAITH,Ramadan,12/04/2023,Faith Communities Council of Victoria,23 March - 21 April 2023,http://www.faithvictoria.org.au/calendar
,MULTI_FAITH,Ramadan,13/04/2023,Faith Communities Council of Victoria,23 March - 21 April 2023,http://www.faithvictoria.org.au/calendar
,MULTI_FAITH,Ramadan,14/04/2023,Faith Communities Council of Victoria,23 March - 21 April 2023,http://www.faithvictoria.org.au/calendar
,MULTI_FAITH,Ramadan,15/04/2023,Faith Communities Council of Victoria,23 March - 21 April 2023,http://www.faithvictoria.org.au/calendar
,MULTI_FAITH,Ramadan,16/04/2023,Faith Communities Council of Victoria,23 March - 21 April 2023,http://www.faithvictoria.org.au/calendar
,MULTI_FAITH,Ramadan,17/04/2023,Faith Communities Council of Victoria,23 March - 21 April 2023,http://www.faithvictoria.org.au/calendar
,MULTI_FAITH,Ramadan,18/04/2023,Faith Communities Council of Victoria,23 March - 21 April 2023,http://www.faithvictoria.org.au/calendar
,MULTI_FAITH,Ramadan,19/04/2023,Faith Communities Council of Victoria,23 March - 21 April 2023,http://www.faithvictoria.org.au/calendar
,MULTI_FAITH,Ramadan,20/04/2023,Faith Communities Council of Victoria,23 March - 21 April 2023,http://www.faithvictoria.org.au/calendar
,MULTI_FAITH,Ramadan,21/04/2023,Faith Communities Council of Victoria,23 March - 21 April 2023,http://www.faithvictoria.org.au/calendar
,MULTI_FAITH,Annunciation,25/03/2023,Faith Communities Council of Victoria,,http://www.faithvictoria.org.au/calendar
,MULTI_FAITH,Rama Navami,30/03/2023,Faith Communities Council of Victoria,,http://www.faithvictoria.org.au/calendar
,MULTI_FAITH,Holy Week,2/04/2023,Faith Communities Council of Victoria,2-8 March 2023,http://www.faithvictoria.org.au/calendar
,MULTI_FAITH,Holy Week,3/04/2023,Faith Communities Council of Victoria,2-8 March 2023,http://www.faithvictoria.org.au/calendar
,MULTI_FAITH,Holy Week,4/04/2023,Faith Communities Council of Victoria,2-8 March 2023,http://www.faithvictoria.org.au/calendar
,MULTI_FAITH,Holy Week,5/04/2023,Faith Communities Council of Victoria,2-8 March 2023,http://www.faithvictoria.org.au/calendar
,MULTI_FAITH,Holy Week,6/04/2023,Faith Communities Council of Victoria,2-8 March 2023,http://www.faithvictoria.org.au/calendar
,MULTI_FAITH,Holy Week,7/04/2023,Faith Communities Council of Victoria,2-8 March 2023,http://www.faithvictoria.org.au/calendar
,MULTI_FAITH,Holy Week,8/04/2023,Faith Communities Council of Victoria,2-8 March 2023,http://www.faithvictoria.org.au/calendar
,MULTI_FAITH,Mahavir Jayanti,4/04/2023,Faith Communities Council of Victoria,,http://www.faithvictoria.org.au/calendar
,MULTI_FAITH,Theravada New Year,6/04/2023,Faith Communities Council of Victoria,6-8 March 2023,http://www.faithvictoria.org.au/calendar
,MULTI_FAITH,Theravada New Year,7/04/2023,Faith Communities Council of Victoria,6-8 March 2023,http://www.faithvictoria.org.au/calendar
,MULTI_FAITH,Theravada New Year,8/04/2023,Faith Communities Council of Victoria,6-8 March 2023,http://www.faithvictoria.org.au/calendar
,MULTI_FAITH,Pesach,6/04/2023,Faith Communities Council of Victoria,6-13 March 2023,http://www.faithvictoria.org.au/calendar
,MULTI_FAITH,Pesach,7/04/2023,Faith Communities Council of Victoria,6-13 March 2023,http://www.faithvictoria.org.au/calendar
,MULTI_FAITH,Pesach,8/04/2023,Faith Communities Council of Victoria,6-13 March 2023,http://www.faithvictoria.org.au/calendar
,MULTI_FAITH,Pesach,9/04/2023,Faith Communities Council of Victoria,6-13 March 2023,http://www.faithvictoria.org.au/calendar
,MULTI_FAITH,Pesach,10/04/2023,Faith Communities Council of Victoria,6-13 March 2023,http://www.faithvictoria.org.au/calendar
,MULTI_FAITH,Pesach,11/04/2023,Faith Communities Council of Victoria,6-13 March 2023,http://www.faithvictoria.org.au/calendar
,MULTI_FAITH,Pesach,12/04/2023,Faith Communities Council of Victoria,6-13 March 2023,http://www.faithvictoria.org.au/calendar
,MULTI_FAITH,Pesach,13/04/2023,Faith Communities Council of Victoria,6-13 March 2023,http://www.faithvictoria.org.au/calendar
,MULTI_FAITH,Good/Holy Friday,7/04/2023,Faith Communities Council of Victoria,,http://www.faithvictoria.org.au/calendar
,MULTI_FAITH,Easter,9/04/2023,Faith Communities Council of Victoria,,http://www.faithvictoria.org.au/calendar
,MULTI_FAITH,Baisakhi,14/04/2023,Faith Communities Council of Victoria,,http://www.faithvictoria.org.au/calendar
,MULTI_FAITH,Easter/Pascha (Orthodox),16/04/2023,Faith Communities Council of Victoria,,http://www.faithvictoria.org.au/calendar
,MULTI_FAITH,Lailat al Qadr,17/04/2023,Faith Communities Council of Victoria,,http://www.faithvictoria.org.au/calendar
,MULTI_FAITH,Yom HaShoah,18/04/2023,Faith Communities Council of Victoria,,http://www.faithvictoria.org.au/calendar
,MULTI_FAITH,Ridvan,21/04/2023,Faith Communities Council of Victoria,21 April - 2 May 2023,http://www.faithvictoria.org.au/calendar
,MULTI_FAITH,Ridvan,22/04/2023,Faith Communities Council of Victoria,21 April - 2 May 2023,http://www.faithvictoria.org.au/calendar
,MULTI_FAITH,Ridvan,23/04/2023,Faith Communities Council of Victoria,21 April - 2 May 2023,http://www.faithvictoria.org.au/calendar
,MULTI_FAITH,Ridvan,24/04/2023,Faith Communities Council of Victoria,21 April - 2 May 2023,http://www.faithvictoria.org.au/calendar
,MULTI_FAITH,Ridvan,25/04/2023,Faith Communities Council of Victoria,21 April - 2 May 2023,http://www.faithvictoria.org.au/calendar
,MULTI_FAITH,Ridvan,26/04/2023,Faith Communities Council of Victoria,21 April - 2 May 2023,http://www.faithvictoria.org.au/calendar
,MULTI_FAITH,Ridvan,27/04/2023,Faith Communities Council of Victoria,21 April - 2 May 2023,http://www.faithvictoria.org.au/calendar
,MULTI_FAITH,Ridvan,28/04/2023,Faith Communities Council of Victoria,21 April - 2 May 2023,http://www.faithvictoria.org.au/calendar
,MULTI_FAITH,Ridvan,29/04/2023,Faith Communities Council of Victoria,21 April - 2 May 2023,http://www.faithvictoria.org.au/calendar
,MULTI_FAITH,Ridvan,30/04/2023,Faith Communities Council of Victoria,21 April - 2 May 2023,http://www.faithvictoria.org.au/calendar
,MULTI_FAITH,Ridvan,1/05/2023,Faith Communities Council of Victoria,21 April - 2 May 2023,http://www.faithvictoria.org.au/calendar
,MULTI_FAITH,Ridvan,2/05/2023,Faith Communities Council of Victoria,21 April - 2 May 2023,http://www.faithvictoria.org.au/calendar
,MULTI_FAITH,Eid ul Fitr,22/04/2023,Faith Communities Council of Victoria,,http://www.faithvictoria.org.au/calendar
,MULTI_FAITH,Vesak / Buddha Day,5/05/2023,Faith Communities Council of Victoria,,http://www.faithvictoria.org.au/calendar
,MULTI_FAITH,Declaration of the Bab,24/05/2023,Faith Communities Council of Victoria,,http://www.faithvictoria.org.au/calendar
,MULTI_FAITH,Shavuot,26/05/2023,Faith Communities Council of Victoria,26-27 May 2023,http://www.faithvictoria.org.au/calendar
,MULTI_FAITH,Shavuot,27/05/2023,Faith Communities Council of Victoria,26-27 May 2023,http://www.faithvictoria.org.au/calendar
,MULTI_FAITH,Pentecost,28/05/2023,Faith Communities Council of Victoria,,http://www.faithvictoria.org.au/calendar
,MULTI_FAITH,Ascension of Baha'ullah,29/05/2023,Faith Communities Council of Victoria,,http://www.faithvictoria.org.au/calendar
,MULTI_FAITH,Martyrdom of Guru Arjun Dev Ji,16/06/2023,Faith Communities Council of Victoria,,http://www.faithvictoria.org.au/calendar
,MULTI_FAITH,Eid Al Adha,29/06/2023,Faith Communities Council of Victoria,,http://www.faithvictoria.org.au/calendar
,MULTI_FAITH,Asalha Puja,3/07/2023,Faith Communities Council of Victoria,,http://www.faithvictoria.org.au/calendar
,MULTI_FAITH,Martyrdom of the Bab,10/07/2023,Faith Communities Council of Victoria,,http://www.faithvictoria.org.au/calendar
,MULTI_FAITH,Hijra,19/07/2023,Faith Communities Council of Victoria,,http://www.faithvictoria.org.au/calendar
,MULTI_FAITH,Tisha B'Av,27/07/2023,Faith Communities Council of Victoria,,http://www.faithvictoria.org.au/calendar
,MULTI_FAITH,Ashura,28/07/2023,Faith Communities Council of Victoria,,http://www.faithvictoria.org.au/calendar
,MULTI_FAITH,Assumption of the Blessed Virgin Mary,15/08/2023,Faith Communities Council of Victoria,,http://www.faithvictoria.org.au/calendar
,MULTI_FAITH,Ullambana,30/08/2023,Faith Communities Council of Victoria,,http://www.faithvictoria.org.au/calendar
,MULTI_FAITH,Raksha Bandhan,30/08/2023,Faith Communities Council of Victoria,,http://www.faithvictoria.org.au/calendar
,MULTI_FAITH,Krishna Janmashtami,6/09/2023,Faith Communities Council of Victoria,,http://www.faithvictoria.org.au/calendar
,MULTI_FAITH,Paryushana,11/09/2023,Faith Communities Council of Victoria,11-19 September 2023,http://www.faithvictoria.org.au/calendar
,MULTI_FAITH,Paryushana,12/09/2023,Faith Communities Council of Victoria,11-19 September 2023,http://www.faithvictoria.org.au/calendar
,MULTI_FAITH,Paryushana,13/09/2023,Faith Communities Council of Victoria,11-19 September 2023,http://www.faithvictoria.org.au/calendar
,MULTI_FAITH,Paryushana,14/09/2023,Faith Communities Council of Victoria,11-19 September 2023,http://www.faithvictoria.org.au/calendar
,MULTI_FAITH,Paryushana,15/09/2023,Faith Communities Council of Victoria,11-19 September 2023,http://www.faithvictoria.org.au/calendar
,MULTI_FAITH,Paryushana,16/09/2023,Faith Communities Council of Victoria,11-19 September 2023,http://www.faithvictoria.org.au/calendar
,MULTI_FAITH,Paryushana,17/09/2023,Faith Communities Council of Victoria,11-19 September 2023,http://www.faithvictoria.org.au/calendar
,MULTI_FAITH,Paryushana,18/09/2023,Faith Communities Council of Victoria,11-19 September 2023,http://www.faithvictoria.org.au/calendar
,MULTI_FAITH,Paryushana,19/09/2023,Faith Communities Council of Victoria,11-19 September 2023,http://www.faithvictoria.org.au/calendar
,MULTI_FAITH,Rosh Hashanah,16/09/2023,Faith Communities Council of Victoria,16-17 September 2023,http://www.faithvictoria.org.au/calendar
,MULTI_FAITH,Rosh Hashanah,17/09/2023,Faith Communities Council of Victoria,16-17 September 2023,http://www.faithvictoria.org.au/calendar
,MULTI_FAITH,Samvatsari,19/09/2023,Faith Communities Council of Victoria,,http://www.faithvictoria.org.au/calendar
,MULTI_FAITH,Ganesh Chaturthi,19/09/2023,Faith Communities Council of Victoria,,http://www.faithvictoria.org.au/calendar
,MULTI_FAITH,Daslakshana,19/09/2023,Faith Communities Council of Victoria,19-28 September 2023,http://www.faithvictoria.org.au/calendar
,MULTI_FAITH,Daslakshana,20/09/2023,Faith Communities Council of Victoria,19-28 September 2023,http://www.faithvictoria.org.au/calendar
,MULTI_FAITH,Daslakshana,21/09/2023,Faith Communities Council of Victoria,19-28 September 2023,http://www.faithvictoria.org.au/calendar
,MULTI_FAITH,Daslakshana,22/09/2023,Faith Communities Council of Victoria,19-28 September 2023,http://www.faithvictoria.org.au/calendar
,MULTI_FAITH,Daslakshana,23/09/2023,Faith Communities Council of Victoria,19-28 September 2023,http://www.faithvictoria.org.au/calendar
,MULTI_FAITH,Daslakshana,24/09/2023,Faith Communities Council of Victoria,19-28 September 2023,http://www.faithvictoria.org.au/calendar
,MULTI_FAITH,Daslakshana,25/09/2023,Faith Communities Council of Victoria,19-28 September 2023,http://www.faithvictoria.org.au/calendar
,MULTI_FAITH,Daslakshana,26/09/2023,Faith Communities Council of Victoria,19-28 September 2023,http://www.faithvictoria.org.au/calendar
,MULTI_FAITH,Daslakshana,27/09/2023,Faith Communities Council of Victoria,19-28 September 2023,http://www.faithvictoria.org.au/calendar
,MULTI_FAITH,Daslakshana,28/09/2023,Faith Communities Council of Victoria,19-28 September 2023,http://www.faithvictoria.org.au/calendar
,MULTI_FAITH,Kshamavani,20/09/2023,Faith Communities Council of Victoria,,http://www.faithvictoria.org.au/calendar
,MULTI_FAITH,Yom Kippur,25/09/2023,Faith Communities Council of Victoria,,http://www.faithvictoria.org.au/calendar
,MULTI_FAITH,Sukkot,30/09/2023,Faith Communities Council of Victoria,30 September - 6 October 2023,http://www.faithvictoria.org.au/calendar
,MULTI_FAITH,Sukkot,1/10/2023,Faith Communities Council of Victoria,30 September - 6 October 2023,http://www.faithvictoria.org.au/calendar
,MULTI_FAITH,Sukkot,2/10/2023,Faith Communities Council of Victoria,30 September - 6 October 2023,http://www.faithvictoria.org.au/calendar
,MULTI_FAITH,Sukkot,3/10/2023,Faith Communities Council of Victoria,30 September - 6 October 2023,http://www.faithvictoria.org.au/calendar
,MULTI_FAITH,Sukkot,4/10/2023,Faith Communities Council of Victoria,30 September - 6 October 2023,http://www.faithvictoria.org.au/calendar
,MULTI_FAITH,Sukkot,5/10/2023,Faith Communities Council of Victoria,30 September - 6 October 2023,http://www.faithvictoria.org.au/calendar
,MULTI_FAITH,Sukkot,6/10/2023,Faith Communities Council of Victoria,30 September - 6 October 2023,http://www.faithvictoria.org.au/calendar
,MULTI_FAITH,Shemini Atzeret,7/10/2023,Faith Communities Council of Victoria,,http://www.faithvictoria.org.au/calendar
,MULTI_FAITH,Simchat Torah,8/10/2023,Faith Communities Council of Victoria,,http://www.faithvictoria.org.au/calendar
,MULTI_FAITH,Navaratri,15/10/2023,Faith Communities Council of Victoria,15-23 October 2023,http://www.faithvictoria.org.au/calendar
,MULTI_FAITH,Navaratri,16/10/2023,Faith Communities Council of Victoria,15-23 October 2023,http://www.faithvictoria.org.au/calendar
,MULTI_FAITH,Navaratri,17/10/2023,Faith Communities Council of Victoria,15-23 October 2023,http://www.faithvictoria.org.au/calendar
,MULTI_FAITH,Navaratri,18/10/2023,Faith Communities Council of Victoria,15-23 October 2023,http://www.faithvictoria.org.au/calendar
,MULTI_FAITH,Navaratri,19/10/2023,Faith Communities Council of Victoria,15-23 October 2023,http://www.faithvictoria.org.au/calendar
,MULTI_FAITH,Navaratri,20/10/2023,Faith Communities Council of Victoria,15-23 October 2023,http://www.faithvictoria.org.au/calendar
,MULTI_FAITH,Navaratri,21/10/2023,Faith Communities Council of Victoria,15-23 October 2023,http://www.faithvictoria.org.au/calendar
,MULTI_FAITH,Navaratri,22/10/2023,Faith Communities Council of Victoria,15-23 October 2023,http://www.faithvictoria.org.au/calendar
,MULTI_FAITH,Navaratri,23/10/2023,Faith Communities Council of Victoria,15-23 October 2023,http://www.faithvictoria.org.au/calendar
,MULTI_FAITH,Birth of the Bab,16/10/2023,Faith Communities Council of Victoria,,http://www.faithvictoria.org.au/calendar
,MULTI_FAITH,Birth of Baha'ullah,17/10/2023,Faith Communities Council of Victoria,,http://www.faithvictoria.org.au/calendar
,MULTI_FAITH,Conferment of Guruship to Guru Granth Sahib,20/10/2023,Faith Communities Council of Victoria,,http://www.faithvictoria.org.au/calendar
,MULTI_FAITH,Dussehra,24/10/2023,Faith Communities Council of Victoria,,http://www.faithvictoria.org.au/calendar
,MULTI_FAITH,Kathina,28/10/2023,Faith Communities Council of Victoria,,http://www.faithvictoria.org.au/calendar
,MULTI_FAITH,All Saints Day,1/11/2023,Faith Communities Council of Victoria,,http://www.faithvictoria.org.au/calendar
,MULTI_FAITH,Bandi Chhor Divas (Diwali),12/11/2023,Faith Communities Council of Victoria,,http://www.faithvictoria.org.au/calendar
,MULTI_FAITH,Diwali,12/11/2023,Faith Communities Council of Victoria,,http://www.faithvictoria.org.au/calendar
,MULTI_FAITH,Mahavira Nirvana (Diwali),12/11/2023,Faith Communities Council of Victoria,,http://www.faithvictoria.org.au/calendar
,MULTI_FAITH,Martyrdom of Guru Tegh Bahadur Ji,24/11/2023,Faith Communities Council of Victoria,,http://www.faithvictoria.org.au/calendar
,MULTI_FAITH,Day of the Covenant,26/11/2023,Faith Communities Council of Victoria,,http://www.faithvictoria.org.au/calendar
,MULTI_FAITH,Birth of Guru Nanak Dev Sahib Ji,27/11/2023,Faith Communities Council of Victoria,,http://www.faithvictoria.org.au/calendar
,MULTI_FAITH,Ascension of Abdu'l-Baha,27/11/2023,Faith Communities Council of Victoria,,http://www.faithvictoria.org.au/calendar
,MULTI_FAITH,Bodhi Day,8/12/2023,Faith Communities Council of Victoria,,http://www.faithvictoria.org.au/calendar
,MULTI_FAITH,Advent,3/12/2023,Faith Communities Council of Victoria,3-24 December 2023,http://www.faithvictoria.org.au/calendar
,MULTI_FAITH,Advent,4/12/2023,Faith Communities Council of Victoria,3-24 December 2023,http://www.faithvictoria.org.au/calendar
,MULTI_FAITH,Advent,5/12/2023,Faith Communities Council of Victoria,3-24 December 2023,http://www.faithvictoria.org.au/calendar
,MULTI_FAITH,Advent,6/12/2023,Faith Communities Council of Victoria,3-24 December 2023,http://www.faithvictoria.org.au/calendar
,MULTI_FAITH,Advent,7/12/2023,Faith Communities Council of Victoria,3-24 December 2023,http://www.faithvictoria.org.au/calendar
,MULTI_FAITH,Advent,8/12/2023,Faith Communities Council of Victoria,3-24 December 2023,http://www.faithvictoria.org.au/calendar
,MULTI_FAITH,Advent,9/12/2023,Faith Communities Council of Victoria,3-24 December 2023,http://www.faithvictoria.org.au/calendar
,MULTI_FAITH,Advent,10/12/2023,Faith Communities Council of Victoria,3-24 December 2023,http://www.faithvictoria.org.au/calendar
,MULTI_FAITH,Advent,11/12/2023,Faith Communities Council of Victoria,3-24 December 2023,http://www.faithvictoria.org.au/calendar
,MULTI_FAITH,Advent,12/12/2023,Faith Communities Council of Victoria,3-24 December 2023,http://www.faithvictoria.org.au/calendar
,MULTI_FAITH,Advent,13/12/2023,Faith Communities Council of Victoria,3-24 December 2023,http://www.faithvictoria.org.au/calendar
,MULTI_FAITH,Advent,14/12/2023,Faith Communities Council of Victoria,3-24 December 2023,http://www.faithvictoria.org.au/calendar
,MULTI_FAITH,Advent,15/12/2023,Faith Communities Council of Victoria,3-24 December 2023,http://www.faithvictoria.org.au/calendar
,MULTI_FAITH,Advent,16/12/2023,Faith Communities Council of Victoria,3-24 December 2023,http://www.faithvictoria.org.au/calendar
,MULTI_FAITH,Advent,17/12/2023,Faith Communities Council of Victoria,3-24 December 2023,http://www.faithvictoria.org.au/calendar
,MULTI_FAITH,Advent,18/12/2023,Faith Communities Council of Victoria,3-24 December 2023,http://www.faithvictoria.org.au/calendar
,MULTI_FAITH,Advent,19/12/2023,Faith Communities Council of Victoria,3-24 December 2023,http://www.faithvictoria.org.au/calendar
,MULTI_FAITH,Advent,20/12/2023,Faith Communities Council of Victoria,3-24 December 2023,http://www.faithvictoria.org.au/calendar
,MULTI_FAITH,Advent,21/12/2023,Faith Communities Council of Victoria,3-24 December 2023,http://www.faithvictoria.org.au/calendar
,MULTI_FAITH,Advent,22/12/2023,Faith Communities Council of Victoria,3-24 December 2023,http://www.faithvictoria.org.au/calendar
,MULTI_FAITH,Advent,23/12/2023,Faith Communities Council of Victoria,3-24 December 2023,http://www.faithvictoria.org.au/calendar
,MULTI_FAITH,Advent,24/12/2023,Faith Communities Council of Victoria,3-24 December 2023,http://www.faithvictoria.org.au/calendar
,MULTI_FAITH,Hanukkah,8/12/2023,Faith Communities Council of Victoria,8-15 December 2023,http://www.faithvictoria.org.au/calendar
,MULTI_FAITH,Hanukkah,9/12/2023,Faith Communities Council of Victoria,8-15 December 2023,http://www.faithvictoria.org.au/calendar
,MULTI_FAITH,Hanukkah,10/12/2023,Faith Communities Council of Victoria,8-15 December 2023,http://www.faithvictoria.org.au/calendar
,MULTI_FAITH,Hanukkah,11/12/2023,Faith Communities Council of Victoria,8-15 December 2023,http://www.faithvictoria.org.au/calendar
,MULTI_FAITH,Hanukkah,12/12/2023,Faith Communities Council of Victoria,8-15 December 2023,http://www.faithvictoria.org.au/calendar
,MULTI_FAITH,Hanukkah,13/12/2023,Faith Communities Council of Victoria,8-15 December 2023,http://www.faithvictoria.org.au/calendar
,MULTI_FAITH,Hanukkah,14/12/2023,Faith Communities Council of Victoria,8-15 December 2023,http://www.faithvictoria.org.au/calendar
,MULTI_FAITH,Hanukkah,15/12/2023,Faith Communities Council of Victoria,8-15 December 2023,http://www.faithvictoria.org.au/calendar
,MULTI_FAITH,Christmas,25/12/2023,Faith Communities Council of Victoria,,http://www.faithvictoria.org.au/calendar
,PUBLIC_HOLIDAY,Friday before the AFL grand final,29/09/2023,Business Victoria,,https://business.vic.gov.au/business-information/public-holidays/victorian-public-holidays-2023
,PUBLIC_HOLIDAY,Friday before the AFL grand final,27/09/2024,Business Victoria,,https://business.vic.gov.au/business-information/public-holidays/victorian-public-holidays-2024
,PARLIAMENT_SITTING,Both Houses sitting,30/01/2024,Parliament of Victoria,,https://parliament.vic.gov.au/parliamentary-activity/
,PARLIAMENT_SITTING,Both Houses sitting,6/02/2024,Parliament of Victoria,,https://parliament.vic.gov.au/parliamentary-activity/
,PARLIAMENT_SITTING,Both Houses sitting,7/02/2024,Parliament of Victoria,,https://parliament.vic.gov.au/parliamentary-activity/
,PARLIAMENT_SITTING,Both Houses sitting,8/02/2024,Parliament of Victoria,,https://parliament.vic.gov.au/parliamentary-activity/
,PARLIAMENT_SITTING,Both Houses sitting,20/02/2024,Parliament of Victoria,,https://parliament.vic.gov.au/parliamentary-activity/
,PARLIAMENT_SITTING,Both Houses sitting,21/02/2024,Parliament of Victoria,,https://parliament.vic.gov.au/parliamentary-activity/
,PARLIAMENT_SITTING,Both Houses sitting,22/02/2024,Parliament of Victoria,,https://parliament.vic.gov.au/parliamentary-activity/
,PARLIAMENT_SITTING,Both Houses sitting,5/03/2024,Parliament of Victoria,,https://parliament.vic.gov.au/parliamentary-activity/
,PARLIAMENT_SITTING,Both Houses sitting,6/03/2024,Parliament of Victoria,,https://parliament.vic.gov.au/parliamentary-activity/
,PARLIAMENT_SITTING,Both Houses sitting,7/03/2024,Parliament of Victoria,,https://parliament.vic.gov.au/parliamentary-activity/
,PARLIAMENT_SITTING,Both Houses sitting,19/03/2024,Parliament of Victoria,,https://parliament.vic.gov.au/parliamentary-activity/
,PARLIAMENT_SITTING,Both Houses sitting,20/03/2024,Parliament of Victoria,,https://parliament.vic.gov.au/parliamentary-activity/
,PARLIAMENT_SITTING,Both Houses sitting,21/03/2024,Parliament of Victoria,,https://parliament.vic.gov.au/parliamentary-activity/
,PARLIAMENT_SITTING,Regional sitting - Council only,18/04/2024,Parliament of Victoria,,https://parliament.vic.gov.au/parliamentary-activity/
,PARLIAMENT_SITTING,Both Houses sitting,30/04/2024,Parliament of Victoria,,https://parliament.vic.gov.au/parliamentary-activity/
,PARLIAMENT_SITTING,Both Houses sitting,1/05/2024,Parliament of Victoria,,https://parliament.vic.gov.au/parliamentary-activity/
,PARLIAMENT_SITTING,Both Houses sitting,2/05/2024,Parliament of Victoria,,https://parliament.vic.gov.au/parliamentary-activity/
,PARLIAMENT_SITTING,Assembly only,7/05/2024,Parliament of Victoria,,https://parliament.vic.gov.au/parliamentary-activity/
,PARLIAMENT_SITTING,Both Houses sitting,14/05/2024,Parliament of Victoria,,https://parliament.vic.gov.au/parliamentary-activity/
,PARLIAMENT_SITTING,Both Houses sitting,15/05/2024,Parliament of Victoria,,https://parliament.vic.gov.au/parliamentary-activity/
,PARLIAMENT_SITTING,Both Houses sitting,28/05/2024,Parliament of Victoria,,https://parliament.vic.gov.au/parliamentary-activity/
,PARLIAMENT_SITTING,Both Houses sitting,29/05/2024,Parliament of Victoria,,https://parliament.vic.gov.au/parliamentary-activity/
,PARLIAMENT_SITTING,Both Houses sitting,30/05/2024,Parliament of Victoria,,https://parliament.vic.gov.au/parliamentary-activity/
,PARLIAMENT_SITTING,Both Houses sitting,18/06/2024,Parliament of Victoria,,https://parliament.vic.gov.au/parliamentary-activity/
,PARLIAMENT_SITTING,Both Houses sitting,19/06/2024,Parliament of Victoria,,https://parliament.vic.gov.au/parliamentary-activity/
,PARLIAMENT_SITTING,Both Houses sitting,20/06/2024,Parliament of Victoria,,https://parliament.vic.gov.au/parliamentary-activity/
,PARLIAMENT_SITTING,Both Houses sitting,30/07/2024,Parliament of Victoria,,https://parliament.vic.gov.au/parliamentary-activity/
,PARLIAMENT_SITTING,Both Houses sitting,31/07/2024,Parliament of Victoria,,https://parliament.vic.gov.au/parliamentary-activity/
,PARLIAMENT_SITTING,Both Houses sitting,1/08/2024,Parliament of Victoria,,https://parliament.vic.gov.au/parliamentary-activity/
,PARLIAMENT_SITTING,Both Houses sitting,13/08/2024,Parliament of Victoria,,https://parliament.vic.gov.au/parliamentary-activity/
,PARLIAMENT_SITTING,Both Houses sitting,14/08/2024,Parliament of Victoria,,https://parliament.vic.gov.au/parliamentary-activity/
,PARLIAMENT_SITTING,Both Houses sitting,15/08/2024,Parliament of Victoria,,https://parliament.vic.gov.au/parliamentary-activity/
,PARLIAMENT_SITTING,Both Houses sitting,27/08/2024,Parliament of Victoria,,https://parliament.vic.gov.au/parliamentary-activity/
,PARLIAMENT_SITTING,Both Houses sitting,28/08/2024,Parliament of Victoria,,https://parliament.vic.gov.au/parliamentary-activity/
,PARLIAMENT_SITTING,Both Houses sitting,29/08/2024,Parliament of Victoria,,https://parliament.vic.gov.au/parliamentary-activity/
,PARLIAMENT_SITTING,Both Houses sitting,10/09/2024,Parliament of Victoria,,https://parliament.vic.gov.au/parliamentary-activity/
,PARLIAMENT_SITTING,Both Houses sitting,11/09/2024,Parliament of Victoria,,https://parliament.vic.gov.au/parliamentary-activity/
,PARLIAMENT_SITTING,Both Houses sitting,12/09/2024,Parliament of Victoria,,https://parliament.vic.gov.au/parliamentary-activity/
,PARLIAMENT_SITTING,Both Houses sitting,15/10/2024,Parliament of Victoria,,https://parliament.vic.gov.au/parliamentary-activity/
,PARLIAMENT_SITTING,Both Houses sitting,16/10/2024,Parliament of Victoria,,https://parliament.vic.gov.au/parliamentary-activity/
,PARLIAMENT_SITTING,Both Houses sitting,17/10/2024,Parliament of Victoria,,https://parliament.vic.gov.au/parliamentary-activity/
,PARLIAMENT_SITTING,Both Houses sitting,29/10/2024,Parliament of Victoria,,https://parliament.vic.gov.au/parliamentary-activity/
,PARLIAMENT_SITTING,Both Houses sitting,30/10/2024,Parliament of Victoria,,https://parliament.vic.gov.au/parliamentary-activity/
,PARLIAMENT_SITTING,Both Houses sitting,31/10/2024,Parliament of Victoria,,https://parliament.vic.gov.au/parliamentary-activity/
,PARLIAMENT_SITTING,Both Houses sitting,12/11/2024,Parliament of Victoria,,https://parliament.vic.gov.au/parliamentary-activity/
,PARLIAMENT_SITTING,Both Houses sitting,13/11/2024,Parliament of Victoria,,https://parliament.vic.gov.au/parliamentary-activity/
,PARLIAMENT_SITTING,Both Houses sitting,14/11/2024,Parliament of Victoria,,https://parliament.vic.gov.au/parliamentary-activity/
,PARLIAMENT_SITTING,Both Houses sitting,26/11/2024,Parliament of Victoria,,https://parliament.vic.gov.au/parliamentary-activity/
,PARLIAMENT_SITTING,Both Houses sitting,27/11/2024,Parliament of Victoria,,https://parliament.vic.gov.au/parliamentary-activity/
,PARLIAMENT_SITTING,Both Houses sitting,28/11/2024,Parliament of Victoria,,https://parliament.vic.gov.au/parliamentary-activity/
,MULTI_FAITH,Epiphany,6/01/2024,Faith Communities Council of Victoria,,http://www.faithvictoria.org.au/calendar
,MULTI_FAITH,Nativity (Orthodox),7/01/2024,Faith Communities Council of Victoria,,http://www.faithvictoria.org.au/calendar
,MULTI_FAITH,Maghi,13/01/2024,Faith Communities Council of Victoria,,http://www.faithvictoria.org.au/calendar
,MULTI_FAITH,Pongal,15/01/2024,Faith Communities Council of Victoria,15-18 January 2024,http://www.faithvictoria.org.au/calendar
,MULTI_FAITH,Pongal,16/01/2024,Faith Communities Council of Victoria,15-18 January 2024,http://www.faithvictoria.org.au/calendar
,MULTI_FAITH,Pongal,17/01/2024,Faith Communities Council of Victoria,15-18 January 2024,http://www.faithvictoria.org.au/calendar
,MULTI_FAITH,Pongal,18/01/2024,Faith Communities Council of Victoria,15-18 January 2024,http://www.faithvictoria.org.au/calendar
,MULTI_FAITH,Birthday of Guru Gobind Singh Ji,17/01/2024,Faith Communities Council of Victoria,,http://www.faithvictoria.org.au/calendar
,MULTI_FAITH,Feast of Epiphany (Orthdox),19/01/2024,Faith Communities Council of Victoria,,http://www.faithvictoria.org.au/calendar
,MULTI_FAITH,Mahayana New Year,25/01/2024,Faith Communities Council of Victoria,25-27 January 2024,http://www.faithvictoria.org.au/calendar
,MULTI_FAITH,Mahayana New Year,26/01/2024,Faith Communities Council of Victoria,25-27 January 2024,http://www.faithvictoria.org.au/calendar
,MULTI_FAITH,Mahayana New Year,27/01/2024,Faith Communities Council of Victoria,25-27 January 2024,http://www.faithvictoria.org.au/calendar
,MULTI_FAITH,Lailat at Miraj,7/02/2024,Faith Communities Council of Victoria,,http://www.faithvictoria.org.au/calendar
,MULTI_FAITH,Lunar New Year,10/02/2024,Faith Communities Council of Victoria,,http://www.faithvictoria.org.au/calendar
,MULTI_FAITH,Losar/Tibetan New Year,10/02/2024,Faith Communities Council of Victoria,10-24 January 2024,http://www.faithvictoria.org.au/calendar
,MULTI_FAITH,Losar/Tibetan New Year,11/02/2024,Faith Communities Council of Victoria,10-24 January 2024,http://www.faithvictoria.org.au/calendar
,MULTI_FAITH,Losar/Tibetan New Year,12/02/2024,Faith Communities Council of Victoria,10-24 January 2024,http://www.faithvictoria.org.au/calendar
,MULTI_FAITH,Losar/Tibetan New Year,13/02/2024,Faith Communities Council of Victoria,10-24 January 2024,http://www.faithvictoria.org.au/calendar
,MULTI_FAITH,Losar/Tibetan New Year,14/02/2024,Faith Communities Council of Victoria,10-24 January 2024,http://www.faithvictoria.org.au/calendar
,MULTI_FAITH,Losar/Tibetan New Year,15/02/2024,Faith Communities Council of Victoria,10-24 January 2024,http://www.faithvictoria.org.au/calendar
,MULTI_FAITH,Losar/Tibetan New Year,16/02/2024,Faith Communities Council of Victoria,10-24 January 2024,http://www.faithvictoria.org.au/calendar
,MULTI_FAITH,Losar/Tibetan New Year,17/02/2024,Faith Communities Council of Victoria,10-24 January 2024,http://www.faithvictoria.org.au/calendar
,MULTI_FAITH,Losar/Tibetan New Year,18/02/2024,Faith Communities Council of Victoria,10-24 January 2024,http://www.faithvictoria.org.au/calendar
,MULTI_FAITH,Losar/Tibetan New Year,19/02/2024,Faith Communities Council of Victoria,10-24 January 2024,http://www.faithvictoria.org.au/calendar
,MULTI_FAITH,Losar/Tibetan New Year,20/02/2024,Faith Communities Council of Victoria,10-24 January 2024,http://www.faithvictoria.org.au/calendar
,MULTI_FAITH,Losar/Tibetan New Year,21/02/2024,Faith Communities Council of Victoria,10-24 January 2024,http://www.faithvictoria.org.au/calendar
,MULTI_FAITH,Losar/Tibetan New Year,22/02/2024,Faith Communities Council of Victoria,10-24 January 2024,http://www.faithvictoria.org.au/calendar
,MULTI_FAITH,Losar/Tibetan New Year,23/02/2024,Faith Communities Council of Victoria,10-24 January 2024,http://www.faithvictoria.org.au/calendar
,MULTI_FAITH,Losar/Tibetan New Year,24/02/2024,Faith Communities Council of Victoria,10-24 January 2024,http://www.faithvictoria.org.au/calendar
,MULTI_FAITH,Lent begins,14/02/2024,Faith Communities Council of Victoria,14 February - 28 March 2024,http://www.faithvictoria.org.au/calendar
,MULTI_FAITH,Lent begins,15/02/2024,Faith Communities Council of Victoria,14 February - 28 March 2024,http://www.faithvictoria.org.au/calendar
,MULTI_FAITH,Lent begins,16/02/2024,Faith Communities Council of Victoria,14 February - 28 March 2024,http://www.faithvictoria.org.au/calendar
,MULTI_FAITH,Lent begins,17/02/2024,Faith Communities Council of Victoria,14 February - 28 March 2024,http://www.faithvictoria.org.au/calendar
,MULTI_FAITH,Lent begins,18/02/2024,Faith Communities Council of Victoria,14 February - 28 March 2024,http://www.faithvictoria.org.au/calendar
,MULTI_FAITH,Lent begins,19/02/2024,Faith Communities Council of Victoria,14 February - 28 March 2024,http://www.faithvictoria.org.au/calendar
,MULTI_FAITH,Lent begins,20/02/2024,Faith Communities Council of Victoria,14 February - 28 March 2024,http://www.faithvictoria.org.au/calendar
,MULTI_FAITH,Lent begins,21/02/2024,Faith Communities Council of Victoria,14 February - 28 March 2024,http://www.faithvictoria.org.au/calendar
,MULTI_FAITH,Lent begins,22/02/2024,Faith Communities Council of Victoria,14 February - 28 March 2024,http://www.faithvictoria.org.au/calendar
,MULTI_FAITH,Lent begins,23/02/2024,Faith Communities Council of Victoria,14 February - 28 March 2024,http://www.faithvictoria.org.au/calendar
,MULTI_FAITH,Lent begins,24/02/2024,Faith Communities Council of Victoria,14 February - 28 March 2024,http://www.faithvictoria.org.au/calendar
,MULTI_FAITH,Lent begins,25/02/2024,Faith Communities Council of Victoria,14 February - 28 March 2024,http://www.faithvictoria.org.au/calendar
,MULTI_FAITH,Lent begins,26/02/2024,Faith Communities Council of Victoria,14 February - 28 March 2024,http://www.faithvictoria.org.au/calendar
,MULTI_FAITH,Lent begins,27/02/2024,Faith Communities Council of Victoria,14 February - 28 March 2024,http://www.faithvictoria.org.au/calendar
,MULTI_FAITH,Lent begins,28/02/2024,Faith Communities Council of Victoria,14 February - 28 March 2024,http://www.faithvictoria.org.au/calendar
,MULTI_FAITH,Lent begins,29/02/2024,Faith Communities Council of Victoria,14 February - 28 March 2024,http://www.faithvictoria.org.au/calendar
,MULTI_FAITH,Lent begins,1/03/2024,Faith Communities Council of Victoria,14 February - 28 March 2024,http://www.faithvictoria.org.au/calendar
,MULTI_FAITH,Lent begins,2/03/2024,Faith Communities Council of Victoria,14 February - 28 March 2024,http://www.faithvictoria.org.au/calendar
,MULTI_FAITH,Lent begins,3/03/2024,Faith Communities Council of Victoria,14 February - 28 March 2024,http://www.faithvictoria.org.au/calendar
,MULTI_FAITH,Lent begins,4/03/2024,Faith Communities Council of Victoria,14 February - 28 March 2024,http://www.faithvictoria.org.au/calendar
,MULTI_FAITH,Lent begins,5/03/2024,Faith Communities Council of Victoria,14 February - 28 March 2024,http://www.faithvictoria.org.au/calendar
,MULTI_FAITH,Lent begins,6/03/2024,Faith Communities Council of Victoria,14 February - 28 March 2024,http://www.faithvictoria.org.au/calendar
,MULTI_FAITH,Lent begins,7/03/2024,Faith Communities Council of Victoria,14 February - 28 March 2024,http://www.faithvictoria.org.au/calendar
,MULTI_FAITH,Lent begins,8/03/2024,Faith Communities Council of Victoria,14 February - 28 March 2024,http://www.faithvictoria.org.au/calendar
,MULTI_FAITH,Lent begins,9/03/2024,Faith Communities Council of Victoria,14 February - 28 March 2024,http://www.faithvictoria.org.au/calendar
,MULTI_FAITH,Lent begins,10/03/2024,Faith Communities Council of Victoria,14 February - 28 March 2024,http://www.faithvictoria.org.au/calendar
,MULTI_FAITH,Lent begins,11/03/2024,Faith Communities Council of Victoria,14 February - 28 March 2024,http://www.faithvictoria.org.au/calendar
,MULTI_FAITH,Lent begins,12/03/2024,Faith Communities Council of Victoria,14 February - 28 March 2024,http://www.faithvictoria.org.au/calendar
,MULTI_FAITH,Lent begins,13/03/2024,Faith Communities Council of Victoria,14 February - 28 March 2024,http://www.faithvictoria.org.au/calendar
,MULTI_FAITH,Lent begins,14/03/2024,Faith Communities Council of Victoria,14 February - 28 March 2024,http://www.faithvictoria.org.au/calendar
,MULTI_FAITH,Lent begins,15/03/2024,Faith Communities Council of Victoria,14 February - 28 March 2024,http://www.faithvictoria.org.au/calendar
,MULTI_FAITH,Lent begins,16/03/2024,Faith Communities Council of Victoria,14 February - 28 March 2024,http://www.faithvictoria.org.au/calendar
,MULTI_FAITH,Lent begins,17/03/2024,Faith Communities Council of Victoria,14 February - 28 March 2024,http://www.faithvictoria.org.au/calendar
,MULTI_FAITH,Lent begins,18/03/2024,Faith Communities Council of Victoria,14 February - 28 March 2024,http://www.faithvictoria.org.au/calendar
,MULTI_FAITH,Lent begins,19/03/2024,Faith Communities Council of Victoria,14 February - 28 March 2024,http://www.faithvictoria.org.au/calendar
,MULTI_FAITH,Lent begins,20/03/2024,Faith Communities Council of Victoria,14 February - 28 March 2024,http://www.faithvictoria.org.au/calendar
,MULTI_FAITH,Lent begins,21/03/2024,Faith Communities Council of Victoria,14 February - 28 March 2024,http://www.faithvictoria.org.au/calendar
,MULTI_FAITH,Lent begins,22/03/2024,Faith Communities Council of Victoria,14 February - 28 March 2024,http://www.faithvictoria.org.au/calendar
,MULTI_FAITH,Lent begins,23/03/2024,Faith Communities Council of Victoria,14 February - 28 March 2024,http://www.faithvictoria.org.au/calendar
,MULTI_FAITH,Lent begins,24/03/2024,Faith Communities Council of Victoria,14 February - 28 March 2024,http://www.faithvictoria.org.au/calendar
,MULTI_FAITH,Lent begins,25/03/2024,Faith Communities Council of Victoria,14 February - 28 March 2024,http://www.faithvictoria.org.au/calendar
,MULTI_FAITH,Lent begins,26/03/2024,Faith Communities Council of Victoria,14 February - 28 March 2024,http://www.faithvictoria.org.au/calendar
,MULTI_FAITH,Lent begins,27/03/2024,Faith Communities Council of Victoria,14 February - 28 March 2024,http://www.faithvictoria.org.au/calendar
,MULTI_FAITH,Lent begins,28/03/2024,Faith Communities Council of Victoria,14 February - 28 March 2024,http://www.faithvictoria.org.au/calendar
,MULTI_FAITH,Nirvana Day,15/02/2024,Faith Communities Council of Victoria,,http://www.faithvictoria.org.au/calendar
,MULTI_FAITH,Magha Puja Day,24/02/2024,Faith Communities Council of Victoria,,http://www.faithvictoria.org.au/calendar
,MULTI_FAITH,Lailat al Bara'ah,25/02/2024,Faith Communities Council of Victoria,,http://www.faithvictoria.org.au/calendar
,MULTI_FAITH,MahaShivaratri,8/03/2024,Faith Communities Council of Victoria,,http://www.faithvictoria.org.au/calendar
,MULTI_FAITH,Ramadan,11/03/2024,Faith Communities Council of Victoria,11 March - 9 April 2024,http://www.faithvictoria.org.au/calendar
,MULTI_FAITH,Ramadan,12/03/2024,Faith Communities Council of Victoria,11 March - 9 April 2024,http://www.faithvictoria.org.au/calendar
,MULTI_FAITH,Ramadan,13/03/2024,Faith Communities Council of Victoria,11 March - 9 April 2024,http://www.faithvictoria.org.au/calendar
,MULTI_FAITH,Ramadan,14/03/2024,Faith Communities Council of Victoria,11 March - 9 April 2024,http://www.faithvictoria.org.au/calendar
,MULTI_FAITH,Ramadan,15/03/2024,Faith Communities Council of Victoria,11 March - 9 April 2024,http://www.faithvictoria.org.au/calendar
,MULTI_FAITH,Ramadan,16/03/2024,Faith Communities Council of Victoria,11 March - 9 April 2024,http://www.faithvictoria.org.au/calendar
,MULTI_FAITH,Ramadan,17/03/2024,Faith Communities Council of Victoria,11 March - 9 April 2024,http://www.faithvictoria.org.au/calendar
,MULTI_FAITH,Ramadan,18/03/2024,Faith Communities Council of Victoria,11 March - 9 April 2024,http://www.faithvictoria.org.au/calendar
,MULTI_FAITH,Ramadan,19/03/2024,Faith Communities Council of Victoria,11 March - 9 April 2024,http://www.faithvictoria.org.au/calendar
,MULTI_FAITH,Ramadan,20/03/2024,Faith Communities Council of Victoria,11 March - 9 April 2024,http://www.faithvictoria.org.au/calendar
,MULTI_FAITH,Ramadan,21/03/2024,Faith Communities Council of Victoria,11 March - 9 April 2024,http://www.faithvictoria.org.au/calendar
,MULTI_FAITH,Ramadan,22/03/2024,Faith Communities Council of Victoria,11 March - 9 April 2024,http://www.faithvictoria.org.au/calendar
,MULTI_FAITH,Ramadan,23/03/2024,Faith Communities Council of Victoria,11 March - 9 April 2024,http://www.faithvictoria.org.au/calendar
,MULTI_FAITH,Ramadan,24/03/2024,Faith Communities Council of Victoria,11 March - 9 April 2024,http://www.faithvictoria.org.au/calendar
,MULTI_FAITH,Ramadan,25/03/2024,Faith Communities Council of Victoria,11 March - 9 April 2024,http://www.faithvictoria.org.au/calendar
,MULTI_FAITH,Ramadan,26/03/2024,Faith Communities Council of Victoria,11 March - 9 April 2024,http://www.faithvictoria.org.au/calendar
,MULTI_FAITH,Ramadan,27/03/2024,Faith Communities Council of Victoria,11 March - 9 April 2024,http://www.faithvictoria.org.au/calendar
,MULTI_FAITH,Ramadan,28/03/2024,Faith Communities Council of Victoria,11 March - 9 April 2024,http://www.faithvictoria.org.au/calendar
,MULTI_FAITH,Ramadan,29/03/2024,Faith Communities Council of Victoria,11 March - 9 April 2024,http://www.faithvictoria.org.au/calendar
,MULTI_FAITH,Ramadan,30/03/2024,Faith Communities Council of Victoria,11 March - 9 April 2024,http://www.faithvictoria.org.au/calendar
,MULTI_FAITH,Ramadan,31/03/2024,Faith Communities Council of Victoria,11 March - 9 April 2024,http://www.faithvictoria.org.au/calendar
,MULTI_FAITH,Ramadan,1/04/2024,Faith Communities Council of Victoria,11 March - 9 April 2024,http://www.faithvictoria.org.au/calendar
,MULTI_FAITH,Ramadan,2/04/2024,Faith Communities Council of Victoria,11 March - 9 April 2024,http://www.faithvictoria.org.au/calendar
,MULTI_FAITH,Ramadan,3/04/2024,Faith Communities Council of Victoria,11 March - 9 April 2024,http://www.faithvictoria.org.au/calendar
,MULTI_FAITH,Ramadan,4/04/2024,Faith Communities Council of Victoria,11 March - 9 April 2024,http://www.faithvictoria.org.au/calendar
,MULTI_FAITH,Ramadan,5/04/2024,Faith Communities Council of Victoria,11 March - 9 April 2024,http://www.faithvictoria.org.au/calendar
,MULTI_FAITH,Ramadan,6/04/2024,Faith Communities Council of Victoria,11 March - 9 April 2024,http://www.faithvictoria.org.au/calendar
,MULTI_FAITH,Ramadan,7/04/2024,Faith Communities Council of Victoria,11 March - 9 April 2024,http://www.faithvictoria.org.au/calendar
,MULTI_FAITH,Ramadan,8/04/2024,Faith Communities Council of Victoria,11 March - 9 April 2024,http://www.faithvictoria.org.au/calendar
,MULTI_FAITH,Ramadan,9/04/2024,Faith Communities Council of Victoria,11 March - 9 April 2024,http://www.faithvictoria.org.au/calendar
,MULTI_FAITH,Great Lent (Orthodox),18/03/2024,Faith Communities Council of Victoria,18 March - 26 April 2024,http://www.faithvictoria.org.au/calendar
,MULTI_FAITH,Great Lent (Orthodox),19/03/2024,Faith Communities Council of Victoria,18 March - 26 April 2024,http://www.faithvictoria.org.au/calendar
,MULTI_FAITH,Great Lent (Orthodox),20/03/2024,Faith Communities Council of Victoria,18 March - 26 April 2024,http://www.faithvictoria.org.au/calendar
,MULTI_FAITH,Great Lent (Orthodox),21/03/2024,Faith Communities Council of Victoria,18 March - 26 April 2024,http://www.faithvictoria.org.au/calendar
,MULTI_FAITH,Great Lent (Orthodox),22/03/2024,Faith Communities Council of Victoria,18 March - 26 April 2024,http://www.faithvictoria.org.au/calendar
,MULTI_FAITH,Great Lent (Orthodox),23/03/2024,Faith Communities Council of Victoria,18 March - 26 April 2024,http://www.faithvictoria.org.au/calendar
,MULTI_FAITH,Great Lent (Orthodox),24/03/2024,Faith Communities Council of Victoria,18 March - 26 April 2024,http://www.faithvictoria.org.au/calendar
,MULTI_FAITH,Great Lent (Orthodox),25/03/2024,Faith Communities Council of Victoria,18 March - 26 April 2024,http://www.faithvictoria.org.au/calendar
,MULTI_FAITH,Great Lent (Orthodox),26/03/2024,Faith Communities Council of Victoria,18 March - 26 April 2024,http://www.faithvictoria.org.au/calendar
,MULTI_FAITH,Great Lent (Orthodox),27/03/2024,Faith Communities Council of Victoria,18 March - 26 April 2024,http://www.faithvictoria.org.au/calendar
,MULTI_FAITH,Great Lent (Orthodox),28/03/2024,Faith Communities Council of Victoria,18 March - 26 April 2024,http://www.faithvictoria.org.au/calendar
,MULTI_FAITH,Great Lent (Orthodox),29/03/2024,Faith Communities Council of Victoria,18 March - 26 April 2024,http://www.faithvictoria.org.au/calendar
,MULTI_FAITH,Great Lent (Orthodox),30/03/2024,Faith Communities Council of Victoria,18 March - 26 April 2024,http://www.faithvictoria.org.au/calendar
,MULTI_FAITH,Great Lent (Orthodox),31/03/2024,Faith Communities Council of Victoria,18 March - 26 April 2024,http://www.faithvictoria.org.au/calendar
,MULTI_FAITH,Great Lent (Orthodox),1/04/2024,Faith Communities Council of Victoria,18 March - 26 April 2024,http://www.faithvictoria.org.au/calendar
,MULTI_FAITH,Great Lent (Orthodox),2/04/2024,Faith Communities Council of Victoria,18 March - 26 April 2024,http://www.faithvictoria.org.au/calendar
,MULTI_FAITH,Great Lent (Orthodox),3/04/2024,Faith Communities Council of Victoria,18 March - 26 April 2024,http://www.faithvictoria.org.au/calendar
,MULTI_FAITH,Great Lent (Orthodox),4/04/2024,Faith Communities Council of Victoria,18 March - 26 April 2024,http://www.faithvictoria.org.au/calendar
,MULTI_FAITH,Great Lent (Orthodox),5/04/2024,Faith Communities Council of Victoria,18 March - 26 April 2024,http://www.faithvictoria.org.au/calendar
,MULTI_FAITH,Great Lent (Orthodox),6/04/2024,Faith Communities Council of Victoria,18 March - 26 April 2024,http://www.faithvictoria.org.au/calendar
,MULTI_FAITH,Great Lent (Orthodox),7/04/2024,Faith Communities Council of Victoria,18 March - 26 April 2024,http://www.faithvictoria.org.au/calendar
,MULTI_FAITH,Great Lent (Orthodox),8/04/2024,Faith Communities Council of Victoria,18 March - 26 April 2024,http://www.faithvictoria.org.au/calendar
,MULTI_FAITH,Great Lent (Orthodox),9/04/2024,Faith Communities Council of Victoria,18 March - 26 April 2024,http://www.faithvictoria.org.au/calendar
,MULTI_FAITH,Great Lent (Orthodox),10/04/2024,Faith Communities Council of Victoria,18 March - 26 April 2024,http://www.faithvictoria.org.au/calendar
,MULTI_FAITH,Great Lent (Orthodox),11/04/2024,Faith Communities Council of Victoria,18 March - 26 April 2024,http://www.faithvictoria.org.au/calendar
,MULTI_FAITH,Great Lent (Orthodox),12/04/2024,Faith Communities Council of Victoria,18 March - 26 April 2024,http://www.faithvictoria.org.au/calendar
,MULTI_FAITH,Great Lent (Orthodox),13/04/2024,Faith Communities Council of Victoria,18 March - 26 April 2024,http://www.faithvictoria.org.au/calendar
,MULTI_FAITH,Great Lent (Orthodox),14/04/2024,Faith Communities Council of Victoria,18 March - 26 April 2024,http://www.faithvictoria.org.au/calendar
,MULTI_FAITH,Great Lent (Orthodox),15/04/2024,Faith Communities Council of Victoria,18 March - 26 April 2024,http://www.faithvictoria.org.au/calendar
,MULTI_FAITH,Great Lent (Orthodox),16/04/2024,Faith Communities Council of Victoria,18 March - 26 April 2024,http://www.faithvictoria.org.au/calendar
,MULTI_FAITH,Great Lent (Orthodox),17/04/2024,Faith Communities Council of Victoria,18 March - 26 April 2024,http://www.faithvictoria.org.au/calendar
,MULTI_FAITH,Great Lent (Orthodox),18/04/2024,Faith Communities Council of Victoria,18 March - 26 April 2024,http://www.faithvictoria.org.au/calendar
,MULTI_FAITH,Great Lent (Orthodox),19/04/2024,Faith Communities Council of Victoria,18 March - 26 April 2024,http://www.faithvictoria.org.au/calendar
,MULTI_FAITH,Great Lent (Orthodox),20/04/2024,Faith Communities Council of Victoria,18 March - 26 April 2024,http://www.faithvictoria.org.au/calendar
,MULTI_FAITH,Great Lent (Orthodox),21/04/2024,Faith Communities Council of Victoria,18 March - 26 April 2024,http://www.faithvictoria.org.au/calendar
,MULTI_FAITH,Great Lent (Orthodox),22/04/2024,Faith Communities Council of Victoria,18 March - 26 April 2024,http://www.faithvictoria.org.au/calendar
,MULTI_FAITH,Great Lent (Orthodox),23/04/2024,Faith Communities Council of Victoria,18 March - 26 April 2024,http://www.faithvictoria.org.au/calendar
,MULTI_FAITH,Great Lent (Orthodox),24/04/2024,Faith Communities Council of Victoria,18 March - 26 April 2024,http://www.faithvictoria.org.au/calendar
,MULTI_FAITH,Great Lent (Orthodox),25/04/2024,Faith Communities Council of Victoria,18 March - 26 April 2024,http://www.faithvictoria.org.au/calendar
,MULTI_FAITH,Great Lent (Orthodox),26/04/2024,Faith Communities Council of Victoria,18 March - 26 April 2024,http://www.faithvictoria.org.au/calendar
,MULTI_FAITH,Naw Ruz,20/03/2024,Faith Communities Council of Victoria,,http://www.faithvictoria.org.au/calendar
,MULTI_FAITH,Purim,24/03/2024,Faith Communities Council of Victoria,,http://www.faithvictoria.org.au/calendar
,MULTI_FAITH,Holy Week,24/03/2024,Faith Communities Council of Victoria,24-30 March 2024,http://www.faithvictoria.org.au/calendar
,MULTI_FAITH,Holy Week,25/03/2024,Faith Communities Council of Victoria,24-30 March 2024,http://www.faithvictoria.org.au/calendar
,MULTI_FAITH,Holy Week,26/03/2024,Faith Communities Council of Victoria,24-30 March 2024,http://www.faithvictoria.org.au/calendar
,MULTI_FAITH,Holy Week,27/03/2024,Faith Communities Council of Victoria,24-30 March 2024,http://www.faithvictoria.org.au/calendar
,MULTI_FAITH,Holy Week,28/03/2024,Faith Communities Council of Victoria,24-30 March 2024,http://www.faithvictoria.org.au/calendar
,MULTI_FAITH,Holy Week,29/03/2024,Faith Communities Council of Victoria,24-30 March 2024,http://www.faithvictoria.org.au/calendar
,MULTI_FAITH,Holy Week,30/03/2024,Faith Communities Council of Victoria,24-30 March 2024,http://www.faithvictoria.org.au/calendar
,MULTI_FAITH,Annunciation,25/03/2024,Faith Communities Council of Victoria,,http://www.faithvictoria.org.au/calendar
,MULTI_FAITH,Holi,25/03/2024,Faith Communities Council of Victoria,,http://www.faithvictoria.org.au/calendar
,MULTI_FAITH,Hola Mohalla,25/03/2024,Faith Communities Council of Victoria,25-27 March 2024,http://www.faithvictoria.org.au/calendar
,MULTI_FAITH,Hola Mohalla,26/03/2024,Faith Communities Council of Victoria,25-27 March 2024,http://www.faithvictoria.org.au/calendar
,MULTI_FAITH,Hola Mohalla,27/03/2024,Faith Communities Council of Victoria,25-27 March 2024,http://www.faithvictoria.org.au/calendar
,MULTI_FAITH,Good/Holy Friday,29/03/2024,Faith Communities Council of Victoria,,http://www.faithvictoria.org.au/calendar
,MULTI_FAITH,Easter,31/03/2024,Faith Communities Council of Victoria,,http://www.faithvictoria.org.au/calendar
,MULTI_FAITH,Lailat al Qadr,6/04/2024,Faith Communities Council of Victoria,,http://www.faithvictoria.org.au/calendar
,MULTI_FAITH,Eid ul Fitr,10/04/2024,Faith Communities Council of Victoria,,http://www.faithvictoria.org.au/calendar
,MULTI_FAITH,Baisakhi,13/04/2024,Faith Communities Council of Victoria,,http://www.faithvictoria.org.au/calendar
,MULTI_FAITH,Rama Navami,17/04/2024,Faith Communities Council of Victoria,,http://www.faithvictoria.org.au/calendar
,MULTI_FAITH,Ridvan,20/04/2024,Faith Communities Council of Victoria,20 April - 1 May 2024,http://www.faithvictoria.org.au/calendar
,MULTI_FAITH,Ridvan,21/04/2024,Faith Communities Council of Victoria,20 April - 1 May 2024,http://www.faithvictoria.org.au/calendar
,MULTI_FAITH,Ridvan,22/04/2024,Faith Communities Council of Victoria,20 April - 1 May 2024,http://www.faithvictoria.org.au/calendar
,MULTI_FAITH,Ridvan,23/04/2024,Faith Communities Council of Victoria,20 April - 1 May 2024,http://www.faithvictoria.org.au/calendar
,MULTI_FAITH,Ridvan,24/04/2024,Faith Communities Council of Victoria,20 April - 1 May 2024,http://www.faithvictoria.org.au/calendar
,MULTI_FAITH,Ridvan,25/04/2024,Faith Communities Council of Victoria,20 April - 1 May 2024,http://www.faithvictoria.org.au/calendar
,MULTI_FAITH,Ridvan,26/04/2024,Faith Communities Council of Victoria,20 April - 1 May 2024,http://www.faithvictoria.org.au/calendar
,MULTI_FAITH,Ridvan,27/04/2024,Faith Communities Council of Victoria,20 April - 1 May 2024,http://www.faithvictoria.org.au/calendar
,MULTI_FAITH,Ridvan,28/04/2024,Faith Communities Council of Victoria,20 April - 1 May 2024,http://www.faithvictoria.org.au/calendar
,MULTI_FAITH,Ridvan,29/04/2024,Faith Communities Council of Victoria,20 April - 1 May 2024,http://www.faithvictoria.org.au/calendar
,MULTI_FAITH,Ridvan,30/04/2024,Faith Communities Council of Victoria,20 April - 1 May 2024,http://www.faithvictoria.org.au/calendar
,MULTI_FAITH,Ridvan,1/05/2024,Faith Communities Council of Victoria,20 April - 1 May 2024,http://www.faithvictoria.org.au/calendar
,MULTI_FAITH,Mahavir Jayanti,21/04/2024,Faith Communities Council of Victoria,,http://www.faithvictoria.org.au/calendar
,MULTI_FAITH,Pesach,23/04/2024,Faith Communities Council of Victoria,23-30 April 2024,http://www.faithvictoria.org.au/calendar
,MULTI_FAITH,Pesach,24/04/2024,Faith Communities Council of Victoria,23-30 April 2024,http://www.faithvictoria.org.au/calendar
,MULTI_FAITH,Pesach,25/04/2024,Faith Communities Council of Victoria,23-30 April 2024,http://www.faithvictoria.org.au/calendar
,MULTI_FAITH,Pesach,26/04/2024,Faith Communities Council of Victoria,23-30 April 2024,http://www.faithvictoria.org.au/calendar
,MULTI_FAITH,Pesach,27/04/2024,Faith Communities Council of Victoria,23-30 April 2024,http://www.faithvictoria.org.au/calendar
,MULTI_FAITH,Pesach,28/04/2024,Faith Communities Council of Victoria,23-30 April 2024,http://www.faithvictoria.org.au/calendar
,MULTI_FAITH,Pesach,29/04/2024,Faith Communities Council of Victoria,23-30 April 2024,http://www.faithvictoria.org.au/calendar
,MULTI_FAITH,Pesach,30/04/2024,Faith Communities Council of Victoria,23-30 April 2024,http://www.faithvictoria.org.au/calendar
,MULTI_FAITH,Theravada New Year,24/04/2024,Faith Communities Council of Victoria,24-26 April 2024,http://www.faithvictoria.org.au/calendar
,MULTI_FAITH,Theravada New Year,25/04/2024,Faith Communities Council of Victoria,24-26 April 2024,http://www.faithvictoria.org.au/calendar
,MULTI_FAITH,Theravada New Year,26/04/2024,Faith Communities Council of Victoria,24-26 April 2024,http://www.faithvictoria.org.au/calendar
,MULTI_FAITH,Good/Holy Friday (Orthodox),3/05/2024,Faith Communities Council of Victoria,,http://www.faithvictoria.org.au/calendar
,MULTI_FAITH,Easter/Pascha (Orthodox),5/05/2024,Faith Communities Council of Victoria,,http://www.faithvictoria.org.au/calendar
,MULTI_FAITH,Yom HaShoah,6/05/2024,Faith Communities Council of Victoria,,http://www.faithvictoria.org.au/calendar
,MULTI_FAITH,Pentecost,19/05/2024,Faith Communities Council of Victoria,,http://www.faithvictoria.org.au/calendar
,MULTI_FAITH,Vesak / Buddha Day,23/05/2024,Faith Communities Council of Victoria,,http://www.faithvictoria.org.au/calendar
,MULTI_FAITH,Saga Dawa Duchen,23/05/2024,Faith Communities Council of Victoria,,http://www.faithvictoria.org.au/calendar
,MULTI_FAITH,Declaration of the Bab,23/05/2024,Faith Communities Council of Victoria,,http://www.faithvictoria.org.au/calendar
,MULTI_FAITH,Ascension of Baha'ullah,28/05/2024,Faith Communities Council of Victoria,,http://www.faithvictoria.org.au/calendar
,MULTI_FAITH,Shavuot,12/06/2024,Faith Communities Council of Victoria,12-13 June 2024,http://www.faithvictoria.org.au/calendar
,MULTI_FAITH,Shavuot,13/06/2024,Faith Communities Council of Victoria,12-13 June 2024,http://www.faithvictoria.org.au/calendar
,MULTI_FAITH,Martyrdom of Guru Arjun Dev Ji,16/06/2024,Faith Communities Council of Victoria,,http://www.faithvictoria.org.au/calendar
,MULTI_FAITH,Eid Al Adha,17/06/2024,Faith Communities Council of Victoria,17-20 June 2024,http://www.faithvictoria.org.au/calendar
,MULTI_FAITH,Eid Al Adha,18/06/2024,Faith Communities Council of Victoria,17-20 June 2024,http://www.faithvictoria.org.au/calendar
,MULTI_FAITH,Eid Al Adha,19/06/2024,Faith Communities Council of Victoria,17-20 June 2024,http://www.faithvictoria.org.au/calendar
,MULTI_FAITH,Eid Al Adha,20/06/2024,Faith Communities Council of Victoria,17-20 June 2024,http://www.faithvictoria.org.au/calendar
,MULTI_FAITH,Hijra,7/07/2024,Faith Communities Council of Victoria,,http://www.faithvictoria.org.au/calendar
,MULTI_FAITH,Martyrdom of the Bab,9/07/2024,Faith Communities Council of Victoria,,http://www.faithvictoria.org.au/calendar
,MULTI_FAITH,Ashura,17/07/2024,Faith Communities Council of Victoria,,http://www.faithvictoria.org.au/calendar
,MULTI_FAITH,Asalha Puja,21/07/2024,Faith Communities Council of Victoria,,http://www.faithvictoria.org.au/calendar
,MULTI_FAITH,Tisha B'Av,13/08/2024,Faith Communities Council of Victoria,,http://www.faithvictoria.org.au/calendar
,MULTI_FAITH,Assumption of the Blessed Virgin Mary,15/08/2024,Faith Communities Council of Victoria,,http://www.faithvictoria.org.au/calendar
,MULTI_FAITH,Ullambana,18/08/2024,Faith Communities Council of Victoria,,http://www.faithvictoria.org.au/calendar
,MULTI_FAITH,Raksha Bandhan,19/08/2024,Faith Communities Council of Victoria,,http://www.faithvictoria.org.au/calendar
,MULTI_FAITH,Krishna Janmashtami,26/08/2024,Faith Communities Council of Victoria,,http://www.faithvictoria.org.au/calendar
,MULTI_FAITH,Paryushana,31/08/2024,Faith Communities Council of Victoria,31 August-7 September 2024,http://www.faithvictoria.org.au/calendar
,MULTI_FAITH,Paryushana,1/09/2024,Faith Communities Council of Victoria,31 August-7 September 2024,http://www.faithvictoria.org.au/calendar
,MULTI_FAITH,Paryushana,2/09/2024,Faith Communities Council of Victoria,31 August-7 September 2024,http://www.faithvictoria.org.au/calendar
,MULTI_FAITH,Paryushana,3/09/2024,Faith Communities Council of Victoria,31 August-7 September 2024,http://www.faithvictoria.org.au/calendar
,MULTI_FAITH,Paryushana,4/09/2024,Faith Communities Council of Victoria,31 August-7 September 2024,http://www.faithvictoria.org.au/calendar
,MULTI_FAITH,Paryushana,5/09/2024,Faith Communities Council of Victoria,31 August-7 September 2024,http://www.faithvictoria.org.au/calendar
,MULTI_FAITH,Paryushana,6/09/2024,Faith Communities Council of Victoria,31 August-7 September 2024,http://www.faithvictoria.org.au/calendar
,MULTI_FAITH,Paryushana,7/09/2024,Faith Communities Council of Victoria,31 August-7 September 2024,http://www.faithvictoria.org.au/calendar
,MULTI_FAITH,Ganesh Chaturthi,7/09/2024,Faith Communities Council of Victoria,,http://www.faithvictoria.org.au/calendar
,MULTI_FAITH,Samvatsari,7/09/2024,Faith Communities Council of Victoria,,http://www.faithvictoria.org.au/calendar
,MULTI_FAITH,Daslakshana,8/09/2024,Faith Communities Council of Victoria,8-17 September 2024,http://www.faithvictoria.org.au/calendar
,MULTI_FAITH,Daslakshana,9/09/2024,Faith Communities Council of Victoria,8-17 September 2024,http://www.faithvictoria.org.au/calendar
,MULTI_FAITH,Daslakshana,10/09/2024,Faith Communities Council of Victoria,8-17 September 2024,http://www.faithvictoria.org.au/calendar
,MULTI_FAITH,Daslakshana,11/09/2024,Faith Communities Council of Victoria,8-17 September 2024,http://www.faithvictoria.org.au/calendar
,MULTI_FAITH,Daslakshana,12/09/2024,Faith Communities Council of Victoria,8-17 September 2024,http://www.faithvictoria.org.au/calendar
,MULTI_FAITH,Daslakshana,13/09/2024,Faith Communities Council of Victoria,8-17 September 2024,http://www.faithvictoria.org.au/calendar
,MULTI_FAITH,Daslakshana,14/09/2024,Faith Communities Council of Victoria,8-17 September 2024,http://www.faithvictoria.org.au/calendar
,MULTI_FAITH,Daslakshana,15/09/2024,Faith Communities Council of Victoria,8-17 September 2024,http://www.faithvictoria.org.au/calendar
,MULTI_FAITH,Daslakshana,16/09/2024,Faith Communities Council of Victoria,8-17 September 2024,http://www.faithvictoria.org.au/calendar
,MULTI_FAITH,Daslakshana,17/09/2024,Faith Communities Council of Victoria,8-17 September 2024,http://www.faithvictoria.org.au/calendar
,MULTI_FAITH,Kshamavani,18/09/2024,Faith Communities Council of Victoria,,http://www.faithvictoria.org.au/calendar
,MULTI_FAITH,Rosh Hashanah,3/10/2024,Faith Communities Council of Victoria,3-4 October 2024,http://www.faithvictoria.org.au/calendar
,MULTI_FAITH,Rosh Hashanah,4/10/2024,Faith Communities Council of Victoria,3-4 October 2024,http://www.faithvictoria.org.au/calendar
,MULTI_FAITH,Navaratri,3/09/2024,Faith Communities Council of Victoria,3-12 October 2024,http://www.faithvictoria.org.au/calendar
,MULTI_FAITH,Navaratri,4/09/2024,Faith Communities Council of Victoria,3-12 October 2024,http://www.faithvictoria.org.au/calendar
,MULTI_FAITH,Navaratri,5/09/2024,Faith Communities Council of Victoria,3-12 October 2024,http://www.faithvictoria.org.au/calendar
,MULTI_FAITH,Navaratri,6/09/2024,Faith Communities Council of Victoria,3-12 October 2024,http://www.faithvictoria.org.au/calendar
,MULTI_FAITH,Navaratri,7/09/2024,Faith Communities Council of Victoria,3-12 October 2024,http://www.faithvictoria.org.au/calendar
,MULTI_FAITH,Navaratri,8/09/2024,Faith Communities Council of Victoria,3-12 October 2024,http://www.faithvictoria.org.au/calendar
,MULTI_FAITH,Navaratri,9/09/2024,Faith Communities Council of Victoria,3-12 October 2024,http://www.faithvictoria.org.au/calendar
,MULTI_FAITH,Navaratri,10/09/2024,Faith Communities Council of Victoria,3-12 October 2024,http://www.faithvictoria.org.au/calendar
,MULTI_FAITH,Navaratri,11/09/2024,Faith Communities Council of Victoria,3-12 October 2024,http://www.faithvictoria.org.au/calendar
,MULTI_FAITH,Navaratri,12/09/2024,Faith Communities Council of Victoria,3-12 October 2024,http://www.faithvictoria.org.au/calendar
,MULTI_FAITH,Yom Kippur,12/10/2024,Faith Communities Council of Victoria,,http://www.faithvictoria.org.au/calendar
,MULTI_FAITH,Dussehra,12/10/2024,Faith Communities Council of Victoria,,http://www.faithvictoria.org.au/calendar
,MULTI_FAITH,Sukkot,17/10/2024,Faith Communities Council of Victoria,17-23 October 2024,http://www.faithvictoria.org.au/calendar
,MULTI_FAITH,Sukkot,18/10/2024,Faith Communities Council of Victoria,17-23 October 2024,http://www.faithvictoria.org.au/calendar
,MULTI_FAITH,Sukkot,19/10/2024,Faith Communities Council of Victoria,17-23 October 2024,http://www.faithvictoria.org.au/calendar
,MULTI_FAITH,Sukkot,20/10/2024,Faith Communities Council of Victoria,17-23 October 2024,http://www.faithvictoria.org.au/calendar
,MULTI_FAITH,Sukkot,21/10/2024,Faith Communities Council of Victoria,17-23 October 2024,http://www.faithvictoria.org.au/calendar
,MULTI_FAITH,Sukkot,22/10/2024,Faith Communities Council of Victoria,17-23 October 2024,http://www.faithvictoria.org.au/calendar
,MULTI_FAITH,Sukkot,23/10/2024,Faith Communities Council of Victoria,17-23 October 2024,http://www.faithvictoria.org.au/calendar
,MULTI_FAITH,Kathina,17/10/2024,Faith Communities Council of Victoria,,http://www.faithvictoria.org.au/calendar
,MULTI_FAITH,Conferment of Guruship to Guru Granth Sahib,20/10/2024,Faith Communities Council of Victoria,,http://www.faithvictoria.org.au/calendar
,MULTI_FAITH,Shemini Atzeret,24/10/2024,Faith Communities Council of Victoria,,http://www.faithvictoria.org.au/calendar
,MULTI_FAITH,Simchat Torah,25/10/2024,Faith Communities Council of Victoria,,http://www.faithvictoria.org.au/calendar
,MULTI_FAITH,All Saints Day,1/11/2024,Faith Communities Council of Victoria,,http://www.faithvictoria.org.au/calendar
,MULTI_FAITH,Bandi Chhor Divas (Diwali),1/11/2024,Faith Communities Council of Victoria,,http://www.faithvictoria.org.au/calendar
,MULTI_FAITH,Diwali,1/11/2024,Faith Communities Council of Victoria,,http://www.faithvictoria.org.au/calendar
,MULTI_FAITH,Mahavira Nirvana (Diwali),1/11/2024,Faith Communities Council of Victoria,,http://www.faithvictoria.org.au/calendar
,MULTI_FAITH,Birth of the Bab,2/11/2024,Faith Communities Council of Victoria,,http://www.faithvictoria.org.au/calendar
,MULTI_FAITH,Birth of Baha'ullah,3/11/2024,Faith Communities Council of Victoria,,http://www.faithvictoria.org.au/calendar
,MULTI_FAITH,Birth of Guru Nanak Dev Sahib Ji,15/11/2024,Faith Communities Council of Victoria,,http://www.faithvictoria.org.au/calendar
,MULTI_FAITH,Martyrdom of Guru Tegh Bahadur Ji,24/11/2024,Faith Communities Council of Victoria,,http://www.faithvictoria.org.au/calendar
,MULTI_FAITH,Day of the Covenant,25/11/2024,Faith Communities Council of Victoria,,http://www.faithvictoria.org.au/calendar
,MULTI_FAITH,Ascension of Abdu'l-Baha,27/11/2024,Faith Communities Council of Victoria,,http://www.faithvictoria.org.au/calendar
,MULTI_FAITH,Advent,1/12/2024,Faith Communities Council of Victoria,1-24 December 2024,http://www.faithvictoria.org.au/calendar
,MULTI_FAITH,Advent,2/12/2024,Faith Communities Council of Victoria,1-24 December 2024,http://www.faithvictoria.org.au/calendar
,MULTI_FAITH,Advent,3/12/2024,Faith Communities Council of Victoria,1-24 December 2024,http://www.faithvictoria.org.au/calendar
,MULTI_FAITH,Advent,4/12/2024,Faith Communities Council of Victoria,1-24 December 2024,http://www.faithvictoria.org.au/calendar
,MULTI_FAITH,Advent,5/12/2024,Faith Communities Council of Victoria,1-24 December 2024,http://www.faithvictoria.org.au/calendar
,MULTI_FAITH,Advent,6/12/2024,Faith Communities Council of Victoria,1-24 December 2024,http://www.faithvictoria.org.au/calendar
,MULTI_FAITH,Advent,7/12/2024,Faith Communities Council of Victoria,1-24 December 2024,http://www.faithvictoria.org.au/calendar
,MULTI_FAITH,Advent,8/12/2024,Faith Communities Council of Victoria,1-24 December 2024,http://www.faithvictoria.org.au/calendar
,MULTI_FAITH,Advent,9/12/2024,Faith Communities Council of Victoria,1-24 December 2024,http://www.faithvictoria.org.au/calendar
,MULTI_FAITH,Advent,10/12/2024,Faith Communities Council of Victoria,1-24 December 2024,http://www.faithvictoria.org.au/calendar
,MULTI_FAITH,Advent,11/12/2024,Faith Communities Council of Victoria,1-24 December 2024,http://www.faithvictoria.org.au/calendar
,MULTI_FAITH,Advent,12/12/2024,Faith Communities Council of Victoria,1-24 December 2024,http://www.faithvictoria.org.au/calendar
,MULTI_FAITH,Advent,13/12/2024,Faith Communities Council of Victoria,1-24 December 2024,http://www.faithvictoria.org.au/calendar
,MULTI_FAITH,Advent,14/12/2024,Faith Communities Council of Victoria,1-24 December 2024,http://www.faithvictoria.org.au/calendar
,MULTI_FAITH,Advent,15/12/2024,Faith Communities Council of Victoria,1-24 December 2024,http://www.faithvictoria.org.au/calendar
,MULTI_FAITH,Advent,16/12/2024,Faith Communities Council of Victoria,1-24 December 2024,http://www.faithvictoria.org.au/calendar
,MULTI_FAITH,Advent,17/12/2024,Faith Communities Council of Victoria,1-24 December 2024,http://www.faithvictoria.org.au/calendar
,MULTI_FAITH,Advent,18/12/2024,Faith Communities Council of Victoria,1-24 December 2024,http://www.faithvictoria.org.au/calendar
,MULTI_FAITH,Advent,19/12/2024,Faith Communities Council of Victoria,1-24 December 2024,http://www.faithvictoria.org.au/calendar
,MULTI_FAITH,Advent,20/12/2024,Faith Communities Council of Victoria,1-24 December 2024,http://www.faithvictoria.org.au/calendar
,MULTI_FAITH,Advent,21/12/2024,Faith Communities Council of Victoria,1-24 December 2024,http://www.faithvictoria.org.au/calendar
,MULTI_FAITH,Advent,22/12/2024,Faith Communities Council of Victoria,1-24 December 2024,http://www.faithvictoria.org.au/calendar
,MULTI_FAITH,Advent,23/12/2024,Faith Communities Council of Victoria,1-24 December 2024,http://www.faithvictoria.org.au/calendar
,MULTI_FAITH,Advent,24/12/2024,Faith Communities Council of Victoria,1-24 December 2024,http://www.faithvictoria.org.au/calendar
,MULTI_FAITH,Bodhi Day,8/12/2024,Faith Communities Council of Victoria,,http://www.faithvictoria.org.au/calendar
,MULTI_FAITH,Christmas,25/12/2024,Faith Communities Council of Victoria,,http://www.faithvictoria.org.au/calendar
,MULTI_FAITH,Hanukkah,26/12/2024,Faith Communities Council of Victoria,26 December 2024 - 2 January 2025,http://www.faithvictoria.org.au/calendar
,MULTI_FAITH,Hanukkah,27/12/2024,Faith Communities Council of Victoria,26 December 2024 - 2 January 2025,http://www.faithvictoria.org.au/calendar
,MULTI_FAITH,Hanukkah,28/12/2024,Faith Communities Council of Victoria,26 December 2024 - 2 January 2025,http://www.faithvictoria.org.au/calendar
,MULTI_FAITH,Hanukkah,29/12/2024,Faith Communities Council of Victoria,26 December 2024 - 2 January 2025,http://www.faithvictoria.org.au/calendar
,MULTI_FAITH,Hanukkah,30/12/2024,Faith Communities Council of Victoria,26 December 2024 - 2 January 2025,http://www.faithvictoria.org.au/calendar
,MULTI_FAITH,Hanukkah,31/12/2024,Faith Communities Council of Victoria,26 December 2024 - 2 January 2025,http://www.faithvictoria.org.au/calendar
,MULTI_FAITH,Hanukkah,1/01/2025,Faith Communities Council of Victoria,26 December 2024 - 2 January 2025,http://www.faithvictoria.org.au/calendar
,MULTI_FAITH,Hanukkah,2/01/2025,Faith Communities Council of Victoria,26 December 2024 - 2 January 2025,http://www.faithvictoria.org.au/calendar
,DAYLIGHT_SAVING,Daylight Savings Starts,1/10/2023,Business Victoria,Daylight Saving Time begins at 2am on the first Sunday in October when clocks are put forward one hour,https://business.vic.gov.au/business-information/daylight-saving
,DAYLIGHT_SAVING,Daylight Savings Ends,7/04/2024,Business Victoria,Daylight Saving Time ends at 2am (3am Daylight Saving Time) on the first Sunday in April when clocks are put back one hour,https://business.vic.gov.au/business-information/daylight-saving
,DAYLIGHT_SAVING,Daylight Savings Starts,6/10/2024,Business Victoria,Daylight Saving Time begins at 2am on the first Sunday in October when clocks are put forward one hour,https://business.vic.gov.au/business-information/daylight-saving
,DAYLIGHT_SAVING,Daylight Savings Ends,6/04/2025,Business Victoria,Daylight Saving Time ends at 2am (3am Daylight Saving Time) on the first Sunday in April when clocks are put back one hour,https://business.vic.gov.au/business-information/daylight-saving
,SCHOOL_TERM,Term 1 2026 - Start date - students start 28 January in government schools,27/01/2026,Department of Education,,https://www.vic.gov.au/school-term-dates-and-holidays-victoria
,SCHOOL_TERM,Term 2 2026 - Start date,20/04/2026,Department of Education,,https://www.vic.gov.au/school-term-dates-and-holidays-victoria
,SCHOOL_TERM,Term 3 2026 - Start date,13/07/2026,Department of Education,,https://www.vic.gov.au/school-term-dates-and-holidays-victoria
,SCHOOL_TERM,Term 4 2026 - Start date,5/10/2026,Department of Education,,https://www.vic.gov.au/school-term-dates-and-holidays-victoria
,SCHOOL_TERM,Term 1 2026 - End date,2/04/2026,Department of Education,,https://www.vic.gov.au/school-term-dates-and-holidays-victoria
,SCHOOL_TERM,Term 2 2026 - End date,26/06/2026,Department of Education,,https://www.vic.gov.au/school-term-dates-and-holidays-victoria
,SCHOOL_TERM,Term 3 2026 - End date,18/09/2026,Department of Education,,https://www.vic.gov.au/school-term-dates-and-holidays-victoria
,SCHOOL_TERM,Term 4 2026 - End date,18/12/2026,Department of Education,,https://www.vic.gov.au/school-term-dates-and-holidays-victoria
,SCHOOL_TERM,Term 1 2027 - Start date - students start 28 January in government schools,27/01/2027,Department of Education,,https://www.vic.gov.au/school-term-dates-and-holidays-victoria
,SCHOOL_TERM,Term 2 2027 - Start date,12/04/2027,Department of Education,,https://www.vic.gov.au/school-term-dates-and-holidays-victoria
,SCHOOL_TERM,Term 3 2027 - Start date,12/07/2027,Department of Education,,https://www.vic.gov.au/school-term-dates-and-holidays-victoria
,SCHOOL_TERM,Term 4 2027 - Start date,4/10/2027,Department of Education,,https://www.vic.gov.au/school-term-dates-and-holidays-victoria
,SCHOOL_TERM,Term 1 2027 - End date,25/03/2027,Department of Education,,https://www.vic.gov.au/school-term-dates-and-holidays-victoria
,SCHOOL_TERM,Term 2 2027 - End date,25/06/2027,Department of Education,,https://www.vic.gov.au/school-term-dates-and-holidays-victoria
,SCHOOL_TERM,Term 3 2027 - End date,17/09/2027,Department of Education,,https://www.vic.gov.au/school-term-dates-and-holidays-victoria
,SCHOOL_TERM,Term 4 2027 - End date,17/12/2027,Department of Education,,https://www.vic.gov.au/school-term-dates-and-holidays-victoria
,SCHOOL_TERM,Term 1 2028 - Start date - students start 28 January in government schools,27/01/2028,Department of Education,,https://www.vic.gov.au/school-term-dates-and-holidays-victoria
,SCHOOL_TERM,Term 2 2028 - Start date,18/04/2028,Department of Education,,https://www.vic.gov.au/school-term-dates-and-holidays-victoria
,SCHOOL_TERM,Term 3 2028 - Start date,17/07/2028,Department of Education,,https://www.vic.gov.au/school-term-dates-and-holidays-victoria
,SCHOOL_TERM,Term 4 2028 - Start date,9/10/2028,Department of Education,,https://www.vic.gov.au/school-term-dates-and-holidays-victoria
,SCHOOL_TERM,Term 1 2028 - End date,31/03/2028,Department of Education,,https://www.vic.gov.au/school-term-dates-and-holidays-victoria
,SCHOOL_TERM,Term 2 2028 - End date,30/06/2028,Department of Education,,https://www.vic.gov.au/school-term-dates-and-holidays-victoria
,SCHOOL_TERM,Term 3 2028 - End date,22/09/2028,Department of Education,,https://www.vic.gov.au/school-term-dates-and-holidays-victoria
,SCHOOL_TERM,Term 4 2028 - End date,21/12/2028,Department of Education,,https://www.vic.gov.au/school-term-dates-and-holidays-victoria
,SCHOOL_TERM,Term 1 2029 - Start date - students start 30 January in government schools,29/01/2029,Department of Education,,https://www.vic.gov.au/school-term-dates-and-holidays-victoria
,SCHOOL_TERM,Term 2 2029 - Start date,16/04/2029,Department of Education,,https://www.vic.gov.au/school-term-dates-and-holidays-victoria
,SCHOOL_TERM,Term 3 2029 - Start date,16/07/2029,Department of Education,,https://www.vic.gov.au/school-term-dates-and-holidays-victoria
,SCHOOL_TERM,Term 4 2029 - Start date,8/10/2029,Department of Education,,https://www.vic.gov.au/school-term-dates-and-holidays-victoria
,SCHOOL_TERM,Term 1 2029 - End date,29/03/2029,Department of Education,,https://www.vic.gov.au/school-term-dates-and-holidays-victoria
,SCHOOL_TERM,Term 2 2029 - End date,29/06/2029,Department of Education,,https://www.vic.gov.au/school-term-dates-and-holidays-victoria
,SCHOOL_TERM,Term 3 2029 - End date,21/09/2029,Department of Education,,https://www.vic.gov.au/school-term-dates-and-holidays-victoria
,SCHOOL_TERM,Term 4 2029 - End date,21/12/2029,Department of Education,,https://www.vic.gov.au/school-term-dates-and-holidays-victoria
,SCHOOL_TERM,Term 1 2030 - Start date - students start 30 January in government schools,29/01/2030,Department of Education,,https://www.vic.gov.au/school-term-dates-and-holidays-victoria
,SCHOOL_TERM,Term 2 2030 - Start date,23/04/2030,Department of Education,,https://www.vic.gov.au/school-term-dates-and-holidays-victoria
,SCHOOL_TERM,Term 3 2030 - Start date,15/07/2030,Department of Education,,https://www.vic.gov.au/school-term-dates-and-holidays-victoria
,SCHOOL_TERM,Term 4 2030 - Start date,7/10/2030,Department of Education,,https://www.vic.gov.au/school-term-dates-and-holidays-victoria
,SCHOOL_TERM,Term 1 2030 - End date,5/04/2030,Department of Education,,https://www.vic.gov.au/school-term-dates-and-holidays-victoria
,SCHOOL_TERM,Term 2 2030 - End date,28/06/2030,Department of Education,,https://www.vic.gov.au/school-term-dates-and-holidays-victoria
,SCHOOL_TERM,Term 3 2030 - End date,20/09/2030,Department of Education,,https://www.vic.gov.au/school-term-dates-and-holidays-victoria
,SCHOOL_TERM,Term 4 2030 - End date,20/12/2030,Department of Education,,https://www.vic.gov.au/school-term-dates-and-holidays-victoria
,PARLIAMENT_SITTING,Both Houses sitting,4/02/2025,Parliament of Victoria,,https://parliament.vic.gov.au/parliamentary-activity/
,PARLIAMENT_SITTING,Both Houses sitting,5/02/2025,Parliament of Victoria,,https://parliament.vic.gov.au/parliamentary-activity/
,PARLIAMENT_SITTING,Both Houses sitting,6/02/2025,Parliament of Victoria,,https://parliament.vic.gov.au/parliamentary-activity/
,PARLIAMENT_SITTING,Both Houses sitting,18/02/2025,Parliament of Victoria,,https://parliament.vic.gov.au/parliamentary-activity/
,PARLIAMENT_SITTING,Both Houses sitting,19/02/2025,Parliament of Victoria,,https://parliament.vic.gov.au/parliamentary-activity/
,PARLIAMENT_SITTING,Both Houses sitting,20/02/2025,Parliament of Victoria,,https://parliament.vic.gov.au/parliamentary-activity/
,PARLIAMENT_SITTING,Both Houses sitting,4/03/2025,Parliament of Victoria,,https://parliament.vic.gov.au/parliamentary-activity/
,PARLIAMENT_SITTING,Both Houses sitting,5/03/2025,Parliament of Victoria,,https://parliament.vic.gov.au/parliamentary-activity/
,PARLIAMENT_SITTING,Both Houses sitting,6/03/2025,Parliament of Victoria,,https://parliament.vic.gov.au/parliamentary-activity/
,PARLIAMENT_SITTING,Both Houses sitting,18/03/2025,Parliament of Victoria,,https://parliament.vic.gov.au/parliamentary-activity/
,PARLIAMENT_SITTING,Both Houses sitting,19/03/2025,Parliament of Victoria,,https://parliament.vic.gov.au/parliamentary-activity/
,PARLIAMENT_SITTING,Both Houses sitting,20/03/2025,Parliament of Victoria,,https://parliament.vic.gov.au/parliamentary-activity/
,PARLIAMENT_SITTING,Both Houses sitting,1/04/2025,Parliament of Victoria,,https://parliament.vic.gov.au/parliamentary-activity/
,PARLIAMENT_SITTING,Both Houses sitting,2/04/2025,Parliament of Victoria,,https://parliament.vic.gov.au/parliamentary-activity/
,PARLIAMENT_SITTING,Both Houses sitting,3/04/2025,Parliament of Victoria,,https://parliament.vic.gov.au/parliamentary-activity/
,PARLIAMENT_SITTING,Both Houses sitting,13/05/2025,Parliament of Victoria,,https://parliament.vic.gov.au/parliamentary-activity/
,PARLIAMENT_SITTING,Both Houses sitting,14/05/2025,Parliament of Victoria,,https://parliament.vic.gov.au/parliamentary-activity/
,PARLIAMENT_SITTING,Both Houses sitting,15/05/2025,Parliament of Victoria,,https://parliament.vic.gov.au/parliamentary-activity/
,PARLIAMENT_SITTING,Assembly only,20/05/2025,Parliament of Victoria,,https://parliament.vic.gov.au/parliamentary-activity/
,PARLIAMENT_SITTING,Both Houses sitting,27/05/2025,Parliament of Victoria,,https://parliament.vic.gov.au/parliamentary-activity/
,PARLIAMENT_SITTING,Both Houses sitting,28/05/2025,Parliament of Victoria,,https://parliament.vic.gov.au/parliamentary-activity/
,PARLIAMENT_SITTING,Council only sitting,29/05/2025,Parliament of Victoria,,https://parliament.vic.gov.au/parliamentary-activity/
,PARLIAMENT_SITTING,Both Houses sitting,17/06/2025,Parliament of Victoria,,https://parliament.vic.gov.au/parliamentary-activity/
,PARLIAMENT_SITTING,Both Houses sitting,18/06/2025,Parliament of Victoria,,https://parliament.vic.gov.au/parliamentary-activity/
,PARLIAMENT_SITTING,Both Houses sitting,19/06/2025,Parliament of Victoria,,https://parliament.vic.gov.au/parliamentary-activity/
,PARLIAMENT_SITTING,Both Houses sitting,29/07/2025,Parliament of Victoria,,https://parliament.vic.gov.au/parliamentary-activity/
,PARLIAMENT_SITTING,Both Houses sitting,30/07/2025,Parliament of Victoria,,https://parliament.vic.gov.au/parliamentary-activity/
,PARLIAMENT_SITTING,Both Houses sitting,31/07/2025,Parliament of Victoria,,https://parliament.vic.gov.au/parliamentary-activity/
,PARLIAMENT_SITTING,Both Houses sitting,12/08/2025,Parliament of Victoria,,https://parliament.vic.gov.au/parliamentary-activity/
,PARLIAMENT_SITTING,Both Houses sitting,13/08/2025,Parliament of Victoria,,https://parliament.vic.gov.au/parliamentary-activity/
,PARLIAMENT_SITTING,Both Houses sitting,14/08/2025,Parliament of Victoria,,https://parliament.vic.gov.au/parliamentary-activity/
,PARLIAMENT_SITTING,Both Houses sitting,26/08/2025,Parliament of Victoria,,https://parliament.vic.gov.au/parliamentary-activity/
,PARLIAMENT_SITTING,Both Houses sitting,27/08/2025,Parliament of Victoria,,https://parliament.vic.gov.au/parliamentary-activity/
,PARLIAMENT_SITTING,Both Houses sitting,28/08/2025,Parliament of Victoria,,https://parliament.vic.gov.au/parliamentary-activity/
,PARLIAMENT_SITTING,Both Houses sitting,9/09/2025,Parliament of Victoria,,https://parliament.vic.gov.au/parliamentary-activity/
,PARLIAMENT_SITTING,Both Houses sitting,10/09/2025,Parliament of Victoria,,https://parliament.vic.gov.au/parliamentary-activity/
,PARLIAMENT_SITTING,Both Houses sitting,11/09/2025,Parliament of Victoria,,https://parliament.vic.gov.au/parliamentary-activity/
,PARLIAMENT_SITTING,Both Houses sitting,14/10/2025,Parliament of Victoria,,https://parliament.vic.gov.au/parliamentary-activity/
,PARLIAMENT_SITTING,Both Houses sitting,15/10/2025,Parliament of Victoria,,https://parliament.vic.gov.au/parliamentary-activity/
,PARLIAMENT_SITTING,Both Houses sitting,16/10/2025,Parliament of Victoria,,https://parliament.vic.gov.au/parliamentary-activity/
,PARLIAMENT_SITTING,Both Houses sitting,28/10/2025,Parliament of Victoria,,https://parliament.vic.gov.au/parliamentary-activity/
,PARLIAMENT_SITTING,Both Houses sitting,29/10/2025,Parliament of Victoria,,https://parliament.vic.gov.au/parliamentary-activity/
,PARLIAMENT_SITTING,Both Houses sitting,30/10/2025,Parliament of Victoria,,https://parliament.vic.gov.au/parliamentary-activity/
,PARLIAMENT_SITTING,Both Houses sitting,18/11/2025,Parliament of Victoria,,https://parliament.vic.gov.au/parliamentary-activity/
,PARLIAMENT_SITTING,Both Houses sitting,19/11/2025,Parliament of Victoria,,https://parliament.vic.gov.au/parliamentary-activity/
,PARLIAMENT_SITTING,Both Houses sitting,20/11/2025,Parliament of Victoria,,https://parliament.vic.gov.au/parliamentary-activity/
,PARLIAMENT_SITTING,Both Houses sitting,2/12/2025,Parliament of Victoria,,https://parliament.vic.gov.au/parliamentary-activity/
,PARLIAMENT_SITTING,Both Houses sitting,3/12/2025,Parliament of Victoria,,https://parliament.vic.gov.au/parliamentary-activity/
,PARLIAMENT_SITTING,Both Houses sitting,4/12/2025,Parliament of Victoria,,https://parliament.vic.gov.au/parliamentary-activity/
,MULTI_FAITH,Epiphany,6/01/2025,Faith Communities Council of Victoria,,http://www.faithvictoria.org.au/calendar
,MULTI_FAITH,Birthday of Guru Gobind Singh Ji,6/01/2025,Faith Communities Council of Victoria,,http://www.faithvictoria.org.au/calendar
,MULTI_FAITH,Nativity (Orthodox),7/01/2025,Faith Communities Council of Victoria,,http://www.faithvictoria.org.au/calendar
,MULTI_FAITH,Maghi,13/01/2025,Faith Communities Council of Victoria,,http://www.faithvictoria.org.au/calendar
,MULTI_FAITH,Mahayana New Year,14/01/2025,Faith Communities Council of Victoria,,http://www.faithvictoria.org.au/calendar
,MULTI_FAITH,Pongal,14/01/2025,Faith Communities Council of Victoria,14-17 January 2025,http://www.faithvictoria.org.au/calendar
,MULTI_FAITH,Pongal,15/01/2025,Faith Communities Council of Victoria,14-17 January 2025,http://www.faithvictoria.org.au/calendar
,MULTI_FAITH,Pongal,16/01/2025,Faith Communities Council of Victoria,14-17 January 2025,http://www.faithvictoria.org.au/calendar
,MULTI_FAITH,Pongal,17/01/2025,Faith Communities Council of Victoria,14-17 January 2025,http://www.faithvictoria.org.au/calendar
,MULTI_FAITH,Feast of Epiphany (Orthdox),19/01/2025,Faith Communities Council of Victoria,,http://www.faithvictoria.org.au/calendar
,MULTI_FAITH,Lailat at Miraj,27/01/2025,Faith Communities Council of Victoria,,http://www.faithvictoria.org.au/calendar
,MULTI_FAITH,Lunar New Year,29/01/2025,Faith Communities Council of Victoria,,http://www.faithvictoria.org.au/calendar
,MULTI_FAITH,Magha Puja Day,13/02/2025,Faith Communities Council of Victoria,,http://www.faithvictoria.org.au/calendar
,MULTI_FAITH,Lailat al Bara'ah,14/02/2025,Faith Communities Council of Victoria,,http://www.faithvictoria.org.au/calendar
,MULTI_FAITH,Nirvana Day,15/02/2025,Faith Communities Council of Victoria,,http://www.faithvictoria.org.au/calendar
,MULTI_FAITH,MahaShivaratri,26/02/2025,Faith Communities Council of Victoria,,http://www.faithvictoria.org.au/calendar
,MULTI_FAITH,Losar/Tibetan New Year,28/02/2025,Faith Communities Council of Victoria,,http://www.faithvictoria.org.au/calendar
,MULTI_FAITH,Ramadan,1/03/2025,Faith Communities Council of Victoria,1-30 March 2025,http://www.faithvictoria.org.au/calendar
,MULTI_FAITH,Ramadan,2/03/2025,Faith Communities Council of Victoria,1-30 March 2025,http://www.faithvictoria.org.au/calendar
,MULTI_FAITH,Ramadan,3/03/2025,Faith Communities Council of Victoria,1-30 March 2025,http://www.faithvictoria.org.au/calendar
,MULTI_FAITH,Ramadan,4/03/2025,Faith Communities Council of Victoria,1-30 March 2025,http://www.faithvictoria.org.au/calendar
,MULTI_FAITH,Ramadan,5/03/2025,Faith Communities Council of Victoria,1-30 March 2025,http://www.faithvictoria.org.au/calendar
,MULTI_FAITH,Ramadan,6/03/2025,Faith Communities Council of Victoria,1-30 March 2025,http://www.faithvictoria.org.au/calendar
,MULTI_FAITH,Ramadan,7/03/2025,Faith Communities Council of Victoria,1-30 March 2025,http://www.faithvictoria.org.au/calendar
,MULTI_FAITH,Ramadan,8/03/2025,Faith Communities Council of Victoria,1-30 March 2025,http://www.faithvictoria.org.au/calendar
,MULTI_FAITH,Ramadan,9/03/2025,Faith Communities Council of Victoria,1-30 March 2025,http://www.faithvictoria.org.au/calendar
,MULTI_FAITH,Ramadan,10/03/2025,Faith Communities Council of Victoria,1-30 March 2025,http://www.faithvictoria.org.au/calendar
,MULTI_FAITH,Ramadan,11/03/2025,Faith Communities Council of Victoria,1-30 March 2025,http://www.faithvictoria.org.au/calendar
,MULTI_FAITH,Ramadan,12/03/2025,Faith Communities Council of Victoria,1-30 March 2025,http://www.faithvictoria.org.au/calendar
,MULTI_FAITH,Ramadan,13/03/2025,Faith Communities Council of Victoria,1-30 March 2025,http://www.faithvictoria.org.au/calendar
,MULTI_FAITH,Ramadan,14/03/2025,Faith Communities Council of Victoria,1-30 March 2025,http://www.faithvictoria.org.au/calendar
,MULTI_FAITH,Ramadan,15/03/2025,Faith Communities Council of Victoria,1-30 March 2025,http://www.faithvictoria.org.au/calendar
,MULTI_FAITH,Ramadan,16/03/2025,Faith Communities Council of Victoria,1-30 March 2025,http://www.faithvictoria.org.au/calendar
,MULTI_FAITH,Ramadan,17/03/2025,Faith Communities Council of Victoria,1-30 March 2025,http://www.faithvictoria.org.au/calendar
,MULTI_FAITH,Ramadan,18/03/2025,Faith Communities Council of Victoria,1-30 March 2025,http://www.faithvictoria.org.au/calendar
,MULTI_FAITH,Ramadan,19/03/2025,Faith Communities Council of Victoria,1-30 March 2025,http://www.faithvictoria.org.au/calendar
,MULTI_FAITH,Ramadan,20/03/2025,Faith Communities Council of Victoria,1-30 March 2025,http://www.faithvictoria.org.au/calendar
,MULTI_FAITH,Ramadan,21/03/2025,Faith Communities Council of Victoria,1-30 March 2025,http://www.faithvictoria.org.au/calendar
,MULTI_FAITH,Ramadan,22/03/2025,Faith Communities Council of Victoria,1-30 March 2025,http://www.faithvictoria.org.au/calendar
,MULTI_FAITH,Ramadan,23/03/2025,Faith Communities Council of Victoria,1-30 March 2025,http://www.faithvictoria.org.au/calendar
,MULTI_FAITH,Ramadan,24/03/2025,Faith Communities Council of Victoria,1-30 March 2025,http://www.faithvictoria.org.au/calendar
,MULTI_FAITH,Ramadan,25/03/2025,Faith Communities Council of Victoria,1-30 March 2025,http://www.faithvictoria.org.au/calendar
,MULTI_FAITH,Ramadan,26/03/2025,Faith Communities Council of Victoria,1-30 March 2025,http://www.faithvictoria.org.au/calendar
,MULTI_FAITH,Ramadan,27/03/2025,Faith Communities Council of Victoria,1-30 March 2025,http://www.faithvictoria.org.au/calendar
,MULTI_FAITH,Ramadan,28/03/2025,Faith Communities Council of Victoria,1-30 March 2025,http://www.faithvictoria.org.au/calendar
,MULTI_FAITH,Ramadan,29/03/2025,Faith Communities Council of Victoria,1-30 March 2025,http://www.faithvictoria.org.au/calendar
,MULTI_FAITH,Ramadan,30/03/2025,Faith Communities Council of Victoria,1-30 March 2025,http://www.faithvictoria.org.au/calendar
,MULTI_FAITH,Great Lent (Orthodox),3/03/2025,Faith Communities Council of Victoria,3 March - 18 April 2025,http://www.faithvictoria.org.au/calendar
,MULTI_FAITH,Great Lent (Orthodox),4/03/2025,Faith Communities Council of Victoria,3 March - 18 April 2025,http://www.faithvictoria.org.au/calendar
,MULTI_FAITH,Great Lent (Orthodox),5/03/2025,Faith Communities Council of Victoria,3 March - 18 April 2025,http://www.faithvictoria.org.au/calendar
,MULTI_FAITH,Great Lent (Orthodox),6/03/2025,Faith Communities Council of Victoria,3 March - 18 April 2025,http://www.faithvictoria.org.au/calendar
,MULTI_FAITH,Great Lent (Orthodox),7/03/2025,Faith Communities Council of Victoria,3 March - 18 April 2025,http://www.faithvictoria.org.au/calendar
,MULTI_FAITH,Great Lent (Orthodox),8/03/2025,Faith Communities Council of Victoria,3 March - 18 April 2025,http://www.faithvictoria.org.au/calendar
,MULTI_FAITH,Great Lent (Orthodox),9/03/2025,Faith Communities Council of Victoria,3 March - 18 April 2025,http://www.faithvictoria.org.au/calendar
,MULTI_FAITH,Great Lent (Orthodox),10/03/2025,Faith Communities Council of Victoria,3 March - 18 April 2025,http://www.faithvictoria.org.au/calendar
,MULTI_FAITH,Great Lent (Orthodox),11/03/2025,Faith Communities Council of Victoria,3 March - 18 April 2025,http://www.faithvictoria.org.au/calendar
,MULTI_FAITH,Great Lent (Orthodox),12/03/2025,Faith Communities Council of Victoria,3 March - 18 April 2025,http://www.faithvictoria.org.au/calendar
,MULTI_FAITH,Great Lent (Orthodox),13/03/2025,Faith Communities Council of Victoria,3 March - 18 April 2025,http://www.faithvictoria.org.au/calendar
,MULTI_FAITH,Great Lent (Orthodox),14/03/2025,Faith Communities Council of Victoria,3 March - 18 April 2025,http://www.faithvictoria.org.au/calendar
,MULTI_FAITH,Great Lent (Orthodox),15/03/2025,Faith Communities Council of Victoria,3 March - 18 April 2025,http://www.faithvictoria.org.au/calendar
,MULTI_FAITH,Great Lent (Orthodox),16/03/2025,Faith Communities Council of Victoria,3 March - 18 April 2025,http://www.faithvictoria.org.au/calendar
,MULTI_FAITH,Great Lent (Orthodox),17/03/2025,Faith Communities Council of Victoria,3 March - 18 April 2025,http://www.faithvictoria.org.au/calendar
,MULTI_FAITH,Great Lent (Orthodox),18/03/2025,Faith Communities Council of Victoria,3 March - 18 April 2025,http://www.faithvictoria.org.au/calendar
,MULTI_FAITH,Great Lent (Orthodox),19/03/2025,Faith Communities Council of Victoria,3 March - 18 April 2025,http://www.faithvictoria.org.au/calendar
,MULTI_FAITH,Great Lent (Orthodox),20/03/2025,Faith Communities Council of Victoria,3 March - 18 April 2025,http://www.faithvictoria.org.au/calendar
,MULTI_FAITH,Great Lent (Orthodox),21/03/2025,Faith Communities Council of Victoria,3 March - 18 April 2025,http://www.faithvictoria.org.au/calendar
,MULTI_FAITH,Great Lent (Orthodox),22/03/2025,Faith Communities Council of Victoria,3 March - 18 April 2025,http://www.faithvictoria.org.au/calendar
,MULTI_FAITH,Great Lent (Orthodox),23/03/2025,Faith Communities Council of Victoria,3 March - 18 April 2025,http://www.faithvictoria.org.au/calendar
,MULTI_FAITH,Great Lent (Orthodox),24/03/2025,Faith Communities Council of Victoria,3 March - 18 April 2025,http://www.faithvictoria.org.au/calendar
,MULTI_FAITH,Great Lent (Orthodox),25/03/2025,Faith Communities Council of Victoria,3 March - 18 April 2025,http://www.faithvictoria.org.au/calendar
,MULTI_FAITH,Great Lent (Orthodox),26/03/2025,Faith Communities Council of Victoria,3 March - 18 April 2025,http://www.faithvictoria.org.au/calendar
,MULTI_FAITH,Great Lent (Orthodox),27/03/2025,Faith Communities Council of Victoria,3 March - 18 April 2025,http://www.faithvictoria.org.au/calendar
,MULTI_FAITH,Great Lent (Orthodox),28/03/2025,Faith Communities Council of Victoria,3 March - 18 April 2025,http://www.faithvictoria.org.au/calendar
,MULTI_FAITH,Great Lent (Orthodox),29/03/2025,Faith Communities Council of Victoria,3 March - 18 April 2025,http://www.faithvictoria.org.au/calendar
,MULTI_FAITH,Great Lent (Orthodox),30/03/2025,Faith Communities Council of Victoria,3 March - 18 April 2025,http://www.faithvictoria.org.au/calendar
,MULTI_FAITH,Great Lent (Orthodox),31/03/2025,Faith Communities Council of Victoria,3 March - 18 April 2025,http://www.faithvictoria.org.au/calendar
,MULTI_FAITH,Great Lent (Orthodox),1/04/2025,Faith Communities Council of Victoria,3 March - 18 April 2025,http://www.faithvictoria.org.au/calendar
,MULTI_FAITH,Great Lent (Orthodox),2/04/2025,Faith Communities Council of Victoria,3 March - 18 April 2025,http://www.faithvictoria.org.au/calendar
,MULTI_FAITH,Great Lent (Orthodox),3/04/2025,Faith Communities Council of Victoria,3 March - 18 April 2025,http://www.faithvictoria.org.au/calendar
,MULTI_FAITH,Great Lent (Orthodox),4/04/2025,Faith Communities Council of Victoria,3 March - 18 April 2025,http://www.faithvictoria.org.au/calendar
,MULTI_FAITH,Great Lent (Orthodox),5/04/2025,Faith Communities Council of Victoria,3 March - 18 April 2025,http://www.faithvictoria.org.au/calendar
,MULTI_FAITH,Great Lent (Orthodox),6/04/2025,Faith Communities Council of Victoria,3 March - 18 April 2025,http://www.faithvictoria.org.au/calendar
,MULTI_FAITH,Great Lent (Orthodox),7/04/2025,Faith Communities Council of Victoria,3 March - 18 April 2025,http://www.faithvictoria.org.au/calendar
,MULTI_FAITH,Great Lent (Orthodox),8/04/2025,Faith Communities Council of Victoria,3 March - 18 April 2025,http://www.faithvictoria.org.au/calendar
,MULTI_FAITH,Great Lent (Orthodox),9/04/2025,Faith Communities Council of Victoria,3 March - 18 April 2025,http://www.faithvictoria.org.au/calendar
,MULTI_FAITH,Great Lent (Orthodox),10/04/2025,Faith Communities Council of Victoria,3 March - 18 April 2025,http://www.faithvictoria.org.au/calendar
,MULTI_FAITH,Great Lent (Orthodox),11/04/2025,Faith Communities Council of Victoria,3 March - 18 April 2025,http://www.faithvictoria.org.au/calendar
,MULTI_FAITH,Great Lent (Orthodox),12/04/2025,Faith Communities Council of Victoria,3 March - 18 April 2025,http://www.faithvictoria.org.au/calendar
,MULTI_FAITH,Great Lent (Orthodox),13/04/2025,Faith Communities Council of Victoria,3 March - 18 April 2025,http://www.faithvictoria.org.au/calendar
,MULTI_FAITH,Great Lent (Orthodox),14/04/2025,Faith Communities Council of Victoria,3 March - 18 April 2025,http://www.faithvictoria.org.au/calendar
,MULTI_FAITH,Great Lent (Orthodox),15/04/2025,Faith Communities Council of Victoria,3 March - 18 April 2025,http://www.faithvictoria.org.au/calendar
,MULTI_FAITH,Great Lent (Orthodox),16/04/2025,Faith Communities Council of Victoria,3 March - 18 April 2025,http://www.faithvictoria.org.au/calendar
,MULTI_FAITH,Great Lent (Orthodox),17/04/2025,Faith Communities Council of Victoria,3 March - 18 April 2025,http://www.faithvictoria.org.au/calendar
,MULTI_FAITH,Great Lent (Orthodox),18/04/2025,Faith Communities Council of Victoria,3 March - 18 April 2025,http://www.faithvictoria.org.au/calendar
,MULTI_FAITH,Purim,14/03/2025,Faith Communities Council of Victoria,,http://www.faithvictoria.org.au/calendar
,MULTI_FAITH,Lent begins,5/03/2025,Faith Communities Council of Victoria,5 March - 17 April 2025,http://www.faithvictoria.org.au/calendar
,MULTI_FAITH,Lent begins,6/03/2025,Faith Communities Council of Victoria,5 March - 17 April 2025,http://www.faithvictoria.org.au/calendar
,MULTI_FAITH,Lent begins,7/03/2025,Faith Communities Council of Victoria,5 March - 17 April 2025,http://www.faithvictoria.org.au/calendar
,MULTI_FAITH,Lent begins,8/03/2025,Faith Communities Council of Victoria,5 March - 17 April 2025,http://www.faithvictoria.org.au/calendar
,MULTI_FAITH,Lent begins,9/03/2025,Faith Communities Council of Victoria,5 March - 17 April 2025,http://www.faithvictoria.org.au/calendar
,MULTI_FAITH,Lent begins,10/03/2025,Faith Communities Council of Victoria,5 March - 17 April 2025,http://www.faithvictoria.org.au/calendar
,MULTI_FAITH,Lent begins,11/03/2025,Faith Communities Council of Victoria,5 March - 17 April 2025,http://www.faithvictoria.org.au/calendar
,MULTI_FAITH,Lent begins,12/03/2025,Faith Communities Council of Victoria,5 March - 17 April 2025,http://www.faithvictoria.org.au/calendar
,MULTI_FAITH,Lent begins,13/03/2025,Faith Communities Council of Victoria,5 March - 17 April 2025,http://www.faithvictoria.org.au/calendar
,MULTI_FAITH,Lent begins,14/03/2025,Faith Communities Council of Victoria,5 March - 17 April 2025,http://www.faithvictoria.org.au/calendar
,MULTI_FAITH,Lent begins,15/03/2025,Faith Communities Council of Victoria,5 March - 17 April 2025,http://www.faithvictoria.org.au/calendar
,MULTI_FAITH,Lent begins,16/03/2025,Faith Communities Council of Victoria,5 March - 17 April 2025,http://www.faithvictoria.org.au/calendar
,MULTI_FAITH,Lent begins,17/03/2025,Faith Communities Council of Victoria,5 March - 17 April 2025,http://www.faithvictoria.org.au/calendar
,MULTI_FAITH,Lent begins,18/03/2025,Faith Communities Council of Victoria,5 March - 17 April 2025,http://www.faithvictoria.org.au/calendar
,MULTI_FAITH,Lent begins,19/03/2025,Faith Communities Council of Victoria,5 March - 17 April 2025,http://www.faithvictoria.org.au/calendar
,MULTI_FAITH,Lent begins,20/03/2025,Faith Communities Council of Victoria,5 March - 17 April 2025,http://www.faithvictoria.org.au/calendar
,MULTI_FAITH,Lent begins,21/03/2025,Faith Communities Council of Victoria,5 March - 17 April 2025,http://www.faithvictoria.org.au/calendar
,MULTI_FAITH,Lent begins,22/03/2025,Faith Communities Council of Victoria,5 March - 17 April 2025,http://www.faithvictoria.org.au/calendar
,MULTI_FAITH,Lent begins,23/03/2025,Faith Communities Council of Victoria,5 March - 17 April 2025,http://www.faithvictoria.org.au/calendar
,MULTI_FAITH,Lent begins,24/03/2025,Faith Communities Council of Victoria,5 March - 17 April 2025,http://www.faithvictoria.org.au/calendar
,MULTI_FAITH,Lent begins,25/03/2025,Faith Communities Council of Victoria,5 March - 17 April 2025,http://www.faithvictoria.org.au/calendar
,MULTI_FAITH,Lent begins,26/03/2025,Faith Communities Council of Victoria,5 March - 17 April 2025,http://www.faithvictoria.org.au/calendar
,MULTI_FAITH,Lent begins,27/03/2025,Faith Communities Council of Victoria,5 March - 17 April 2025,http://www.faithvictoria.org.au/calendar
,MULTI_FAITH,Lent begins,28/03/2025,Faith Communities Council of Victoria,5 March - 17 April 2025,http://www.faithvictoria.org.au/calendar
,MULTI_FAITH,Lent begins,29/03/2025,Faith Communities Council of Victoria,5 March - 17 April 2025,http://www.faithvictoria.org.au/calendar
,MULTI_FAITH,Lent begins,30/03/2025,Faith Communities Council of Victoria,5 March - 17 April 2025,http://www.faithvictoria.org.au/calendar
,MULTI_FAITH,Lent begins,31/03/2025,Faith Communities Council of Victoria,5 March - 17 April 2025,http://www.faithvictoria.org.au/calendar
,MULTI_FAITH,Lent begins,1/04/2025,Faith Communities Council of Victoria,5 March - 17 April 2025,http://www.faithvictoria.org.au/calendar
,MULTI_FAITH,Lent begins,2/04/2025,Faith Communities Council of Victoria,5 March - 17 April 2025,http://www.faithvictoria.org.au/calendar
,MULTI_FAITH,Lent begins,3/04/2025,Faith Communities Council of Victoria,5 March - 17 April 2025,http://www.faithvictoria.org.au/calendar
,MULTI_FAITH,Lent begins,4/04/2025,Faith Communities Council of Victoria,5 March - 17 April 2025,http://www.faithvictoria.org.au/calendar
,MULTI_FAITH,Lent begins,5/04/2025,Faith Communities Council of Victoria,5 March - 17 April 2025,http://www.faithvictoria.org.au/calendar
,MULTI_FAITH,Lent begins,6/04/2025,Faith Communities Council of Victoria,5 March - 17 April 2025,http://www.faithvictoria.org.au/calendar
,MULTI_FAITH,Lent begins,7/04/2025,Faith Communities Council of Victoria,5 March - 17 April 2025,http://www.faithvictoria.org.au/calendar
,MULTI_FAITH,Lent begins,8/04/2025,Faith Communities Council of Victoria,5 March - 17 April 2025,http://www.faithvictoria.org.au/calendar
,MULTI_FAITH,Lent begins,9/04/2025,Faith Communities Council of Victoria,5 March - 17 April 2025,http://www.faithvictoria.org.au/calendar
,MULTI_FAITH,Lent begins,10/04/2025,Faith Communities Council of Victoria,5 March - 17 April 2025,http://www.faithvictoria.org.au/calendar
,MULTI_FAITH,Lent begins,11/04/2025,Faith Communities Council of Victoria,5 March - 17 April 2025,http://www.faithvictoria.org.au/calendar
,MULTI_FAITH,Lent begins,12/04/2025,Faith Communities Council of Victoria,5 March - 17 April 2025,http://www.faithvictoria.org.au/calendar
,MULTI_FAITH,Lent begins,13/04/2025,Faith Communities Council of Victoria,5 March - 17 April 2025,http://www.faithvictoria.org.au/calendar
,MULTI_FAITH,Lent begins,14/04/2025,Faith Communities Council of Victoria,5 March - 17 April 2025,http://www.faithvictoria.org.au/calendar
,MULTI_FAITH,Lent begins,15/04/2025,Faith Communities Council of Victoria,5 March - 17 April 2025,http://www.faithvictoria.org.au/calendar
,MULTI_FAITH,Lent begins,16/04/2025,Faith Communities Council of Victoria,5 March - 17 April 2025,http://www.faithvictoria.org.au/calendar
,MULTI_FAITH,Lent begins,17/04/2025,Faith Communities Council of Victoria,5 March - 17 April 2025,http://www.faithvictoria.org.au/calendar
,MULTI_FAITH,Holi,14/03/2025,Faith Communities Council of Victoria,,http://www.faithvictoria.org.au/calendar
,MULTI_FAITH,Hola Mohalla,14/03/2025,Faith Communities Council of Victoria,14-16 March 2025,http://www.faithvictoria.org.au/calendar
,MULTI_FAITH,Hola Mohalla,15/03/2025,Faith Communities Council of Victoria,14-16 March 2025,http://www.faithvictoria.org.au/calendar
,MULTI_FAITH,Hola Mohalla,16/03/2025,Faith Communities Council of Victoria,14-16 March 2025,http://www.faithvictoria.org.au/calendar
,MULTI_FAITH,Naw Ruz,20/03/2025,Faith Communities Council of Victoria,,http://www.faithvictoria.org.au/calendar
,MULTI_FAITH,Annunciation,25/03/2025,Faith Communities Council of Victoria,,http://www.faithvictoria.org.au/calendar
,MULTI_FAITH,Lailat al Qadr,27/03/2025,Faith Communities Council of Victoria,,http://www.faithvictoria.org.au/calendar
,MULTI_FAITH,Eid ul Fitr,31/03/2025,Faith Communities Council of Victoria,,http://www.faithvictoria.org.au/calendar
,MULTI_FAITH,Rama Navami,6/04/2025,Faith Communities Council of Victoria,,http://www.faithvictoria.org.au/calendar
,MULTI_FAITH,Mahavir Jayanti,10/04/2025,Faith Communities Council of Victoria,,http://www.faithvictoria.org.au/calendar
,MULTI_FAITH,Theravada New Year,13/04/2025,Faith Communities Council of Victoria,13-15 April 2025,http://www.faithvictoria.org.au/calendar
,MULTI_FAITH,Theravada New Year,14/04/2025,Faith Communities Council of Victoria,13-15 April 2025,http://www.faithvictoria.org.au/calendar
,MULTI_FAITH,Theravada New Year,15/04/2025,Faith Communities Council of Victoria,13-15 April 2025,http://www.faithvictoria.org.au/calendar
,MULTI_FAITH,Pesach,13/04/2025,Faith Communities Council of Victoria,13-20 April 2025,http://www.faithvictoria.org.au/calendar
,MULTI_FAITH,Pesach,14/04/2025,Faith Communities Council of Victoria,13-20 April 2025,http://www.faithvictoria.org.au/calendar
,MULTI_FAITH,Pesach,15/04/2025,Faith Communities Council of Victoria,13-20 April 2025,http://www.faithvictoria.org.au/calendar
,MULTI_FAITH,Pesach,16/04/2025,Faith Communities Council of Victoria,13-20 April 2025,http://www.faithvictoria.org.au/calendar
,MULTI_FAITH,Pesach,17/04/2025,Faith Communities Council of Victoria,13-20 April 2025,http://www.faithvictoria.org.au/calendar
,MULTI_FAITH,Pesach,18/04/2025,Faith Communities Council of Victoria,13-20 April 2025,http://www.faithvictoria.org.au/calendar
,MULTI_FAITH,Pesach,19/04/2025,Faith Communities Council of Victoria,13-20 April 2025,http://www.faithvictoria.org.au/calendar
,MULTI_FAITH,Pesach,20/04/2025,Faith Communities Council of Victoria,13-20 April 2025,http://www.faithvictoria.org.au/calendar
,MULTI_FAITH,Holy Week,13/04/2025,Faith Communities Council of Victoria,13-19 March 2025,http://www.faithvictoria.org.au/calendar
,MULTI_FAITH,Holy Week,14/04/2025,Faith Communities Council of Victoria,13-19 March 2025,http://www.faithvictoria.org.au/calendar
,MULTI_FAITH,Holy Week,15/04/2025,Faith Communities Council of Victoria,13-19 March 2025,http://www.faithvictoria.org.au/calendar
,MULTI_FAITH,Holy Week,16/04/2025,Faith Communities Council of Victoria,13-19 March 2025,http://www.faithvictoria.org.au/calendar
,MULTI_FAITH,Holy Week,17/04/2025,Faith Communities Council of Victoria,13-19 March 2025,http://www.faithvictoria.org.au/calendar
,MULTI_FAITH,Holy Week,18/04/2025,Faith Communities Council of Victoria,13-19 March 2025,http://www.faithvictoria.org.au/calendar
,MULTI_FAITH,Holy Week,19/04/2025,Faith Communities Council of Victoria,13-19 March 2025,http://www.faithvictoria.org.au/calendar
,MULTI_FAITH,Baisakhi,14/04/2025,Faith Communities Council of Victoria,,http://www.faithvictoria.org.au/calendar
,MULTI_FAITH,Good/Holy Friday,18/04/2025,Faith Communities Council of Victoria,,http://www.faithvictoria.org.au/calendar
,MULTI_FAITH,Easter/Pascha (Orthodox),20/04/2025,Faith Communities Council of Victoria,,http://www.faithvictoria.org.au/calendar
,MULTI_FAITH,Ridvan,20/04/2025,Faith Communities Council of Victoria,20 April - 1 May 2025,http://www.faithvictoria.org.au/calendar
,MULTI_FAITH,Ridvan,21/04/2025,Faith Communities Council of Victoria,20 April - 1 May 2025,http://www.faithvictoria.org.au/calendar
,MULTI_FAITH,Ridvan,22/04/2025,Faith Communities Council of Victoria,20 April - 1 May 2025,http://www.faithvictoria.org.au/calendar
,MULTI_FAITH,Ridvan,23/04/2025,Faith Communities Council of Victoria,20 April - 1 May 2025,http://www.faithvictoria.org.au/calendar
,MULTI_FAITH,Ridvan,24/04/2025,Faith Communities Council of Victoria,20 April - 1 May 2025,http://www.faithvictoria.org.au/calendar
,MULTI_FAITH,Ridvan,25/04/2025,Faith Communities Council of Victoria,20 April - 1 May 2025,http://www.faithvictoria.org.au/calendar
,MULTI_FAITH,Ridvan,26/04/2025,Faith Communities Council of Victoria,20 April - 1 May 2025,http://www.faithvictoria.org.au/calendar
,MULTI_FAITH,Ridvan,27/04/2025,Faith Communities Council of Victoria,20 April - 1 May 2025,http://www.faithvictoria.org.au/calendar
,MULTI_FAITH,Ridvan,28/04/2025,Faith Communities Council of Victoria,20 April - 1 May 2025,http://www.faithvictoria.org.au/calendar
,MULTI_FAITH,Ridvan,29/04/2025,Faith Communities Council of Victoria,20 April - 1 May 2025,http://www.faithvictoria.org.au/calendar
,MULTI_FAITH,Ridvan,30/04/2025,Faith Communities Council of Victoria,20 April - 1 May 2025,http://www.faithvictoria.org.au/calendar
,MULTI_FAITH,Ridvan,1/05/2025,Faith Communities Council of Victoria,20 April - 1 May 2025,http://www.faithvictoria.org.au/calendar
,MULTI_FAITH,Yom HaShoah,24/04/2025,Faith Communities Council of Victoria,,http://www.faithvictoria.org.au/calendar
,MULTI_FAITH,Vesak / Buddha Day,12/05/2025,Faith Communities Council of Victoria,,http://www.faithvictoria.org.au/calendar
,MULTI_FAITH,Declaration of the Bab,23/05/2025,Faith Communities Council of Victoria,,http://www.faithvictoria.org.au/calendar
,MULTI_FAITH,Ascension of Baha'ullah,28/05/2025,Faith Communities Council of Victoria,,http://www.faithvictoria.org.au/calendar
,MULTI_FAITH,Shavuot,2/06/2025,Faith Communities Council of Victoria,2-3 June 2025,http://www.faithvictoria.org.au/calendar
,MULTI_FAITH,Shavuot,3/06/2025,Faith Communities Council of Victoria,2-3 June 2025,http://www.faithvictoria.org.au/calendar
,MULTI_FAITH,Eid Al Adha,7/06/2025,Faith Communities Council of Victoria,7-10 June 2025,http://www.faithvictoria.org.au/calendar
,MULTI_FAITH,Eid Al Adha,8/06/2025,Faith Communities Council of Victoria,7-10 June 2025,http://www.faithvictoria.org.au/calendar
,MULTI_FAITH,Eid Al Adha,9/06/2025,Faith Communities Council of Victoria,7-10 June 2025,http://www.faithvictoria.org.au/calendar
,MULTI_FAITH,Eid Al Adha,10/06/2025,Faith Communities Council of Victoria,7-10 June 2025,http://www.faithvictoria.org.au/calendar
,MULTI_FAITH,Pentecost,8/06/2025,Faith Communities Council of Victoria,,http://www.faithvictoria.org.au/calendar
,MULTI_FAITH,Saga Dawa Duchen,11/06/2025,Faith Communities Council of Victoria,,http://www.faithvictoria.org.au/calendar
,MULTI_FAITH,Martyrdom of Guru Arjun Dev Ji,16/06/2025,Faith Communities Council of Victoria,,http://www.faithvictoria.org.au/calendar
,MULTI_FAITH,Hijra,27/06/2025,Faith Communities Council of Victoria,,http://www.faithvictoria.org.au/calendar
,MULTI_FAITH,Ashura,5/07/2025,Faith Communities Council of Victoria,,http://www.faithvictoria.org.au/calendar
,MULTI_FAITH,Martyrdom of the Bab,9/07/2025,Faith Communities Council of Victoria,,http://www.faithvictoria.org.au/calendar
,MULTI_FAITH,Asalha Puja,10/07/2025,Faith Communities Council of Victoria,,http://www.faithvictoria.org.au/calendar
,MULTI_FAITH,Tisha B'Av,3/08/2025,Faith Communities Council of Victoria,,http://www.faithvictoria.org.au/calendar
,MULTI_FAITH,Raksha Bandhan,9/08/2025,Faith Communities Council of Victoria,,http://www.faithvictoria.org.au/calendar
,MULTI_FAITH,Assumption of the Blessed Virgin Mary,15/08/2025,Faith Communities Council of Victoria,,http://www.faithvictoria.org.au/calendar
,MULTI_FAITH,Krishna Janmashtami,16/08/2025,Faith Communities Council of Victoria,,http://www.faithvictoria.org.au/calendar
,MULTI_FAITH,Paryushana,21/08/2025,Faith Communities Council of Victoria,21-28 August 2025,http://www.faithvictoria.org.au/calendar
,MULTI_FAITH,Paryushana,22/08/2025,Faith Communities Council of Victoria,21-28 August 2025,http://www.faithvictoria.org.au/calendar
,MULTI_FAITH,Paryushana,23/08/2025,Faith Communities Council of Victoria,21-28 August 2025,http://www.faithvictoria.org.au/calendar
,MULTI_FAITH,Paryushana,24/08/2025,Faith Communities Council of Victoria,21-28 August 2025,http://www.faithvictoria.org.au/calendar
,MULTI_FAITH,Paryushana,25/08/2025,Faith Communities Council of Victoria,21-28 August 2025,http://www.faithvictoria.org.au/calendar
,MULTI_FAITH,Paryushana,26/08/2025,Faith Communities Council of Victoria,21-28 August 2025,http://www.faithvictoria.org.au/calendar
,MULTI_FAITH,Paryushana,27/08/2025,Faith Communities Council of Victoria,21-28 August 2025,http://www.faithvictoria.org.au/calendar
,MULTI_FAITH,Paryushana,28/08/2025,Faith Communities Council of Victoria,21-28 August 2025,http://www.faithvictoria.org.au/calendar
,MULTI_FAITH,Ganesh Chaturthi,27/08/2025,Faith Communities Council of Victoria,,http://www.faithvictoria.org.au/calendar
,MULTI_FAITH,Samvatsari,28/08/2025,Faith Communities Council of Victoria,,http://www.faithvictoria.org.au/calendar
,MULTI_FAITH,Daslakshana,29/08/2025,Faith Communities Council of Victoria,29 August - 7 September 2025,http://www.faithvictoria.org.au/calendar
,MULTI_FAITH,Daslakshana,30/08/2025,Faith Communities Council of Victoria,29 August - 7 September 2025,http://www.faithvictoria.org.au/calendar
,MULTI_FAITH,Daslakshana,31/08/2025,Faith Communities Council of Victoria,29 August - 7 September 2025,http://www.faithvictoria.org.au/calendar
,MULTI_FAITH,Daslakshana,1/09/2025,Faith Communities Council of Victoria,29 August - 7 September 2025,http://www.faithvictoria.org.au/calendar
,MULTI_FAITH,Daslakshana,2/09/2025,Faith Communities Council of Victoria,29 August - 7 September 2025,http://www.faithvictoria.org.au/calendar
,MULTI_FAITH,Daslakshana,3/09/2025,Faith Communities Council of Victoria,29 August - 7 September 2025,http://www.faithvictoria.org.au/calendar
,MULTI_FAITH,Daslakshana,4/09/2025,Faith Communities Council of Victoria,29 August - 7 September 2025,http://www.faithvictoria.org.au/calendar
,MULTI_FAITH,Daslakshana,5/09/2025,Faith Communities Council of Victoria,29 August - 7 September 2025,http://www.faithvictoria.org.au/calendar
,MULTI_FAITH,Daslakshana,6/09/2025,Faith Communities Council of Victoria,29 August - 7 September 2025,http://www.faithvictoria.org.au/calendar
,MULTI_FAITH,Daslakshana,7/09/2025,Faith Communities Council of Victoria,29 August - 7 September 2025,http://www.faithvictoria.org.au/calendar
,MULTI_FAITH,Ullambana,6/09/2025,Faith Communities Council of Victoria,,http://www.faithvictoria.org.au/calendar
,MULTI_FAITH,Kshamavani,8/09/2025,Faith Communities Council of Victoria,,http://www.faithvictoria.org.au/calendar
,MULTI_FAITH,Rosh Hashanah,23/09/2025,Faith Communities Council of Victoria,23-24 September 2025,http://www.faithvictoria.org.au/calendar
,MULTI_FAITH,Rosh Hashanah,24/09/2025,Faith Communities Council of Victoria,23-24 September 2025,http://www.faithvictoria.org.au/calendar
,MULTI_FAITH,Navaratri,22/09/2025,Faith Communities Council of Victoria,22 September - 1 October 2025,http://www.faithvictoria.org.au/calendar
,MULTI_FAITH,Navaratri,23/09/2025,Faith Communities Council of Victoria,22 September - 1 October 2025,http://www.faithvictoria.org.au/calendar
,MULTI_FAITH,Navaratri,24/09/2025,Faith Communities Council of Victoria,22 September - 1 October 2025,http://www.faithvictoria.org.au/calendar
,MULTI_FAITH,Navaratri,25/09/2025,Faith Communities Council of Victoria,22 September - 1 October 2025,http://www.faithvictoria.org.au/calendar
,MULTI_FAITH,Navaratri,26/09/2025,Faith Communities Council of Victoria,22 September - 1 October 2025,http://www.faithvictoria.org.au/calendar
,MULTI_FAITH,Navaratri,27/09/2025,Faith Communities Council of Victoria,22 September - 1 October 2025,http://www.faithvictoria.org.au/calendar
,MULTI_FAITH,Navaratri,28/09/2025,Faith Communities Council of Victoria,22 September - 1 October 2025,http://www.faithvictoria.org.au/calendar
,MULTI_FAITH,Navaratri,29/09/2025,Faith Communities Council of Victoria,22 September - 1 October 2025,http://www.faithvictoria.org.au/calendar
,MULTI_FAITH,Navaratri,30/09/2025,Faith Communities Council of Victoria,22 September - 1 October 2025,http://www.faithvictoria.org.au/calendar
,MULTI_FAITH,Navaratri,1/10/2025,Faith Communities Council of Victoria,22 September - 1 October 2025,http://www.faithvictoria.org.au/calendar
,MULTI_FAITH,Dussehra,2/10/2025,Faith Communities Council of Victoria,,http://www.faithvictoria.org.au/calendar
,MULTI_FAITH,Yom Kippur,2/10/2025,Faith Communities Council of Victoria,,http://www.faithvictoria.org.au/calendar
,MULTI_FAITH,Sukkot,7/10/2025,Faith Communities Council of Victoria,7-13 October 2025,http://www.faithvictoria.org.au/calendar
,MULTI_FAITH,Sukkot,8/10/2025,Faith Communities Council of Victoria,7-13 October 2025,http://www.faithvictoria.org.au/calendar
,MULTI_FAITH,Sukkot,9/10/2025,Faith Communities Council of Victoria,7-13 October 2025,http://www.faithvictoria.org.au/calendar
,MULTI_FAITH,Sukkot,10/10/2025,Faith Communities Council of Victoria,7-13 October 2025,http://www.faithvictoria.org.au/calendar
,MULTI_FAITH,Sukkot,11/10/2025,Faith Communities Council of Victoria,7-13 October 2025,http://www.faithvictoria.org.au/calendar
,MULTI_FAITH,Sukkot,12/10/2025,Faith Communities Council of Victoria,7-13 October 2025,http://www.faithvictoria.org.au/calendar
,MULTI_FAITH,Sukkot,13/10/2025,Faith Communities Council of Victoria,7-13 October 2025,http://www.faithvictoria.org.au/calendar
,MULTI_FAITH,Kathina,7/10/2025,Faith Communities Council of Victoria,,http://www.faithvictoria.org.au/calendar
,MULTI_FAITH,Shemini Atzeret,14/10/2025,Faith Communities Council of Victoria,,http://www.faithvictoria.org.au/calendar
,MULTI_FAITH,Simchat Torah,15/10/2025,Faith Communities Council of Victoria,,http://www.faithvictoria.org.au/calendar
,MULTI_FAITH,Conferment of Guruship to Guru Granth Sahib,20/10/2025,Faith Communities Council of Victoria,,http://www.faithvictoria.org.au/calendar
,MULTI_FAITH,Diwali,21/10/2025,Faith Communities Council of Victoria,,http://www.faithvictoria.org.au/calendar
,MULTI_FAITH,Bandi Chhor Divas (Diwali),21/10/2025,Faith Communities Council of Victoria,,http://www.faithvictoria.org.au/calendar
,MULTI_FAITH,Mahavira Nirvana (Diwali),21/10/2025,Faith Communities Council of Victoria,,http://www.faithvictoria.org.au/calendar
,MULTI_FAITH,Birth of the Bab,22/10/2025,Faith Communities Council of Victoria,,http://www.faithvictoria.org.au/calendar
,MULTI_FAITH,Birth of Baha'ullah,23/10/2025,Faith Communities Council of Victoria,,http://www.faithvictoria.org.au/calendar
,MULTI_FAITH,All Saints Day,1/11/2025,Faith Communities Council of Victoria,,http://www.faithvictoria.org.au/calendar
,MULTI_FAITH,Birth of Guru Nanak Dev Sahib Ji,5/11/2025,Faith Communities Council of Victoria,,http://www.faithvictoria.org.au/calendar
,MULTI_FAITH,Martyrdom of Guru Tegh Bahadur Ji,24/11/2025,Faith Communities Council of Victoria,,http://www.faithvictoria.org.au/calendar
,MULTI_FAITH,Day of the Covenant,25/11/2025,Faith Communities Council of Victoria,,http://www.faithvictoria.org.au/calendar
,MULTI_FAITH,Ascension of Abdu'l-Baha,27/11/2025,Faith Communities Council of Victoria,,http://www.faithvictoria.org.au/calendar
,MULTI_FAITH,Advent,30/11/2025,Faith Communities Council of Victoria,30 November - 24 December 2025,http://www.faithvictoria.org.au/calendar
,MULTI_FAITH,Advent,1/12/2025,Faith Communities Council of Victoria,30 November - 24 December 2025,http://www.faithvictoria.org.au/calendar
,MULTI_FAITH,Advent,2/12/2025,Faith Communities Council of Victoria,30 November - 24 December 2025,http://www.faithvictoria.org.au/calendar
,MULTI_FAITH,Advent,3/12/2025,Faith Communities Council of Victoria,30 November - 24 December 2025,http://www.faithvictoria.org.au/calendar
,MULTI_FAITH,Advent,4/12/2025,Faith Communities Council of Victoria,30 November - 24 December 2025,http://www.faithvictoria.org.au/calendar
,MULTI_FAITH,Advent,5/12/2025,Faith Communities Council of Victoria,30 November - 24 December 2025,http://www.faithvictoria.org.au/calendar
,MULTI_FAITH,Advent,6/12/2025,Faith Communities Council of Victoria,30 November - 24 December 2025,http://www.faithvictoria.org.au/calendar
,MULTI_FAITH,Advent,7/12/2025,Faith Communities Council of Victoria,30 November - 24 December 2025,http://www.faithvictoria.org.au/calendar
,MULTI_FAITH,Advent,8/12/2025,Faith Communities Council of Victoria,30 November - 24 December 2025,http://www.faithvictoria.org.au/calendar
,MULTI_FAITH,Advent,9/12/2025,Faith Communities Council of Victoria,30 November - 24 December 2025,http://www.faithvictoria.org.au/calendar
,MULTI_FAITH,Advent,10/12/2025,Faith Communities Council of Victoria,30 November - 24 December 2025,http://www.faithvictoria.org.au/calendar
,MULTI_FAITH,Advent,11/12/2025,Faith Communities Council of Victoria,30 November - 24 December 2025,http://www.faithvictoria.org.au/calendar
,MULTI_FAITH,Advent,12/12/2025,Faith Communities Council of Victoria,30 November - 24 December 2025,http://www.faithvictoria.org.au/calendar
,MULTI_FAITH,Advent,13/12/2025,Faith Communities Council of Victoria,30 November - 24 December 2025,http://www.faithvictoria.org.au/calendar
,MULTI_FAITH,Advent,14/12/2025,Faith Communities Council of Victoria,30 November - 24 December 2025,http://www.faithvictoria.org.au/calendar
,MULTI_FAITH,Advent,15/12/2025,Faith Communities Council of Victoria,30 November - 24 December 2025,http://www.faithvictoria.org.au/calendar
,MULTI_FAITH,Advent,16/12/2025,Faith Communities Council of Victoria,30 November - 24 December 2025,http://www.faithvictoria.org.au/calendar
,MULTI_FAITH,Advent,17/12/2025,Faith Communities Council of Victoria,30 November - 24 December 2025,http://www.faithvictoria.org.au/calendar
,MULTI_FAITH,Advent,18/12/2025,Faith Communities Council of Victoria,30 November - 24 December 2025,http://www.faithvictoria.org.au/calendar
,MULTI_FAITH,Advent,19/12/2025,Faith Communities Council of Victoria,30 November - 24 December 2025,http://www.faithvictoria.org.au/calendar
,MULTI_FAITH,Advent,20/12/2025,Faith Communities Council of Victoria,30 November - 24 December 2025,http://www.faithvictoria.org.au/calendar
,MULTI_FAITH,Advent,21/12/2025,Faith Communities Council of Victoria,30 November - 24 December 2025,http://www.faithvictoria.org.au/calendar
,MULTI_FAITH,Advent,22/12/2025,Faith Communities Council of Victoria,30 November - 24 December 2025,http://www.faithvictoria.org.au/calendar
,MULTI_FAITH,Advent,23/12/2025,Faith Communities Council of Victoria,30 November - 24 December 2025,http://www.faithvictoria.org.au/calendar
,MULTI_FAITH,Advent,24/12/2025,Faith Communities Council of Victoria,30 November - 24 December 2025,http://www.faithvictoria.org.au/calendar
,MULTI_FAITH,Bodhi Day,8/12/2025,Faith Communities Council of Victoria,,http://www.faithvictoria.org.au/calendar
,MULTI_FAITH,Hanukkah,15/12/2025,Faith Communities Council of Victoria,15-22 December 2025,http://www.faithvictoria.org.au/calendar
,MULTI_FAITH,Hanukkah,16/12/2025,Faith Communities Council of Victoria,15-22 December 2025,http://www.faithvictoria.org.au/calendar
,MULTI_FAITH,Hanukkah,17/12/2025,Faith Communities Council of Victoria,15-22 December 2025,http://www.faithvictoria.org.au/calendar
,MULTI_FAITH,Hanukkah,18/12/2025,Faith Communities Council of Victoria,15-22 December 2025,http://www.faithvictoria.org.au/calendar
,MULTI_FAITH,Hanukkah,19/12/2025,Faith Communities Council of Victoria,15-22 December 2025,http://www.faithvictoria.org.au/calendar
,MULTI_FAITH,Hanukkah,20/12/2025,Faith Communities Council of Victoria,15-22 December 2025,http://www.faithvictoria.org.au/calendar
,MULTI_FAITH,Hanukkah,21/12/2025,Faith Communities Council of Victoria,15-22 December 2025,http://www.faithvictoria.org.au/calendar
,MULTI_FAITH,Hanukkah,22/12/2025,Faith Communities Council of Victoria,15-22 December 2025,http://www.faithvictoria.org.au/calendar
,MULTI_FAITH,Christmas,25/12/2025,Faith Communities Council of Victoria,,http://www.faithvictoria.org.au/calendar
,MULTI_FAITH,Mahayana New Year,3/01/2026,Faith Communities Council of Victoria,,http://www.faithvictoria.org.au/calendar
,MULTI_FAITH,Birthday of Guru Gobind Singh Ji,5/01/2026,Faith Communities Council of Victoria,,http://www.faithvictoria.org.au/calendar
,MULTI_FAITH,Epiphany,6/01/2026,Faith Communities Council of Victoria,,http://www.faithvictoria.org.au/calendar
,MULTI_FAITH,Nativity (Orthodox),7/01/2026,Faith Communities Council of Victoria,,http://www.faithvictoria.org.au/calendar
,MULTI_FAITH,Maghi,13/01/2026,Faith Communities Council of Victoria,,http://www.faithvictoria.org.au/calendar
,MULTI_FAITH,Pongal,14/01/2026,Faith Communities Council of Victoria,14-17 January 2026,http://www.faithvictoria.org.au/calendar
,MULTI_FAITH,Pongal,15/01/2026,Faith Communities Council of Victoria,14-17 January 2026,http://www.faithvictoria.org.au/calendar
,MULTI_FAITH,Pongal,16/01/2026,Faith Communities Council of Victoria,14-17 January 2026,http://www.faithvictoria.org.au/calendar
,MULTI_FAITH,Pongal,17/01/2026,Faith Communities Council of Victoria,14-17 January 2026,http://www.faithvictoria.org.au/calendar
,MULTI_FAITH,Lailat at Miraj,16/01/2026,Faith Communities Council of Victoria,,http://www.faithvictoria.org.au/calendar
,MULTI_FAITH,Feast of Epiphany (Orthdox),19/01/2026,Faith Communities Council of Victoria,,http://www.faithvictoria.org.au/calendar
,MULTI_FAITH,Lailat al Bara'ah,3/02/2026,Faith Communities Council of Victoria,,http://www.faithvictoria.org.au/calendar
,MULTI_FAITH,Losar/Tibetan New Year,10/02/2026,Faith Communities Council of Victoria,,http://www.faithvictoria.org.au/calendar
,MULTI_FAITH,MahaShivaratri,15/02/2026,Faith Communities Council of Victoria,,http://www.faithvictoria.org.au/calendar
,MULTI_FAITH,Nirvana Day,15/02/2026,Faith Communities Council of Victoria,,http://www.faithvictoria.org.au/calendar
,MULTI_FAITH,Lunar New Year,17/02/2026,Faith Communities Council of Victoria,,http://www.faithvictoria.org.au/calendar
,MULTI_FAITH,Ramadan,17/02/2026,Faith Communities Council of Victoria,17 February - 18 March 2026,http://www.faithvictoria.org.au/calendar
,MULTI_FAITH,Ramadan,18/02/2026,Faith Communities Council of Victoria,17 February - 18 March 2026,http://www.faithvictoria.org.au/calendar
,MULTI_FAITH,Ramadan,19/02/2026,Faith Communities Council of Victoria,17 February - 18 March 2026,http://www.faithvictoria.org.au/calendar
,MULTI_FAITH,Ramadan,20/02/2026,Faith Communities Council of Victoria,17 February - 18 March 2026,http://www.faithvictoria.org.au/calendar
,MULTI_FAITH,Ramadan,21/02/2026,Faith Communities Council of Victoria,17 February - 18 March 2026,http://www.faithvictoria.org.au/calendar
,MULTI_FAITH,Ramadan,22/02/2026,Faith Communities Council of Victoria,17 February - 18 March 2026,http://www.faithvictoria.org.au/calendar
,MULTI_FAITH,Ramadan,23/02/2026,Faith Communities Council of Victoria,17 February - 18 March 2026,http://www.faithvictoria.org.au/calendar
,MULTI_FAITH,Ramadan,24/02/2026,Faith Communities Council of Victoria,17 February - 18 March 2026,http://www.faithvictoria.org.au/calendar
,MULTI_FAITH,Ramadan,25/02/2026,Faith Communities Council of Victoria,17 February - 18 March 2026,http://www.faithvictoria.org.au/calendar
,MULTI_FAITH,Ramadan,26/02/2026,Faith Communities Council of Victoria,17 February - 18 March 2026,http://www.faithvictoria.org.au/calendar
,MULTI_FAITH,Ramadan,27/02/2026,Faith Communities Council of Victoria,17 February - 18 March 2026,http://www.faithvictoria.org.au/calendar
,MULTI_FAITH,Ramadan,28/02/2026,Faith Communities Council of Victoria,17 February - 18 March 2026,http://www.faithvictoria.org.au/calendar
,MULTI_FAITH,Ramadan,1/03/2026,Faith Communities Council of Victoria,17 February - 18 March 2026,http://www.faithvictoria.org.au/calendar
,MULTI_FAITH,Ramadan,2/03/2026,Faith Communities Council of Victoria,17 February - 18 March 2026,http://www.faithvictoria.org.au/calendar
,MULTI_FAITH,Ramadan,3/03/2026,Faith Communities Council of Victoria,17 February - 18 March 2026,http://www.faithvictoria.org.au/calendar
,MULTI_FAITH,Ramadan,4/03/2026,Faith Communities Council of Victoria,17 February - 18 March 2026,http://www.faithvictoria.org.au/calendar
,MULTI_FAITH,Ramadan,5/03/2026,Faith Communities Council of Victoria,17 February - 18 March 2026,http://www.faithvictoria.org.au/calendar
,MULTI_FAITH,Ramadan,6/03/2026,Faith Communities Council of Victoria,17 February - 18 March 2026,http://www.faithvictoria.org.au/calendar
,MULTI_FAITH,Ramadan,7/03/2026,Faith Communities Council of Victoria,17 February - 18 March 2026,http://www.faithvictoria.org.au/calendar
,MULTI_FAITH,Ramadan,8/03/2026,Faith Communities Council of Victoria,17 February - 18 March 2026,http://www.faithvictoria.org.au/calendar
,MULTI_FAITH,Ramadan,9/03/2026,Faith Communities Council of Victoria,17 February - 18 March 2026,http://www.faithvictoria.org.au/calendar
,MULTI_FAITH,Ramadan,10/03/2026,Faith Communities Council of Victoria,17 February - 18 March 2026,http://www.faithvictoria.org.au/calendar
,MULTI_FAITH,Ramadan,11/03/2026,Faith Communities Council of Victoria,17 February - 18 March 2026,http://www.faithvictoria.org.au/calendar
,MULTI_FAITH,Ramadan,12/03/2026,Faith Communities Council of Victoria,17 February - 18 March 2026,http://www.faithvictoria.org.au/calendar
,MULTI_FAITH,Ramadan,13/03/2026,Faith Communities Council of Victoria,17 February - 18 March 2026,http://www.faithvictoria.org.au/calendar
,MULTI_FAITH,Ramadan,14/03/2026,Faith Communities Council of Victoria,17 February - 18 March 2026,http://www.faithvictoria.org.au/calendar
,MULTI_FAITH,Ramadan,15/03/2026,Faith Communities Council of Victoria,17 February - 18 March 2026,http://www.faithvictoria.org.au/calendar
,MULTI_FAITH,Ramadan,16/03/2026,Faith Communities Council of Victoria,17 February - 18 March 2026,http://www.faithvictoria.org.au/calendar
,MULTI_FAITH,Ramadan,17/03/2026,Faith Communities Council of Victoria,17 February - 18 March 2026,http://www.faithvictoria.org.au/calendar
,MULTI_FAITH,Ramadan,18/03/2026,Faith Communities Council of Victoria,17 February - 18 March 2026,http://www.faithvictoria.org.au/calendar
,MULTI_FAITH,Lent,18/02/2026,Faith Communities Council of Victoria,18 February - 2 April 2026,http://www.faithvictoria.org.au/calendar
,MULTI_FAITH,Lent,19/02/2026,Faith Communities Council of Victoria,18 February - 2 April 2026,http://www.faithvictoria.org.au/calendar
,MULTI_FAITH,Lent,20/02/2026,Faith Communities Council of Victoria,18 February - 2 April 2026,http://www.faithvictoria.org.au/calendar
,MULTI_FAITH,Lent,21/02/2026,Faith Communities Council of Victoria,18 February - 2 April 2026,http://www.faithvictoria.org.au/calendar
,MULTI_FAITH,Lent,22/02/2026,Faith Communities Council of Victoria,18 February - 2 April 2026,http://www.faithvictoria.org.au/calendar
,MULTI_FAITH,Lent,23/02/2026,Faith Communities Council of Victoria,18 February - 2 April 2026,http://www.faithvictoria.org.au/calendar
,MULTI_FAITH,Lent,24/02/2026,Faith Communities Council of Victoria,18 February - 2 April 2026,http://www.faithvictoria.org.au/calendar
,MULTI_FAITH,Lent,25/02/2026,Faith Communities Council of Victoria,18 February - 2 April 2026,http://www.faithvictoria.org.au/calendar
,MULTI_FAITH,Lent,26/02/2026,Faith Communities Council of Victoria,18 February - 2 April 2026,http://www.faithvictoria.org.au/calendar
,MULTI_FAITH,Lent,27/02/2026,Faith Communities Council of Victoria,18 February - 2 April 2026,http://www.faithvictoria.org.au/calendar
,MULTI_FAITH,Lent,28/02/2026,Faith Communities Council of Victoria,18 February - 2 April 2026,http://www.faithvictoria.org.au/calendar
,MULTI_FAITH,Lent,1/03/2026,Faith Communities Council of Victoria,18 February - 2 April 2026,http://www.faithvictoria.org.au/calendar
,MULTI_FAITH,Lent,2/03/2026,Faith Communities Council of Victoria,18 February - 2 April 2026,http://www.faithvictoria.org.au/calendar
,MULTI_FAITH,Lent,3/03/2026,Faith Communities Council of Victoria,18 February - 2 April 2026,http://www.faithvictoria.org.au/calendar
,MULTI_FAITH,Lent,4/03/2026,Faith Communities Council of Victoria,18 February - 2 April 2026,http://www.faithvictoria.org.au/calendar
,MULTI_FAITH,Lent,5/03/2026,Faith Communities Council of Victoria,18 February - 2 April 2026,http://www.faithvictoria.org.au/calendar
,MULTI_FAITH,Lent,6/03/2026,Faith Communities Council of Victoria,18 February - 2 April 2026,http://www.faithvictoria.org.au/calendar
,MULTI_FAITH,Lent,7/03/2026,Faith Communities Council of Victoria,18 February - 2 April 2026,http://www.faithvictoria.org.au/calendar
,MULTI_FAITH,Lent,8/03/2026,Faith Communities Council of Victoria,18 February - 2 April 2026,http://www.faithvictoria.org.au/calendar
,MULTI_FAITH,Lent,9/03/2026,Faith Communities Council of Victoria,18 February - 2 April 2026,http://www.faithvictoria.org.au/calendar
,MULTI_FAITH,Lent,10/03/2026,Faith Communities Council of Victoria,18 February - 2 April 2026,http://www.faithvictoria.org.au/calendar
,MULTI_FAITH,Lent,11/03/2026,Faith Communities Council of Victoria,18 February - 2 April 2026,http://www.faithvictoria.org.au/calendar
,MULTI_FAITH,Lent,12/03/2026,Faith Communities Council of Victoria,18 February - 2 April 2026,http://www.faithvictoria.org.au/calendar
,MULTI_FAITH,Lent,13/03/2026,Faith Communities Council of Victoria,18 February - 2 April 2026,http://www.faithvictoria.org.au/calendar
,MULTI_FAITH,Lent,14/03/2026,Faith Communities Council of Victoria,18 February - 2 April 2026,http://www.faithvictoria.org.au/calendar
,MULTI_FAITH,Lent,15/03/2026,Faith Communities Council of Victoria,18 February - 2 April 2026,http://www.faithvictoria.org.au/calendar
,MULTI_FAITH,Lent,16/03/2026,Faith Communities Council of Victoria,18 February - 2 April 2026,http://www.faithvictoria.org.au/calendar
,MULTI_FAITH,Lent,17/03/2026,Faith Communities Council of Victoria,18 February - 2 April 2026,http://www.faithvictoria.org.au/calendar
,MULTI_FAITH,Lent,18/03/2026,Faith Communities Council of Victoria,18 February - 2 April 2026,http://www.faithvictoria.org.au/calendar
,MULTI_FAITH,Lent,19/03/2026,Faith Communities Council of Victoria,18 February - 2 April 2026,http://www.faithvictoria.org.au/calendar
,MULTI_FAITH,Lent,20/03/2026,Faith Communities Council of Victoria,18 February - 2 April 2026,http://www.faithvictoria.org.au/calendar
,MULTI_FAITH,Lent,21/03/2026,Faith Communities Council of Victoria,18 February - 2 April 2026,http://www.faithvictoria.org.au/calendar
,MULTI_FAITH,Lent,22/03/2026,Faith Communities Council of Victoria,18 February - 2 April 2026,http://www.faithvictoria.org.au/calendar
,MULTI_FAITH,Lent,23/03/2026,Faith Communities Council of Victoria,18 February - 2 April 2026,http://www.faithvictoria.org.au/calendar
,MULTI_FAITH,Lent,24/03/2026,Faith Communities Council of Victoria,18 February - 2 April 2026,http://www.faithvictoria.org.au/calendar
,MULTI_FAITH,Lent,25/03/2026,Faith Communities Council of Victoria,18 February - 2 April 2026,http://www.faithvictoria.org.au/calendar
,MULTI_FAITH,Lent,26/03/2026,Faith Communities Council of Victoria,18 February - 2 April 2026,http://www.faithvictoria.org.au/calendar
,MULTI_FAITH,Lent,27/03/2026,Faith Communities Council of Victoria,18 February - 2 April 2026,http://www.faithvictoria.org.au/calendar
,MULTI_FAITH,Lent,28/03/2026,Faith Communities Council of Victoria,18 February - 2 April 2026,http://www.faithvictoria.org.au/calendar
,MULTI_FAITH,Lent,29/03/2026,Faith Communities Council of Victoria,18 February - 2 April 2026,http://www.faithvictoria.org.au/calendar
,MULTI_FAITH,Lent,30/03/2026,Faith Communities Council of Victoria,18 February - 2 April 2026,http://www.faithvictoria.org.au/calendar
,MULTI_FAITH,Lent,31/03/2026,Faith Communities Council of Victoria,18 February - 2 April 2026,http://www.faithvictoria.org.au/calendar
,MULTI_FAITH,Lent,1/04/2026,Faith Communities Council of Victoria,18 February - 2 April 2026,http://www.faithvictoria.org.au/calendar
,MULTI_FAITH,Lent,2/04/2026,Faith Communities Council of Victoria,18 February - 2 April 2026,http://www.faithvictoria.org.au/calendar
,MULTI_FAITH,Great Lent (Orthodox),23/02/2026,Faith Communities Council of Victoria,23 February - 3 April 2026,http://www.faithvictoria.org.au/calendar
,MULTI_FAITH,Great Lent (Orthodox),24/02/2026,Faith Communities Council of Victoria,23 February - 3 April 2026,http://www.faithvictoria.org.au/calendar
,MULTI_FAITH,Great Lent (Orthodox),25/02/2026,Faith Communities Council of Victoria,23 February - 3 April 2026,http://www.faithvictoria.org.au/calendar
,MULTI_FAITH,Great Lent (Orthodox),26/02/2026,Faith Communities Council of Victoria,23 February - 3 April 2026,http://www.faithvictoria.org.au/calendar
,MULTI_FAITH,Great Lent (Orthodox),27/02/2026,Faith Communities Council of Victoria,23 February - 3 April 2026,http://www.faithvictoria.org.au/calendar
,MULTI_FAITH,Great Lent (Orthodox),28/02/2026,Faith Communities Council of Victoria,23 February - 3 April 2026,http://www.faithvictoria.org.au/calendar
,MULTI_FAITH,Great Lent (Orthodox),1/03/2026,Faith Communities Council of Victoria,23 February - 3 April 2026,http://www.faithvictoria.org.au/calendar
,MULTI_FAITH,Great Lent (Orthodox),2/03/2026,Faith Communities Council of Victoria,23 February - 3 April 2026,http://www.faithvictoria.org.au/calendar
,MULTI_FAITH,Great Lent (Orthodox),3/03/2026,Faith Communities Council of Victoria,23 February - 3 April 2026,http://www.faithvictoria.org.au/calendar
,MULTI_FAITH,Great Lent (Orthodox),4/03/2026,Faith Communities Council of Victoria,23 February - 3 April 2026,http://www.faithvictoria.org.au/calendar
,MULTI_FAITH,Great Lent (Orthodox),5/03/2026,Faith Communities Council of Victoria,23 February - 3 April 2026,http://www.faithvictoria.org.au/calendar
,MULTI_FAITH,Great Lent (Orthodox),6/03/2026,Faith Communities Council of Victoria,23 February - 3 April 2026,http://www.faithvictoria.org.au/calendar
,MULTI_FAITH,Great Lent (Orthodox),7/03/2026,Faith Communities Council of Victoria,23 February - 3 April 2026,http://www.faithvictoria.org.au/calendar
,MULTI_FAITH,Great Lent (Orthodox),8/03/2026,Faith Communities Council of Victoria,23 February - 3 April 2026,http://www.faithvictoria.org.au/calendar
,MULTI_FAITH,Great Lent (Orthodox),9/03/2026,Faith Communities Council of Victoria,23 February - 3 April 2026,http://www.faithvictoria.org.au/calendar
,MULTI_FAITH,Great Lent (Orthodox),10/03/2026,Faith Communities Council of Victoria,23 February - 3 April 2026,http://www.faithvictoria.org.au/calendar
,MULTI_FAITH,Great Lent (Orthodox),11/03/2026,Faith Communities Council of Victoria,23 February - 3 April 2026,http://www.faithvictoria.org.au/calendar
,MULTI_FAITH,Great Lent (Orthodox),12/03/2026,Faith Communities Council of Victoria,23 February - 3 April 2026,http://www.faithvictoria.org.au/calendar
,MULTI_FAITH,Great Lent (Orthodox),13/03/2026,Faith Communities Council of Victoria,23 February - 3 April 2026,http://www.faithvictoria.org.au/calendar
,MULTI_FAITH,Great Lent (Orthodox),14/03/2026,Faith Communities Council of Victoria,23 February - 3 April 2026,http://www.faithvictoria.org.au/calendar
,MULTI_FAITH,Great Lent (Orthodox),15/03/2026,Faith Communities Council of Victoria,23 February - 3 April 2026,http://www.faithvictoria.org.au/calendar
,MULTI_FAITH,Great Lent (Orthodox),16/03/2026,Faith Communities Council of Victoria,23 February - 3 April 2026,http://www.faithvictoria.org.au/calendar
,MULTI_FAITH,Great Lent (Orthodox),17/03/2026,Faith Communities Council of Victoria,23 February - 3 April 2026,http://www.faithvictoria.org.au/calendar
,MULTI_FAITH,Great Lent (Orthodox),18/03/2026,Faith Communities Council of Victoria,23 February - 3 April 2026,http://www.faithvictoria.org.au/calendar
,MULTI_FAITH,Great Lent (Orthodox),19/03/2026,Faith Communities Council of Victoria,23 February - 3 April 2026,http://www.faithvictoria.org.au/calendar
,MULTI_FAITH,Great Lent (Orthodox),20/03/2026,Faith Communities Council of Victoria,23 February - 3 April 2026,http://www.faithvictoria.org.au/calendar
,MULTI_FAITH,Great Lent (Orthodox),21/03/2026,Faith Communities Council of Victoria,23 February - 3 April 2026,http://www.faithvictoria.org.au/calendar
,MULTI_FAITH,Great Lent (Orthodox),22/03/2026,Faith Communities Council of Victoria,23 February - 3 April 2026,http://www.faithvictoria.org.au/calendar
,MULTI_FAITH,Great Lent (Orthodox),23/03/2026,Faith Communities Council of Victoria,23 February - 3 April 2026,http://www.faithvictoria.org.au/calendar
,MULTI_FAITH,Great Lent (Orthodox),24/03/2026,Faith Communities Council of Victoria,23 February - 3 April 2026,http://www.faithvictoria.org.au/calendar
,MULTI_FAITH,Great Lent (Orthodox),25/03/2026,Faith Communities Council of Victoria,23 February - 3 April 2026,http://www.faithvictoria.org.au/calendar
,MULTI_FAITH,Great Lent (Orthodox),26/03/2026,Faith Communities Council of Victoria,23 February - 3 April 2026,http://www.faithvictoria.org.au/calendar
,MULTI_FAITH,Great Lent (Orthodox),27/03/2026,Faith Communities Council of Victoria,23 February - 3 April 2026,http://www.faithvictoria.org.au/calendar
,MULTI_FAITH,Great Lent (Orthodox),28/03/2026,Faith Communities Council of Victoria,23 February - 3 April 2026,http://www.faithvictoria.org.au/calendar
,MULTI_FAITH,Great Lent (Orthodox),29/03/2026,Faith Communities Council of Victoria,23 February - 3 April 2026,http://www.faithvictoria.org.au/calendar
,MULTI_FAITH,Great Lent (Orthodox),30/03/2026,Faith Communities Council of Victoria,23 February - 3 April 2026,http://www.faithvictoria.org.au/calendar
,MULTI_FAITH,Great Lent (Orthodox),31/03/2026,Faith Communities Council of Victoria,23 February - 3 April 2026,http://www.faithvictoria.org.au/calendar
,MULTI_FAITH,Great Lent (Orthodox),1/04/2026,Faith Communities Council of Victoria,23 February - 3 April 2026,http://www.faithvictoria.org.au/calendar
,MULTI_FAITH,Great Lent (Orthodox),2/04/2026,Faith Communities Council of Victoria,23 February - 3 April 2026,http://www.faithvictoria.org.au/calendar
,MULTI_FAITH,Great Lent (Orthodox),3/04/2026,Faith Communities Council of Victoria,23 February - 3 April 2026,http://www.faithvictoria.org.au/calendar
,MULTI_FAITH,Purim,3/03/2026,Faith Communities Council of Victoria,,http://www.faithvictoria.org.au/calendar
,MULTI_FAITH,Magha Puja Day,3/03/2026,Faith Communities Council of Victoria,,http://www.faithvictoria.org.au/calendar
,MULTI_FAITH,Holi,3/03/2026,Faith Communities Council of Victoria,,http://www.faithvictoria.org.au/calendar
,MULTI_FAITH,Hola Mohalla,4/03/2026,Faith Communities Council of Victoria,4-6 March 2026,http://www.faithvictoria.org.au/calendar
,MULTI_FAITH,Hola Mohalla,5/03/2026,Faith Communities Council of Victoria,4-6 March 2026,http://www.faithvictoria.org.au/calendar
,MULTI_FAITH,Hola Mohalla,6/03/2026,Faith Communities Council of Victoria,4-6 March 2026,http://www.faithvictoria.org.au/calendar
,MULTI_FAITH,Sikh New Year,14/03/2026,Faith Communities Council of Victoria,,http://www.faithvictoria.org.au/calendar
,MULTI_FAITH,Lailat al Qadr,16/03/2026,Faith Communities Council of Victoria,,http://www.faithvictoria.org.au/calendar
,MULTI_FAITH,Eid ul Fitr,20/03/2026,Faith Communities Council of Victoria,,http://www.faithvictoria.org.au/calendar
,MULTI_FAITH,Naw Ruz,21/03/2026,Faith Communities Council of Victoria,,http://www.faithvictoria.org.au/calendar
,MULTI_FAITH,Annunciation,25/03/2026,Faith Communities Council of Victoria,,http://www.faithvictoria.org.au/calendar
,MULTI_FAITH,Rama Navami,26/03/2026,Faith Communities Council of Victoria,,http://www.faithvictoria.org.au/calendar
,MULTI_FAITH,Holy Week,29/03/2026,Faith Communities Council of Victoria,29 March - 4 April 2026,http://www.faithvictoria.org.au/calendar
,MULTI_FAITH,Holy Week,30/03/2026,Faith Communities Council of Victoria,29 March - 4 April 2026,http://www.faithvictoria.org.au/calendar
,MULTI_FAITH,Holy Week,31/03/2026,Faith Communities Council of Victoria,29 March - 4 April 2026,http://www.faithvictoria.org.au/calendar
,MULTI_FAITH,Holy Week,1/04/2026,Faith Communities Council of Victoria,29 March - 4 April 2026,http://www.faithvictoria.org.au/calendar
,MULTI_FAITH,Holy Week,2/04/2026,Faith Communities Council of Victoria,29 March - 4 April 2026,http://www.faithvictoria.org.au/calendar
,MULTI_FAITH,Holy Week,3/04/2026,Faith Communities Council of Victoria,29 March - 4 April 2026,http://www.faithvictoria.org.au/calendar
,MULTI_FAITH,Holy Week,4/04/2026,Faith Communities Council of Victoria,29 March - 4 April 2026,http://www.faithvictoria.org.au/calendar
,MULTI_FAITH,Mahavir Jayanti,31/03/2026,Faith Communities Council of Victoria,,http://www.faithvictoria.org.au/calendar
,MULTI_FAITH,Theravada New Year,2/04/2026,Faith Communities Council of Victoria,2-5 April 2026,http://www.faithvictoria.org.au/calendar
,MULTI_FAITH,Theravada New Year,3/04/2026,Faith Communities Council of Victoria,2-5 April 2026,http://www.faithvictoria.org.au/calendar
,MULTI_FAITH,Theravada New Year,4/04/2026,Faith Communities Council of Victoria,2-5 April 2026,http://www.faithvictoria.org.au/calendar
,MULTI_FAITH,Theravada New Year,5/04/2026,Faith Communities Council of Victoria,2-5 April 2026,http://www.faithvictoria.org.au/calendar
,MULTI_FAITH,Pesach,2/04/2026,Faith Communities Council of Victoria,2-9 April 2026,http://www.faithvictoria.org.au/calendar
,MULTI_FAITH,Pesach,3/04/2026,Faith Communities Council of Victoria,2-9 April 2026,http://www.faithvictoria.org.au/calendar
,MULTI_FAITH,Pesach,4/04/2026,Faith Communities Council of Victoria,2-9 April 2026,http://www.faithvictoria.org.au/calendar
,MULTI_FAITH,Pesach,5/04/2026,Faith Communities Council of Victoria,2-9 April 2026,http://www.faithvictoria.org.au/calendar
,MULTI_FAITH,Pesach,6/04/2026,Faith Communities Council of Victoria,2-9 April 2026,http://www.faithvictoria.org.au/calendar
,MULTI_FAITH,Pesach,7/04/2026,Faith Communities Council of Victoria,2-9 April 2026,http://www.faithvictoria.org.au/calendar
,MULTI_FAITH,Pesach,8/04/2026,Faith Communities Council of Victoria,2-9 April 2026,http://www.faithvictoria.org.au/calendar
,MULTI_FAITH,Pesach,9/04/2026,Faith Communities Council of Victoria,2-9 April 2026,http://www.faithvictoria.org.au/calendar
,MULTI_FAITH,Good/Holy Friday,3/04/2026,Faith Communities Council of Victoria,,http://www.faithvictoria.org.au/calendar
,MULTI_FAITH,Easter/Pascha,5/04/2026,Faith Communities Council of Victoria,,http://www.faithvictoria.org.au/calendar
,MULTI_FAITH,Good/Holy Friday (Orthodox),10/04/2026,Faith Communities Council of Victoria,,http://www.faithvictoria.org.au/calendar
,MULTI_FAITH,Easter/Pascha (Orthodox),12/04/2026,Faith Communities Council of Victoria,,http://www.faithvictoria.org.au/calendar
,MULTI_FAITH,Yom HaShoah,14/04/2026,Faith Communities Council of Victoria,,http://www.faithvictoria.org.au/calendar
,MULTI_FAITH,Vaisakhi,14/04/2026,Faith Communities Council of Victoria,,http://www.faithvictoria.org.au/calendar
,MULTI_FAITH,Ridvan,21/04/2026,Faith Communities Council of Victoria,21 April - 2 May 2026,http://www.faithvictoria.org.au/calendar
,MULTI_FAITH,Ridvan,22/04/2026,Faith Communities Council of Victoria,21 April - 2 May 2026,http://www.faithvictoria.org.au/calendar
,MULTI_FAITH,Ridvan,23/04/2026,Faith Communities Council of Victoria,21 April - 2 May 2026,http://www.faithvictoria.org.au/calendar
,MULTI_FAITH,Ridvan,24/04/2026,Faith Communities Council of Victoria,21 April - 2 May 2026,http://www.faithvictoria.org.au/calendar
,MULTI_FAITH,Ridvan,25/04/2026,Faith Communities Council of Victoria,21 April - 2 May 2026,http://www.faithvictoria.org.au/calendar
,MULTI_FAITH,Ridvan,26/04/2026,Faith Communities Council of Victoria,21 April - 2 May 2026,http://www.faithvictoria.org.au/calendar
,MULTI_FAITH,Ridvan,27/04/2026,Faith Communities Council of Victoria,21 April - 2 May 2026,http://www.faithvictoria.org.au/calendar
,MULTI_FAITH,Ridvan,28/04/2026,Faith Communities Council of Victoria,21 April - 2 May 2026,http://www.faithvictoria.org.au/calendar
,MULTI_FAITH,Ridvan,29/04/2026,Faith Communities Council of Victoria,21 April - 2 May 2026,http://www.faithvictoria.org.au/calendar
,MULTI_FAITH,Ridvan,30/04/2026,Faith Communities Council of Victoria,21 April - 2 May 2026,http://www.faithvictoria.org.au/calendar
,MULTI_FAITH,Ridvan,1/05/2026,Faith Communities Council of Victoria,21 April - 2 May 2026,http://www.faithvictoria.org.au/calendar
,MULTI_FAITH,Ridvan,2/05/2026,Faith Communities Council of Victoria,21 April - 2 May 2026,http://www.faithvictoria.org.au/calendar
,MULTI_FAITH,Vesak / Buddha Day,1/05/2026,Faith Communities Council of Victoria,,http://www.faithvictoria.org.au/calendar
,MULTI_FAITH,Shavuot,22/05/2026,Faith Communities Council of Victoria,22-23 May 2026,http://www.faithvictoria.org.au/calendar
,MULTI_FAITH,Shavuot,23/05/2026,Faith Communities Council of Victoria,22-23 May 2026,http://www.faithvictoria.org.au/calendar
,MULTI_FAITH,Declaration of the Bab,24/05/2026,Faith Communities Council of Victoria,,http://www.faithvictoria.org.au/calendar
,MULTI_FAITH,Pentecost,24/05/2026,Faith Communities Council of Victoria,,http://www.faithvictoria.org.au/calendar
,MULTI_FAITH,Eid Al Adha,27/05/2026,Faith Communities Council of Victoria,27-30 May 2025,http://www.faithvictoria.org.au/calendar
,MULTI_FAITH,Eid Al Adha,28/05/2026,Faith Communities Council of Victoria,27-30 May 2025,http://www.faithvictoria.org.au/calendar
,MULTI_FAITH,Eid Al Adha,29/05/2026,Faith Communities Council of Victoria,27-30 May 2025,http://www.faithvictoria.org.au/calendar
,MULTI_FAITH,Eid Al Adha,30/05/2026,Faith Communities Council of Victoria,27-30 May 2025,http://www.faithvictoria.org.au/calendar
,MULTI_FAITH,Ascension of Baha'ullah,29/05/2026,Faith Communities Council of Victoria,,http://www.faithvictoria.org.au/calendar
,MULTI_FAITH,Saga Dawa Duchen,31/05/2026,Faith Communities Council of Victoria,,http://www.faithvictoria.org.au/calendar
,MULTI_FAITH,Hijra,16/06/2026,Faith Communities Council of Victoria,,http://www.faithvictoria.org.au/calendar
,MULTI_FAITH,Martyrdom of Guru Arjun Dev Ji,16/06/2025,Faith Communities Council of Victoria,,http://www.faithvictoria.org.au/calendar
,MULTI_FAITH,Ashura,26/06/2026,Faith Communities Council of Victoria,,http://www.faithvictoria.org.au/calendar
,MULTI_FAITH,Martyrdom of the Bab,10/07/2026,Faith Communities Council of Victoria,,http://www.faithvictoria.org.au/calendar
,MULTI_FAITH,Tisha B'Av,23/07/2026,Faith Communities Council of Victoria,,http://www.faithvictoria.org.au/calendar
,MULTI_FAITH,Asalha Puja,29/07/2026,Faith Communities Council of Victoria,,http://www.faithvictoria.org.au/calendar
,MULTI_FAITH,Assumption of the Blessed Virgin Mary,15/08/2026,Faith Communities Council of Victoria,,http://www.faithvictoria.org.au/calendar
,MULTI_FAITH,Ullambana,27/08/2026,Faith Communities Council of Victoria,,http://www.faithvictoria.org.au/calendar
,MULTI_FAITH,Raksha Bandhan,28/08/2026,Faith Communities Council of Victoria,,http://www.faithvictoria.org.au/calendar
,MULTI_FAITH,Krishna Janmashtami,4/09/2026,Faith Communities Council of Victoria,,http://www.faithvictoria.org.au/calendar
,MULTI_FAITH,Paryushana,8/09/2026,Faith Communities Council of Victoria,8-15 September 2026,http://www.faithvictoria.org.au/calendar
,MULTI_FAITH,Paryushana,9/09/2026,Faith Communities Council of Victoria,8-15 September 2026,http://www.faithvictoria.org.au/calendar
,MULTI_FAITH,Paryushana,10/09/2026,Faith Communities Council of Victoria,8-15 September 2026,http://www.faithvictoria.org.au/calendar
,MULTI_FAITH,Paryushana,11/09/2026,Faith Communities Council of Victoria,8-15 September 2026,http://www.faithvictoria.org.au/calendar
,MULTI_FAITH,Paryushana,12/09/2026,Faith Communities Council of Victoria,8-15 September 2026,http://www.faithvictoria.org.au/calendar
,MULTI_FAITH,Paryushana,13/09/2026,Faith Communities Council of Victoria,8-15 September 2026,http://www.faithvictoria.org.au/calendar
,MULTI_FAITH,Paryushana,14/09/2026,Faith Communities Council of Victoria,8-15 September 2026,http://www.faithvictoria.org.au/calendar
,MULTI_FAITH,Paryushana,15/09/2026,Faith Communities Council of Victoria,8-15 September 2026,http://www.faithvictoria.org.au/calendar
,MULTI_FAITH,Rosh Hashanah,12/09/2026,Faith Communities Council of Victoria,12-13 September 2026,http://www.faithvictoria.org.au/calendar
,MULTI_FAITH,Rosh Hashanah,13/09/2026,Faith Communities Council of Victoria,12-13 September 2026,http://www.faithvictoria.org.au/calendar
,MULTI_FAITH,Samvatsari,15/09/2026,Faith Communities Council of Victoria,,http://www.faithvictoria.org.au/calendar
,MULTI_FAITH,Ganesh Chaturthi,15/09/2026,Faith Communities Council of Victoria,,http://www.faithvictoria.org.au/calendar
,MULTI_FAITH,Daslakshana,15/09/2026,Faith Communities Council of Victoria,15-25 September 2026,http://www.faithvictoria.org.au/calendar
,MULTI_FAITH,Daslakshana,16/09/2026,Faith Communities Council of Victoria,15-25 September 2026,http://www.faithvictoria.org.au/calendar
,MULTI_FAITH,Daslakshana,17/09/2026,Faith Communities Council of Victoria,15-25 September 2026,http://www.faithvictoria.org.au/calendar
,MULTI_FAITH,Daslakshana,18/09/2026,Faith Communities Council of Victoria,15-25 September 2026,http://www.faithvictoria.org.au/calendar
,MULTI_FAITH,Daslakshana,19/09/2026,Faith Communities Council of Victoria,15-25 September 2026,http://www.faithvictoria.org.au/calendar
,MULTI_FAITH,Daslakshana,20/09/2026,Faith Communities Council of Victoria,15-25 September 2026,http://www.faithvictoria.org.au/calendar
,MULTI_FAITH,Daslakshana,21/09/2026,Faith Communities Council of Victoria,15-25 September 2026,http://www.faithvictoria.org.au/calendar
,MULTI_FAITH,Daslakshana,22/09/2026,Faith Communities Council of Victoria,15-25 September 2026,http://www.faithvictoria.org.au/calendar
,MULTI_FAITH,Daslakshana,23/09/2026,Faith Communities Council of Victoria,15-25 September 2026,http://www.faithvictoria.org.au/calendar
,MULTI_FAITH,Daslakshana,24/09/2026,Faith Communities Council of Victoria,15-25 September 2026,http://www.faithvictoria.org.au/calendar
,MULTI_FAITH,Daslakshana,25/09/2026,Faith Communities Council of Victoria,15-25 September 2026,http://www.faithvictoria.org.au/calendar
,MULTI_FAITH,Yom Kippur,21/09/2026,Faith Communities Council of Victoria,,http://www.faithvictoria.org.au/calendar
,MULTI_FAITH,Kshamavani,27/09/2026,Faith Communities Council of Victoria,,http://www.faithvictoria.org.au/calendar
,MULTI_FAITH,Sukkot,26/09/2026,Faith Communities Council of Victoria,26 September - 2 October 2026,http://www.faithvictoria.org.au/calendar
,MULTI_FAITH,Sukkot,27/09/2026,Faith Communities Council of Victoria,26 September - 2 October 2026,http://www.faithvictoria.org.au/calendar
,MULTI_FAITH,Sukkot,28/09/2026,Faith Communities Council of Victoria,26 September - 2 October 2026,http://www.faithvictoria.org.au/calendar
,MULTI_FAITH,Sukkot,29/09/2026,Faith Communities Council of Victoria,26 September - 2 October 2026,http://www.faithvictoria.org.au/calendar
,MULTI_FAITH,Sukkot,30/09/2026,Faith Communities Council of Victoria,26 September - 2 October 2026,http://www.faithvictoria.org.au/calendar
,MULTI_FAITH,Sukkot,1/10/2026,Faith Communities Council of Victoria,26 September - 2 October 2026,http://www.faithvictoria.org.au/calendar
,MULTI_FAITH,Sukkot,2/10/2026,Faith Communities Council of Victoria,26 September - 2 October 2026,http://www.faithvictoria.org.au/calendar
,MULTI_FAITH,Shemini Atzeret,3/10/2026,Faith Communities Council of Victoria,,http://www.faithvictoria.org.au/calendar
,MULTI_FAITH,Simchat Torah,4/10/2026,Faith Communities Council of Victoria,,http://www.faithvictoria.org.au/calendar
,MULTI_FAITH,Navaratri,11/10/2026,Faith Communities Council of Victoria,11-19 October 2026,http://www.faithvictoria.org.au/calendar
,MULTI_FAITH,Navaratri,12/10/2026,Faith Communities Council of Victoria,11-19 October 2026,http://www.faithvictoria.org.au/calendar
,MULTI_FAITH,Navaratri,13/10/2026,Faith Communities Council of Victoria,11-19 October 2026,http://www.faithvictoria.org.au/calendar
,MULTI_FAITH,Navaratri,14/10/2026,Faith Communities Council of Victoria,11-19 October 2026,http://www.faithvictoria.org.au/calendar
,MULTI_FAITH,Navaratri,15/10/2026,Faith Communities Council of Victoria,11-19 October 2026,http://www.faithvictoria.org.au/calendar
,MULTI_FAITH,Navaratri,16/10/2026,Faith Communities Council of Victoria,11-19 October 2026,http://www.faithvictoria.org.au/calendar
,MULTI_FAITH,Navaratri,17/10/2026,Faith Communities Council of Victoria,11-19 October 2026,http://www.faithvictoria.org.au/calendar
,MULTI_FAITH,Navaratri,18/10/2026,Faith Communities Council of Victoria,11-19 October 2026,http://www.faithvictoria.org.au/calendar
,MULTI_FAITH,Navaratri,19/10/2026,Faith Communities Council of Victoria,11-19 October 2026,http://www.faithvictoria.org.au/calendar
,MULTI_FAITH,Conferment of Guruship to Guru Granth Sahib,20/10/2026,Faith Communities Council of Victoria,,http://www.faithvictoria.org.au/calendar
,MULTI_FAITH,Dussehra,20/10/2026,Faith Communities Council of Victoria,,http://www.faithvictoria.org.au/calendar
,MULTI_FAITH,Kathina,7/10/2025,Faith Communities Council of Victoria,,http://www.faithvictoria.org.au/calendar
,MULTI_FAITH,All Saints Day,1/11/2026,Faith Communities Council of Victoria,,http://www.faithvictoria.org.au/calendar
,MULTI_FAITH,Diwali,8/11/2026,Faith Communities Council of Victoria,,http://www.faithvictoria.org.au/calendar
,MULTI_FAITH,Bandi Chhor Divas (Diwali),8/11/2026,Faith Communities Council of Victoria,,http://www.faithvictoria.org.au/calendar
,MULTI_FAITH,Mahavira Nirvana (Diwali),9/11/2026,Faith Communities Council of Victoria,,http://www.faithvictoria.org.au/calendar
,MULTI_FAITH,Birth of the Bab,10/11/2026,Faith Communities Council of Victoria,,http://www.faithvictoria.org.au/calendar
,MULTI_FAITH,Birth of Baha'ullah,11/11/2026,Faith Communities Council of Victoria,,http://www.faithvictoria.org.au/calendar
,MULTI_FAITH,Birth of Guru Nanak Dev Sahib Ji,24/11/2026,Faith Communities Council of Victoria,,http://www.faithvictoria.org.au/calendar
,MULTI_FAITH,Martyrdom of Guru Tegh Bahadur Ji,24/11/2026,Faith Communities Council of Victoria,,http://www.faithvictoria.org.au/calendar
,MULTI_FAITH,Day of the Covenant,26/11/2026,Faith Communities Council of Victoria,,http://www.faithvictoria.org.au/calendar
,MULTI_FAITH,Ascension of Abdu'l-Baha,28/11/2026,Faith Communities Council of Victoria,,http://www.faithvictoria.org.au/calendar
,MULTI_FAITH,Advent,29/11/2026,Faith Communities Council of Victoria,29 November - 24 December 2026,http://www.faithvictoria.org.au/calendar
,MULTI_FAITH,Advent,30/11/2026,Faith Communities Council of Victoria,29 November - 24 December 2026,http://www.faithvictoria.org.au/calendar
,MULTI_FAITH,Advent,1/12/2026,Faith Communities Council of Victoria,29 November - 24 December 2026,http://www.faithvictoria.org.au/calendar
,MULTI_FAITH,Advent,2/12/2026,Faith Communities Council of Victoria,29 November - 24 December 2026,http://www.faithvictoria.org.au/calendar
,MULTI_FAITH,Advent,3/12/2026,Faith Communities Council of Victoria,29 November - 24 December 2026,http://www.faithvictoria.org.au/calendar
,MULTI_FAITH,Advent,4/12/2026,Faith Communities Council of Victoria,29 November - 24 December 2026,http://www.faithvictoria.org.au/calendar
,MULTI_FAITH,Advent,5/12/2026,Faith Communities Council of Victoria,29 November - 24 December 2026,http://www.faithvictoria.org.au/calendar
,MULTI_FAITH,Advent,6/12/2026,Faith Communities Council of Victoria,29 November - 24 December 2026,http://www.faithvictoria.org.au/calendar
,MULTI_FAITH,Advent,7/12/2026,Faith Communities Council of Victoria,29 November - 24 December 2026,http://www.faithvictoria.org.au/calendar
,MULTI_FAITH,Advent,8/12/2026,Faith Communities Council of Victoria,29 November - 24 December 2026,http://www.faithvictoria.org.au/calendar
,MULTI_FAITH,Advent,9/12/2026,Faith Communities Council of Victoria,29 November - 24 December 2026,http://www.faithvictoria.org.au/calendar
,MULTI_FAITH,Advent,10/12/2026,Faith Communities Council of Victoria,29 November - 24 December 2026,http://www.faithvictoria.org.au/calendar
,MULTI_FAITH,Advent,11/12/2026,Faith Communities Council of Victoria,29 November - 24 December 2026,http://www.faithvictoria.org.au/calendar
,MULTI_FAITH,Advent,12/12/2026,Faith Communities Council of Victoria,29 November - 24 December 2026,http://www.faithvictoria.org.au/calendar
,MULTI_FAITH,Advent,13/12/2026,Faith Communities Council of Victoria,29 November - 24 December 2026,http://www.faithvictoria.org.au/calendar
,MULTI_FAITH,Advent,14/12/2026,Faith Communities Council of Victoria,29 November - 24 December 2026,http://www.faithvictoria.org.au/calendar
,MULTI_FAITH,Advent,15/12/2026,Faith Communities Council of Victoria,29 November - 24 December 2026,http://www.faithvictoria.org.au/calendar
,MULTI_FAITH,Advent,16/12/2026,Faith Communities Council of Victoria,29 November - 24 December 2026,http://www.faithvictoria.org.au/calendar
,MULTI_FAITH,Advent,17/12/2026,Faith Communities Council of Victoria,29 November - 24 December 2026,http://www.faithvictoria.org.au/calendar
,MULTI_FAITH,Advent,18/12/2026,Faith Communities Council of Victoria,29 November - 24 December 2026,http://www.faithvictoria.org.au/calendar
,MULTI_FAITH,Advent,19/12/2026,Faith Communities Council of Victoria,29 November - 24 December 2026,http://www.faithvictoria.org.au/calendar
,MULTI_FAITH,Advent,20/12/2026,Faith Communities Council of Victoria,29 November - 24 December 2026,http://www.faithvictoria.org.au/calendar
,MULTI_FAITH,Advent,21/12/2026,Faith Communities Council of Victoria,29 November - 24 December 2026,http://www.faithvictoria.org.au/calendar
,MULTI_FAITH,Advent,22/12/2026,Faith Communities Council of Victoria,29 November - 24 December 2026,http://www.faithvictoria.org.au/calendar
,MULTI_FAITH,Advent,23/12/2026,Faith Communities Council of Victoria,29 November - 24 December 2026,http://www.faithvictoria.org.au/calendar
,MULTI_FAITH,Advent,24/12/2026,Faith Communities Council of Victoria,29 November - 24 December 2026,
,MULTI_FAITH,Hanukkah,5/12/2026,Faith Communities Council of Victoria,5-12 December 2026,http://www.faithvictoria.org.au/calendar
,MULTI_FAITH,Hanukkah,6/12/2026,Faith Communities Council of Victoria,5-12 December 2026,http://www.faithvictoria.org.au/calendar
,MULTI_FAITH,Hanukkah,7/12/2026,Faith Communities Council of Victoria,5-12 December 2026,http://www.faithvictoria.org.au/calendar
,MULTI_FAITH,Hanukkah,8/12/2026,Faith Communities Council of Victoria,5-12 December 2026,http://www.faithvictoria.org.au/calendar
,MULTI_FAITH,Hanukkah,9/12/2026,Faith Communities Council of Victoria,5-12 December 2026,http://www.faithvictoria.org.au/calendar
,MULTI_FAITH,Hanukkah,10/12/2026,Faith Communities Council of Victoria,5-12 December 2026,http://www.faithvictoria.org.au/calendar
,MULTI_FAITH,Hanukkah,11/12/2026,Faith Communities Council of Victoria,5-12 December 2026,http://www.faithvictoria.org.au/calendar
,MULTI_FAITH,Hanukkah,12/12/2026,Faith Communities Council of Victoria,5-12 December 2026,http://www.faithvictoria.org.au/calendar
,MULTI_FAITH,Bodhi Day,8/12/2026,Faith Communities Council of Victoria,,http://www.faithvictoria.org.au/calendar
,MULTI_FAITH,Christmas,25/12/2026,Faith Communities Council of Victoria,,http://www.faithvictoria.org.au/calendar
,DAYLIGHT_SAVING,Daylight Savings Starts,5/10/2025,Business Victoria,Daylight Saving Time begins at 2am on the first Sunday in October when clocks are put forward one hour,https://business.vic.gov.au/business-information/daylight-saving
,DAYLIGHT_SAVING,Daylight Savings Ends,5/04/2026,Business Victoria,Daylight Saving Time ends at 2am (3am Daylight Saving Time) on the first Sunday in April when clocks are put back one hour,https://business.vic.gov.au/business-information/daylight-saving
,PUBLIC_HOLIDAY,Friday before the AFL grand final,26/09/2025,Business Victoria,,https://business.vic.gov.au/business-information/public-holidays/victorian-public-holidays-2025
,PUBLIC_HOLIDAY,New Year's Day,1/01/2026,Business Victoria,,https://business.vic.gov.au/business-information/public-holidays/victorian-public-holidays-2026
,PUBLIC_HOLIDAY,Australia Day,26/01/2026,Business Victoria,,https://business.vic.gov.au/business-information/public-holidays/victorian-public-holidays-2026
,PUBLIC_HOLIDAY,Labour Day,9/03/2026,Business Victoria,,https://business.vic.gov.au/business-information/public-holidays/victorian-public-holidays-2026
,PUBLIC_HOLIDAY,Good Friday,3/04/2026,Business Victoria,,https://business.vic.gov.au/business-information/public-holidays/victorian-public-holidays-2026
,PUBLIC_HOLIDAY,Saturday before Easter Sunday,4/04/2026,Business Victoria,,https://business.vic.gov.au/business-information/public-holidays/victorian-public-holidays-2026
,PUBLIC_HOLIDAY,Easter Sunday,5/04/2026,Business Victoria,,https://business.vic.gov.au/business-information/public-holidays/victorian-public-holidays-2026
,PUBLIC_HOLIDAY,Easter Monday,6/04/2026,Business Victoria,,https://business.vic.gov.au/business-information/public-holidays/victorian-public-holidays-2026
,PUBLIC_HOLIDAY,ANZAC Day,25/04/2026,Business Victoria,ANZAC Day is commemorated on the day it falls. There is no replacement holiday when ANZAC Day falls on a weekend.,https://business.vic.gov.au/business-information/public-holidays/victorian-public-holidays-2026
,PUBLIC_HOLIDAY,King's Birthday,8/06/2026,Business Victoria,,https://business.vic.gov.au/business-information/public-holidays/victorian-public-holidays-2026
,PUBLIC_HOLIDAY,Friday before the AFL grand final,25/09/2026,Business Victoria,,https://business.vic.gov.au/business-information/public-holidays/victorian-public-holidays-2026
,PUBLIC_HOLIDAY,Melbourne Cup,3/11/2026,Business Victoria,Melbourne Cup Day is a public holiday across all of Victoria unless alternate local holiday has been arranged by a non-metro council.,https://business.vic.gov.au/business-information/public-holidays/victorian-public-holidays-2026
,PUBLIC_HOLIDAY,Christmas Day,25/12/2026,Business Victoria,,https://business.vic.gov.au/business-information/public-holidays/victorian-public-holidays-2026
,PUBLIC_HOLIDAY,Boxing Day,26/12/2026,Business Victoria,,https://business.vic.gov.au/business-information/public-holidays/victorian-public-holidays-2026
,PUBLIC_HOLIDAY,Boxing Day,28/12/2026,Business Victoria,"As Boxing Day falls on a Saturday, an additional public holiday is given on the following Monday.",https://business.vic.gov.au/business-information/public-holidays/victorian-public-holidays-2026
,PUBLIC_HOLIDAY,New Year's Day,1/01/2027,Business Victoria,,https://business.vic.gov.au/business-information/public-holidays/victorian-public-holidays-2027
,PUBLIC_HOLIDAY,Australia Day,26/01/2027,Business Victoria,,https://business.vic.gov.au/business-information/public-holidays/victorian-public-holidays-2027
,PUBLIC_HOLIDAY,Labour Day,8/03/2027,Business Victoria,,https://business.vic.gov.au/business-information/public-holidays/victorian-public-holidays-2027
,PUBLIC_HOLIDAY,Good Friday,26/03/2027,Business Victoria,,https://business.vic.gov.au/business-information/public-holidays/victorian-public-holidays-2027
,PUBLIC_HOLIDAY,Saturday before Easter Sunday,27/03/2027,Business Victoria,,https://business.vic.gov.au/business-information/public-holidays/victorian-public-holidays-2027
,PUBLIC_HOLIDAY,Easter Sunday,28/03/2027,Business Victoria,,https://business.vic.gov.au/business-information/public-holidays/victorian-public-holidays-2027
,PUBLIC_HOLIDAY,Easter Monday,28/03/2027,Business Victoria,,https://business.vic.gov.au/business-information/public-holidays/victorian-public-holidays-2027
,PUBLIC_HOLIDAY,ANZAC Day,25/04/2027,Business Victoria,ANZAC Day is commemorated on the day it falls. There is no replacement holiday when ANZAC Day falls on a weekend.,https://business.vic.gov.au/business-information/public-holidays/victorian-public-holidays-2027
,PUBLIC_HOLIDAY,King's Birthday,14/06/2027,Business Victoria,,https://business.vic.gov.au/business-information/public-holidays/victorian-public-holidays-2027
,PUBLIC_HOLIDAY,Melbourne Cup,2/11/2027,Business Victoria,Melbourne Cup Day is a public holiday across all of Victoria unless alternate local holiday has been arranged by a non-metro council.,https://business.vic.gov.au/business-information/public-holidays/victorian-public-holidays-2027
,PUBLIC_HOLIDAY,Christmas Day,25/12/2027,Business Victoria,,https://business.vic.gov.au/business-information/public-holidays/victorian-public-holidays-2027
,PUBLIC_HOLIDAY,Christmas Day,27/12/2027,Business Victoria,"As Christmas Day falls on a Saturday, an additional public holiday is given on the following Monday.",https://business.vic.gov.au/business-information/public-holidays/victorian-public-holidays-2027
,PUBLIC_HOLIDAY,Boxing Day,26/12/2027,Business Victoria,,https://business.vic.gov.au/business-information/public-holidays/victorian-public-holidays-2027
,PUBLIC_HOLIDAY,Boxing Day,28/12/2027,Business Victoria,"As Boxing Day falls on a Sunday, an additional public holiday is given on the following Tuesday.",https://business.vic.gov.au/business-information/public-holidays/victorian-public-holidays-2027
,PUBLIC_HOLIDAY,New Year's Day,1/01/2027,Business Victoria,,https://business.vic.gov.au/business-information/public-holidays/victorian-public-holidays-2028
,PUBLIC_HOLIDAY,Australia Day,26/01/2027,Business Victoria,,https://business.vic.gov.au/business-information/public-holidays/victorian-public-holidays-2028
,PUBLIC_HOLIDAY,Labour Day,8/03/2027,Business Victoria,,https://business.vic.gov.au/business-information/public-holidays/victorian-public-holidays-2028
,PUBLIC_HOLIDAY,Good Friday,26/03/2027,Business Victoria,,https://business.vic.gov.au/business-information/public-holidays/victorian-public-holidays-2028
,PUBLIC_HOLIDAY,Saturday before Easter Sunday,27/03/2027,Business Victoria,,https://business.vic.gov.au/business-information/public-holidays/victorian-public-holidays-2028
,PUBLIC_HOLIDAY,Easter Monday,28/03/2027,Business Victoria,,https://business.vic.gov.au/business-information/public-holidays/victorian-public-holidays-2028
,PUBLIC_HOLIDAY,Easter Sunday,28/03/2027,Business Victoria,,https://business.vic.gov.au/business-information/public-holidays/victorian-public-holidays-2028
,PUBLIC_HOLIDAY,ANZAC Day,25/04/2027,Business Victoria,ANZAC Day is commemorated on the day it falls. There is no replacement holiday when ANZAC Day falls on a weekend.,https://business.vic.gov.au/business-information/public-holidays/victorian-public-holidays-2028
,PUBLIC_HOLIDAY,King's Birthday,14/06/2027,Business Victoria,,https://business.vic.gov.au/business-information/public-holidays/victorian-public-holidays-2028
,PUBLIC_HOLIDAY,Melbourne Cup,2/11/2027,Business Victoria,Melbourne Cup Day is a public holiday across all of Victoria unless alternate local holiday has been arranged by a non-metro council.,https://business.vic.gov.au/business-information/public-holidays/victorian-public-holidays-2028
,PUBLIC_HOLIDAY,Christmas Day,25/12/2027,Business Victoria,,https://business.vic.gov.au/business-information/public-holidays/victorian-public-holidays-2028
,PUBLIC_HOLIDAY,Boxing Day,26/12/2027,Business Victoria,,https://business.vic.gov.au/business-information/public-holidays/victorian-public-holidays-2028
,PUBLIC_HOLIDAY,Christmas Day,27/12/2027,Business Victoria,"As Christmas Day falls on a Saturday, an additional public holiday is given on the following Monday.",https://business.vic.gov.au/business-information/public-holidays/victorian-public-holidays-2028
,PUBLIC_HOLIDAY,Boxing Day,28/12/2027,Business Victoria,"As Boxing Day falls on a Sunday, an additional public holiday is given on the following Tuesday.",https://business.vic.gov.au/business-information/public-holidays/victorian-public-holidays-2028
