latitude,longitude,elevation,utc_offset_seconds,timezone,timezone_abbreviation
-37.785587,144.93976,19.0,39600,Australia/Sydney,GMT+11

time,temperature_2m_max (°C),temperature_2m_min (°C),wind_speed_10m_max (km/h),precipitation_sum (mm)
2009-01-01,17.9,11.7,27.6,0.70
2009-01-02,16.0,9.7,23.0,0.30
2009-01-03,19.9,8.0,16.3,0.00
2009-01-04,26.3,11.3,14.6,0.00
2009-01-05,25.3,10.9,15.9,0.00
2009-01-06,27.7,12.6,22.7,0.00
2009-01-07,21.2,14.5,20.2,0.00
2009-01-08,17.1,12.9,26.0,0.00
2009-01-09,20.0,11.3,20.1,0.00
2009-01-10,22.9,12.6,22.2,0.00
2009-01-11,23.1,13.0,22.1,0.00
2009-01-12,24.1,12.2,17.8,0.00
2009-01-13,35.8,10.9,18.8,0.00
2009-01-14,30.6,16.7,23.7,0.00
2009-01-15,22.3,14.9,21.5,0.00
2009-01-16,18.5,14.0,28.6,0.00
2009-01-17,19.5,13.5,20.1,0.00
2009-01-18,24.0,8.6,15.9,0.00
2009-01-19,34.9,10.5,11.7,0.00
2009-01-20,38.0,16.9,29.3,0.00
2009-01-21,28.8,14.7,20.9,0.00
2009-01-22,34.2,17.6,37.6,0.00
2009-01-23,30.8,13.9,20.1,0.00
2009-01-24,22.0,15.1,22.1,0.30
2009-01-25,26.5,12.3,22.1,0.00
2009-01-26,24.8,12.5,21.2,0.00
2009-01-27,35.2,12.7,14.9,0.00
2009-01-28,41.4,16.8,17.3,0.00
2009-01-29,42.9,29.1,26.9,0.00
2009-01-30,42.7,23.8,19.2,0.00
2009-01-31,30.8,20.9,24.0,0.00
2009-02-01,33.5,20.3,19.5,0.00
2009-02-02,28.5,20.1,20.4,0.00
2009-02-03,29.6,19.9,21.0,0.20
2009-02-04,30.1,16.6,16.4,0.00
2009-02-05,29.6,17.5,23.5,0.00
2009-02-06,30.6,16.6,21.3,0.00
2009-02-07,44.2,23.9,36.1,0.00
2009-02-08,22.5,16.9,23.0,0.00
2009-02-09,19.0,14.9,25.3,0.00
2009-02-10,17.9,14.0,26.9,0.00
2009-02-11,17.8,13.5,27.0,0.00
2009-02-12,20.9,13.2,25.3,0.00
2009-02-13,26.3,10.7,20.1,0.00
2009-02-14,26.8,10.9,17.8,0.00
2009-02-15,27.3,13.7,23.1,0.00
2009-02-16,28.3,14.5,18.9,0.00
2009-02-17,29.5,13.3,14.8,0.00
2009-02-18,28.8,14.3,14.5,0.00
2009-02-19,29.0,16.0,14.8,0.00
2009-02-20,23.3,17.2,21.0,0.00
2009-02-21,21.6,16.3,24.2,0.80
2009-02-22,26.3,15.8,18.5,0.00
2009-02-23,33.5,14.3,24.2,0.00
2009-02-24,18.8,14.3,22.7,0.00
2009-02-25,21.3,14.7,19.5,0.00
2009-02-26,29.4,14.5,12.6,0.00
2009-02-27,33.8,15.3,24.7,0.00
2009-02-28,21.0,15.7,23.2,0.00
2009-03-01,19.4,15.2,21.0,0.20
2009-03-02,25.8,13.5,13.1,0.00
2009-03-03,30.6,17.1,45.1,11.80
2009-03-04,18.7,13.6,31.4,2.10
2009-03-05,16.4,12.8,25.4,2.80
2009-03-06,18.4,12.8,16.6,1.50
2009-03-07,18.4,11.3,18.7,0.00
2009-03-08,20.3,13.5,21.0,0.00
2009-03-09,23.1,10.8,14.9,0.00
2009-03-10,25.0,13.7,13.0,0.00
2009-03-11,29.1,14.3,15.5,0.00
2009-03-12,23.4,18.0,24.4,4.30
2009-03-13,28.2,16.0,13.9,0.10
2009-03-14,22.4,13.7,24.3,16.30
2009-03-15,18.0,12.7,24.9,1.40
2009-03-16,18.5,12.5,22.3,0.10
2009-03-17,17.5,13.0,18.6,0.90
2009-03-18,25.6,12.2,11.3,0.00
2009-03-19,30.1,16.0,18.8,0.00
2009-03-20,26.1,15.0,14.8,0.00
2009-03-21,32.0,13.6,24.4,0.00
2009-03-22,24.2,16.8,25.3,0.00
2009-03-23,18.6,13.8,17.1,0.00
2009-03-24,22.2,10.8,9.8,0.70
2009-03-25,25.9,15.8,12.3,2.40
2009-03-26,22.3,14.0,21.7,0.00
2009-03-27,18.5,12.4,13.7,0.00
2009-03-28,25.4,9.3,10.1,0.00
2009-03-29,24.2,9.8,16.6,0.00
2009-03-30,22.3,14.2,15.7,0.00
2009-03-31,27.8,12.3,12.1,0.00
2009-04-01,27.5,12.4,10.8,0.00
2009-04-02,30.2,14.3,18.7,0.00
2009-04-03,23.8,15.0,24.9,16.70
2009-04-04,16.9,12.2,17.5,0.10
2009-04-05,18.7,10.2,21.5,0.60
2009-04-06,14.9,10.2,20.5,0.40
2009-04-07,16.6,12.4,18.0,0.20
2009-04-08,17.7,12.5,13.7,0.00
2009-04-09,22.5,10.5,8.5,0.00
2009-04-10,20.4,11.2,16.6,0.30
2009-04-11,21.4,13.0,14.0,0.00
2009-04-12,20.2,12.0,14.8,0.00
2009-04-13,24.0,8.0,10.0,0.00
2009-04-14,26.2,11.1,17.8,0.00
2009-04-15,18.1,11.5,34.8,1.60
2009-04-16,19.4,7.9,27.9,0.00
2009-04-17,19.4,12.3,12.3,0.00
2009-04-18,18.7,10.4,15.5,0.00
2009-04-19,18.4,13.0,15.0,0.00
2009-04-20,19.5,9.2,8.4,0.00
2009-04-21,22.5,6.7,8.9,0.00
2009-04-22,22.9,7.8,12.2,0.00
2009-04-23,22.7,10.9,24.5,0.00
2009-04-24,17.9,13.8,31.5,6.70
2009-04-25,17.2,10.7,30.0,5.20
2009-04-26,13.5,8.9,40.8,0.30
2009-04-27,13.5,7.7,21.6,5.10
2009-04-28,12.2,7.6,16.8,4.50
2009-04-29,12.8,7.6,10.5,0.00
2009-04-30,15.9,2.2,15.8,0.00
2009-05-01,15.6,9.2,19.8,3.20
2009-05-02,16.2,6.8,8.9,0.00
2009-05-03,16.7,5.2,9.2,0.00
2009-05-04,15.4,8.4,15.8,0.00
2009-05-05,14.8,9.5,9.1,0.00
2009-05-06,14.9,6.8,7.7,0.00
2009-05-07,15.0,8.5,20.2,0.90
2009-05-08,15.0,11.5,16.9,0.00
2009-05-09,14.9,11.4,16.2,0.00
2009-05-10,16.8,10.1,13.0,0.00
2009-05-11,16.0,8.4,11.4,0.00
2009-05-12,14.6,8.0,8.1,0.20
2009-05-13,15.8,8.1,19.1,0.60
2009-05-14,16.6,11.4,26.5,0.00
2009-05-15,17.3,12.7,29.6,2.90
2009-05-16,14.2,10.3,26.0,1.50
2009-05-17,15.8,9.6,15.9,0.00
2009-05-18,15.8,10.2,9.3,0.00
2009-05-19,19.0,4.5,7.2,0.00
2009-05-20,19.0,6.5,9.1,0.00
2009-05-21,16.4,7.4,8.1,0.00
2009-05-22,17.8,5.7,7.9,0.00
2009-05-23,21.4,7.9,13.7,0.00
2009-05-24,19.7,16.0,24.1,0.00
2009-05-25,18.6,14.7,28.1,8.00
2009-05-26,15.3,9.2,16.5,0.50
2009-05-27,13.9,7.8,12.0,0.90
2009-05-28,13.3,8.9,17.1,0.80
2009-05-29,14.3,6.0,16.5,0.00
2009-05-30,15.3,7.8,15.3,0.00
2009-05-31,14.6,6.4,7.7,0.00
2009-06-01,16.3,5.9,6.9,0.00
2009-06-02,14.2,7.7,8.2,1.60
2009-06-03,16.1,10.6,10.2,5.50
2009-06-04,15.6,8.8,17.3,0.30
2009-06-05,14.5,5.7,8.2,0.00
2009-06-06,12.8,4.5,13.0,0.20
2009-06-07,12.8,7.3,14.5,2.30
2009-06-08,13.4,7.7,20.0,1.50
2009-06-09,11.0,6.1,27.0,0.60
2009-06-10,10.1,5.9,26.8,3.40
2009-06-11,12.3,5.5,11.5,0.00
2009-06-12,11.2,4.7,27.3,0.00
2009-06-13,12.0,7.5,28.9,0.60
2009-06-14,15.5,6.0,23.1,0.00
2009-06-15,13.2,2.9,10.9,0.00
2009-06-16,12.7,6.7,9.3,0.00
2009-06-17,11.9,2.6,7.3,0.00
2009-06-18,14.4,2.1,8.3,0.00
2009-06-19,15.4,2.6,12.2,0.00
2009-06-20,14.1,7.5,24.8,0.00
2009-06-21,15.1,10.2,18.0,0.90
2009-06-22,16.5,8.9,15.9,0.60
2009-06-23,16.9,8.3,19.8,1.50
2009-06-24,14.4,7.5,8.8,1.20
2009-06-25,13.9,5.5,13.1,0.30
2009-06-26,14.4,6.8,14.2,0.10
2009-06-27,14.0,4.5,8.8,0.00
2009-06-28,15.2,3.3,25.6,0.00
2009-06-29,16.3,10.2,27.8,0.00
2009-06-30,16.9,11.6,42.1,4.90
2009-07-01,14.7,9.9,33.6,1.30
2009-07-02,11.7,9.1,23.9,3.20
2009-07-03,11.8,8.4,25.4,0.90
2009-07-04,12.9,9.1,25.1,1.00
2009-07-05,12.0,8.0,20.0,0.00
2009-07-06,11.8,6.3,18.7,0.30
2009-07-07,12.4,3.2,9.7,0.00
2009-07-08,14.1,0.9,13.6,0.00
2009-07-09,14.7,2.9,15.5,0.00
2009-07-10,14.2,5.2,23.1,0.30
2009-07-11,12.9,11.4,38.0,5.30
2009-07-12,14.7,10.2,28.9,0.30
2009-07-13,13.1,8.0,18.2,0.90
2009-07-14,12.1,6.0,15.2,0.40
2009-07-15,11.9,4.2,10.1,0.00
2009-07-16,12.0,5.1,11.3,0.10
2009-07-17,11.7,3.1,9.1,0.00
2009-07-18,13.1,5.8,33.3,1.80
2009-07-19,15.3,8.3,28.1,2.10
2009-07-20,16.4,9.8,33.6,0.00
2009-07-21,16.6,10.4,31.2,0.00
2009-07-22,14.9,8.2,23.8,7.50
2009-07-23,11.5,5.5,17.6,1.80
2009-07-24,12.7,2.6,21.4,0.00
2009-07-25,13.3,8.4,25.7,0.00
2009-07-26,14.2,6.5,20.0,0.00
2009-07-27,14.3,6.9,23.4,0.20
2009-07-28,15.6,7.3,18.1,0.40
2009-07-29,14.5,9.6,15.9,0.00
2009-07-30,14.3,8.8,20.3,8.60
2009-07-31,13.3,9.1,21.0,1.70
2009-08-01,14.9,8.6,21.3,0.00
2009-08-02,15.8,9.3,27.1,0.00
2009-08-03,13.1,8.3,32.1,1.60
2009-08-04,14.3,8.6,25.0,1.50
2009-08-05,14.8,6.6,20.0,0.10
2009-08-06,17.2,10.7,37.1,0.00
2009-08-07,16.1,7.2,36.0,5.40
2009-08-08,14.5,4.1,14.1,0.00
2009-08-09,14.1,6.0,23.1,0.30
2009-08-10,12.2,8.0,15.5,1.80
2009-08-11,14.9,6.4,13.7,4.70
2009-08-12,12.9,4.1,11.8,0.00
2009-08-13,15.1,8.2,9.4,0.50
2009-08-14,16.9,7.9,17.0,0.00
2009-08-15,18.3,9.8,37.8,0.60
2009-08-16,15.2,10.6,48.4,1.40
2009-08-17,14.4,9.4,26.8,0.10
2009-08-18,17.0,7.3,15.4,0.00
2009-08-19,17.4,8.8,24.3,0.00
2009-08-20,15.8,9.9,24.2,7.70
2009-08-21,16.0,8.8,37.5,6.90
2009-08-22,14.0,5.8,26.9,0.00
2009-08-23,17.1,10.0,34.0,0.00
2009-08-24,15.6,9.9,34.9,7.50
2009-08-25,13.4,7.1,42.2,6.20
2009-08-26,15.3,6.9,34.5,0.00
2009-08-27,16.4,8.9,32.1,0.00
2009-08-28,18.3,9.4,24.9,0.00
2009-08-29,14.6,8.8,29.2,4.20
2009-08-30,13.8,6.5,26.1,0.00
2009-08-31,14.5,9.2,24.3,2.70
2009-09-01,14.3,6.9,15.4,0.00
2009-09-02,17.3,7.7,24.2,0.00
2009-09-03,19.6,11.3,31.2,1.20
2009-09-04,14.7,7.4,26.9,2.70
2009-09-05,15.2,6.0,22.4,0.00
2009-09-06,15.2,7.9,29.8,2.40
2009-09-07,15.2,7.1,13.1,0.80
2009-09-08,13.1,8.5,28.8,3.60
2009-09-09,13.6,9.7,25.0,1.90
2009-09-10,13.3,6.4,14.5,0.00
2009-09-11,19.0,5.5,45.1,0.00
2009-09-12,25.6,13.1,34.9,0.00
2009-09-13,23.2,11.7,33.7,5.20
2009-09-14,14.4,7.1,15.1,0.00
2009-09-15,18.3,3.4,9.0,0.00
2009-09-16,21.3,7.9,17.9,0.20
2009-09-17,15.5,11.1,24.4,11.40
2009-09-18,16.1,8.6,18.2,0.00
2009-09-19,19.8,9.6,25.0,4.60
2009-09-20,16.3,6.7,14.0,0.00
2009-09-21,18.4,5.9,15.4,6.40
2009-09-22,17.9,11.1,31.2,7.30
2009-09-23,15.1,9.1,30.2,0.60
2009-09-24,16.8,9.7,24.0,1.60
2009-09-25,16.6,9.5,33.2,11.00
2009-09-26,13.5,7.4,32.4,3.10
2009-09-27,11.1,7.2,40.9,5.10
2009-09-28,12.6,9.3,27.8,3.80
2009-09-29,17.9,5.9,17.5,0.00
2009-09-30,21.9,11.6,35.4,0.00
2009-10-01,16.9,10.8,20.9,0.00
2009-10-02,12.5,9.8,23.5,0.00
2009-10-03,14.9,9.4,19.5,0.00
2009-10-04,16.9,5.9,11.7,0.00
2009-10-05,15.0,8.1,19.7,0.70
2009-10-06,12.2,7.8,23.1,2.50
2009-10-07,13.0,7.0,24.9,1.10
2009-10-08,13.8,6.8,19.4,0.00
2009-10-09,15.0,6.4,20.7,0.40
2009-10-10,17.0,4.7,12.7,0.00
2009-10-11,19.5,3.8,15.5,0.00
2009-10-12,20.0,10.6,33.4,2.00
2009-10-13,16.7,8.6,38.3,5.50
2009-10-14,14.9,9.1,29.0,7.60
2009-10-15,14.2,9.5,27.2,4.80
2009-10-16,15.1,8.0,17.4,2.40
2009-10-17,14.2,10.1,17.6,2.60
2009-10-18,15.6,6.4,11.7,0.00
2009-10-19,20.5,8.9,10.5,0.00
2009-10-20,26.1,13.4,28.4,0.00
2009-10-21,15.9,11.0,18.8,0.00
2009-10-22,17.5,8.3,18.4,0.00
2009-10-23,16.7,9.2,17.9,0.00
2009-10-24,18.6,5.4,15.7,0.00
2009-10-25,14.5,10.8,28.9,0.20
2009-10-26,18.7,8.8,19.7,0.00
2009-10-27,21.4,6.7,14.1,0.00
2009-10-28,20.3,9.4,16.7,0.00
2009-10-29,27.5,9.6,11.8,0.00
2009-10-30,28.7,19.3,22.7,0.10
2009-10-31,32.1,18.1,18.0,0.00
2009-11-01,22.6,14.5,21.6,0.00
2009-11-02,28.5,12.0,12.6,0.00
2009-11-03,25.9,13.9,26.8,0.40
2009-11-04,16.3,11.4,17.5,0.00
2009-11-05,17.0,10.8,20.5,0.00
2009-11-06,23.9,7.7,16.6,0.00
2009-11-07,30.1,11.4,19.0,0.00
2009-11-08,31.3,16.1,17.7,0.00
2009-11-09,32.5,16.1,13.8,0.00
2009-11-10,33.4,15.9,14.8,0.00
2009-11-11,31.9,17.2,16.3,0.10
2009-11-12,27.6,15.7,19.5,0.00
2009-11-13,27.2,15.5,15.3,0.00
2009-11-14,28.5,13.9,17.9,0.00
2009-11-15,25.7,13.5,13.5,0.00
2009-11-16,21.9,15.0,22.5,0.00
2009-11-17,21.6,14.3,18.0,0.00
2009-11-18,32.1,12.4,16.8,0.00
2009-11-19,30.1,22.5,34.3,0.00
2009-11-20,36.5,20.0,30.8,2.60
2009-11-21,24.7,17.1,16.2,6.80
2009-11-22,19.1,14.3,27.3,21.10
2009-11-23,20.3,12.1,15.8,0.00
2009-11-24,23.2,11.9,11.7,0.00
2009-11-25,25.6,13.7,16.2,0.00
2009-11-26,28.4,15.6,17.9,12.00
2009-11-27,25.9,18.1,16.8,0.70
2009-11-28,22.2,15.4,24.9,5.20
2009-11-29,18.5,13.6,24.5,6.60
2009-11-30,19.3,12.9,23.0,1.00
2009-12-01,20.8,11.1,19.4,0.00
2009-12-02,26.7,9.9,11.6,0.00
2009-12-03,31.4,14.4,31.7,0.40
2009-12-04,19.9,11.5,15.9,0.00
2009-12-05,19.8,11.9,16.9,0.00
2009-12-06,23.2,12.5,15.9,0.00
2009-12-07,22.1,13.6,16.7,0.90
2009-12-08,15.2,12.9,19.7,18.90
2009-12-09,23.8,8.6,18.7,0.00
2009-12-10,23.5,12.6,25.4,10.40
2009-12-11,18.4,11.0,22.8,0.00
2009-12-12,20.4,12.7,20.2,0.10
2009-12-13,18.8,13.9,19.1,0.00
2009-12-14,19.7,12.5,18.1,0.00
2009-12-15,27.8,10.9,8.4,0.00
2009-12-16,36.3,15.1,25.0,0.00
2009-12-17,27.0,14.0,23.0,9.10
2009-12-18,22.2,11.7,15.8,0.00
2009-12-19,19.0,14.1,19.1,0.00
2009-12-20,20.9,10.9,16.9,0.00
2009-12-21,25.3,12.1,15.9,0.00
2009-12-22,24.5,13.2,14.4,0.00
2009-12-23,36.4,13.2,18.8,0.30
2009-12-24,28.3,15.7,26.3,7.30
2009-12-25,19.2,13.9,24.6,0.00
2009-12-26,21.0,12.6,24.5,0.00
2009-12-27,23.5,12.2,20.0,0.00
2009-12-28,24.7,15.6,17.7,0.00
2009-12-29,24.4,12.7,20.8,0.00
2009-12-30,36.1,13.9,19.1,0.00
2009-12-31,35.3,23.9,30.7,0.00
2010-01-01,28.0,18.3,22.4,1.70
2010-01-02,20.3,15.1,26.1,4.30
2010-01-03,19.3,14.2,20.1,0.00
2010-01-04,26.2,10.8,16.4,0.00
2010-01-05,24.8,13.1,22.3,0.00
2010-01-06,20.8,12.4,19.8,0.00
2010-01-07,23.3,11.6,17.1,0.00
2010-01-08,35.2,11.6,18.1,0.00
2010-01-09,36.6,19.1,24.9,0.00
2010-01-10,31.2,14.4,15.3,0.00
2010-01-11,40.8,16.8,22.0,0.00
2010-01-12,37.3,17.1,25.4,1.00
2010-01-13,20.0,16.2,23.7,0.90
2010-01-14,21.5,14.6,22.0,0.00
2010-01-15,25.3,13.5,17.2,0.00
2010-01-16,33.0,14.9,31.3,0.00
2010-01-17,20.3,12.0,29.8,1.50
2010-01-18,16.9,10.4,29.5,6.80
2010-01-19,21.5,12.9,21.8,0.00
2010-01-20,26.3,11.1,18.1,0.00
2010-01-21,26.3,15.6,14.7,0.00
2010-01-22,35.2,18.2,22.0,0.00
2010-01-23,23.6,14.6,27.9,0.40
2010-01-24,22.1,12.0,19.1,0.00
2010-01-25,23.2,12.0,15.8,0.00
2010-01-26,25.7,11.2,21.6,0.00
2010-01-27,21.1,15.2,23.0,0.00
2010-01-28,25.9,12.1,18.7,0.00
2010-01-29,21.3,15.5,22.7,0.30
2010-01-30,34.6,11.6,16.1,0.00
2010-01-31,35.7,18.0,34.0,6.40
2010-02-01,24.1,15.7,20.5,0.00
2010-02-02,33.4,15.3,16.7,0.00
2010-02-03,33.0,20.2,21.1,0.00
2010-02-04,27.8,21.7,24.9,17.20
2010-02-05,21.1,16.2,24.8,15.50
2010-02-06,25.1,14.6,21.8,0.00
2010-02-07,29.4,14.7,12.6,0.00
2010-02-08,31.8,15.8,14.4,0.00
2010-02-09,32.3,16.7,13.3,0.00
2010-02-10,33.6,19.8,17.7,0.00
2010-02-11,30.4,20.2,18.4,19.80
2010-02-12,20.9,17.7,21.4,1.60
2010-02-13,21.6,16.9,19.3,1.00
2010-02-14,25.5,18.3,16.8,3.70
2010-02-15,24.1,17.8,23.0,9.50
2010-02-16,24.8,15.3,16.6,0.00
2010-02-17,23.3,13.8,21.4,0.00
2010-02-18,23.6,16.0,19.2,0.00
2010-02-19,30.7,14.1,26.1,0.00
2010-02-20,32.6,21.7,28.5,0.00
2010-02-21,27.3,18.5,28.9,0.00
2010-02-22,27.4,16.5,30.1,1.10
2010-02-23,20.9,14.3,25.4,0.00
2010-02-24,21.8,12.3,20.6,0.00
2010-02-25,24.8,11.7,15.3,0.00
2010-02-26,31.7,13.9,23.3,0.00
2010-02-27,24.5,16.9,20.9,8.10
2010-02-28,17.4,15.1,26.6,0.10
2010-03-01,20.5,13.1,23.9,0.00
2010-03-02,20.4,12.1,20.8,0.00
2010-03-03,25.6,13.8,10.8,0.00
2010-03-04,29.9,14.3,18.2,0.00
2010-03-05,24.0,18.8,17.3,8.70
2010-03-06,24.4,19.0,13.6,9.90
2010-03-07,22.3,17.9,18.9,56.50
2010-03-08,21.3,16.6,28.7,8.50
2010-03-09,18.2,14.4,26.5,0.00
2010-03-10,17.4,13.0,23.0,0.50
2010-03-11,19.9,11.0,22.3,0.00
2010-03-12,23.5,10.2,11.9,0.00
2010-03-13,24.9,10.2,10.0,0.00
2010-03-14,26.0,10.9,12.6,0.00
2010-03-15,27.4,13.8,11.5,0.00
2010-03-16,29.6,17.9,15.5,0.00
2010-03-17,30.4,19.9,23.4,0.00
2010-03-18,29.7,17.1,18.0,0.00
2010-03-19,27.2,18.8,19.8,0.90
2010-03-20,25.1,17.1,15.5,0.00
2010-03-21,20.8,15.7,25.7,0.00
2010-03-22,19.3,14.0,12.4,0.00
2010-03-23,20.7,11.9,13.1,0.00
2010-03-24,20.8,15.1,13.7,0.00
2010-03-25,28.7,12.0,16.7,0.00
2010-03-26,25.8,18.0,20.6,0.40
2010-03-27,22.0,15.8,17.5,0.70
2010-03-28,25.0,16.2,25.4,3.70
2010-03-29,20.3,16.5,16.2,11.00
2010-03-30,19.6,13.1,18.5,0.20
2010-03-31,20.7,12.7,13.1,0.00
2010-04-01,21.2,11.4,14.0,0.00
2010-04-02,19.6,14.8,21.5,0.10
2010-04-03,21.1,14.5,15.3,0.00
2010-04-04,24.1,12.2,8.0,0.00
2010-04-05,24.6,14.6,18.2,0.30
2010-04-06,24.9,16.8,16.8,0.40
2010-04-07,22.2,16.7,17.7,8.20
2010-04-08,19.7,14.6,22.9,1.10
2010-04-09,20.0,12.5,7.6,0.20
2010-04-10,20.9,15.0,15.5,2.80
2010-04-11,16.6,12.4,36.2,2.00
2010-04-12,16.3,11.8,28.2,0.40
2010-04-13,17.2,12.7,18.2,0.00
2010-04-14,17.2,10.5,12.9,0.00
2010-04-15,17.4,12.2,15.6,0.40
2010-04-16,23.6,11.4,12.8,0.00
2010-04-17,25.7,11.8,16.0,0.00
2010-04-18,25.4,14.9,15.7,0.00
2010-04-19,25.5,13.9,13.5,0.00
2010-04-20,26.3,17.6,20.5,2.20
2010-04-21,24.3,15.2,12.7,0.60
2010-04-22,26.9,14.4,17.2,0.00
2010-04-23,25.3,18.0,23.8,2.30
2010-04-24,20.8,14.3,25.4,10.00
2010-04-25,16.1,12.3,17.0,0.90
2010-04-26,18.6,8.8,17.9,0.00
2010-04-27,15.0,11.0,22.8,3.00
2010-04-28,18.4,8.9,26.3,0.70
2010-04-29,16.5,13.2,19.0,1.00
2010-04-30,16.4,11.4,10.4,0.10
2010-05-01,20.0,8.2,24.1,0.00
2010-05-02,16.8,11.3,23.1,0.40
2010-05-03,21.7,8.1,23.7,0.00
2010-05-04,22.3,11.3,30.4,6.90
2010-05-05,14.5,8.9,19.4,0.60
2010-05-06,15.2,8.3,17.1,0.80
2010-05-07,18.2,8.8,20.5,1.80
2010-05-08,19.1,10.5,7.8,0.50
2010-05-09,20.7,10.9,17.6,0.10
2010-05-10,19.9,13.5,26.0,0.00
2010-05-11,16.0,9.1,24.4,4.80
2010-05-12,13.5,8.3,17.3,1.80
2010-05-13,14.3,10.1,17.1,0.80
2010-05-14,14.7,10.3,12.3,0.90
2010-05-15,15.3,7.2,8.9,0.00
2010-05-16,16.3,5.1,8.8,0.00
2010-05-17,15.3,6.4,8.0,0.00
2010-05-18,15.9,6.4,7.9,0.00
2010-05-19,16.0,5.4,8.9,0.00
2010-05-20,15.4,5.4,8.7,0.00
2010-05-21,14.0,8.9,11.6,0.00
2010-05-22,13.7,7.5,9.2,0.00
2010-05-23,16.4,2.0,15.1,0.00
2010-05-24,16.3,8.3,16.5,3.60
2010-05-25,14.2,11.1,10.3,2.50
2010-05-26,17.8,11.3,10.2,0.90
2010-05-27,16.9,9.1,13.8,5.70
2010-05-28,16.9,9.8,19.3,1.90
2010-05-29,15.6,11.7,12.2,8.90
2010-05-30,15.4,11.7,27.0,0.60
2010-05-31,16.2,10.1,18.2,0.00
2010-06-01,15.8,6.5,12.0,0.00
2010-06-02,14.7,8.2,8.9,0.00
2010-06-03,13.0,6.8,9.4,0.00
2010-06-04,12.3,7.3,6.4,0.00
2010-06-05,12.9,5.4,19.8,3.60
2010-06-06,12.4,9.3,17.2,1.40
2010-06-07,12.4,6.0,7.1,0.20
2010-06-08,13.5,6.3,24.6,0.00
2010-06-09,11.8,8.1,27.3,2.60
2010-06-10,13.6,8.0,23.2,1.10
2010-06-11,12.7,7.9,21.7,1.40
2010-06-12,12.0,7.3,17.1,2.30
2010-06-13,12.3,5.4,8.9,0.10
2010-06-14,13.2,4.1,6.3,0.00
2010-06-15,13.4,2.4,8.1,0.00
2010-06-16,13.7,4.2,32.5,1.60
2010-06-17,13.1,9.4,34.6,7.50
2010-06-18,14.9,7.3,27.1,3.60
2010-06-19,14.1,11.0,22.9,3.90
2010-06-20,13.5,9.8,14.0,1.10
2010-06-21,11.9,4.1,6.9,0.00
2010-06-22,12.6,4.9,6.6,0.00
2010-06-23,15.9,4.0,14.3,0.00
2010-06-24,15.7,9.1,28.2,0.00
2010-06-25,14.3,10.0,31.8,16.80
2010-06-26,10.8,6.5,18.3,2.80
2010-06-27,11.2,3.7,12.0,1.60
2010-06-28,10.7,3.7,33.9,0.00
2010-06-29,8.3,6.3,32.4,4.70
2010-06-30,10.9,6.3,26.1,2.10
2010-07-01,11.5,7.0,18.1,0.00
2010-07-02,12.4,6.8,16.6,0.00
2010-07-03,12.3,6.5,13.5,0.10
2010-07-04,12.5,6.0,8.7,0.00
2010-07-05,11.9,3.6,8.9,0.00
2010-07-06,11.4,3.7,9.3,0.00
2010-07-07,12.7,3.8,9.1,0.00
2010-07-08,12.3,4.0,8.8,0.00
2010-07-09,14.3,1.8,13.6,0.00
2010-07-10,13.8,6.3,37.3,1.70
2010-07-11,15.0,9.8,22.1,0.00
2010-07-12,14.6,8.0,16.9,0.00
2010-07-13,16.1,9.3,31.3,5.00
2010-07-14,12.0,8.4,26.6,3.30
2010-07-15,12.9,7.2,21.3,0.00
2010-07-16,13.3,6.6,8.5,0.00
2010-07-17,13.0,4.5,17.7,0.00
2010-07-18,13.2,7.5,28.8,3.80
2010-07-19,10.7,3.1,8.9,0.40
2010-07-20,11.9,2.8,12.6,1.80
2010-07-21,11.5,4.3,9.5,0.10
2010-07-22,12.2,4.3,13.9,0.10
2010-07-23,11.8,9.1,8.2,0.00
2010-07-24,12.3,3.7,11.8,0.70
2010-07-25,12.6,3.4,10.2,0.00
2010-07-26,12.9,4.7,8.4,0.00
2010-07-27,13.4,2.9,8.6,0.00
2010-07-28,13.9,4.6,7.7,3.70
2010-07-29,13.5,9.3,14.5,5.30
2010-07-30,15.8,10.2,22.1,1.80
2010-07-31,14.6,10.1,25.1,1.50
2010-08-01,11.9,7.0,33.6,8.50
2010-08-02,12.9,7.7,35.2,6.70
2010-08-03,11.6,8.9,18.9,0.20
2010-08-04,10.9,7.5,21.7,9.00
2010-08-05,11.0,5.7,22.5,2.40
2010-08-06,11.5,5.5,12.0,0.50
2010-08-07,13.4,2.4,13.4,0.00
2010-08-08,13.7,6.5,25.9,0.00
2010-08-09,14.8,5.1,16.4,0.00
2010-08-10,12.1,5.9,11.9,4.60
2010-08-11,12.1,6.6,18.7,5.80
2010-08-12,12.0,7.7,41.1,8.80
2010-08-13,12.8,8.4,16.9,0.30
2010-08-14,13.7,9.9,39.2,0.40
2010-08-15,13.5,9.0,30.6,5.50
2010-08-16,10.1,6.9,28.5,2.10
2010-08-17,12.1,5.6,16.8,0.00
2010-08-18,11.6,6.8,32.3,1.60
2010-08-19,13.7,8.0,24.3,0.80
2010-08-20,12.3,6.2,29.3,1.10
2010-08-21,13.4,6.9,21.8,2.50
2010-08-22,14.9,6.0,22.6,0.00
2010-08-23,14.3,6.8,22.4,0.00
2010-08-24,12.9,7.1,35.6,9.30
2010-08-25,10.1,4.2,35.6,1.70
2010-08-26,11.9,5.8,22.6,0.60
2010-08-27,11.0,6.7,22.8,2.40
2010-08-28,12.9,7.0,11.2,0.20
2010-08-29,13.4,5.7,6.9,0.00
2010-08-30,16.1,5.3,15.5,0.00
2010-08-31,13.9,9.4,34.3,0.50
2010-09-01,12.7,8.8,29.6,12.10
2010-09-02,12.0,7.5,21.3,0.00
2010-09-03,17.8,4.6,14.0,0.00
2010-09-04,17.2,12.7,37.2,13.90
2010-09-05,13.7,9.0,42.3,3.10
2010-09-06,12.3,7.1,17.7,6.70
2010-09-07,13.2,5.7,10.4,1.80
2010-09-08,15.9,2.0,23.5,1.60
2010-09-09,17.7,11.1,30.3,2.50
2010-09-10,12.6,8.7,23.4,3.50
2010-09-11,16.0,7.2,15.8,0.00
2010-09-12,15.1,8.5,23.5,0.20
2010-09-13,12.7,8.8,17.5,1.80
2010-09-14,13.7,4.2,14.7,0.00
2010-09-15,12.9,6.2,26.3,0.70
2010-09-16,12.4,8.2,30.1,0.60
2010-09-17,12.8,8.0,22.2,0.10
2010-09-18,13.4,8.5,20.1,1.30
2010-09-19,13.3,8.3,15.3,0.30
2010-09-20,14.0,9.3,14.5,0.10
2010-09-21,12.9,10.2,19.9,0.00
2010-09-22,13.9,8.9,15.5,0.20
2010-09-23,13.5,8.6,13.9,0.10
2010-09-24,17.5,7.4,16.3,0.00
2010-09-25,18.0,10.1,20.2,1.60
2010-09-26,20.1,8.2,18.0,0.00
2010-09-27,15.8,10.2,20.3,3.90
2010-09-28,12.8,7.2,23.1,1.00
2010-09-29,11.5,6.2,20.1,0.60
2010-09-30,13.3,5.4,10.2,0.00
2010-10-01,15.2,4.7,12.2,0.00
2010-10-02,19.6,5.6,8.7,0.00
2010-10-03,22.6,8.9,15.5,0.00
2010-10-04,21.5,14.7,28.0,1.30
2010-10-05,17.7,12.1,14.9,1.90
2010-10-06,23.5,8.8,35.1,8.60
2010-10-07,13.6,7.5,21.2,0.00
2010-10-08,14.5,10.1,18.4,1.10
2010-10-09,15.7,7.3,12.6,0.00
2010-10-10,23.5,8.0,15.9,0.00
2010-10-11,22.2,13.8,26.3,0.00
2010-10-12,23.4,17.0,32.2,15.60
2010-10-13,16.8,11.2,13.6,19.70
2010-10-14,19.4,10.8,27.0,0.10
2010-10-15,16.1,6.4,31.4,40.30
2010-10-16,12.2,5.2,29.1,4.40
2010-10-17,14.3,9.9,21.6,0.40
2010-10-18,15.0,9.2,20.2,0.40
2010-10-19,14.8,7.2,11.3,0.00
2010-10-20,17.3,5.8,11.4,0.00
2010-10-21,23.2,5.2,10.9,0.00
2010-10-22,25.5,12.6,21.7,0.00
2010-10-23,17.8,11.0,21.7,5.60
2010-10-24,14.9,8.6,17.9,0.00
2010-10-25,19.5,7.2,10.0,0.00
2010-10-26,20.8,8.9,17.7,0.30
2010-10-27,15.3,10.3,17.4,0.00
2010-10-28,22.2,6.0,12.0,0.00
2010-10-29,25.6,14.0,28.5,0.00
2010-10-30,21.9,13.4,20.5,24.40
2010-10-31,13.3,9.9,21.6,22.10
2010-11-01,14.6,8.2,14.0,0.00
2010-11-02,15.9,9.1,17.9,1.80
2010-11-03,13.1,9.7,15.9,0.70
2010-11-04,15.3,8.0,21.6,2.30
2010-11-05,19.3,7.1,13.5,0.00
2010-11-06,20.9,7.3,9.8,0.00
2010-11-07,22.7,12.9,30.3,1.90
2010-11-08,22.6,12.0,14.5,0.50
2010-11-09,26.7,10.2,17.4,0.00
2010-11-10,25.4,14.6,24.5,0.30
2010-11-11,29.3,11.9,13.8,0.00
2010-11-12,31.0,17.2,31.3,1.00
2010-11-13,19.4,13.1,19.9,24.10
2010-11-14,20.7,13.8,15.3,2.30
2010-11-15,15.9,11.8,15.9,1.00
2010-11-16,16.0,9.7,12.3,0.00
2010-11-17,21.2,7.2,9.6,0.00
2010-11-18,16.5,10.7,20.0,1.00
2010-11-19,16.7,9.9,18.8,0.00
2010-11-20,21.4,9.2,20.2,0.00
2010-11-21,20.7,11.4,16.3,4.30
2010-11-22,28.9,11.0,15.0,0.00
2010-11-23,28.5,18.7,24.3,0.00
2010-11-24,28.6,20.3,32.1,0.00
2010-11-25,20.6,16.6,15.6,16.20
2010-11-26,23.4,15.6,9.4,3.30
2010-11-27,25.3,14.3,18.5,10.60
2010-11-28,14.8,13.1,29.3,7.10
2010-11-29,19.7,12.8,23.2,0.30
2010-11-30,23.1,11.9,17.9,1.80
2010-12-01,24.2,14.8,12.8,4.40
2010-12-02,25.0,14.6,9.4,6.00
2010-12-03,26.2,17.2,19.7,10.10
2010-12-04,28.1,18.5,24.5,2.20
2010-12-05,26.5,15.3,14.1,0.00
2010-12-06,28.7,15.4,13.0,2.60
2010-12-07,26.0,20.6,35.9,2.00
2010-12-08,23.5,17.5,34.2,18.60
2010-12-09,23.3,14.8,10.1,0.60
2010-12-10,17.9,13.2,20.8,0.00
2010-12-11,20.8,12.8,30.5,1.70
2010-12-12,18.2,12.3,24.3,2.00
2010-12-13,20.6,10.8,12.0,0.00
2010-12-14,25.6,13.4,11.2,0.00
2010-12-15,27.7,14.3,33.7,2.50
2010-12-16,18.2,11.4,12.3,0.00
2010-12-17,22.7,9.6,24.5,4.70
2010-12-18,17.6,11.7,18.4,4.00
2010-12-19,17.1,10.5,23.6,14.30
2010-12-20,17.0,10.0,31.4,4.10
2010-12-21,15.6,10.8,23.5,0.40
2010-12-22,22.0,11.1,16.3,0.00
2010-12-23,17.3,10.0,22.4,0.00
2010-12-24,21.6,10.0,15.6,0.00
2010-12-25,25.5,12.7,12.0,0.40
2010-12-26,18.3,13.5,24.4,0.20
2010-12-27,14.1,11.4,27.1,0.60
2010-12-28,20.4,9.9,13.0,0.00
2010-12-29,27.0,10.5,21.6,0.00
2010-12-30,21.4,11.4,15.9,0.00
2010-12-31,36.8,12.4,29.8,0.00
2011-01-01,22.4,15.7,17.5,0.50
2011-01-02,18.9,13.9,21.3,0.00
2011-01-03,18.4,12.5,23.6,0.00
2011-01-04,21.1,10.5,16.8,0.00
2011-01-05,20.0,13.4,23.0,0.00
2011-01-06,29.1,14.9,12.6,0.00
2011-01-07,31.8,20.9,26.8,0.00
2011-01-08,33.1,19.2,26.0,2.80
2011-01-09,22.5,17.0,19.9,0.20
2011-01-10,24.2,18.7,14.6,15.20
2011-01-11,26.5,18.9,10.8,9.90
2011-01-12,26.9,20.7,30.2,13.20
2011-01-13,25.2,22.3,29.8,38.10
2011-01-14,24.6,18.9,38.7,25.00
2011-01-15,26.4,16.8,15.2,0.00
2011-01-16,26.3,16.7,18.4,0.00
2011-01-17,19.5,15.1,23.5,0.90
2011-01-18,19.4,14.5,17.1,0.20
2011-01-19,19.4,14.3,18.1,0.00
2011-01-20,28.2,12.0,9.4,0.00
2011-01-21,29.2,15.9,24.1,0.00
2011-01-22,25.3,15.8,18.7,0.00
2011-01-23,27.4,17.9,11.4,0.00
2011-01-24,20.2,14.8,22.1,9.60
2011-01-25,26.8,12.3,15.8,2.60
2011-01-26,21.1,15.6,16.7,7.80
2011-01-27,24.0,13.8,17.3,0.00
2011-01-28,20.3,14.9,19.0,0.00
2011-01-29,26.7,11.0,12.0,0.00
2011-01-30,34.4,17.0,24.5,0.00
2011-01-31,34.0,18.0,14.9,0.00
2011-02-01,37.1,18.3,32.7,0.00
2011-02-02,30.2,16.3,20.5,0.20
2011-02-03,22.6,17.8,15.0,2.10
2011-02-04,27.4,17.6,22.6,16.00
2011-02-05,23.7,15.7,22.7,20.70
2011-02-06,16.9,12.5,23.6,1.70
2011-02-07,19.1,10.3,19.5,0.00
2011-02-08,18.2,14.4,19.1,0.00
2011-02-09,26.4,11.2,13.4,0.00
2011-02-10,28.1,16.3,22.7,0.20
2011-02-11,25.1,17.3,20.7,8.90
2011-02-12,17.7,13.6,20.1,0.00
2011-02-13,19.6,12.0,18.4,0.00
2011-02-14,23.7,13.7,16.0,0.00
2011-02-15,27.7,13.0,13.4,0.00
2011-02-16,25.7,17.3,15.5,3.40
2011-02-17,24.9,17.4,16.6,0.30
2011-02-18,27.1,18.3,13.0,1.80
2011-02-19,25.8,18.4,28.7,22.90
2011-02-20,19.7,14.0,26.0,0.60
2011-02-21,16.9,12.2,27.3,0.60
2011-02-22,19.2,13.4,18.0,0.00
2011-02-23,20.4,13.2,15.2,0.00
2011-02-24,22.7,12.1,15.5,0.00
2011-02-25,22.1,14.8,10.6,0.00
2011-02-26,28.2,13.6,8.9,1.20
2011-02-27,19.8,16.7,13.3,9.60
2011-02-28,18.8,14.7,12.3,1.20
2011-03-01,16.3,13.2,29.8,1.00
2011-03-02,18.3,10.9,12.3,0.00
2011-03-03,17.5,12.3,24.5,0.00
2011-03-04,16.1,11.6,19.6,0.50
2011-03-05,21.8,10.7,15.7,0.00
2011-03-06,25.6,9.5,15.0,0.00
2011-03-07,26.8,14.0,28.3,0.00
2011-03-08,25.9,20.2,25.2,1.70
2011-03-09,23.9,16.5,16.8,7.30
2011-03-10,19.3,15.2,18.6,6.00
2011-03-11,24.1,15.2,10.5,0.00
2011-03-12,27.5,14.9,17.7,0.00
2011-03-13,28.7,17.0,21.3,11.60
2011-03-14,20.5,14.7,16.7,0.00
2011-03-15,23.9,10.9,15.5,0.50
2011-03-16,18.8,13.9,18.4,0.00
2011-03-17,17.6,12.4,18.1,0.00
2011-03-18,17.5,12.6,16.6,0.00
2011-03-19,22.3,10.2,11.5,0.00
2011-03-20,26.9,13.0,10.7,0.00
2011-03-21,25.7,16.8,7.1,0.60
2011-03-22,22.8,16.6,12.9,1.10
2011-03-23,21.0,14.5,20.2,0.20
2011-03-24,18.4,15.0,28.3,4.10
2011-03-25,16.2,14.2,27.4,1.70
2011-03-26,17.1,14.0,20.7,0.00
2011-03-27,18.9,11.7,14.0,0.00
2011-03-28,22.6,11.9,11.6,0.00
2011-03-29,26.0,10.8,15.5,0.00
2011-03-30,19.7,14.0,23.4,0.40
2011-03-31,16.6,12.4,17.0,0.00
2011-04-01,20.2,7.1,20.4,0.00
2011-04-02,16.0,12.5,19.8,0.00
2011-04-03,16.3,12.0,18.9,0.60
2011-04-04,16.9,13.2,17.0,0.20
2011-04-05,21.2,10.5,10.2,0.00
2011-04-06,23.8,8.3,10.6,0.00
2011-04-07,24.3,10.8,15.5,0.00
2011-04-08,24.3,11.8,20.7,0.00
2011-04-09,25.4,16.7,29.5,12.10
2011-04-10,15.8,12.1,17.1,3.00
2011-04-11,16.0,9.4,13.5,1.20
2011-04-12,15.8,11.6,26.9,30.90
2011-04-13,16.2,12.5,18.5,0.00
2011-04-14,16.9,12.7,13.8,0.00
2011-04-15,18.3,11.2,18.3,0.00
2011-04-16,17.6,12.4,18.4,0.00
2011-04-17,17.1,9.4,9.5,0.00
2011-04-18,21.4,9.2,20.0,0.00
2011-04-19,21.6,15.2,19.1,0.00
2011-04-20,18.3,12.6,12.3,2.80
2011-04-21,19.6,12.0,15.5,0.50
2011-04-22,16.0,12.1,23.5,0.40
2011-04-23,18.2,9.2,13.0,0.00
2011-04-24,17.0,10.2,12.5,0.00
2011-04-25,17.5,9.8,11.2,0.00
2011-04-26,19.1,7.2,8.6,0.00
2011-04-27,19.3,7.7,8.3,0.00
2011-04-28,20.5,8.7,10.0,0.00
2011-04-29,20.9,9.8,15.3,0.00
2011-04-30,21.2,11.3,12.2,0.00
2011-05-01,19.2,11.7,8.3,1.70
2011-05-02,16.8,12.0,13.8,2.80
2011-05-03,15.7,10.4,16.2,0.20
2011-05-04,15.7,9.4,18.2,0.90
2011-05-05,13.2,10.2,16.2,0.00
2011-05-06,14.1,7.6,8.7,0.00
2011-05-07,15.7,4.7,9.3,0.00
2011-05-08,14.4,8.8,20.6,2.50
2011-05-09,13.4,8.0,16.7,0.00
2011-05-10,12.8,4.6,17.3,1.40
2011-05-11,10.4,6.7,24.1,4.10
2011-05-12,13.6,6.2,15.9,6.20
2011-05-13,14.9,8.6,29.4,2.00
2011-05-14,12.8,8.2,26.9,4.40
2011-05-15,14.0,8.2,16.1,0.00
2011-05-16,14.3,8.0,14.4,0.00
2011-05-17,14.4,8.3,9.8,0.00
2011-05-18,15.7,6.1,18.7,0.00
2011-05-19,17.2,9.7,22.0,0.00
2011-05-20,18.1,10.6,17.0,0.20
2011-05-21,19.1,11.4,24.3,0.00
2011-05-22,18.6,14.7,28.0,3.00
2011-05-23,14.4,10.6,21.0,7.70
2011-05-24,12.6,9.3,24.1,4.50
2011-05-25,12.3,9.0,18.8,0.20
2011-05-26,13.5,8.8,13.2,0.20
2011-05-27,13.7,8.8,14.0,1.00
2011-05-28,13.3,7.7,6.5,0.00
2011-05-29,13.5,7.8,8.2,0.00
2011-05-30,13.7,6.4,15.1,0.00
2011-05-31,13.2,3.8,9.0,0.00
2011-06-01,16.8,3.6,8.6,0.00
2011-06-02,17.4,5.8,19.6,0.00
2011-06-03,16.7,11.7,25.3,2.10
2011-06-04,14.3,9.1,17.5,0.20
2011-06-05,14.8,8.2,29.8,3.00
2011-06-06,11.9,5.5,14.2,0.00
2011-06-07,9.4,5.9,27.2,3.70
2011-06-08,10.6,5.6,31.3,2.60
2011-06-09,12.1,9.5,27.2,0.30
2011-06-10,12.3,9.1,16.2,0.00
2011-06-11,13.5,7.9,14.5,0.00
2011-06-12,13.4,7.0,14.2,0.00
2011-06-13,13.1,7.7,12.6,0.00
2011-06-14,12.9,8.9,15.4,0.00
2011-06-15,12.8,4.2,9.4,0.00
2011-06-16,15.4,3.9,20.9,0.00
2011-06-17,12.2,8.6,28.0,2.70
2011-06-18,14.2,9.8,21.9,1.30
2011-06-19,14.9,9.3,30.1,0.00
2011-06-20,15.6,10.6,39.3,0.00
2011-06-21,14.0,7.7,39.2,8.00
2011-06-22,12.6,8.0,24.4,1.20
2011-06-23,14.4,10.5,20.6,1.00
2011-06-24,16.0,9.4,14.8,0.00
2011-06-25,14.5,10.6,23.9,0.00
2011-06-26,14.9,9.8,29.9,0.70
2011-06-27,14.4,7.7,11.6,0.00
2011-06-28,12.4,6.5,9.0,0.00
2011-06-29,16.1,3.9,8.2,0.00
2011-06-30,15.9,7.7,19.4,0.00
2011-07-01,15.3,8.7,21.3,0.00
2011-07-02,14.6,8.4,32.3,0.00
2011-07-03,12.7,10.9,33.3,2.60
2011-07-04,13.7,9.5,36.7,0.00
2011-07-05,11.5,8.8,39.3,2.50
2011-07-06,12.3,8.6,26.3,2.00
2011-07-07,10.8,6.1,24.2,1.30
2011-07-08,11.8,6.8,21.6,0.50
2011-07-09,13.2,8.4,23.8,0.00
2011-07-10,11.1,7.5,28.2,4.80
2011-07-11,12.5,7.5,23.0,0.00
2011-07-12,12.9,8.6,22.1,0.00
2011-07-13,11.6,8.3,22.6,3.60
2011-07-14,12.0,7.2,13.3,0.50
2011-07-15,12.0,5.9,8.2,0.00
2011-07-16,14.4,0.6,11.8,0.00
2011-07-17,11.9,9.6,27.4,1.30
2011-07-18,10.5,7.5,12.0,7.40
2011-07-19,13.0,9.4,21.8,1.20
2011-07-20,11.7,8.2,26.8,0.10
2011-07-21,11.5,7.8,20.8,1.30
2011-07-22,13.7,6.9,16.2,0.00
2011-07-23,11.2,2.7,6.8,0.50
2011-07-24,11.1,6.6,16.6,8.30
2011-07-25,12.6,8.3,14.2,2.00
2011-07-26,11.8,6.7,14.1,0.90
2011-07-27,13.4,2.5,15.5,0.00
2011-07-28,13.8,6.6,27.0,0.00
2011-07-29,14.7,7.6,24.6,0.00
2011-07-30,13.9,10.7,28.4,0.90
2011-07-31,16.8,8.8,20.6,0.00
2011-08-01,17.2,10.5,28.5,0.40
2011-08-02,17.7,10.9,25.0,0.70
2011-08-03,19.8,11.7,27.3,0.00
2011-08-04,20.4,11.8,28.1,0.30
2011-08-05,18.7,10.7,26.5,1.60
2011-08-06,14.3,7.5,8.5,9.10
2011-08-07,12.2,5.1,11.2,2.20
2011-08-08,11.3,4.0,11.4,0.00
2011-08-09,11.5,5.1,12.8,1.60
2011-08-10,11.2,8.6,24.5,5.30
2011-08-11,13.7,9.1,23.3,0.00
2011-08-12,11.6,5.2,9.0,0.00
2011-08-13,13.9,2.7,6.9,0.00
2011-08-14,15.6,5.5,6.5,0.40
2011-08-15,14.5,7.5,26.1,4.30
2011-08-16,18.2,11.3,23.5,0.10
2011-08-17,15.2,9.9,30.0,8.40
2011-08-18,13.0,8.1,14.0,0.30
2011-08-19,16.0,7.7,13.8,0.00
2011-08-20,15.6,7.8,7.1,0.00
2011-08-21,17.0,3.6,10.9,0.00
2011-08-22,17.6,4.2,8.7,0.00
2011-08-23,17.3,7.2,19.9,0.00
2011-08-24,18.2,7.8,19.3,0.00
2011-08-25,19.0,10.0,32.9,0.30
2011-08-26,13.2,7.2,9.9,0.00
2011-08-27,15.5,5.4,12.3,0.00
2011-08-28,17.5,6.7,22.7,0.00
2011-08-29,12.9,9.5,25.0,2.00
2011-08-30,13.6,4.4,12.8,0.00
2011-08-31,14.6,8.3,13.4,0.00
2011-09-01,14.5,6.8,13.0,0.00
2011-09-02,19.1,5.8,17.6,0.00
2011-09-03,19.3,12.0,32.6,0.00
2011-09-04,20.3,11.3,35.9,2.00
2011-09-05,19.4,7.9,17.6,0.00
2011-09-06,15.2,9.3,24.5,1.10
2011-09-07,13.1,6.9,17.9,0.00
2011-09-08,13.6,5.2,11.3,0.00
2011-09-09,11.2,6.7,29.1,5.10
2011-09-10,13.1,9.2,28.8,2.60
2011-09-11,12.4,8.5,30.5,1.60
2011-09-12,13.1,5.4,13.8,0.00
2011-09-13,17.6,8.5,24.6,0.00
2011-09-14,15.1,9.5,24.1,0.20
2011-09-15,16.2,5.4,8.9,0.00
2011-09-16,19.8,8.1,22.1,1.30
2011-09-17,23.2,6.7,33.2,0.00
2011-09-18,17.2,10.6,16.9,0.30
2011-09-19,25.3,7.6,33.6,0.00
2011-09-20,14.4,10.4,25.5,6.00
2011-09-21,19.8,9.4,19.6,0.00
2011-09-22,22.5,11.6,34.2,0.00
2011-09-23,19.1,10.1,27.1,0.00
2011-09-24,13.5,7.9,24.8,0.00
2011-09-25,17.3,7.7,17.4,0.00
2011-09-26,19.5,4.4,19.9,0.00
2011-09-27,20.7,9.7,31.0,0.90
2011-09-28,20.4,15.3,38.8,13.50
2011-09-29,14.7,9.0,35.0,13.00
2011-09-30,15.1,9.2,19.6,9.40
2011-10-01,13.4,8.5,24.2,11.70
2011-10-02,14.6,7.8,20.6,0.00
2011-10-03,16.5,5.0,11.3,0.00
2011-10-04,20.0,4.7,6.6,0.00
2011-10-05,20.4,8.7,15.9,0.60
2011-10-06,18.7,11.8,11.4,0.90
2011-10-07,19.0,9.5,6.4,0.70
2011-10-08,17.1,10.2,11.8,2.10
2011-10-09,13.2,10.0,23.7,4.80
2011-10-10,13.7,6.5,17.8,1.30
2011-10-11,13.7,9.7,21.4,1.10
2011-10-12,14.6,8.4,13.6,0.20
2011-10-13,20.4,6.4,9.9,0.00
2011-10-14,23.7,7.3,20.0,0.00
2011-10-15,20.8,12.6,22.7,0.90
2011-10-16,14.9,9.9,28.8,1.30
2011-10-17,16.9,7.7,14.5,0.00
2011-10-18,23.2,4.9,21.6,0.00
2011-10-19,26.7,12.8,26.7,0.00
2011-10-20,28.5,17.8,29.4,0.70
2011-10-21,16.8,14.0,12.3,8.70
2011-10-22,18.9,12.8,12.2,9.00
2011-10-23,27.8,12.7,18.7,0.00
2011-10-24,20.6,11.3,21.2,2.40
2011-10-25,15.2,10.1,24.2,0.00
2011-10-26,19.0,9.6,18.4,0.00
2011-10-27,22.7,8.3,23.2,0.00
2011-10-28,27.6,15.6,33.7,11.60
2011-10-29,20.7,11.9,23.7,5.60
2011-10-30,15.2,10.8,31.4,6.80
2011-10-31,14.9,10.5,18.6,0.00
2011-11-01,16.8,11.8,15.7,0.10
2011-11-02,15.4,11.5,21.3,1.50
2011-11-03,15.8,10.4,15.8,0.00
2011-11-04,18.8,11.3,9.8,0.00
2011-11-05,28.2,7.7,13.0,0.00
2011-11-06,26.1,16.4,24.6,0.30
2011-11-07,26.5,12.6,9.0,0.00
2011-11-08,25.7,17.2,13.9,12.10
2011-11-09,26.3,17.4,32.4,19.70
2011-11-10,19.5,13.5,22.9,4.70
2011-11-11,22.4,9.1,7.1,0.00
2011-11-12,21.7,12.4,16.6,0.00
2011-11-13,25.0,12.2,19.2,0.60
2011-11-14,22.0,15.8,23.3,0.60
2011-11-15,26.7,10.0,20.2,2.20
2011-11-16,18.1,12.7,17.5,4.30
2011-11-17,25.2,10.2,12.6,0.00
2011-11-18,31.2,19.0,28.0,0.30
2011-11-19,24.9,14.4,20.5,30.80
2011-11-20,19.9,12.9,25.1,0.20
2011-11-21,20.9,10.5,11.4,0.00
2011-11-22,18.8,10.6,14.3,1.30
2011-11-23,16.5,11.2,23.8,1.70
2011-11-24,22.7,9.6,15.0,0.00
2011-11-25,22.0,11.4,5.7,0.30
2011-11-26,17.6,14.8,32.5,23.00
2011-11-27,20.8,13.0,31.5,4.40
2011-11-28,28.0,13.7,11.9,1.00
2011-11-29,29.7,20.3,31.6,1.60
2011-11-30,24.7,12.4,28.4,4.70
2011-12-01,15.5,10.0,23.9,1.70
2011-12-02,18.4,10.2,20.5,0.00
2011-12-03,18.0,9.2,21.9,0.10
2011-12-04,14.3,11.1,26.3,0.70
2011-12-05,19.0,8.1,20.4,0.00
2011-12-06,22.7,7.9,15.5,0.00
2011-12-07,25.4,11.2,11.3,0.00
2011-12-08,29.0,13.8,20.2,0.00
2011-12-09,28.6,19.5,25.0,0.00
2011-12-10,28.3,18.2,23.9,7.90
2011-12-11,18.1,13.3,21.4,10.90
2011-12-12,17.9,11.7,14.6,0.00
2011-12-13,16.2,13.1,23.9,1.30
2011-12-14,18.0,12.4,21.9,0.00
2011-12-15,20.3,10.1,19.7,0.00
2011-12-16,25.7,13.1,14.9,0.00
2011-12-17,29.4,13.4,15.5,0.00
2011-12-18,25.1,20.6,38.3,0.70
2011-12-19,22.5,16.8,19.4,9.80
2011-12-20,19.5,14.4,20.4,0.30
2011-12-21,24.2,13.4,17.5,0.00
2011-12-22,25.3,12.8,13.7,0.00
2011-12-23,28.4,15.3,12.4,1.00
2011-12-24,28.3,16.1,14.9,3.50
2011-12-25,32.2,19.0,23.3,13.00
2011-12-26,19.4,15.9,23.4,11.30
2011-12-27,18.4,14.6,21.4,0.60
2011-12-28,20.8,13.4,22.6,0.00
2011-12-29,21.2,13.8,21.3,0.00
2011-12-30,25.5,14.2,12.8,0.00
2011-12-31,32.1,13.8,23.0,0.00
2012-01-01,31.2,16.8,11.2,0.00
2012-01-02,37.2,19.1,24.7,0.00
2012-01-03,32.9,20.6,17.3,0.00
2012-01-04,23.3,16.1,25.9,1.10
2012-01-05,19.3,13.1,22.4,0.00
2012-01-06,22.3,13.4,17.8,0.00
2012-01-07,29.2,13.0,21.3,0.40
2012-01-08,27.6,17.9,26.0,17.40
2012-01-09,22.0,14.3,23.4,0.00
2012-01-10,18.9,13.7,19.8,1.00
2012-01-11,16.0,12.1,35.6,6.30
2012-01-12,18.8,12.9,21.3,0.70
2012-01-13,18.2,14.1,21.9,0.00
2012-01-14,18.2,13.7,22.8,0.00
2012-01-15,21.6,12.7,18.3,0.00
2012-01-16,30.7,12.6,30.7,0.00
2012-01-17,32.2,22.0,32.6,0.00
2012-01-18,25.8,16.1,22.1,0.00
2012-01-19,23.1,14.2,21.7,0.00
2012-01-20,22.9,14.6,21.1,0.00
2012-01-21,25.9,16.6,20.7,0.10
2012-01-22,30.5,15.3,19.5,0.00
2012-01-23,31.4,16.4,19.3,0.00
2012-01-24,32.5,16.5,23.1,0.00
2012-01-25,25.4,16.2,24.3,0.00
2012-01-26,22.8,15.3,25.7,0.00
2012-01-27,29.0,15.4,15.3,0.00
2012-01-28,31.4,18.7,14.4,0.00
2012-01-29,33.7,19.6,25.7,0.30
2012-01-30,27.6,16.4,31.7,13.20
2012-01-31,17.3,14.0,30.3,1.60
2012-02-01,22.2,12.9,21.9,0.00
2012-02-02,23.9,12.2,14.5,0.00
2012-02-03,25.1,13.5,11.5,0.00
2012-02-04,31.8,13.6,19.4,0.00
2012-02-05,31.6,17.3,43.3,5.90
2012-02-06,21.9,13.5,18.2,0.00
2012-02-07,18.7,13.5,19.9,0.20
2012-02-08,20.1,11.5,22.4,0.00
2012-02-09,24.2,11.7,22.9,0.00
2012-02-10,23.8,15.7,18.1,1.80
2012-02-11,19.1,16.0,20.0,10.40
2012-02-12,21.6,15.1,23.4,1.30
2012-02-13,22.5,15.0,22.5,0.10
2012-02-14,26.6,15.2,12.7,0.00
2012-02-15,31.9,15.1,23.9,0.00
2012-02-16,31.7,18.3,20.1,2.30
2012-02-17,22.2,17.4,18.0,1.20
2012-02-18,26.4,14.6,14.8,0.00
2012-02-19,27.9,16.6,14.7,0.20
2012-02-20,22.9,18.0,19.4,1.40
2012-02-21,22.1,16.7,17.0,0.60
2012-02-22,24.9,13.7,15.9,0.00
2012-02-23,26.9,14.1,20.9,0.00
2012-02-24,34.8,13.7,14.7,0.00
2012-02-25,35.5,23.1,25.2,0.00
2012-02-26,31.6,23.7,34.3,0.00
2012-02-27,24.8,19.9,28.3,26.50
2012-02-28,21.3,17.1,18.9,20.30
2012-02-29,23.3,15.7,15.6,2.40
2012-03-01,18.6,16.0,33.6,14.80
2012-03-02,20.5,14.7,24.3,0.00
2012-03-03,20.8,15.0,11.4,17.10
2012-03-04,24.4,17.3,17.9,3.10
2012-03-05,18.5,14.7,21.6,0.50
2012-03-06,19.4,14.7,21.5,0.60
2012-03-07,20.0,13.1,24.0,0.00
2012-03-08,20.2,14.1,21.9,0.00
2012-03-09,22.4,15.7,12.7,0.70
2012-03-10,18.1,13.7,16.2,0.00
2012-03-11,18.8,11.3,15.6,0.00
2012-03-12,21.9,10.7,12.8,0.00
2012-03-13,28.1,10.9,14.4,0.00
2012-03-14,29.0,17.2,22.2,0.30
2012-03-15,29.0,21.4,30.7,0.00
2012-03-16,23.4,16.1,23.2,8.40
2012-03-17,19.4,12.9,18.1,0.20
2012-03-18,21.3,13.7,15.6,0.00
2012-03-19,25.9,10.6,11.2,0.00
2012-03-20,26.6,16.3,30.4,0.00
2012-03-21,22.9,14.1,32.7,6.40
2012-03-22,19.2,12.3,13.0,0.00
2012-03-23,15.4,11.8,34.0,1.20
2012-03-24,17.0,11.8,20.1,0.70
2012-03-25,17.1,11.4,9.5,0.00
2012-03-26,18.4,10.2,10.8,0.00
2012-03-27,19.9,11.5,15.1,0.00
2012-03-28,21.5,12.8,9.7,0.00
2012-03-29,24.2,10.5,9.2,0.40
2012-03-30,26.4,12.1,18.9,0.00
2012-03-31,28.1,16.8,32.1,0.80
2012-04-01,18.7,13.7,15.1,0.60
2012-04-02,25.0,9.0,20.8,0.00
2012-04-03,24.4,17.1,28.4,0.00
2012-04-04,24.4,13.6,10.5,0.00
2012-04-05,25.9,12.9,8.3,0.00
2012-04-06,28.6,14.3,34.6,0.80
2012-04-07,17.0,12.2,30.8,0.00
2012-04-08,18.9,9.1,14.9,0.00
2012-04-09,14.7,9.2,28.6,6.70
2012-04-10,14.7,9.2,18.7,0.80
2012-04-11,17.4,9.4,13.6,0.00
2012-04-12,21.3,6.5,8.4,0.00
2012-04-13,23.6,8.8,13.1,0.00
2012-04-14,23.6,12.8,20.2,0.00
2012-04-15,25.9,15.6,21.7,0.00
2012-04-16,18.7,11.2,16.5,0.00
2012-04-17,22.0,11.6,11.9,0.00
2012-04-18,23.3,10.4,9.6,0.00
2012-04-19,21.9,13.1,8.0,1.70
2012-04-20,22.1,13.9,9.2,1.50
2012-04-21,24.5,12.7,6.9,0.00
2012-04-22,21.5,15.3,24.9,8.10
2012-04-23,17.8,11.1,21.3,5.40
2012-04-24,11.9,8.6,25.6,14.20
2012-04-25,14.5,10.5,28.3,6.40
2012-04-26,16.1,12.3,15.9,0.30
2012-04-27,17.8,10.6,11.6,0.00
2012-04-28,20.2,9.4,21.6,0.30
2012-04-29,14.7,10.8,16.0,0.00
2012-04-30,18.1,6.0,20.0,0.00
2012-05-01,20.4,12.4,26.5,0.00
2012-05-02,16.1,9.1,21.8,11.00
2012-05-03,11.8,7.3,19.2,7.00
2012-05-04,14.3,10.2,20.1,0.70
2012-05-05,14.3,8.8,15.8,0.70
2012-05-06,14.5,8.6,15.0,0.00
2012-05-07,14.5,9.0,25.4,1.00
2012-05-08,19.2,11.4,28.9,0.00
2012-05-09,20.3,13.9,29.7,1.40
2012-05-10,18.2,9.3,10.9,0.00
2012-05-11,16.0,10.6,20.8,0.10
2012-05-12,13.6,8.3,24.7,0.00
2012-05-13,12.5,9.7,26.1,9.00
2012-05-14,14.1,10.8,20.4,1.90
2012-05-15,14.6,9.9,17.5,0.30
2012-05-16,14.7,8.3,7.7,0.20
2012-05-17,17.1,6.6,13.6,0.00
2012-05-18,16.6,9.4,24.9,0.00
2012-05-19,13.6,9.9,15.6,0.60
2012-05-20,14.3,6.4,6.9,0.00
2012-05-21,15.1,4.5,20.2,0.00
2012-05-22,16.0,9.5,27.0,0.00
2012-05-23,17.8,11.7,29.5,0.00
2012-05-24,14.8,8.7,23.0,2.20
2012-05-25,10.6,8.6,35.4,36.60
2012-05-26,13.7,9.8,21.7,3.10
2012-05-27,13.3,9.8,18.9,0.00
2012-05-28,14.2,9.4,15.0,0.10
2012-05-29,14.4,9.0,6.8,0.00
2012-05-30,14.8,7.7,11.7,0.40
2012-05-31,15.7,5.7,11.2,0.00
2012-06-01,15.5,5.5,9.1,0.00
2012-06-02,14.1,3.9,10.0,1.20
2012-06-03,12.0,8.4,11.3,2.60
2012-06-04,12.4,9.9,31.8,14.80
2012-06-05,11.2,9.5,31.7,1.50
2012-06-06,12.3,7.4,18.4,0.20
2012-06-07,12.9,7.4,17.4,0.00
2012-06-08,13.2,8.2,15.5,0.10
2012-06-09,12.4,7.9,12.7,0.70
2012-06-10,11.8,5.4,10.4,0.20
2012-06-11,11.3,4.3,8.8,0.00
2012-06-12,15.5,1.9,10.4,0.00
2012-06-13,15.1,6.3,18.9,0.00
2012-06-14,13.6,10.1,25.6,4.70
2012-06-15,14.8,9.4,20.1,0.00
2012-06-16,15.4,8.6,21.3,0.30
2012-06-17,13.7,10.3,21.4,0.30
2012-06-18,15.5,9.7,17.1,0.00
2012-06-19,12.1,3.7,20.4,1.30
2012-06-20,11.9,3.9,37.6,0.00
2012-06-21,11.5,9.4,28.9,29.40
2012-06-22,10.7,6.6,22.9,7.50
2012-06-23,13.3,5.3,20.6,0.10
2012-06-24,14.5,9.3,19.9,0.00
2012-06-25,13.5,8.8,21.7,0.90
2012-06-26,10.1,4.1,15.1,0.00
2012-06-27,12.2,3.9,9.2,0.00
2012-06-28,14.0,7.3,30.2,0.00
2012-06-29,13.6,8.7,31.4,0.60
2012-06-30,11.7,7.0,27.0,0.00
2012-07-01,9.4,5.6,20.3,4.80
2012-07-02,10.8,8.4,23.8,5.30
2012-07-03,11.7,7.4,11.3,0.60
2012-07-04,11.3,5.6,13.2,0.30
2012-07-05,11.6,4.6,8.4,0.00
2012-07-06,11.8,6.2,8.0,0.00
2012-07-07,11.9,1.7,11.9,0.00
2012-07-08,12.9,2.1,16.3,0.00
2012-07-09,13.9,7.8,22.3,0.00
2012-07-10,12.0,7.8,27.2,4.00
2012-07-11,14.4,10.4,26.4,1.50
2012-07-12,12.3,10.5,22.3,6.60
2012-07-13,13.1,8.8,9.8,1.40
2012-07-14,12.0,9.0,21.0,0.90
2012-07-15,13.5,7.3,27.7,1.30
2012-07-16,15.7,10.3,20.9,0.50
2012-07-17,15.2,10.6,31.3,0.00
2012-07-18,12.3,7.4,25.7,1.90
2012-07-19,13.4,5.0,16.3,0.00
2012-07-20,13.4,8.7,16.4,1.00
2012-07-21,14.1,6.7,8.7,0.00
2012-07-22,12.9,5.9,10.7,0.10
2012-07-23,13.5,5.1,7.6,0.00
2012-07-24,14.3,5.2,16.9,0.00
2012-07-25,14.2,8.7,23.0,0.30
2012-07-26,12.3,8.7,31.8,3.70
2012-07-27,11.8,8.9,20.6,7.50
2012-07-28,13.2,7.0,21.1,2.00
2012-07-29,10.9,6.7,18.9,3.10
2012-07-30,11.8,8.5,23.0,0.90
2012-07-31,11.7,6.7,13.4,0.00
2012-08-01,11.6,3.5,8.0,0.00
2012-08-02,12.4,1.8,20.5,0.00
2012-08-03,13.6,6.7,19.9,0.70
2012-08-04,13.7,8.8,21.9,1.90
2012-08-05,14.6,7.7,29.6,1.80
2012-08-06,11.3,6.2,22.8,0.50
2012-08-07,14.5,6.3,28.9,0.00
2012-08-08,11.2,8.7,36.6,8.40
2012-08-09,10.3,7.5,29.1,4.40
2012-08-10,11.9,8.1,24.4,8.90
2012-08-11,12.7,8.8,21.0,1.40
2012-08-12,13.0,8.1,14.5,0.00
2012-08-13,15.6,6.0,20.5,0.00
2012-08-14,13.5,8.5,26.4,3.00
2012-08-15,13.4,4.6,24.3,0.90
2012-08-16,13.5,6.5,26.5,0.40
2012-08-17,10.6,7.4,25.5,8.50
2012-08-18,11.4,8.4,28.0,12.20
2012-08-19,12.2,6.2,11.3,0.00
2012-08-20,12.1,8.2,21.6,0.00
2012-08-21,15.3,6.7,32.1,0.30
2012-08-22,17.8,11.1,31.2,0.50
2012-08-23,16.3,8.9,36.6,1.30
2012-08-24,11.8,7.2,30.8,0.30
2012-08-25,13.8,6.5,23.6,1.10
2012-08-26,13.3,7.7,23.0,2.00
2012-08-27,14.8,4.8,24.5,0.00
2012-08-28,16.4,8.3,30.0,0.00
2012-08-29,16.7,10.8,32.6,0.80
2012-08-30,11.4,7.1,27.8,1.20
2012-08-31,11.5,7.1,27.2,6.00
2012-09-01,12.8,5.5,9.5,0.00
2012-09-02,17.1,3.4,19.8,0.00
2012-09-03,19.3,7.2,18.0,0.00
2012-09-04,20.3,11.6,34.9,0.20
2012-09-05,18.7,13.4,45.1,1.00
2012-09-06,16.7,10.8,40.0,2.10
2012-09-07,13.4,8.3,37.1,1.80
2012-09-08,13.9,9.9,29.2,0.70
2012-09-09,16.3,7.9,19.1,0.00
2012-09-10,17.8,5.8,13.7,0.00
2012-09-11,18.5,7.4,10.1,0.00
2012-09-12,20.4,11.0,31.8,3.40
2012-09-13,12.4,7.7,24.5,2.30
2012-09-14,14.2,6.9,16.9,0.10
2012-09-15,14.2,8.1,10.7,0.00
2012-09-16,14.5,5.7,8.7,0.30
2012-09-17,14.2,9.0,11.5,0.00
2012-09-18,14.4,6.6,13.0,5.90
2012-09-19,15.8,8.9,10.3,0.00
2012-09-20,20.7,8.6,22.0,1.10
2012-09-21,16.5,11.6,25.6,0.10
2012-09-22,18.3,10.5,13.7,0.00
2012-09-23,16.2,10.9,29.3,0.90
2012-09-24,12.6,7.5,22.2,0.20
2012-09-25,16.1,4.5,12.4,0.00
2012-09-26,19.7,6.1,31.8,0.30
2012-09-27,23.7,12.8,34.0,0.00
2012-09-28,17.5,10.7,27.5,6.70
2012-09-29,12.8,6.8,28.2,2.10
2012-09-30,13.1,7.4,22.4,0.60
2012-10-01,14.7,8.1,18.6,0.10
2012-10-02,19.6,8.8,13.7,0.00
2012-10-03,24.4,8.0,16.6,0.00
2012-10-04,26.9,14.0,26.5,0.00
2012-10-05,15.0,10.5,15.4,0.00
2012-10-06,11.5,8.9,20.2,6.00
2012-10-07,13.7,7.8,19.2,0.70
2012-10-08,13.2,6.7,12.5,0.30
2012-10-09,15.2,5.4,14.5,1.20
2012-10-10,14.8,6.6,15.8,1.40
2012-10-11,13.3,6.7,28.2,6.70
2012-10-12,13.2,9.2,25.4,2.10
2012-10-13,14.5,9.1,15.6,2.10
2012-10-14,20.8,6.7,13.7,0.00
2012-10-15,24.4,13.3,32.4,0.40
2012-10-16,21.9,10.4,26.4,5.00
2012-10-17,15.1,8.7,20.1,0.00
2012-10-18,18.6,8.8,9.4,0.00
2012-10-19,26.4,9.5,20.9,0.40
2012-10-20,20.3,10.8,11.5,0.00
2012-10-21,15.7,9.7,25.1,0.20
2012-10-22,17.0,8.9,19.1,0.70
2012-10-23,21.2,6.3,28.8,0.00
2012-10-24,24.6,15.1,33.5,0.00
2012-10-25,21.0,11.6,30.9,0.40
2012-10-26,15.3,9.3,23.2,2.90
2012-10-27,14.4,9.2,18.7,0.00
2012-10-28,17.3,9.3,15.5,0.00
2012-10-29,26.3,8.9,9.9,0.00
2012-10-30,28.9,12.6,17.7,0.00
2012-10-31,30.2,18.5,25.9,0.00
2012-11-01,19.4,11.6,36.7,6.60
2012-11-02,15.0,11.0,22.4,0.50
2012-11-03,23.2,9.3,11.4,0.00
2012-11-04,26.6,10.1,23.0,0.00
2012-11-05,26.2,19.6,25.5,2.00
2012-11-06,22.7,16.2,22.1,1.50
2012-11-07,19.7,14.3,13.0,0.40
2012-11-08,19.0,12.6,16.4,1.10
2012-11-09,16.7,11.0,26.8,1.60
2012-11-10,18.2,10.1,15.9,1.10
2012-11-11,25.2,6.6,21.4,0.00
2012-11-12,26.5,12.7,35.5,0.00
2012-11-13,17.3,11.6,23.5,0.00
2012-11-14,19.2,8.7,16.2,0.00
2012-11-15,18.0,8.9,15.0,0.40
2012-11-16,16.1,11.6,21.8,0.20
2012-11-17,17.0,10.9,14.4,0.20
2012-11-18,17.7,8.7,20.8,1.10
2012-11-19,21.7,7.7,17.3,0.00
2012-11-20,27.0,9.4,23.4,0.00
2012-11-21,21.7,13.4,31.2,0.00
2012-11-22,19.9,11.4,18.8,0.00
2012-11-23,22.5,11.3,13.3,0.00
2012-11-24,31.0,10.9,20.4,0.00
2012-11-25,21.2,14.1,18.3,0.00
2012-11-26,21.5,12.2,12.6,0.00
2012-11-27,22.2,14.2,22.2,19.40
2012-11-28,26.7,14.8,11.3,0.00
2012-11-29,35.9,14.6,19.9,0.00
2012-11-30,29.1,22.0,16.3,0.80
2012-12-01,26.2,16.5,17.8,2.50
2012-12-02,17.8,13.2,17.4,0.00
2012-12-03,19.8,12.1,21.3,0.30
2012-12-04,16.0,10.7,31.1,1.60
2012-12-05,16.3,10.7,32.1,5.40
2012-12-06,19.8,12.3,14.8,0.10
2012-12-07,28.6,11.0,13.7,0.00
2012-12-08,34.3,15.4,31.2,0.40
2012-12-09,18.0,13.5,25.6,0.10
2012-12-10,21.1,11.3,23.5,0.00
2012-12-11,26.7,11.4,15.4,0.00
2012-12-12,32.2,11.8,20.1,0.00
2012-12-13,35.5,19.0,30.0,5.80
2012-12-14,22.7,17.4,20.8,6.80
2012-12-15,22.1,16.9,25.6,9.50
2012-12-16,20.8,14.7,23.0,2.30
2012-12-17,19.8,11.3,15.7,0.00
2012-12-18,24.6,9.8,9.1,0.00
2012-12-19,26.8,16.6,31.6,3.70
2012-12-20,21.5,13.6,20.5,3.00
2012-12-21,20.8,11.9,17.6,0.00
2012-12-22,28.5,12.3,15.9,0.00
2012-12-23,36.1,13.8,20.5,0.00
2012-12-24,28.1,15.4,38.4,0.00
2012-12-25,20.1,14.3,27.2,0.00
2012-12-26,23.4,11.6,17.9,0.00
2012-12-27,30.6,13.0,30.3,0.00
2012-12-28,19.4,14.4,23.0,0.40
2012-12-29,20.1,13.7,21.0,0.00
2012-12-30,20.5,12.9,18.2,0.00
2012-12-31,23.1,9.8,13.7,0.00
2013-01-01,24.0,12.2,23.4,0.00
2013-01-02,19.8,13.8,19.7,0.00
2013-01-03,35.1,12.1,12.4,0.00
2013-01-04,39.1,22.9,30.6,0.00
2013-01-05,31.0,18.2,25.3,0.00
2013-01-06,25.8,15.8,26.9,0.00
2013-01-07,33.1,14.8,19.0,0.00
2013-01-08,29.5,14.8,32.1,0.90
2013-01-09,19.1,12.7,27.4,0.50
2013-01-10,26.5,12.6,12.0,0.00
2013-01-11,36.3,16.9,30.2,0.00
2013-01-12,22.7,15.7,18.8,0.00
2013-01-13,18.5,14.1,23.2,0.20
2013-01-14,21.0,13.4,21.4,0.10
2013-01-15,28.7,10.1,20.5,0.00
2013-01-16,25.8,14.0,19.2,0.00
2013-01-17,38.9,13.0,16.7,0.00
2013-01-18,30.0,16.6,28.9,1.70
2013-01-19,20.9,15.6,21.3,0.00
2013-01-20,24.9,13.6,20.7,0.00
2013-01-21,28.0,15.0,23.7,0.00
2013-01-22,23.5,15.6,17.7,0.00
2013-01-23,23.1,15.4,25.2,0.00
2013-01-24,34.0,11.9,18.4,0.00
2013-01-25,27.9,16.3,33.7,0.00
2013-01-26,20.9,15.1,23.2,0.00
2013-01-27,21.5,15.9,20.7,0.10
2013-01-28,23.8,13.0,25.5,0.00
2013-01-29,19.4,14.8,24.0,0.80
2013-01-30,27.3,11.2,9.4,0.00
2013-01-31,25.8,13.3,25.0,12.30
2013-02-01,17.7,12.3,27.4,1.50
2013-02-02,18.8,13.1,21.7,0.20
2013-02-03,21.6,15.9,21.7,0.70
2013-02-04,21.8,14.9,18.3,0.00
2013-02-05,28.5,12.0,14.8,0.00
2013-02-06,35.2,13.8,19.4,0.00
2013-02-07,35.1,17.2,20.2,0.00
2013-02-08,29.0,16.8,13.0,0.00
2013-02-09,31.6,14.3,19.2,0.00
2013-02-10,21.2,15.7,23.8,0.00
2013-02-11,24.9,13.8,21.2,0.00
2013-02-12,26.2,13.3,21.5,0.00
2013-02-13,30.7,14.2,12.6,0.00
2013-02-14,31.1,17.2,12.6,0.00
2013-02-15,29.9,17.9,15.1,0.00
2013-02-16,32.1,16.8,18.0,0.00
2013-02-17,33.1,16.6,15.1,0.00
2013-02-18,34.2,19.2,27.1,0.00
2013-02-19,27.5,16.3,24.6,0.00
2013-02-20,28.7,14.9,21.6,0.00
2013-02-21,31.1,17.5,13.5,4.40
2013-02-22,30.4,18.8,14.0,1.00
2013-02-23,30.4,17.0,13.4,0.00
2013-02-24,32.3,16.8,14.9,0.00
2013-02-25,30.3,20.1,23.0,0.30
2013-02-26,26.9,18.3,14.4,15.90
2013-02-27,27.9,17.3,23.9,20.90
2013-02-28,17.8,15.1,30.6,1.60
2013-03-01,22.2,14.4,23.4,0.00
2013-03-02,25.0,13.9,18.4,0.00
2013-03-03,26.4,11.5,11.5,0.00
2013-03-04,29.3,14.0,13.0,0.00
2013-03-05,30.5,15.6,19.4,0.00
2013-03-06,31.6,17.3,19.4,0.00
2013-03-07,32.6,21.0,12.7,0.00
2013-03-08,32.8,18.8,9.4,0.00
2013-03-09,33.6,22.2,23.4,0.00
2013-03-10,32.2,20.3,14.2,0.00
2013-03-11,34.2,19.4,8.8,0.00
2013-03-12,34.7,22.5,23.2,0.00
2013-03-13,27.6,18.3,28.4,0.00
2013-03-14,21.5,16.6,18.1,0.00
2013-03-15,22.6,15.2,16.0,0.00
2013-03-16,21.0,13.7,24.2,7.70
2013-03-17,15.9,12.8,28.9,1.60
2013-03-18,18.8,12.8,17.4,0.40
2013-03-19,22.2,12.6,15.9,0.00
2013-03-20,26.6,10.4,22.9,0.00
2013-03-21,22.8,18.0,48.3,6.10
2013-03-22,19.7,16.0,20.1,0.00
2013-03-23,23.5,14.2,20.9,0.40
2013-03-24,24.3,16.1,29.2,0.00
2013-03-25,23.3,12.7,10.7,0.00
2013-03-26,29.0,14.2,20.8,0.00
2013-03-27,33.5,21.8,32.8,0.60
2013-03-28,20.6,13.5,25.7,18.20
2013-03-29,18.9,11.8,18.0,0.00
2013-03-30,21.2,13.1,15.4,0.20
2013-03-31,17.8,13.7,15.1,2.30
2013-04-01,21.5,9.8,12.4,0.00
2013-04-02,18.7,14.6,19.9,1.10
2013-04-03,16.8,12.7,18.6,0.00
2013-04-04,19.5,8.9,15.6,0.00
2013-04-05,22.7,8.7,8.7,0.00
2013-04-06,25.3,10.4,12.1,0.00
2013-04-07,26.6,16.0,16.3,0.00
2013-04-08,22.1,15.1,12.6,0.00
2013-04-09,22.2,14.7,14.0,0.00
2013-04-10,22.5,12.0,8.3,0.00
2013-04-11,17.8,13.1,13.6,0.00
2013-04-12,25.9,11.6,10.0,0.30
2013-04-13,23.5,17.4,26.7,1.60
2013-04-14,19.1,14.1,13.7,6.80
2013-04-15,15.6,13.6,16.3,2.60
2013-04-16,17.7,9.3,17.7,0.00
2013-04-17,16.8,10.1,15.0,0.00
2013-04-18,15.7,9.0,26.1,3.00
2013-04-19,15.0,10.7,23.5,0.00
2013-04-20,16.5,10.1,20.0,0.00
2013-04-21,20.3,5.8,22.4,0.10
2013-04-22,17.8,11.7,26.5,2.90
2013-04-23,16.9,11.2,20.4,2.20
2013-04-24,18.0,11.0,13.4,0.70
2013-04-25,19.6,10.5,20.5,0.00
2013-04-26,21.3,13.9,18.2,0.00
2013-04-27,23.4,14.3,32.2,0.00
2013-04-28,19.7,14.3,30.8,0.60
2013-04-29,17.2,8.4,8.5,0.00
2013-04-30,17.5,7.4,8.0,0.00
2013-05-01,15.3,9.2,24.3,0.80
2013-05-02,15.4,9.1,11.9,0.00
2013-05-03,18.1,8.7,34.9,1.30
2013-05-04,14.7,10.8,24.5,2.30
2013-05-05,14.5,9.5,15.2,0.00
2013-05-06,16.9,5.7,8.7,0.00
2013-05-07,17.8,8.5,19.6,1.10
2013-05-08,22.2,10.7,17.5,0.00
2013-05-09,23.5,13.8,19.2,0.00
2013-05-10,23.4,12.2,13.8,0.00
2013-05-11,23.5,13.4,22.4,0.00
2013-05-12,21.2,14.5,26.7,2.30
2013-05-13,15.8,10.3,21.3,3.20
2013-05-14,13.9,7.5,24.3,1.00
2013-05-15,15.3,8.9,30.0,6.80
2013-05-16,13.9,10.5,27.0,3.10
2013-05-17,13.9,9.9,21.4,2.10
2013-05-18,13.0,8.9,17.8,0.20
2013-05-19,14.7,8.4,13.0,0.00
2013-05-20,14.9,9.6,18.4,3.80
2013-05-21,14.4,7.5,11.8,0.00
2013-05-22,14.2,4.4,7.9,0.00
2013-05-23,15.2,6.0,18.1,0.00
2013-05-24,14.3,4.4,9.4,0.00
2013-05-25,17.5,9.3,17.0,0.00
2013-05-26,15.6,10.4,16.6,0.10
2013-05-27,14.8,9.4,9.6,0.00
2013-05-28,17.4,4.2,19.9,0.00
2013-05-29,17.7,10.2,23.1,0.00
2013-05-30,15.1,13.3,20.5,2.50
2013-05-31,18.3,13.9,27.7,3.60
2013-06-01,15.4,12.4,17.0,23.10
2013-06-02,14.3,11.1,23.7,0.20
2013-06-03,13.4,9.8,16.9,0.00
2013-06-04,15.6,10.0,8.3,0.00
2013-06-05,13.8,10.4,24.9,0.00
2013-06-06,16.2,11.2,30.0,1.60
2013-06-07,13.5,7.7,27.1,7.30
2013-06-08,14.1,5.5,12.6,0.00
2013-06-09,13.3,6.2,15.8,0.00
2013-06-10,14.9,7.4,22.1,0.00
2013-06-11,14.7,9.2,22.0,0.70
2013-06-12,12.5,7.7,15.6,11.00
2013-06-13,12.0,10.1,23.7,15.10
2013-06-14,12.2,9.9,26.4,4.80
2013-06-15,13.1,8.3,18.7,0.10
2013-06-16,11.8,6.2,16.3,0.00
2013-06-17,10.6,7.1,11.5,7.30
2013-06-18,12.4,7.6,14.7,0.00
2013-06-19,12.4,6.0,11.0,0.00
2013-06-20,12.1,1.5,8.0,0.00
2013-06-21,13.1,1.8,10.2,0.00
2013-06-22,12.7,0.4,8.0,0.00
2013-06-23,12.3,0.4,7.9,0.00
2013-06-24,13.0,0.9,12.5,0.00
2013-06-25,14.5,6.4,11.9,0.00
2013-06-26,15.1,1.6,7.8,0.00
2013-06-27,15.7,4.9,13.0,0.00
2013-06-28,14.2,3.9,8.7,0.00
2013-06-29,11.8,4.2,9.6,0.00
2013-06-30,16.0,5.8,14.7,0.00
2013-07-01,14.9,10.1,18.8,0.00
2013-07-02,16.5,11.5,19.7,0.00
2013-07-03,15.0,9.1,29.0,0.00
2013-07-04,14.3,9.0,39.3,1.30
2013-07-05,12.7,7.8,31.3,0.60
2013-07-06,13.1,7.6,25.5,6.10
2013-07-07,11.7,5.4,19.5,1.40
2013-07-08,11.8,4.0,9.3,0.20
2013-07-09,11.4,1.3,9.0,0.00
2013-07-10,14.0,1.6,12.0,0.00
2013-07-11,14.9,2.2,17.1,0.00
2013-07-12,16.0,6.1,13.2,0.00
2013-07-13,14.6,8.0,21.5,6.60
2013-07-14,14.8,13.1,29.7,8.30
2013-07-15,15.5,10.3,22.4,0.50
2013-07-16,16.0,9.9,12.8,0.00
2013-07-17,15.9,9.4,17.7,0.10
2013-07-18,19.3,13.5,34.4,7.70
2013-07-19,15.4,10.7,32.2,9.70
2013-07-20,10.3,5.6,12.2,7.70
2013-07-21,9.7,5.3,27.4,0.00
2013-07-22,12.8,6.0,24.0,0.40
2013-07-23,11.5,7.6,24.3,2.70
2013-07-24,11.6,9.1,13.1,0.00
2013-07-25,12.3,3.0,22.0,0.00
2013-07-26,13.3,7.6,22.0,0.20
2013-07-27,14.0,8.4,29.2,0.00
2013-07-28,15.1,11.4,32.7,0.60
2013-07-29,16.8,10.8,26.6,2.70
2013-07-30,12.7,9.1,12.6,1.00
2013-07-31,12.8,7.4,6.3,0.00
2013-08-01,13.2,6.5,15.9,0.00
2013-08-02,13.1,7.8,27.8,1.40
2013-08-03,12.7,6.7,37.1,4.20
2013-08-04,12.7,7.5,22.0,1.10
2013-08-05,15.5,10.4,33.8,1.40
2013-08-06,13.8,9.2,33.5,3.80
2013-08-07,11.7,6.1,15.5,11.20
2013-08-08,12.1,6.9,21.6,0.80
2013-08-09,10.3,7.1,37.9,5.40
2013-08-10,15.8,8.2,23.1,0.00
2013-08-11,16.0,7.3,26.7,0.00
2013-08-12,11.8,9.0,37.5,2.60
2013-08-13,14.3,7.1,31.4,1.40
2013-08-14,14.3,8.2,30.1,3.10
2013-08-15,15.7,7.2,19.9,0.00
2013-08-16,14.9,8.5,42.7,0.10
2013-08-17,13.5,8.3,40.0,2.20
2013-08-18,15.0,9.4,39.5,0.40
2013-08-19,11.1,6.2,26.8,0.20
2013-08-20,10.8,5.4,22.3,0.70
2013-08-21,12.8,5.8,23.3,0.60
2013-08-22,13.5,8.2,23.7,7.30
2013-08-23,12.9,10.1,25.6,5.10
2013-08-24,15.1,10.2,15.6,0.00
2013-08-25,15.3,10.3,18.9,0.00
2013-08-26,18.3,9.4,15.7,0.00
2013-08-27,17.9,8.0,20.6,0.00
2013-08-28,20.2,7.3,14.8,0.30
2013-08-29,20.1,13.5,29.8,1.70
2013-08-30,17.3,13.3,26.6,0.70
2013-08-31,20.5,9.3,18.4,0.00
2013-09-01,21.9,14.0,29.8,0.00
2013-09-02,19.8,11.2,23.4,0.00
2013-09-03,23.1,9.1,8.6,0.00
2013-09-04,23.0,14.4,32.5,0.20
2013-09-05,19.7,13.8,32.3,3.90
2013-09-06,15.8,9.7,10.9,0.10
2013-09-07,16.9,9.6,17.6,0.00
2013-09-08,14.2,5.6,8.9,0.00
2013-09-09,21.4,10.7,35.1,0.20
2013-09-10,16.2,11.0,24.3,1.50
2013-09-11,14.1,9.8,24.2,0.80
2013-09-12,11.9,7.1,17.9,1.80
2013-09-13,15.1,1.6,16.9,0.00
2013-09-14,15.4,9.0,5.9,0.00
2013-09-15,20.1,8.7,15.6,0.50
2013-09-16,17.2,11.0,20.2,18.20
2013-09-17,16.8,12.0,10.2,8.60
2013-09-18,17.6,10.3,27.3,11.00
2013-09-19,15.0,9.5,29.4,2.60
2013-09-20,14.6,9.0,24.5,2.20
2013-09-21,18.5,6.7,15.5,0.00
2013-09-22,18.8,11.1,15.9,6.20
2013-09-23,22.5,6.9,31.0,0.00
2013-09-24,21.1,12.0,30.1,0.00
2013-09-25,21.0,14.3,24.2,1.10
2013-09-26,14.0,9.8,46.3,12.60
2013-09-27,18.5,7.1,26.0,0.70
2013-09-28,14.5,9.2,35.1,1.70
2013-09-29,20.4,7.4,28.0,0.00
2013-09-30,23.5,15.4,38.4,2.20
2013-10-01,21.7,10.1,34.5,13.30
2013-10-02,15.7,9.8,45.2,3.10
2013-10-03,13.1,8.2,21.9,0.00
2013-10-04,19.4,5.4,18.7,0.00
2013-10-05,22.3,12.8,33.2,0.00
2013-10-06,15.0,10.9,17.2,1.50
2013-10-07,14.9,9.0,14.5,0.20
2013-10-08,18.3,10.0,14.4,0.00
2013-10-09,23.5,12.0,36.7,0.00
2013-10-10,21.4,10.6,30.1,6.00
2013-10-11,18.3,9.4,19.4,0.00
2013-10-12,22.7,10.5,25.2,0.00
2013-10-13,15.7,8.6,31.5,5.90
2013-10-14,13.7,8.4,21.7,0.50
2013-10-15,18.3,8.2,21.2,0.00
2013-10-16,24.3,12.6,37.9,0.00
2013-10-17,20.6,9.5,36.6,5.30
2013-10-18,20.0,7.0,27.8,0.00
2013-10-19,23.7,12.3,26.3,0.00
2013-10-20,29.1,16.5,32.0,0.00
2013-10-21,16.9,11.9,16.6,2.30
2013-10-22,16.5,11.0,12.7,15.70
2013-10-23,15.2,11.5,31.1,2.10
2013-10-24,12.9,7.2,29.4,1.50
2013-10-25,14.5,7.2,21.2,0.20
2013-10-26,15.2,9.0,18.0,0.30
2013-10-27,15.2,8.6,15.1,0.10
2013-10-28,18.6,8.5,16.6,6.10
2013-10-29,14.8,10.9,25.3,1.30
2013-10-30,16.0,10.7,15.6,0.00
2013-10-31,16.0,10.9,17.1,0.00
2013-11-01,20.6,9.3,13.0,0.00
2013-11-02,26.2,11.0,12.3,0.00
2013-11-03,15.1,11.0,32.2,1.60
2013-11-04,14.9,10.2,22.7,0.00
2013-11-05,22.5,7.4,9.7,0.00
2013-11-06,27.5,10.6,24.8,0.00
2013-11-07,27.3,14.3,24.3,0.10
2013-11-08,22.0,12.6,27.2,6.50
2013-11-09,14.3,10.3,25.4,2.70
2013-11-10,15.9,9.6,22.3,0.10
2013-11-11,17.0,9.3,23.7,0.90
2013-11-12,16.0,10.9,24.7,9.90
2013-11-13,13.1,10.0,24.6,15.10
2013-11-14,14.9,10.9,22.1,1.70
2013-11-15,15.7,10.2,22.5,1.30
2013-11-16,17.0,10.1,21.2,0.00
2013-11-17,19.2,9.1,19.3,0.00
2013-11-18,25.0,9.5,10.9,0.00
2013-11-19,28.2,14.1,25.4,0.00
2013-11-20,18.3,13.1,23.2,0.30
2013-11-21,23.4,13.2,15.0,0.10
2013-11-22,18.6,12.7,17.1,0.50
2013-11-23,17.9,12.3,21.9,3.60
2013-11-24,17.3,12.4,25.4,3.70
2013-11-25,20.7,12.8,25.1,0.00
2013-11-26,25.8,6.9,12.8,0.00
2013-11-27,30.7,11.7,17.4,0.00
2013-11-28,25.4,13.2,29.9,3.10
2013-11-29,15.9,11.7,26.7,2.00
2013-11-30,18.6,12.0,17.3,0.10
2013-12-01,28.9,7.8,21.4,0.00
2013-12-02,33.2,19.1,24.0,0.00
2013-12-03,30.2,14.3,11.6,1.30
2013-12-04,20.2,13.3,20.9,20.30
2013-12-05,15.3,9.9,30.9,12.80
2013-12-06,16.8,8.7,18.9,0.20
2013-12-07,22.9,8.2,8.8,0.00
2013-12-08,26.7,15.2,30.4,0.00
2013-12-09,17.4,14.7,14.8,14.70
2013-12-10,18.2,11.7,25.3,1.00
2013-12-11,19.3,13.3,23.1,0.20
2013-12-12,22.2,9.8,12.6,0.00
2013-12-13,20.4,11.8,19.3,0.20
2013-12-14,17.8,12.7,18.1,0.00
2013-12-15,20.3,11.1,16.0,0.00
2013-12-16,20.3,13.5,17.9,0.00
2013-12-17,21.3,10.8,16.8,0.00
2013-12-18,26.2,11.6,12.7,0.00
2013-12-19,36.1,15.2,20.2,0.00
2013-12-20,24.5,15.8,28.2,0.00
2013-12-21,24.7,14.7,17.3,0.10
2013-12-22,29.2,17.5,17.9,2.10
2013-12-23,18.9,14.5,21.6,1.60
2013-12-24,21.3,12.2,13.9,0.00
2013-12-25,29.5,10.4,12.9,0.00
2013-12-26,27.8,16.1,24.1,0.90
2013-12-27,20.8,15.4,16.3,0.30
2013-12-28,33.6,12.4,36.0,0.00
2013-12-29,18.3,13.3,25.2,0.00
2013-12-30,20.2,9.0,15.9,0.00
2013-12-31,23.3,10.6,10.5,0.00
2014-01-01,25.4,14.4,31.9,6.20
2014-01-02,20.0,14.4,16.3,2.60
2014-01-03,20.6,11.5,21.1,0.00
2014-01-04,19.5,13.2,24.3,0.00
2014-01-05,24.5,10.4,39.6,0.60
2014-01-06,17.0,12.1,29.0,0.30
2014-01-07,17.2,12.8,23.1,0.20
2014-01-08,25.5,9.6,22.7,0.00
2014-01-09,30.0,12.6,11.9,0.00
2014-01-10,32.3,20.3,23.2,0.00
2014-01-11,24.6,16.0,19.9,0.00
2014-01-12,22.6,15.6,17.8,0.00
2014-01-13,34.9,13.3,12.3,0.00
2014-01-14,41.3,17.6,27.7,0.20
2014-01-15,40.7,26.8,16.5,0.30
2014-01-16,40.9,21.7,12.4,0.00
2014-01-17,41.8,23.5,25.1,0.00
2014-01-18,23.4,17.3,23.0,0.40
2014-01-19,21.7,15.2,25.0,0.00
2014-01-20,23.0,16.8,25.1,0.00
2014-01-21,21.9,16.3,23.4,0.00
2014-01-22,22.5,15.6,22.5,0.00
2014-01-23,32.4,12.3,13.4,0.00
2014-01-24,22.3,16.3,21.7,9.10
2014-01-25,18.0,14.9,23.6,0.00
2014-01-26,27.2,11.1,12.3,0.00
2014-01-27,33.6,16.0,25.7,0.00
2014-01-28,39.4,22.4,30.7,0.00
2014-01-29,22.9,17.0,23.5,0.00
2014-01-30,28.3,14.6,16.6,0.00
2014-01-31,27.7,17.3,20.2,0.00
2014-02-01,33.1,16.5,14.2,0.00
2014-02-02,38.2,17.4,10.7,0.00
2014-02-03,32.4,16.7,30.3,0.10
2014-02-04,24.4,14.6,28.8,0.00
2014-02-05,30.5,12.6,19.0,0.00
2014-02-06,33.7,15.9,23.8,0.00
2014-02-07,35.6,20.2,23.5,0.00
2014-02-08,39.3,17.5,12.0,0.00
2014-02-09,38.4,18.6,32.2,0.00
2014-02-10,23.9,15.3,23.3,0.00
2014-02-11,27.2,12.9,15.8,0.00
2014-02-12,28.2,16.3,16.1,0.00
2014-02-13,27.5,18.0,14.7,0.00
2014-02-14,29.0,19.6,10.0,0.00
2014-02-15,27.3,20.3,15.9,1.00
2014-02-16,21.3,16.7,26.0,7.30
2014-02-17,24.1,14.3,17.4,0.00
2014-02-18,29.0,14.5,13.9,0.00
2014-02-19,25.6,13.5,23.2,12.10
2014-02-20,19.0,12.1,29.7,0.20
2014-02-21,17.8,13.8,20.9,0.20
2014-02-22,19.9,14.7,21.1,0.00
2014-02-23,22.5,13.0,13.8,0.00
2014-02-24,24.7,12.5,16.7,0.00
2014-02-25,31.9,14.2,23.8,0.00
2014-02-26,19.3,15.5,19.8,0.30
2014-02-27,19.5,12.5,22.4,0.10
2014-02-28,22.0,12.0,19.2,0.00
2014-03-01,23.4,14.6,20.2,0.00
2014-03-02,22.2,15.2,20.4,0.00
2014-03-03,25.4,12.3,15.1,0.00
2014-03-04,30.8,14.2,18.9,0.00
2014-03-05,24.5,15.1,22.4,3.60
2014-03-06,19.9,13.1,17.6,0.00
2014-03-07,21.9,10.9,20.8,0.10
2014-03-08,27.7,16.0,15.6,0.00
2014-03-09,31.4,14.5,20.8,0.00
2014-03-10,31.1,20.9,23.9,0.00
2014-03-11,32.0,17.7,20.1,7.10
2014-03-12,20.4,15.6,17.1,4.70
2014-03-13,21.7,11.6,16.0,0.00
2014-03-14,27.9,14.1,7.9,0.00
2014-03-15,28.1,15.5,35.0,20.60
2014-03-16,19.9,12.8,21.3,0.90
2014-03-17,23.0,15.7,24.8,1.20
2014-03-18,22.8,13.5,14.5,0.00
2014-03-19,21.0,11.1,12.6,0.00
2014-03-20,28.2,9.2,17.0,0.00
2014-03-21,24.7,14.6,23.0,1.90
2014-03-22,17.2,13.4,18.9,0.00
2014-03-23,16.8,11.1,17.7,0.70
2014-03-24,18.7,11.4,19.5,0.70
2014-03-25,24.2,13.0,13.6,0.70
2014-03-26,25.8,13.5,15.6,0.10
2014-03-27,24.1,16.8,17.7,12.00
2014-03-28,21.5,14.8,12.5,1.90
2014-03-29,23.1,13.2,8.4,0.00
2014-03-30,24.3,13.6,6.9,6.70
2014-03-31,28.5,15.3,18.0,0.00
2014-04-01,29.9,19.0,22.9,0.00
2014-04-02,23.9,16.6,25.3,3.20
2014-04-03,17.8,15.2,18.8,1.80
2014-04-04,20.6,13.8,18.5,0.00
2014-04-05,21.8,14.7,12.0,0.20
2014-04-06,22.7,12.3,13.2,0.00
2014-04-07,23.9,11.4,14.8,0.00
2014-04-08,19.8,16.2,21.8,9.10
2014-04-09,17.7,16.3,10.6,16.30
2014-04-10,17.5,16.2,9.4,13.20
2014-04-11,17.9,15.6,26.3,6.50
2014-04-12,20.2,15.0,18.2,0.00
2014-04-13,19.2,11.4,16.2,0.00
2014-04-14,19.2,11.3,16.3,0.00
2014-04-15,19.4,9.7,16.3,0.00
2014-04-16,20.7,9.7,6.9,0.00
2014-04-17,22.3,9.7,11.6,0.00
2014-04-18,17.7,12.6,22.2,0.80
2014-04-19,15.7,10.9,16.6,0.00
2014-04-20,17.0,9.2,15.2,0.00
2014-04-21,17.4,11.2,32.5,0.80
2014-04-22,18.5,13.6,29.1,5.40
2014-04-23,18.0,9.9,11.6,0.00
2014-04-24,15.1,9.1,18.9,0.90
2014-04-25,19.0,6.3,19.1,0.00
2014-04-26,18.0,11.7,24.1,0.30
2014-04-27,15.7,9.7,17.6,0.00
2014-04-28,20.9,6.1,29.1,0.00
2014-04-29,18.9,13.4,34.2,11.80
2014-04-30,14.5,10.3,18.7,3.50
2014-05-01,15.0,7.2,14.4,0.00
2014-05-02,13.7,10.2,23.4,0.60
2014-05-03,13.1,8.2,29.3,5.90
2014-05-04,12.0,9.8,27.1,2.70
2014-05-05,14.1,9.5,15.3,0.80
2014-05-06,14.1,9.3,19.0,0.20
2014-05-07,14.1,8.8,13.7,0.30
2014-05-08,16.7,2.4,8.2,0.00
2014-05-09,16.7,6.7,24.1,0.00
2014-05-10,16.7,10.6,21.6,6.50
2014-05-11,17.4,9.4,11.4,0.00
2014-05-12,17.2,6.9,9.2,0.00
2014-05-13,19.5,7.4,15.8,0.00
2014-05-14,20.0,9.8,21.2,0.00
2014-05-15,20.6,14.1,29.5,0.00
2014-05-16,21.3,15.1,25.6,0.00
2014-05-17,20.5,15.1,23.9,0.00
2014-05-18,20.8,15.8,23.1,0.00
2014-05-19,21.2,15.4,24.5,1.80
2014-05-20,19.7,13.0,16.3,6.30
2014-05-21,20.9,10.0,21.7,0.00
2014-05-22,20.8,15.3,26.6,1.20
2014-05-23,17.5,12.0,16.6,9.60
2014-05-24,16.1,10.9,9.1,0.00
2014-05-25,20.2,12.2,23.2,0.00
2014-05-26,19.9,11.6,25.2,0.00
2014-05-27,19.7,13.7,32.4,8.50
2014-05-28,16.8,12.7,18.8,0.40
2014-05-29,15.3,9.5,7.1,0.00
2014-05-30,14.8,7.0,8.2,0.00
2014-05-31,16.4,10.3,8.4,2.60
2014-06-01,16.1,11.8,8.0,11.40
2014-06-02,14.6,8.4,10.3,0.00
2014-06-03,15.2,13.2,15.0,3.90
2014-06-04,17.1,10.5,12.3,2.30
2014-06-05,13.6,10.7,9.9,1.50
2014-06-06,14.1,7.8,8.1,0.40
2014-06-07,14.7,9.0,17.2,1.70
2014-06-08,13.6,9.9,15.9,0.00
2014-06-09,15.9,6.1,10.5,0.00
2014-06-10,15.2,5.4,9.3,0.00
2014-06-11,15.9,7.8,25.7,0.00
2014-06-12,15.3,10.6,23.1,0.30
2014-06-13,14.7,11.8,20.5,2.10
2014-06-14,13.6,8.4,19.0,3.60
2014-06-15,13.6,10.6,20.4,2.80
2014-06-16,14.9,9.1,20.3,4.60
2014-06-17,14.3,9.8,16.6,0.00
2014-06-18,13.4,7.6,8.4,0.00
2014-06-19,11.7,5.8,22.4,0.00
2014-06-20,15.0,9.9,27.0,1.40
2014-06-21,13.9,10.3,19.4,0.00
2014-06-22,15.3,9.1,25.2,0.00
2014-06-23,13.0,8.0,37.7,2.50
2014-06-24,11.7,6.9,45.7,5.20
2014-06-25,14.4,9.7,27.4,1.20
2014-06-26,14.6,10.1,29.5,0.40
2014-06-27,14.0,10.1,44.3,0.00
2014-06-28,11.7,8.8,36.4,2.00
2014-06-29,10.8,7.6,25.6,1.70
2014-06-30,12.2,6.4,16.6,0.50
2014-07-01,13.2,8.1,13.7,0.00
2014-07-02,15.2,8.7,13.0,0.00
2014-07-03,13.0,6.8,27.5,0.00
2014-07-04,12.2,8.3,31.3,0.80
2014-07-05,13.0,9.7,24.0,1.70
2014-07-06,12.3,8.3,19.7,0.60
2014-07-07,12.9,7.9,22.9,0.00
2014-07-08,14.1,9.3,36.8,0.20
2014-07-09,11.2,7.7,35.9,9.90
2014-07-10,12.6,6.5,27.4,1.60
2014-07-11,12.7,7.5,27.6,0.00
2014-07-12,11.2,6.5,21.6,5.40
2014-07-13,12.2,5.2,14.1,0.00
2014-07-14,13.7,7.0,11.7,0.00
2014-07-15,12.9,7.5,30.7,1.80
2014-07-16,13.0,8.4,28.1,0.80
2014-07-17,11.2,6.2,28.8,3.30
2014-07-18,11.4,6.2,31.7,2.90
2014-07-19,12.5,7.1,15.5,0.10
2014-07-20,12.0,5.2,6.1,0.00
2014-07-21,12.4,5.3,6.8,0.00
2014-07-22,11.8,2.3,9.2,0.00
2014-07-23,13.1,2.0,11.5,0.00
2014-07-24,14.1,6.2,21.6,0.10
2014-07-25,14.0,9.8,24.4,1.20
2014-07-26,14.2,8.9,15.1,0.30
2014-07-27,15.0,6.3,21.6,0.00
2014-07-28,15.3,9.0,27.7,0.00
2014-07-29,14.9,10.6,34.2,0.20
2014-07-30,16.9,12.3,26.4,2.20
2014-07-31,16.7,7.1,47.1,5.40
2014-08-01,9.2,5.8,28.4,4.50
2014-08-02,10.7,2.8,18.6,2.20
2014-08-03,12.5,0.3,10.1,0.00
2014-08-04,12.6,2.1,11.9,0.00
2014-08-05,14.7,5.9,13.4,0.00
2014-08-06,13.8,7.5,14.9,0.50
2014-08-07,12.6,9.0,13.0,0.70
2014-08-08,14.4,8.9,11.9,0.00
2014-08-09,15.4,7.8,24.6,0.00
2014-08-10,12.1,7.1,22.9,3.30
2014-08-11,10.4,5.9,18.0,1.40
2014-08-12,11.4,4.3,15.1,0.00
2014-08-13,12.6,6.6,13.6,0.10
2014-08-14,12.5,7.1,10.9,0.00
2014-08-15,15.9,3.1,8.5,0.00
2014-08-16,12.7,6.0,12.6,0.00
2014-08-17,13.2,6.9,22.5,0.00
2014-08-18,11.2,9.1,19.5,2.70
2014-08-19,12.9,9.5,16.4,0.00
2014-08-20,13.2,7.5,12.7,0.00
2014-08-21,16.2,4.3,14.9,0.00
2014-08-22,17.5,4.5,9.9,0.00
2014-08-23,17.9,6.0,20.7,0.00
2014-08-24,14.3,9.3,17.8,5.60
2014-08-25,14.2,10.1,16.4,1.20
2014-08-26,16.7,8.5,10.6,0.00
2014-08-27,17.0,5.5,9.0,0.00
2014-08-28,17.2,6.7,7.6,0.00
2014-08-29,14.5,6.9,11.1,0.00
2014-08-30,19.5,8.1,11.9,0.00
2014-08-31,19.5,10.2,25.2,0.00
2014-09-01,15.2,8.9,30.4,11.90
2014-09-02,12.6,8.6,22.8,3.20
2014-09-03,13.4,7.7,15.0,0.30
2014-09-04,13.9,7.1,14.1,0.00
2014-09-05,14.7,5.2,12.1,0.00
2014-09-06,17.1,6.5,8.8,0.00
2014-09-07,19.0,4.9,16.8,0.00
2014-09-08,19.8,10.7,41.5,1.20
2014-09-09,18.3,11.6,41.9,13.00
2014-09-10,16.1,9.3,18.7,0.20
2014-09-11,13.5,9.5,22.0,4.50
2014-09-12,13.8,6.4,9.8,0.00
2014-09-13,17.8,4.4,10.7,0.00
2014-09-14,16.7,5.9,12.7,0.00
2014-09-15,18.6,8.1,13.0,2.50
2014-09-16,14.4,9.0,25.5,3.00
2014-09-17,13.7,8.5,30.1,0.80
2014-09-18,12.4,8.0,19.2,0.80
2014-09-19,14.0,6.6,17.3,0.00
2014-09-20,14.3,8.1,18.0,0.80
2014-09-21,14.8,7.7,12.7,0.00
2014-09-22,21.0,3.1,11.9,0.00
2014-09-23,22.9,9.8,16.2,0.00
2014-09-24,21.8,13.6,27.2,6.00
2014-09-25,14.1,11.6,21.0,6.40
2014-09-26,16.5,9.0,13.0,0.00
2014-09-27,21.6,9.1,26.8,0.20
2014-09-28,24.8,14.6,40.0,0.00
2014-09-29,21.4,12.0,20.7,0.00
2014-09-30,21.0,8.9,40.2,4.70
2014-10-01,13.8,7.9,26.5,0.70
2014-10-02,15.8,8.8,17.9,0.00
2014-10-03,16.5,10.7,11.8,0.00
2014-10-04,24.1,7.0,27.7,0.00
2014-10-05,17.9,11.1,14.8,0.00
2014-10-06,25.1,7.5,38.0,6.40
2014-10-07,16.3,11.3,27.0,1.30
2014-10-08,16.5,9.1,17.2,0.40
2014-10-09,21.2,7.5,9.9,0.00
2014-10-10,23.4,12.0,24.5,0.00
2014-10-11,18.5,10.0,15.5,0.00
2014-10-12,27.9,9.1,22.0,0.00
2014-10-13,13.8,9.7,33.8,4.90
2014-10-14,13.8,8.8,29.1,3.10
2014-10-15,13.5,6.8,17.4,0.40
2014-10-16,14.9,9.4,22.7,2.30
2014-10-17,16.4,8.3,12.4,0.00
2014-10-18,23.4,6.1,21.7,0.00
2014-10-19,27.7,13.4,31.0,0.00
2014-10-20,19.5,9.9,22.8,0.00
2014-10-21,26.1,6.1,15.2,0.00
2014-10-22,29.0,16.4,26.1,0.00
2014-10-23,22.4,13.7,16.6,0.00
2014-10-24,28.3,13.1,18.4,0.00
2014-10-25,18.9,12.9,18.4,0.00
2014-10-26,22.7,10.9,20.1,0.30
2014-10-27,20.1,12.8,33.5,12.90
2014-10-28,17.7,11.7,26.8,0.90
2014-10-29,22.8,10.1,14.7,0.00
2014-10-30,21.0,9.2,14.6,0.00
2014-10-31,29.8,8.3,25.0,0.00
2014-11-01,23.5,10.3,33.4,5.30
2014-11-02,14.5,9.2,24.2,1.60
2014-11-03,21.5,9.7,8.9,0.00
2014-11-04,27.4,13.1,26.0,0.00
2014-11-05,16.4,11.8,24.2,0.00
2014-11-06,19.8,9.8,14.5,0.00
2014-11-07,30.4,10.5,15.1,0.00
2014-11-08,32.8,14.5,30.5,0.00
2014-11-09,18.0,11.9,21.4,0.00
2014-11-10,18.2,10.5,23.8,0.00
2014-11-11,17.3,11.3,19.6,0.00
2014-11-12,23.8,7.9,16.2,0.00
2014-11-13,32.0,9.7,14.9,0.00
2014-11-14,24.9,12.7,24.4,0.00
2014-11-15,17.8,11.4,15.9,5.50
2014-11-16,16.6,11.2,24.9,28.60
2014-11-17,17.7,12.0,19.6,0.40
2014-11-18,17.5,8.8,15.0,0.00
2014-11-19,27.0,8.8,14.1,0.00
2014-11-20,27.4,18.9,30.7,1.10
2014-11-21,20.9,14.7,16.7,0.40
2014-11-22,30.5,10.9,29.1,0.00
2014-11-23,24.0,16.2,21.3,2.00
2014-11-24,26.9,14.1,23.7,12.00
2014-11-25,19.4,11.8,23.4,0.00
2014-11-26,17.5,10.5,18.2,0.60
2014-11-27,18.0,11.9,21.3,0.00
2014-11-28,19.7,9.9,18.6,0.00
2014-11-29,24.6,10.4,16.9,0.00
2014-11-30,32.0,14.2,20.1,0.30
2014-12-01,29.9,17.5,32.8,0.00
2014-12-02,24.9,16.3,19.8,0.00
2014-12-03,24.2,15.6,16.2,0.50
2014-12-04,25.1,17.5,13.0,9.40
2014-12-05,22.6,16.9,20.9,0.40
2014-12-06,20.8,15.5,25.5,1.60
2014-12-07,16.3,13.9,23.7,12.20
2014-12-08,18.7,14.4,18.1,0.70
2014-12-09,19.8,12.5,15.2,0.00
2014-12-10,22.6,11.7,18.1,0.30
2014-12-11,19.7,15.3,27.0,1.40
2014-12-12,24.6,13.6,14.5,0.00
2014-12-13,29.1,11.4,26.0,0.00
2014-12-14,26.8,16.8,23.1,0.20
2014-12-15,24.5,15.1,18.0,0.20
2014-12-16,31.2,14.8,35.9,0.00
2014-12-17,19.7,12.2,16.7,0.00
2014-12-18,23.0,10.1,24.7,4.40
2014-12-19,17.7,11.9,19.9,0.00
2014-12-20,22.2,10.6,17.1,0.00
2014-12-21,30.8,12.0,16.7,0.00
2014-12-22,28.7,15.0,16.9,0.00
2014-12-23,27.0,15.8,26.3,2.10
2014-12-24,21.6,14.6,21.7,0.00
2014-12-25,21.8,12.7,24.2,1.10
2014-12-26,18.0,10.9,21.4,2.60
2014-12-27,21.2,10.9,16.6,0.00
2014-12-28,30.1,12.2,9.4,0.00
2014-12-29,27.0,15.7,38.2,3.20
2014-12-30,20.2,13.4,30.5,0.30
2014-12-31,23.1,12.3,13.6,0.00
2015-01-01,24.3,11.6,17.1,1.80
2015-01-02,37.6,14.1,22.4,0.00
2015-01-03,37.7,25.4,37.2,0.00
2015-01-04,24.1,15.9,21.0,10.00
2015-01-05,23.3,13.5,21.0,0.00
2015-01-06,26.2,15.1,16.6,0.00
2015-01-07,36.8,16.3,19.4,0.00
2015-01-08,32.0,22.3,17.0,1.60
2015-01-09,21.3,15.2,17.0,4.50
2015-01-10,20.4,14.7,15.1,1.00
2015-01-11,26.3,17.3,20.5,0.00
2015-01-12,30.2,15.8,14.8,0.00
2015-01-13,23.7,19.4,24.5,28.90
2015-01-14,22.8,17.6,28.7,4.80
2015-01-15,19.0,15.6,20.0,0.40
2015-01-16,25.7,11.6,23.7,0.00
2015-01-17,22.4,16.1,21.7,0.00
2015-01-18,18.0,14.2,19.9,0.00
2015-01-19,21.9,13.0,16.8,0.00
2015-01-20,28.2,11.5,27.1,0.00
2015-01-21,30.6,19.5,19.0,0.00
2015-01-22,33.7,17.0,22.5,0.00
2015-01-23,24.4,17.2,23.1,0.00
2015-01-24,26.3,14.2,18.5,0.00
2015-01-25,20.6,14.7,25.4,0.00
2015-01-26,18.7,11.1,23.4,0.00
2015-01-27,21.2,12.5,24.9,0.00
2015-01-28,24.0,13.3,26.4,0.00
2015-01-29,19.9,13.0,25.5,0.00
2015-01-30,19.9,12.8,22.5,0.00
2015-01-31,19.3,13.1,24.2,0.30
2015-02-01,18.7,14.5,26.1,1.90
2015-02-02,19.8,15.5,26.2,0.50
2015-02-03,20.6,14.4,21.0,0.00
2015-02-04,18.8,14.6,22.5,0.00
2015-02-05,25.4,12.3,19.4,0.00
2015-02-06,33.6,13.2,14.5,0.00
2015-02-07,33.1,21.0,27.4,0.00
2015-02-08,24.2,15.8,23.7,0.00
2015-02-09,27.3,13.9,20.2,0.00
2015-02-10,31.4,14.5,18.5,0.00
2015-02-11,34.5,16.6,22.0,0.30
2015-02-12,24.0,16.7,19.2,0.00
2015-02-13,32.7,15.6,15.1,5.20
2015-02-14,25.3,18.0,16.3,20.20
2015-02-15,31.8,17.4,13.2,0.00
2015-02-16,24.5,17.6,22.0,0.00
2015-02-17,20.7,16.5,17.3,0.00
2015-02-18,21.8,16.7,16.3,0.10
2015-02-19,27.2,16.8,11.6,1.60
2015-02-20,26.1,15.6,15.5,0.00
2015-02-21,34.2,16.1,20.2,0.00
2015-02-22,34.4,22.7,23.3,0.00
2015-02-23,29.1,17.0,23.7,0.10
2015-02-24,19.9,14.9,23.8,0.00
2015-02-25,25.4,14.4,14.1,0.00
2015-02-26,22.7,15.3,15.8,0.30
2015-02-27,24.0,15.1,14.0,0.10
2015-02-28,31.2,16.4,23.8,1.80
2015-03-01,20.0,15.1,22.5,6.00
2015-03-02,24.8,13.2,11.5,0.00
2015-03-03,22.4,15.0,13.7,0.00
2015-03-04,23.6,12.6,16.3,0.00
2015-03-05,19.4,12.5,34.4,1.80
2015-03-06,18.2,13.9,29.4,0.40
2015-03-07,21.8,14.8,15.6,0.00
2015-03-08,24.2,13.3,16.6,0.00
2015-03-09,23.0,12.3,18.7,0.00
2015-03-10,22.3,13.5,15.8,0.00
2015-03-11,25.5,10.3,20.9,0.00
2015-03-12,18.0,13.1,22.8,0.00
2015-03-13,20.1,13.6,17.1,0.00
2015-03-14,28.7,8.7,22.6,1.10
2015-03-15,18.6,13.5,21.2,0.40
2015-03-16,26.2,8.9,16.3,0.00
2015-03-17,26.6,17.5,32.0,0.00
2015-03-18,24.0,17.6,16.2,0.90
2015-03-19,31.7,17.5,35.4,0.50
2015-03-20,18.5,13.8,22.2,0.00
2015-03-21,21.3,11.9,17.2,0.00
2015-03-22,28.4,9.4,20.0,0.00
2015-03-23,27.1,16.0,28.1,1.10
2015-03-24,15.6,13.0,27.1,1.90
2015-03-25,22.4,12.4,11.6,0.00
2015-03-26,17.8,10.5,31.7,0.20
2015-03-27,16.7,12.3,27.2,1.20
2015-03-28,18.4,12.2,11.2,0.00
2015-03-29,24.1,8.3,13.0,0.00
2015-03-30,22.1,9.0,16.4,0.00
2015-03-31,25.4,10.6,7.8,0.00
2015-04-01,27.4,13.3,26.3,0.00
2015-04-02,22.7,12.2,28.1,1.40
2015-04-03,19.6,10.5,18.2,0.00
2015-04-04,23.7,7.4,10.0,0.00
2015-04-05,19.3,10.8,17.0,0.00
2015-04-06,16.8,10.9,11.6,0.10
2015-04-07,16.0,11.8,30.7,8.80
2015-04-08,16.1,12.8,25.1,0.10
2015-04-09,18.2,9.5,15.4,0.00
2015-04-10,19.1,8.8,15.0,0.00
2015-04-11,21.6,11.8,18.0,0.00
2015-04-12,17.3,10.5,18.3,0.00
2015-04-13,19.7,8.0,8.6,0.00
2015-04-14,22.2,10.5,20.2,3.90
2015-04-15,27.1,16.3,25.0,1.60
2015-04-16,16.4,13.1,15.1,0.00
2015-04-17,18.2,9.2,7.1,2.10
2015-04-18,19.8,12.3,20.1,11.60
2015-04-19,12.7,9.3,26.2,2.90
2015-04-20,14.9,9.4,22.2,0.00
2015-04-21,16.4,6.9,20.2,0.00
2015-04-22,17.3,9.8,19.3,0.00
2015-04-23,18.7,12.9,17.7,0.00
2015-04-24,19.1,12.8,13.4,1.60
2015-04-25,14.3,10.7,23.7,5.30
2015-04-26,14.7,11.2,23.9,1.20
2015-04-27,14.1,10.8,19.1,1.00
2015-04-28,15.0,9.7,16.7,2.00
2015-04-29,15.9,9.1,10.5,0.00
2015-04-30,17.2,5.1,9.7,0.00
2015-05-01,21.4,5.8,11.4,0.00
2015-05-02,20.6,12.3,24.3,0.00
2015-05-03,16.9,8.8,10.2,0.00
2015-05-04,20.3,6.0,36.5,0.00
2015-05-05,17.1,12.4,36.7,2.00
2015-05-06,16.1,10.5,29.5,1.80
2015-05-07,13.8,9.4,26.5,0.40
2015-05-08,15.9,10.5,22.9,0.00
2015-05-09,16.8,12.5,27.2,0.00
2015-05-10,14.6,12.4,28.3,10.40
2015-05-11,15.4,12.6,26.2,2.50
2015-05-12,14.7,8.5,26.7,0.20
2015-05-13,11.3,6.9,27.2,2.30
2015-05-14,13.6,9.4,26.1,1.80
2015-05-15,13.5,11.4,17.1,0.50
2015-05-16,16.4,8.4,8.7,0.00
2015-05-17,19.4,6.3,14.8,0.00
2015-05-18,18.9,5.9,14.7,0.00
2015-05-19,15.5,12.9,24.9,5.90
2015-05-20,17.3,11.4,24.1,1.30
2015-05-21,13.8,10.7,20.2,0.50
2015-05-22,13.8,9.1,20.2,0.20
2015-05-23,12.2,7.6,11.9,0.00
2015-05-24,15.5,3.1,11.9,0.00
2015-05-25,16.3,7.9,12.0,0.00
2015-05-26,16.1,5.5,16.3,0.10
2015-05-27,17.2,10.5,24.6,1.40
2015-05-28,17.8,11.6,24.9,0.00
2015-05-29,14.7,8.1,15.2,0.00
2015-05-30,15.7,9.5,27.0,0.00
2015-05-31,14.1,7.1,23.7,3.90
2015-06-01,10.4,5.9,20.9,2.50
2015-06-02,11.1,6.9,12.3,0.00
2015-06-03,11.4,4.7,7.8,0.00
2015-06-04,10.6,3.7,27.3,3.60
2015-06-05,12.9,6.7,19.8,0.00
2015-06-06,15.9,8.3,19.1,0.00
2015-06-07,13.7,11.1,34.2,0.00
2015-06-08,16.8,10.2,32.8,0.00
2015-06-09,14.7,9.1,25.3,4.40
2015-06-10,12.4,7.9,15.8,0.00
2015-06-11,13.2,6.7,9.4,0.00
2015-06-12,13.0,4.5,7.6,0.00
2015-06-13,16.3,4.7,13.5,0.00
2015-06-14,16.5,5.3,8.3,0.00
2015-06-15,13.6,5.0,6.2,0.70
2015-06-16,15.2,9.0,11.2,9.00
2015-06-17,13.0,8.6,13.1,0.70
2015-06-18,12.3,9.0,18.4,0.60
2015-06-19,10.5,5.7,15.5,1.10
2015-06-20,11.2,5.6,8.0,0.00
2015-06-21,11.4,3.5,16.2,0.00
2015-06-22,12.7,6.8,34.5,0.00
2015-06-23,15.4,9.6,33.7,0.50
2015-06-24,16.0,10.6,24.3,0.00
2015-06-25,13.2,9.1,18.2,0.00
2015-06-26,14.7,7.3,8.2,0.00
2015-06-27,14.6,7.8,13.8,0.00
2015-06-28,13.4,9.0,10.8,0.00
2015-06-29,13.2,4.0,7.6,0.00
2015-06-30,12.6,3.6,8.0,0.00
2015-07-01,14.1,6.7,20.4,0.00
2015-07-02,11.4,8.2,29.0,3.90
2015-07-03,11.0,5.9,10.9,0.00
2015-07-04,11.8,7.2,17.7,0.70
2015-07-05,13.2,8.3,21.3,0.00
2015-07-06,11.8,7.5,22.7,1.90
2015-07-07,13.1,5.7,12.2,0.00
2015-07-08,14.2,4.0,14.8,0.00
2015-07-09,14.0,6.5,14.4,0.00
2015-07-10,13.6,7.7,30.3,0.00
2015-07-11,11.8,5.7,28.2,6.90
2015-07-12,10.6,4.0,30.0,10.30
2015-07-13,10.9,7.8,34.4,7.30
2015-07-14,10.2,6.2,26.0,4.50
2015-07-15,8.8,4.9,12.3,2.90
2015-07-16,10.6,5.8,18.8,0.30
2015-07-17,11.0,7.7,23.1,2.90
2015-07-18,10.1,5.4,14.8,0.00
2015-07-19,11.4,-0.3,7.5,0.00
2015-07-20,12.9,1.3,19.9,0.00
2015-07-21,15.1,7.1,33.4,0.00
2015-07-22,14.2,7.3,31.9,1.20
2015-07-23,13.4,5.3,13.5,0.00
2015-07-24,11.7,9.0,24.5,4.70
2015-07-25,12.4,7.7,35.8,0.70
2015-07-26,11.3,7.0,34.0,1.80
2015-07-27,11.7,6.0,22.5,0.30
2015-07-28,12.6,7.7,14.0,0.00
2015-07-29,12.2,7.6,17.5,0.00
2015-07-30,11.8,7.3,37.8,6.70
2015-07-31,12.1,4.7,29.2,0.30
2015-08-01,10.6,6.7,34.6,4.90
2015-08-02,13.0,6.7,26.6,4.10
2015-08-03,8.9,5.2,24.2,5.60
2015-08-04,10.8,3.3,22.7,0.10
2015-08-05,9.7,6.6,22.6,4.80
2015-08-06,11.2,7.0,18.9,3.40
2015-08-07,12.2,8.1,14.0,0.10
2015-08-08,11.9,7.7,5.5,0.00
2015-08-09,13.1,5.9,18.8,0.00
2015-08-10,14.2,8.1,30.6,0.90
2015-08-11,13.5,6.7,29.3,0.00
2015-08-12,10.8,7.9,30.1,2.70
2015-08-13,11.6,7.4,18.2,0.40
2015-08-14,14.0,8.1,13.5,0.20
2015-08-15,13.8,7.1,8.3,0.10
2015-08-16,15.7,4.3,20.6,0.00
2015-08-17,11.2,6.4,22.7,4.60
2015-08-18,10.3,5.7,11.7,0.10
2015-08-19,12.4,4.6,7.2,0.00
2015-08-20,16.0,5.6,28.9,0.00
2015-08-21,16.3,12.2,30.9,0.10
2015-08-22,18.0,9.9,24.1,0.00
2015-08-23,13.7,7.0,14.4,0.00
2015-08-24,13.3,8.2,23.3,0.00
2015-08-25,13.1,8.9,21.6,0.00
2015-08-26,14.3,8.4,10.6,0.00
2015-08-27,11.6,6.9,19.7,9.30
2015-08-28,12.1,7.6,20.1,1.40
2015-08-29,10.6,5.5,24.3,1.00
2015-08-30,11.6,7.5,17.7,0.10
2015-08-31,11.2,4.9,12.0,0.00
2015-09-01,14.7,2.1,14.7,0.00
2015-09-02,17.6,8.8,23.1,4.70
2015-09-03,13.3,8.8,22.1,1.10
2015-09-04,12.3,5.9,14.5,0.00
2015-09-05,13.0,6.4,10.5,0.10
2015-09-06,15.7,4.0,29.6,2.20
2015-09-07,11.5,8.4,27.7,0.90
2015-09-08,11.4,8.4,22.7,3.70
2015-09-09,12.3,8.2,20.7,0.20
2015-09-10,13.6,7.8,11.2,0.10
2015-09-11,18.5,4.2,26.8,0.00
2015-09-12,20.9,11.5,22.8,0.60
2015-09-13,22.8,13.1,19.6,0.00
2015-09-14,23.6,15.5,30.1,0.00
2015-09-15,17.0,9.8,25.9,13.70
2015-09-16,13.9,6.8,10.4,0.10
2015-09-17,13.5,6.9,19.6,0.70
2015-09-18,14.3,9.3,15.3,0.30
2015-09-19,19.1,4.9,17.3,0.00
2015-09-20,20.0,9.3,20.8,0.20
2015-09-21,16.5,9.5,26.3,1.10
2015-09-22,10.9,7.5,27.1,2.80
2015-09-23,11.7,7.5,22.0,0.00
2015-09-24,13.4,5.5,17.3,0.40
2015-09-25,15.5,5.8,17.5,0.00
2015-09-26,16.5,6.7,10.9,0.00
2015-09-27,17.9,5.3,9.7,0.00
2015-09-28,21.2,7.0,13.4,0.00
2015-09-29,15.9,7.6,16.3,0.00
2015-09-30,14.1,8.9,15.1,0.10
2015-10-01,21.3,4.1,14.4,0.00
2015-10-02,25.9,7.7,17.3,0.00
2015-10-03,27.8,16.0,27.8,0.00
2015-10-04,25.5,13.6,21.3,0.00
2015-10-05,31.1,10.8,27.1,0.00
2015-10-06,32.7,14.5,31.7,0.00
2015-10-07,15.9,10.4,24.5,0.00
2015-10-08,22.0,7.8,16.5,0.00
2015-10-09,27.4,10.9,12.1,0.00
2015-10-10,28.9,17.0,19.4,3.10
2015-10-11,26.8,12.9,17.5,3.40
2015-10-12,15.3,11.1,23.0,1.50
2015-10-13,18.3,8.6,14.6,0.00
2015-10-14,27.0,8.1,17.8,0.00
2015-10-15,30.9,17.5,29.5,0.00
2015-10-16,24.1,14.5,20.0,1.10
2015-10-17,19.6,10.3,17.0,0.00
2015-10-18,18.3,10.4,15.5,0.00
2015-10-19,25.3,9.9,10.5,0.00
2015-10-20,29.8,12.7,21.0,0.40
2015-10-21,20.9,11.7,25.6,6.30
2015-10-22,16.8,11.6,25.4,0.30
2015-10-23,16.6,11.0,17.7,0.00
2015-10-24,19.9,8.5,16.3,0.00
2015-10-25,29.6,8.6,31.5,0.00
2015-10-26,20.9,12.6,29.2,0.90
2015-10-27,22.5,10.2,20.2,0.00
2015-10-28,25.5,8.9,21.6,0.00
2015-10-29,25.1,11.9,13.5,0.00
2015-10-30,26.6,11.1,19.2,0.00
2015-10-31,24.9,13.8,25.6,5.20
2015-11-01,26.4,14.8,32.1,4.10
2015-11-02,15.8,12.3,20.7,0.40
2015-11-03,19.1,9.1,16.9,0.00
2015-11-04,27.6,9.7,13.3,1.90
2015-11-05,22.1,17.6,18.3,11.90
2015-11-06,18.4,14.0,20.7,2.70
2015-11-07,14.9,11.0,25.1,0.00
2015-11-08,22.3,8.9,9.4,0.00
2015-11-09,31.2,12.3,20.2,0.00
2015-11-10,17.5,11.9,19.5,1.20
2015-11-11,20.5,11.1,15.2,0.00
2015-11-12,23.1,11.4,18.2,3.10
2015-11-13,18.1,12.7,23.9,0.60
2015-11-14,17.9,11.7,21.4,0.00
2015-11-15,19.5,11.9,20.0,0.00
2015-11-16,25.5,11.8,10.9,0.00
2015-11-17,31.0,17.7,28.3,0.00
2015-11-18,28.2,11.8,12.5,0.00
2015-11-19,30.1,17.7,22.1,0.40
2015-11-20,22.8,14.6,18.9,7.90
2015-11-21,17.0,12.2,22.7,0.00
2015-11-22,19.5,11.8,16.0,0.00
2015-11-23,19.4,11.9,18.9,0.30
2015-11-24,26.3,10.1,11.8,0.00
2015-11-25,33.2,11.7,42.9,0.00
2015-11-26,25.5,10.6,32.7,2.60
2015-11-27,17.3,9.1,19.2,0.00
2015-11-28,21.8,9.3,16.8,0.00
2015-11-29,18.8,12.2,15.9,0.00
2015-11-30,31.3,8.3,34.2,0.00
2015-12-01,23.6,13.1,30.4,0.90
2015-12-02,17.4,9.5,21.8,0.00
2015-12-03,21.5,10.4,17.7,0.00
2015-12-04,30.1,11.7,13.7,0.00
2015-12-05,26.2,14.4,19.5,0.00
2015-12-06,28.0,15.9,13.9,0.00
2015-12-07,30.8,18.1,14.2,0.10
2015-12-08,33.7,19.0,33.7,1.50
2015-12-09,26.3,14.8,23.9,0.00
2015-12-10,23.9,12.2,17.3,0.00
2015-12-11,19.1,12.0,30.1,0.60
2015-12-12,17.9,10.8,21.7,0.00
2015-12-13,27.7,9.6,12.7,0.00
2015-12-14,25.3,11.5,21.7,0.00
2015-12-15,25.5,14.3,19.2,0.80
2015-12-16,27.2,15.1,19.8,0.00
2015-12-17,34.6,14.7,24.3,0.00
2015-12-18,38.3,20.9,20.2,0.00
2015-12-19,40.9,19.9,31.3,0.90
2015-12-20,36.9,19.3,32.2,5.40
2015-12-21,19.0,14.5,23.2,0.00
2015-12-22,24.0,12.6,17.4,0.00
2015-12-23,27.0,14.0,18.8,0.10
2015-12-24,33.0,14.8,14.1,0.00
2015-12-25,33.4,21.7,33.8,0.00
2015-12-26,26.7,13.6,28.4,22.70
2015-12-27,18.6,12.2,20.9,1.00
2015-12-28,21.2,12.5,19.1,0.00
2015-12-29,23.9,12.2,17.7,0.00
2015-12-30,33.3,12.8,10.2,0.00
2015-12-31,37.7,21.9,18.4,0.00
2016-01-01,27.8,17.8,20.8,0.00
2016-01-02,26.3,16.4,25.7,0.20
2016-01-03,25.4,16.6,20.8,0.80
2016-01-04,23.3,16.6,19.2,2.60
2016-01-05,26.3,15.2,13.9,0.10
2016-01-06,24.1,15.7,24.2,0.80
2016-01-07,21.8,14.8,23.4,0.10
2016-01-08,21.9,14.6,18.3,0.00
2016-01-09,23.3,14.9,16.7,0.00
2016-01-10,31.9,13.3,15.2,0.00
2016-01-11,35.5,17.4,22.2,0.80
2016-01-12,27.6,17.0,17.1,0.00
2016-01-13,40.6,15.9,28.7,0.00
2016-01-14,29.0,13.9,26.7,3.40
2016-01-15,19.4,13.7,22.0,0.10
2016-01-16,23.5,11.1,18.1,0.00
2016-01-17,31.3,12.3,18.8,0.00
2016-01-18,34.9,20.3,24.5,0.00
2016-01-19,31.0,15.0,17.2,0.00
2016-01-20,28.7,18.7,20.2,2.30
2016-01-21,26.2,17.9,15.5,0.00
2016-01-22,21.2,16.8,12.0,13.10
2016-01-23,20.7,17.3,18.9,0.40
2016-01-24,21.6,16.3,19.6,0.80
2016-01-25,20.8,16.4,22.0,0.00
2016-01-26,28.6,16.0,16.5,0.00
2016-01-27,26.1,18.1,26.6,3.40
2016-01-28,25.8,17.8,22.4,8.10
2016-01-29,17.3,14.4,12.6,27.80
2016-01-30,21.5,13.1,16.2,1.10
2016-01-31,22.5,14.6,22.7,12.90
2016-02-01,23.0,10.5,12.9,0.00
2016-02-02,29.1,13.5,17.1,0.00
2016-02-03,20.5,17.3,28.2,1.60
2016-02-04,20.6,16.0,23.7,0.00
2016-02-05,27.1,15.6,13.7,0.00
2016-02-06,30.2,13.8,14.8,0.00
2016-02-07,30.1,16.3,18.2,0.00
2016-02-08,22.1,16.8,19.5,0.00
2016-02-09,24.1,16.4,16.2,0.00
2016-02-10,23.1,14.8,15.6,0.00
2016-02-11,24.2,15.5,20.7,0.00
2016-02-12,26.1,15.7,13.4,0.00
2016-02-13,32.9,16.4,21.6,0.00
2016-02-14,23.4,16.3,16.7,1.00
2016-02-15,25.2,13.5,20.5,0.20
2016-02-16,18.4,14.9,27.1,0.30
2016-02-17,19.6,14.7,27.5,1.20
2016-02-18,21.5,15.8,14.8,0.40
2016-02-19,20.9,14.0,21.9,0.00
2016-02-20,20.8,14.1,22.0,0.00
2016-02-21,26.7,11.7,12.0,0.00
2016-02-22,29.1,14.9,15.2,0.20
2016-02-23,38.8,17.6,31.1,0.00
2016-02-24,27.4,20.0,20.9,0.00
2016-02-25,27.3,19.2,16.7,0.80
2016-02-26,22.1,15.2,17.3,0.00
2016-02-27,23.8,15.4,16.4,0.00
2016-02-28,22.9,15.3,19.2,0.00
2016-02-29,24.7,15.0,18.1,0.00
2016-03-01,32.7,14.0,19.2,0.00
2016-03-02,33.2,16.6,23.3,0.00
2016-03-03,23.9,17.3,16.9,0.40
2016-03-04,35.6,16.4,14.8,0.00
2016-03-05,24.2,18.8,17.2,0.00
2016-03-06,28.3,16.8,19.9,0.00
2016-03-07,27.0,17.4,20.9,0.00
2016-03-08,37.5,18.3,18.3,0.00
2016-03-09,29.3,20.0,23.9,0.00
2016-03-10,22.2,18.3,11.7,7.00
2016-03-11,27.2,19.3,14.8,0.80
2016-03-12,23.1,18.7,17.9,0.00
2016-03-13,24.4,18.0,15.6,0.00
2016-03-14,18.8,16.3,22.3,0.00
2016-03-15,25.6,14.9,25.9,0.00
2016-03-16,29.6,14.6,11.5,0.00
2016-03-17,30.1,20.5,25.0,0.00
2016-03-18,25.2,13.5,33.0,18.10
2016-03-19,16.2,13.3,21.9,0.50
2016-03-20,21.1,9.1,17.3,0.00
2016-03-21,22.1,11.0,18.4,0.00
2016-03-22,23.6,10.2,8.4,0.00
2016-03-23,28.1,12.4,15.7,0.00
2016-03-24,20.1,16.0,13.0,0.00
2016-03-25,19.4,14.3,15.1,0.90
2016-03-26,20.1,12.9,12.8,0.50
2016-03-27,18.1,13.6,18.7,0.80
2016-03-28,18.7,11.6,19.1,0.00
2016-03-29,19.1,13.2,21.3,0.00
2016-03-30,17.6,13.1,19.1,0.00
2016-03-31,21.9,9.0,8.1,0.00
2016-04-01,25.9,13.3,26.5,0.00
2016-04-02,20.0,14.7,23.5,0.00
2016-04-03,18.8,11.4,17.7,0.00
2016-04-04,21.8,9.2,9.2,0.00
2016-04-05,28.1,12.0,27.5,0.00
2016-04-06,16.1,12.1,17.9,9.60
2016-04-07,17.9,8.8,11.5,0.00
2016-04-08,19.3,10.5,9.0,0.00
2016-04-09,20.8,10.1,11.7,0.00
2016-04-10,20.9,12.3,19.9,0.00
2016-04-11,18.2,14.7,19.7,0.40
2016-04-12,17.8,13.2,18.7,0.30
2016-04-13,19.4,10.7,15.5,0.00
2016-04-14,25.6,9.4,16.1,0.00
2016-04-15,26.4,11.8,11.4,0.00
2016-04-16,19.0,13.3,22.4,0.20
2016-04-17,18.3,12.6,17.1,0.00
2016-04-18,24.8,8.3,17.3,0.00
2016-04-19,25.9,14.5,17.3,0.00
2016-04-20,27.3,15.3,19.8,0.00
2016-04-21,24.2,15.8,20.9,12.80
2016-04-22,15.6,13.4,22.4,2.00
2016-04-23,17.7,12.8,17.3,0.00
2016-04-24,18.5,11.3,10.0,0.00
2016-04-25,23.4,8.2,17.7,0.00
2016-04-26,24.6,12.7,19.2,0.00
2016-04-27,24.5,16.8,28.2,0.00
2016-04-28,25.3,17.0,25.7,0.10
2016-04-29,21.0,17.0,22.4,8.30
2016-04-30,21.9,17.1,25.6,0.00
2016-05-01,18.7,11.5,28.7,8.30
2016-05-02,17.4,9.4,32.4,0.00
2016-05-03,17.3,11.7,40.0,3.60
2016-05-04,16.1,8.9,18.1,0.00
2016-05-05,19.3,12.7,33.1,0.00
2016-05-06,22.9,14.4,25.3,0.00
2016-05-07,24.1,11.7,23.7,0.00
2016-05-08,17.7,15.1,21.5,4.90
2016-05-09,19.9,16.5,35.6,5.70
2016-05-10,15.7,11.8,36.4,5.90
2016-05-11,16.1,11.5,32.9,2.10
2016-05-12,18.6,14.6,23.8,2.90
2016-05-13,20.6,14.0,18.8,0.00
2016-05-14,21.1,13.3,27.1,0.00
2016-05-15,19.0,12.6,22.7,0.20
2016-05-16,19.6,7.2,31.5,0.40
2016-05-17,17.0,11.1,21.9,0.30
2016-05-18,17.5,10.2,20.5,0.30
2016-05-19,17.3,13.4,25.0,4.90
2016-05-20,15.7,11.3,14.9,0.00
2016-05-21,17.8,8.3,16.3,0.00
2016-05-22,20.5,12.5,30.9,0.00
2016-05-23,18.0,11.2,30.7,2.90
2016-05-24,15.0,8.3,19.2,0.00
2016-05-25,16.0,8.0,28.4,5.30
2016-05-26,10.9,8.5,26.3,21.60
2016-05-27,12.9,7.7,15.2,0.00
2016-05-28,13.0,5.8,22.1,0.90
2016-05-29,12.8,8.0,15.1,0.00
2016-05-30,13.2,4.2,8.0,0.00
2016-05-31,15.3,2.0,8.0,0.00
2016-06-01,14.8,3.9,8.4,0.00
2016-06-02,14.5,3.6,9.0,0.00
2016-06-03,14.0,5.9,8.2,2.30
2016-06-04,14.6,9.7,7.3,4.30
2016-06-05,15.7,11.5,12.3,3.30
2016-06-06,13.6,8.1,15.7,0.00
2016-06-07,13.1,8.8,19.6,3.90
2016-06-08,13.3,10.1,31.6,1.50
2016-06-09,16.1,11.5,29.1,5.10
2016-06-10,15.3,8.8,22.8,5.50
2016-06-11,11.5,7.5,21.9,1.30
2016-06-12,12.9,6.4,11.5,0.00
2016-06-13,13.0,5.1,24.5,0.00
2016-06-14,15.9,7.8,23.8,0.00
2016-06-15,13.6,4.9,14.2,0.00
2016-06-16,12.2,7.5,29.0,3.10
2016-06-17,14.4,12.1,21.1,7.60
2016-06-18,12.1,8.6,15.5,7.30
2016-06-19,11.8,7.5,17.0,0.00
2016-06-20,12.0,10.3,23.5,6.40
2016-06-21,12.5,9.5,26.7,4.60
2016-06-22,13.8,9.3,24.4,2.50
2016-06-23,13.5,7.3,37.6,9.50
2016-06-24,8.6,5.7,28.4,2.10
2016-06-25,11.5,4.5,17.4,0.30
2016-06-26,10.7,3.4,21.2,0.00
2016-06-27,11.7,5.3,16.2,0.00
2016-06-28,15.1,6.3,17.1,0.00
2016-06-29,13.9,7.8,26.6,0.00
2016-06-30,10.5,7.1,33.1,7.10
2016-07-01,12.2,6.9,21.9,4.80
2016-07-02,14.7,9.8,18.0,0.00
2016-07-03,14.2,9.6,21.0,0.00
2016-07-04,12.1,9.1,23.1,0.00
2016-07-05,11.2,7.4,20.3,14.50
2016-07-06,11.3,10.9,27.4,6.50
2016-07-07,11.5,9.0,16.2,6.00
2016-07-08,13.7,6.8,8.8,1.50
2016-07-09,13.2,4.7,7.2,0.00
2016-07-10,14.1,7.6,33.2,5.60
2016-07-11,14.3,11.4,37.3,1.50
2016-07-12,12.7,6.2,40.3,0.10
2016-07-13,10.1,5.1,33.6,0.20
2016-07-14,12.9,5.7,25.6,0.00
2016-07-15,13.6,8.7,15.9,0.00
2016-07-16,13.1,4.7,8.2,0.00
2016-07-17,14.7,3.8,30.7,0.00
2016-07-18,16.4,11.4,32.4,0.00
2016-07-19,15.6,10.3,10.2,0.10
2016-07-20,13.8,8.8,8.6,0.00
2016-07-21,16.4,6.5,32.6,1.60
2016-07-22,16.9,10.6,34.6,9.00
2016-07-23,10.1,6.6,29.5,2.00
2016-07-24,10.8,4.3,31.0,0.60
2016-07-25,12.7,6.9,39.8,3.50
2016-07-26,9.9,6.1,27.1,0.00
2016-07-27,10.4,7.2,24.6,3.60
2016-07-28,13.5,8.6,19.6,0.00
2016-07-29,12.7,10.1,20.7,1.40
2016-07-30,13.7,8.1,33.5,0.00
2016-07-31,15.2,9.6,31.0,4.80
2016-08-01,12.4,9.2,24.1,20.50
2016-08-02,12.4,8.0,23.4,1.90
2016-08-03,11.6,8.0,20.2,0.90
2016-08-04,13.1,3.7,10.7,0.00
2016-08-05,13.2,1.7,8.6,0.00
2016-08-06,13.1,5.9,6.2,0.00
2016-08-07,13.3,5.8,8.2,0.00
2016-08-08,13.2,3.6,28.1,0.50
2016-08-09,15.3,10.0,36.2,0.00
2016-08-10,13.4,8.5,32.9,6.20
2016-08-11,13.1,5.9,21.7,0.00
2016-08-12,13.6,7.0,29.0,1.00
2016-08-13,14.2,6.7,18.4,0.70
2016-08-14,15.2,8.5,13.3,0.00
2016-08-15,16.8,7.9,18.4,0.00
2016-08-16,17.5,10.1,27.0,0.00
2016-08-17,13.6,8.3,23.9,1.60
2016-08-18,19.0,6.3,35.1,0.00
2016-08-19,16.3,8.0,33.2,11.30
2016-08-20,12.3,6.5,25.0,1.80
2016-08-21,12.0,9.1,19.8,6.50
2016-08-22,14.3,7.3,12.6,6.00
2016-08-23,12.5,6.9,11.6,0.00
2016-08-24,12.1,5.8,14.9,0.00
2016-08-25,10.9,5.6,18.2,1.30
2016-08-26,12.7,5.7,16.3,0.00
2016-08-27,15.0,6.5,22.4,0.00
2016-08-28,17.0,9.3,22.8,0.00
2016-08-29,17.0,8.6,19.0,0.00
2016-08-30,17.3,10.4,26.8,5.90
2016-08-31,17.5,11.6,25.5,8.20
2016-09-01,14.7,9.6,9.9,0.50
2016-09-02,14.5,9.3,16.8,0.00
2016-09-03,13.5,10.2,19.8,0.30
2016-09-04,15.2,9.1,16.8,0.10
2016-09-05,17.8,9.6,12.5,0.00
2016-09-06,19.5,8.4,11.7,0.00
2016-09-07,19.5,7.8,22.1,0.00
2016-09-08,21.1,13.9,30.8,0.00
2016-09-09,17.2,12.8,26.1,17.00
2016-09-10,12.9,10.9,24.5,2.00
2016-09-11,15.8,7.9,14.5,0.00
2016-09-12,12.0,9.8,11.8,13.80
2016-09-13,14.9,9.2,14.2,16.90
2016-09-14,14.4,9.7,26.7,13.00
2016-09-15,13.9,8.2,24.6,2.30
2016-09-16,14.7,7.3,16.3,0.00
2016-09-17,17.6,9.3,25.3,0.00
2016-09-18,13.6,9.7,21.3,10.30
2016-09-19,14.3,8.0,13.2,0.00
2016-09-20,16.6,8.7,25.6,0.00
2016-09-21,15.2,9.3,20.7,3.10
2016-09-22,12.3,9.8,26.5,2.30
2016-09-23,15.3,9.8,12.4,0.00
2016-09-24,17.5,8.2,25.8,1.50
2016-09-25,13.4,9.0,21.3,3.80
2016-09-26,15.6,7.8,14.0,8.10
2016-09-27,13.8,6.1,19.0,3.80
2016-09-28,17.7,7.9,27.0,0.00
2016-09-29,15.0,8.8,35.0,15.30
2016-09-30,13.8,8.6,19.7,3.40
2016-10-01,15.6,10.2,24.2,2.60
2016-10-02,21.3,10.6,38.9,0.20
2016-10-03,16.3,10.4,31.5,5.80
2016-10-04,15.0,9.1,33.0,5.40
2016-10-05,16.9,7.6,27.0,0.20
2016-10-06,23.2,9.7,30.8,0.00
2016-10-07,20.2,12.1,33.9,0.30
2016-10-08,15.1,8.9,15.6,0.00
2016-10-09,20.5,7.4,46.2,0.80
2016-10-10,15.5,9.2,26.0,1.20
2016-10-11,13.5,7.3,24.7,0.90
2016-10-12,13.4,9.3,22.0,2.20
2016-10-13,13.6,7.7,14.1,0.00
2016-10-14,20.7,3.5,15.2,0.00
2016-10-15,22.2,11.9,37.1,0.00
2016-10-16,22.5,11.0,34.7,9.30
2016-10-17,16.8,8.6,21.9,1.50
2016-10-18,15.9,8.1,23.1,9.10
2016-10-19,14.7,6.3,14.8,0.00
2016-10-20,20.5,8.3,38.5,0.00
2016-10-21,17.0,8.7,41.3,12.80
2016-10-22,12.0,7.1,30.7,4.70
2016-10-23,12.1,8.7,24.5,2.10
2016-10-24,15.6,8.9,12.3,0.00
2016-10-25,22.9,8.6,30.6,0.00
2016-10-26,19.0,11.5,19.8,0.00
2016-10-27,14.0,9.5,19.2,0.10
2016-10-28,16.7,6.7,16.3,0.00
2016-10-29,23.4,8.8,10.3,0.00
2016-10-30,24.1,10.1,34.6,2.80
2016-10-31,15.9,7.5,27.8,0.40
2016-11-01,16.1,8.6,23.1,3.00
2016-11-02,16.9,8.8,21.6,0.00
2016-11-03,20.2,8.4,10.9,0.00
2016-11-04,26.0,9.6,30.6,0.00
2016-11-05,15.2,9.9,33.4,0.30
2016-11-06,20.6,11.3,24.0,0.10
2016-11-07,24.4,13.7,33.2,0.20
2016-11-08,16.4,10.6,16.1,0.00
2016-11-09,17.1,8.3,20.0,0.00
2016-11-10,15.7,9.5,14.2,0.50
2016-11-11,20.3,9.0,15.3,0.00
2016-11-12,23.7,13.1,28.1,10.50
2016-11-13,16.4,11.3,30.5,19.90
2016-11-14,14.0,11.3,31.8,7.10
2016-11-15,16.2,10.4,17.7,0.00
2016-11-16,18.5,11.6,13.3,0.10
2016-11-17,27.9,9.1,27.1,0.00
2016-11-18,20.8,12.9,17.9,0.00
2016-11-19,19.4,9.6,16.6,0.00
2016-11-20,30.8,11.8,16.2,0.10
2016-11-21,33.7,21.2,30.6,1.10
2016-11-22,19.4,12.8,16.1,10.30
2016-11-23,14.7,11.7,29.3,9.40
2016-11-24,16.1,11.3,21.5,0.80
2016-11-25,16.1,11.6,22.4,0.10
2016-11-26,16.6,10.9,20.2,0.00
2016-11-27,17.0,12.1,14.7,0.00
2016-11-28,19.0,12.3,14.9,0.00
2016-11-29,19.4,10.4,16.9,0.00
2016-11-30,19.7,10.3,17.9,0.00
2016-12-01,23.3,11.5,13.6,0.00
2016-12-02,19.7,13.1,19.1,0.00
2016-12-03,21.9,9.3,13.4,0.00
2016-12-04,31.2,10.1,25.6,5.60
2016-12-05,20.6,14.5,29.9,3.10
2016-12-06,18.4,13.2,17.1,0.00
2016-12-07,26.4,10.5,16.1,0.00
2016-12-08,21.8,12.6,34.2,8.10
2016-12-09,15.9,10.3,28.5,0.50
2016-12-10,17.5,11.5,16.4,0.00
2016-12-11,19.4,12.6,18.1,0.00
2016-12-12,30.8,8.5,15.0,0.00
2016-12-13,33.0,20.3,30.1,0.00
2016-12-14,25.0,13.2,22.8,0.00
2016-12-15,19.0,12.4,22.9,0.00
2016-12-16,24.8,10.4,15.3,1.30
2016-12-17,19.0,12.3,30.8,0.80
2016-12-18,17.3,10.6,18.7,0.00
2016-12-19,28.8,7.5,28.9,0.00
2016-12-20,21.8,15.3,21.6,2.10
2016-12-21,19.0,12.6,19.5,0.00
2016-12-22,21.6,13.1,19.5,0.00
2016-12-23,31.6,11.4,15.1,0.00
2016-12-24,34.5,15.4,23.1,0.00
2016-12-25,34.7,16.8,19.4,0.00
2016-12-26,27.9,18.3,27.8,1.60
2016-12-27,26.2,17.7,18.4,3.40
2016-12-28,35.1,22.2,37.5,0.80
2016-12-29,29.1,22.3,27.5,18.60
2016-12-30,28.1,18.4,19.1,0.90
2016-12-31,24.0,16.4,15.9,0.00
2017-01-01,21.3,16.1,23.4,1.90
2017-01-02,18.3,14.8,26.0,1.30
2017-01-03,19.7,14.4,22.3,0.30
2017-01-04,28.1,12.2,18.6,0.00
2017-01-05,30.2,18.0,25.3,0.50
2017-01-06,33.1,16.7,13.6,0.00
2017-01-07,36.3,18.3,21.4,0.00
2017-01-08,32.9,18.7,30.6,0.00
2017-01-09,24.8,18.0,16.6,0.00
2017-01-10,27.8,17.2,23.5,0.00
2017-01-11,23.2,15.8,21.2,0.20
2017-01-12,27.2,12.3,12.3,0.00
2017-01-13,29.9,17.4,34.5,9.80
2017-01-14,21.5,14.8,29.1,0.10
2017-01-15,21.0,14.5,17.6,0.00
2017-01-16,29.3,11.4,17.6,0.00
2017-01-17,37.2,18.6,19.0,0.00
2017-01-18,20.3,14.6,26.8,0.00
2017-01-19,24.5,11.0,14.5,0.00
2017-01-20,20.9,15.4,36.2,14.40
2017-01-21,21.1,14.9,20.2,0.10
2017-01-22,28.7,12.0,12.1,0.00
2017-01-23,37.1,18.1,26.2,0.50
2017-01-24,23.2,16.1,27.0,1.50
2017-01-25,21.9,12.4,21.6,0.00
2017-01-26,21.4,14.6,19.1,0.10
2017-01-27,25.5,15.5,17.7,0.00
2017-01-28,30.3,14.0,26.8,0.00
2017-01-29,27.1,13.2,16.5,0.00
2017-01-30,32.4,16.8,27.2,2.00
2017-01-31,21.9,15.1,22.0,0.80
2017-02-01,21.4,12.8,17.4,0.00
2017-02-02,25.1,12.8,21.1,0.00
2017-02-03,26.1,13.3,17.0,0.00
2017-02-04,36.4,12.9,18.6,0.00
2017-02-05,30.5,18.7,24.8,19.70
2017-02-06,19.3,14.6,18.0,10.40
2017-02-07,26.6,10.9,20.6,0.00
2017-02-08,34.0,14.6,27.0,0.00
2017-02-09,34.6,19.8,41.4,0.00
2017-02-10,27.4,18.6,14.2,0.00
2017-02-11,22.6,17.7,19.4,0.30
2017-02-12,19.5,14.5,30.8,0.90
2017-02-13,19.6,13.6,25.6,1.40
2017-02-14,19.3,13.0,19.1,1.30
2017-02-15,30.7,8.5,26.1,0.00
2017-02-16,24.7,16.5,22.5,0.10
2017-02-17,25.5,13.9,18.9,0.00
2017-02-18,19.8,12.4,27.1,0.00
2017-02-19,16.8,10.7,26.3,3.80
2017-02-20,20.0,11.1,28.6,2.50
2017-02-21,23.1,8.8,12.6,0.00
2017-02-22,32.2,10.7,31.7,0.00
2017-02-23,26.1,14.2,23.1,0.00
2017-02-24,19.2,15.6,24.5,2.90
2017-02-25,20.0,13.7,26.8,0.10
2017-02-26,28.7,11.5,22.2,0.00
2017-02-27,32.2,14.1,20.5,0.00
2017-02-28,33.6,15.9,19.7,0.00
2017-03-01,32.1,14.8,17.8,0.00
2017-03-02,24.9,15.3,20.4,0.00
2017-03-03,26.7,18.1,28.6,1.00
2017-03-04,28.2,14.6,13.8,0.00
2017-03-05,25.0,17.1,26.1,0.20
2017-03-06,27.8,14.7,21.9,0.00
2017-03-07,28.3,13.1,25.1,0.00
2017-03-08,30.6,13.1,16.8,0.00
2017-03-09,32.0,13.5,17.6,0.00
2017-03-10,25.6,16.8,17.8,0.00
2017-03-11,26.9,16.7,21.3,0.10
2017-03-12,28.7,17.0,19.8,0.30
2017-03-13,25.3,13.8,23.9,0.20
2017-03-14,31.5,16.6,20.1,0.00
2017-03-15,33.6,19.9,29.6,0.00
2017-03-16,26.1,17.1,29.3,7.00
2017-03-17,22.7,14.8,21.9,0.10
2017-03-18,29.6,10.7,11.2,0.00
2017-03-19,32.3,13.6,18.8,0.00
2017-03-20,28.6,18.8,16.5,3.60
2017-03-21,25.9,18.6,12.4,20.60
2017-03-22,21.1,16.8,27.9,0.80
2017-03-23,23.9,15.2,20.9,0.00
2017-03-24,24.4,11.2,12.2,0.00
2017-03-25,26.7,15.9,16.9,3.70
2017-03-26,24.6,17.4,9.7,0.00
2017-03-27,30.8,14.0,38.7,4.10
2017-03-28,22.6,11.4,12.9,0.00
2017-03-29,26.4,12.4,29.5,1.30
2017-03-30,16.2,9.6,25.7,6.90
2017-03-31,16.4,10.0,12.4,0.90
2017-04-01,17.3,9.8,21.3,0.00
2017-04-02,16.8,12.5,19.9,1.90
2017-04-03,20.3,8.0,14.0,0.00
2017-04-04,23.2,7.8,11.8,0.00
2017-04-05,23.5,8.6,16.6,0.00
2017-04-06,24.6,11.5,18.4,0.00
2017-04-07,25.3,13.1,25.2,0.00
2017-04-08,26.1,17.0,29.3,1.50
2017-04-09,19.6,9.7,36.5,24.50
2017-04-10,14.9,8.6,40.8,13.50
2017-04-11,17.4,12.9,22.8,3.20
2017-04-12,19.3,10.7,14.2,0.00
2017-04-13,20.8,9.8,10.1,0.00
2017-04-14,16.9,11.2,19.2,0.90
2017-04-15,16.0,8.3,7.7,0.00
2017-04-16,20.4,8.0,13.8,0.00
2017-04-17,18.8,9.4,14.8,0.00
2017-04-18,19.5,9.3,9.4,0.00
2017-04-19,25.9,10.4,17.6,0.00
2017-04-20,25.8,16.1,20.8,0.40
2017-04-21,18.6,16.2,30.4,8.30
2017-04-22,21.7,15.7,19.6,1.40
2017-04-23,20.7,14.9,13.0,0.60
2017-04-24,23.0,14.8,15.9,2.70
2017-04-25,17.8,14.1,20.9,20.00
2017-04-26,14.4,8.9,33.0,11.20
2017-04-27,13.2,8.4,20.7,4.60
2017-04-28,18.1,9.9,18.9,0.10
2017-04-29,17.7,12.4,18.1,0.30
2017-04-30,16.8,8.6,17.3,0.00
2017-05-01,19.3,12.3,25.3,2.20
2017-05-02,13.7,8.0,22.1,0.50
2017-05-03,14.1,7.8,9.7,0.10
2017-05-04,15.6,4.5,10.5,0.00
2017-05-05,18.5,4.7,17.7,0.00
2017-05-06,19.4,9.5,25.6,4.10
2017-05-07,13.8,7.9,22.2,0.80
2017-05-08,14.9,10.1,23.2,3.20
2017-05-09,14.9,10.8,12.7,1.40
2017-05-10,16.2,5.7,10.1,0.00
2017-05-11,15.9,4.7,8.2,0.00
2017-05-12,18.8,4.7,15.0,0.00
2017-05-13,14.7,7.7,10.1,0.00
2017-05-14,14.8,6.0,14.0,0.00
2017-05-15,15.5,6.8,12.0,0.00
2017-05-16,17.0,5.8,12.9,0.00
2017-05-17,18.0,10.5,12.0,0.50
2017-05-18,18.3,7.9,12.4,0.10
2017-05-19,18.1,8.5,17.7,3.10
2017-05-20,18.0,10.0,20.2,0.00
2017-05-21,18.3,10.6,20.9,0.00
2017-05-22,19.0,11.1,24.4,0.00
2017-05-23,17.7,13.2,23.8,2.70
2017-05-24,16.1,9.8,21.9,0.40
2017-05-25,17.4,10.1,19.5,0.30
2017-05-26,15.1,10.5,13.5,0.00
2017-05-27,17.2,11.7,30.2,0.20
2017-05-28,13.6,7.8,31.0,9.50
2017-05-29,14.0,5.8,18.0,0.00
2017-05-30,11.8,7.4,27.5,3.80
2017-05-31,12.5,6.4,21.7,0.20
2017-06-01,13.3,7.4,13.8,0.10
2017-06-02,14.3,6.9,10.1,0.00
2017-06-03,13.9,5.4,6.9,0.00
2017-06-04,13.5,3.8,9.0,0.00
2017-06-05,16.3,4.8,16.9,2.70
2017-06-06,12.8,8.2,30.7,3.20
2017-06-07,13.2,6.3,14.1,0.00
2017-06-08,14.0,4.0,16.6,1.70
2017-06-09,13.9,6.0,14.8,1.80
2017-06-10,14.3,5.3,9.2,0.00
2017-06-11,16.4,4.0,10.8,0.00
2017-06-12,16.1,6.6,17.2,0.70
2017-06-13,13.6,5.6,7.6,0.00
2017-06-14,15.3,4.8,19.5,0.00
2017-06-15,16.3,8.5,14.1,0.00
2017-06-16,15.8,5.6,9.2,0.00
2017-06-17,14.6,2.8,9.3,0.00
2017-06-18,14.7,4.4,7.9,0.00
2017-06-19,16.0,4.6,8.2,0.00
2017-06-20,14.3,5.8,22.3,0.00
2017-06-21,12.9,7.2,17.2,0.40
2017-06-22,14.2,5.2,16.2,0.00
2017-06-23,13.6,6.8,25.2,0.10
2017-06-24,11.8,7.0,15.2,0.50
2017-06-25,12.6,7.2,24.7,0.70
2017-06-26,12.5,6.1,9.8,0.20
2017-06-27,12.3,4.4,17.1,0.00
2017-06-28,14.6,7.7,18.0,0.00
2017-06-29,12.8,6.2,20.0,2.30
2017-06-30,10.9,4.2,17.9,0.10
2017-07-01,11.3,0.2,21.2,0.00
2017-07-02,12.4,2.4,21.0,0.00
2017-07-03,13.9,5.5,24.4,9.10
2017-07-04,15.2,8.1,22.9,5.70
2017-07-05,13.4,6.3,17.7,0.30
2017-07-06,14.1,3.7,19.8,0.10
2017-07-07,12.7,6.3,21.9,0.70
2017-07-08,12.8,4.8,18.2,2.20
2017-07-09,13.2,6.2,25.7,1.50
2017-07-10,14.6,5.7,16.8,2.40
2017-07-11,13.2,3.9,8.9,0.20
2017-07-12,13.3,1.2,15.2,0.00
2017-07-13,11.8,5.5,29.2,1.80
2017-07-14,14.2,7.9,31.7,1.40
2017-07-15,11.6,4.5,13.3,0.50
2017-07-16,9.9,3.7,24.7,0.00
2017-07-17,14.2,8.0,34.6,1.20
2017-07-18,13.1,7.6,24.0,1.60
2017-07-19,11.4,7.2,32.7,4.30
2017-07-20,10.3,5.5,28.3,0.80
2017-07-21,12.7,1.6,15.6,0.00
2017-07-22,11.6,5.8,33.5,0.00
2017-07-23,13.4,7.0,33.1,3.40
2017-07-24,14.6,7.2,18.0,0.60
2017-07-25,16.1,9.5,33.1,1.90
2017-07-26,13.1,6.8,24.5,0.50
2017-07-27,13.8,3.5,34.6,2.90
2017-07-28,13.6,6.6,21.6,2.80
2017-07-29,15.5,8.9,45.7,0.20
2017-07-30,15.8,6.2,20.9,1.90
2017-07-31,12.8,2.5,10.2,0.00
2017-08-01,13.3,2.0,10.2,0.00
2017-08-02,9.8,2.3,7.5,0.00
2017-08-03,8.7,1.1,8.7,5.40
2017-08-04,11.3,6.9,28.3,3.40
2017-08-05,13.0,7.4,34.2,1.60
2017-08-06,11.3,7.9,34.2,5.70
2017-08-07,10.7,5.5,24.5,2.20
2017-08-08,14.6,5.7,17.7,0.00
2017-08-09,16.2,6.5,30.1,0.00
2017-08-10,16.9,11.6,40.3,0.30
2017-08-11,15.2,6.9,26.2,1.30
2017-08-12,16.2,9.6,24.4,2.50
2017-08-13,16.7,7.5,24.8,0.00
2017-08-14,17.6,10.8,34.7,0.00
2017-08-15,15.7,10.1,32.2,9.10
2017-08-16,15.8,11.0,35.5,5.00
2017-08-17,14.6,8.2,31.4,0.80
2017-08-18,10.7,6.5,37.0,4.20
2017-08-19,10.3,5.2,18.4,2.30
2017-08-20,12.0,2.8,9.0,0.00
2017-08-21,10.6,5.8,16.8,2.40
2017-08-22,15.8,5.0,12.8,0.00
2017-08-23,16.2,6.8,24.0,3.40
2017-08-24,12.6,2.7,17.9,0.40
2017-08-25,13.7,2.3,9.7,0.00
2017-08-26,14.5,5.5,18.8,0.00
2017-08-27,10.7,5.9,29.1,7.40
2017-08-28,10.6,4.6,13.8,0.70
2017-08-29,12.2,3.7,11.9,0.50
2017-08-30,11.8,5.6,21.4,0.30
2017-08-31,14.6,1.7,10.8,0.00
2017-09-01,15.7,2.4,24.5,0.00
2017-09-02,15.6,9.0,31.0,0.40
2017-09-03,15.7,10.5,34.4,4.60
2017-09-04,10.8,6.3,31.1,2.00
2017-09-05,11.7,5.2,31.6,3.50
2017-09-06,12.8,5.3,26.7,1.00
2017-09-07,14.5,7.2,30.1,2.60
2017-09-08,11.6,6.0,26.7,1.60
2017-09-09,12.8,6.4,19.3,0.60
2017-09-10,14.1,5.0,12.9,0.10
2017-09-11,16.8,8.2,30.7,0.50
2017-09-12,19.6,11.3,23.9,9.30
2017-09-13,14.7,7.0,24.9,7.60
2017-09-14,12.6,5.1,26.4,1.20
2017-09-15,14.5,9.5,22.4,6.20
2017-09-16,12.4,7.0,27.0,7.10
2017-09-17,16.3,2.5,27.8,0.00
2017-09-18,20.5,10.5,40.7,1.10
2017-09-19,12.8,7.7,23.3,0.30
2017-09-20,18.7,4.7,20.1,0.00
2017-09-21,21.1,10.7,33.9,0.40
2017-09-22,23.3,6.5,24.5,0.30
2017-09-23,27.1,12.8,34.9,2.00
2017-09-24,17.0,10.1,30.3,0.80
2017-09-25,13.0,8.1,23.6,4.80
2017-09-26,14.6,3.3,13.2,0.00
2017-09-27,23.0,5.9,26.3,2.40
2017-09-28,15.6,8.4,20.1,0.30
2017-09-29,16.8,7.3,25.7,0.50
2017-09-30,15.5,9.1,26.9,1.20
2017-10-01,16.6,7.7,17.7,0.80
2017-10-02,15.9,6.1,10.2,0.00
2017-10-03,21.4,5.0,19.2,0.00
2017-10-04,23.1,6.0,14.4,0.10
2017-10-05,19.7,11.3,32.5,2.50
2017-10-06,14.4,10.0,27.9,0.90
2017-10-07,21.3,6.0,13.0,0.00
2017-10-08,24.0,15.7,34.6,1.20
2017-10-09,18.2,10.8,28.1,5.90
2017-10-10,18.5,6.3,13.9,0.00
2017-10-11,23.1,8.1,35.7,11.60
2017-10-12,16.7,8.4,25.4,1.10
2017-10-13,16.9,9.7,19.9,1.70
2017-10-14,16.1,7.5,16.4,0.10
2017-10-15,17.9,5.8,16.6,0.00
2017-10-16,26.9,8.0,13.4,0.00
2017-10-17,28.2,12.4,23.9,0.00
2017-10-18,28.7,13.3,29.6,0.00
2017-10-19,23.8,13.4,33.3,10.20
2017-10-20,15.2,10.1,28.1,0.30
2017-10-21,14.8,10.5,19.5,0.50
2017-10-22,15.2,10.9,20.0,0.40
2017-10-23,18.8,10.9,20.5,0.00
2017-10-24,19.9,10.0,17.3,2.20
2017-10-25,18.4,12.2,18.6,6.90
2017-10-26,15.4,11.4,24.6,0.00
2017-10-27,25.2,9.7,29.2,0.30
2017-10-28,21.7,13.5,30.7,3.70
2017-10-29,26.3,9.6,34.6,0.10
2017-10-30,16.3,9.0,19.9,7.80
2017-10-31,15.3,6.6,16.4,0.40
2017-11-01,16.6,11.1,18.0,2.40
2017-11-02,15.4,10.0,14.9,1.70
2017-11-03,14.9,9.7,29.9,1.10
2017-11-04,14.9,7.9,21.7,0.00
2017-11-05,16.4,6.6,21.6,0.10
2017-11-06,15.4,9.1,32.7,0.60
2017-11-07,14.0,10.7,25.6,1.40
2017-11-08,17.7,9.6,16.8,0.00
2017-11-09,20.5,7.3,17.4,0.00
2017-11-10,26.1,9.6,13.7,0.00
2017-11-11,26.2,10.8,15.7,0.00
2017-11-12,25.1,11.7,13.5,0.00
2017-11-13,31.7,11.3,10.8,0.40
2017-11-14,32.5,17.2,26.7,0.40
2017-11-15,30.7,19.0,27.4,1.30
2017-11-16,20.7,16.6,16.2,15.50
2017-11-17,24.1,15.1,16.3,5.30
2017-11-18,27.5,14.0,19.0,2.60
2017-11-19,28.7,14.7,20.4,0.00
2017-11-20,30.2,14.7,20.0,0.00
2017-11-21,32.4,15.1,22.0,0.00
2017-11-22,32.5,16.6,20.2,0.00
2017-11-23,33.6,14.0,24.2,0.30
2017-11-24,29.6,16.0,18.3,0.00
2017-11-25,30.9,17.8,23.0,2.90
2017-11-26,24.9,18.0,13.5,9.50
2017-11-27,20.5,14.7,21.7,1.70
2017-11-28,30.0,12.9,15.0,0.00
2017-11-29,34.7,16.6,25.5,0.00
2017-11-30,33.3,20.4,29.6,1.60
2017-12-01,24.8,16.6,24.5,22.60
2017-12-02,16.5,14.0,31.3,39.60
2017-12-03,14.7,11.6,28.8,16.20
2017-12-04,17.5,11.8,23.4,5.60
2017-12-05,20.3,9.5,25.2,1.00
2017-12-06,20.5,11.7,20.4,0.40
2017-12-07,21.2,9.6,16.7,9.20
2017-12-08,17.3,10.3,17.5,2.00
2017-12-09,21.9,10.7,19.4,0.00
2017-12-10,21.7,11.5,19.1,0.00
2017-12-11,20.7,14.4,18.9,0.00
2017-12-12,24.0,11.6,14.9,0.00
2017-12-13,34.9,13.3,26.7,0.00
2017-12-14,23.8,16.0,24.8,0.50
2017-12-15,24.2,10.8,17.9,0.00
2017-12-16,23.1,12.2,19.9,0.00
2017-12-17,24.5,13.2,22.4,0.00
2017-12-18,32.2,13.7,11.5,0.00
2017-12-19,37.0,15.7,33.2,4.70
2017-12-20,23.5,15.9,24.1,0.60
2017-12-21,23.5,10.8,16.4,0.00
2017-12-22,25.7,13.9,18.7,0.00
2017-12-23,26.6,12.6,23.0,0.60
2017-12-24,18.7,15.8,27.4,1.80
2017-12-25,22.4,14.6,26.7,0.00
2017-12-26,28.3,10.9,17.2,0.00
2017-12-27,34.6,17.4,28.7,0.00
2017-12-28,32.5,19.1,21.7,0.80
2017-12-29,23.3,17.8,17.0,4.30
2017-12-30,21.8,12.8,27.7,0.40
2017-12-31,24.5,10.2,23.0,0.00
2018-01-01,25.6,15.2,22.0,0.00
2018-01-02,22.4,16.1,24.8,1.60
2018-01-03,20.7,14.7,21.0,0.70
2018-01-04,23.8,11.9,19.3,0.00
2018-01-05,27.2,13.5,14.1,0.00
2018-01-06,41.2,17.9,35.3,0.00
2018-01-07,22.0,17.3,20.2,0.00
2018-01-08,22.1,16.6,17.7,2.00
2018-01-09,22.0,14.8,29.9,0.20
2018-01-10,26.5,12.5,20.6,0.00
2018-01-11,35.1,13.2,18.2,0.00
2018-01-12,29.9,17.6,27.8,19.40
2018-01-13,20.8,12.7,24.7,17.70
2018-01-14,18.0,12.7,26.8,2.30
2018-01-15,20.8,15.3,26.4,1.20
2018-01-16,25.5,13.2,19.7,0.00
2018-01-17,28.3,10.9,12.7,0.00
2018-01-18,38.2,14.6,25.2,0.00
2018-01-19,41.1,20.5,28.9,0.00
2018-01-20,24.7,18.6,20.7,0.00
2018-01-21,28.1,19.2,16.8,0.00
2018-01-22,25.0,18.2,22.9,0.00
2018-01-23,23.7,17.2,24.6,0.00
2018-01-24,23.9,13.4,23.1,0.00
2018-01-25,29.0,17.2,14.8,0.00
2018-01-26,29.9,20.1,19.0,1.80
2018-01-27,30.7,20.5,14.0,0.00
2018-01-28,37.0,23.1,21.7,0.00
2018-01-29,34.4,20.0,28.1,5.40
2018-01-30,19.5,15.8,30.0,11.10
2018-01-31,17.6,14.5,31.0,0.00
2018-02-01,21.5,10.0,31.0,0.00
2018-02-02,22.6,12.0,23.1,0.00
2018-02-03,26.4,14.1,23.1,0.00
2018-02-04,26.7,13.3,21.0,0.00
2018-02-05,25.9,15.3,18.7,0.00
2018-02-06,29.8,15.9,15.5,0.00
2018-02-07,37.3,15.8,19.6,0.00
2018-02-08,29.3,19.5,19.3,0.00
2018-02-09,26.1,19.6,15.1,0.00
2018-02-10,32.6,17.2,27.7,1.20
2018-02-11,20.3,15.8,23.0,0.40
2018-02-12,22.5,13.0,16.6,0.00
2018-02-13,28.2,12.6,15.2,0.00
2018-02-14,22.8,16.0,34.2,0.10
2018-02-15,22.5,11.7,17.4,0.30
2018-02-16,22.9,15.1,18.6,0.30
2018-02-17,26.6,10.6,26.4,0.00
2018-02-18,24.3,12.5,22.8,1.70
2018-02-19,24.8,16.7,31.4,1.00
2018-02-20,29.1,13.0,18.9,0.00
2018-02-21,30.9,15.4,23.3,0.00
2018-02-22,28.1,18.4,8.8,1.50
2018-02-23,32.8,19.8,31.0,1.60
2018-02-24,31.4,17.6,29.9,3.70
2018-02-25,19.7,15.6,28.1,0.30
2018-02-26,27.5,14.3,17.8,0.00
2018-02-27,31.5,13.9,25.2,0.00
2018-02-28,31.6,17.3,36.7,0.00
2018-03-01,20.3,16.5,24.5,2.00
2018-03-02,24.1,14.1,13.6,0.00
2018-03-03,33.3,13.5,30.5,0.00
2018-03-04,20.7,15.0,21.1,0.00
2018-03-05,20.9,14.9,27.7,0.30
2018-03-06,27.2,12.3,19.8,0.00
2018-03-07,29.4,12.1,18.0,0.00
2018-03-08,30.8,13.1,17.3,0.00
2018-03-09,30.4,13.9,15.3,0.00
2018-03-10,35.2,13.1,15.2,0.00
2018-03-11,23.8,16.3,25.0,0.00
2018-03-12,20.6,15.6,27.0,1.10
2018-03-13,20.1,15.0,21.3,4.40
2018-03-14,21.6,14.6,18.0,0.00
2018-03-15,20.6,13.4,17.7,0.10
2018-03-16,25.6,11.4,15.4,0.00
2018-03-17,33.2,18.9,31.0,0.00
2018-03-18,27.2,15.6,39.8,1.90
2018-03-19,26.7,12.9,27.0,0.10
2018-03-20,18.5,14.9,26.4,0.50
2018-03-21,24.4,12.6,26.0,0.00
2018-03-22,27.1,10.6,18.6,0.00
2018-03-23,29.0,14.9,23.5,0.00
2018-03-24,22.7,18.6,23.1,19.50
2018-03-25,23.8,11.5,38.2,3.50
2018-03-26,18.0,9.3,30.9,2.50
2018-03-27,21.9,8.5,20.2,0.00
2018-03-28,29.6,15.2,30.2,2.10
2018-03-29,21.7,13.4,15.5,0.00
2018-03-30,22.2,11.8,19.9,0.00
2018-03-31,22.5,11.3,18.3,0.00
2018-04-01,29.1,10.7,15.9,0.00
2018-04-02,20.2,14.0,19.6,0.00
2018-04-03,19.7,11.8,14.8,0.00
2018-04-04,22.1,12.7,14.8,0.00
2018-04-05,19.9,12.1,13.2,0.00
2018-04-06,20.3,11.7,16.6,0.10
2018-04-07,22.5,9.6,14.3,0.00
2018-04-08,30.4,11.2,29.8,0.00
2018-04-09,21.6,14.7,12.2,0.90
2018-04-10,32.4,12.8,20.8,0.00
2018-04-11,22.9,15.1,18.0,0.00
2018-04-12,28.3,14.5,28.3,0.20
2018-04-13,25.9,11.8,27.9,0.00
2018-04-14,19.0,11.6,39.7,8.90
2018-04-15,16.1,12.0,26.3,2.90
2018-04-16,20.1,13.9,29.4,0.20
2018-04-17,15.8,11.2,18.4,0.00
2018-04-18,22.5,5.5,8.5,0.00
2018-04-19,21.8,9.7,13.0,0.00
2018-04-20,20.3,8.3,9.5,0.00
2018-04-21,22.4,9.2,9.4,0.00
2018-04-22,21.0,9.0,11.2,0.00
2018-04-23,27.0,12.3,18.9,0.10
2018-04-24,26.2,16.8,27.8,0.00
2018-04-25,19.8,12.9,14.8,1.50
2018-04-26,18.0,11.5,18.6,0.60
2018-04-27,17.4,10.8,16.2,0.70
2018-04-28,16.9,8.2,12.0,0.00
2018-04-29,17.8,11.3,15.2,0.50
2018-04-30,18.8,9.3,8.5,0.10
2018-05-01,23.0,6.4,22.0,0.00
2018-05-02,22.3,13.8,21.3,0.00
2018-05-03,24.2,14.8,28.2,3.30
2018-05-04,16.2,11.3,34.4,6.40
2018-05-05,19.5,12.5,23.0,0.10
2018-05-06,20.8,10.3,13.2,0.00
2018-05-07,19.4,12.2,32.4,0.00
2018-05-08,16.9,10.5,14.4,0.60
2018-05-09,18.2,7.2,22.0,0.00
2018-05-10,13.4,6.9,21.9,11.90
2018-05-11,13.4,6.9,40.5,33.00
2018-05-12,15.1,11.9,34.7,1.60
2018-05-13,15.0,12.2,23.2,0.30
2018-05-14,13.4,6.4,9.5,0.00
2018-05-15,13.9,7.9,24.7,0.50
2018-05-16,13.6,8.3,19.2,0.10
2018-05-17,14.6,7.7,14.6,0.70
2018-05-18,15.9,10.4,18.0,2.20
2018-05-19,14.6,9.5,14.5,0.10
2018-05-20,16.9,10.5,26.7,3.60
2018-05-21,15.3,11.5,23.1,1.80
2018-05-22,15.9,12.3,22.4,0.70
2018-05-23,14.5,11.0,16.4,0.20
2018-05-24,15.5,10.1,14.5,0.10
2018-05-25,14.7,6.8,10.4,0.00
2018-05-26,18.5,4.2,17.3,0.00
2018-05-27,19.1,10.7,24.5,0.00
2018-05-28,18.5,13.9,30.6,0.00
2018-05-29,16.6,7.6,33.8,1.80
2018-05-30,14.6,5.4,20.4,1.90
2018-05-31,13.6,7.5,25.6,0.00
2018-06-01,12.7,2.9,12.0,0.00
2018-06-02,12.8,2.2,10.6,0.00
2018-06-03,13.4,5.2,13.8,0.00
2018-06-04,13.9,8.3,13.0,0.50
2018-06-05,14.1,5.2,10.5,0.10
2018-06-06,17.7,4.4,9.8,0.00
2018-06-07,16.0,9.6,28.6,0.70
2018-06-08,15.0,11.0,31.3,7.10
2018-06-09,14.8,8.0,11.4,0.50
2018-06-10,13.6,5.4,8.2,0.00
2018-06-11,16.6,5.0,23.3,0.80
2018-06-12,14.8,10.5,29.4,5.30
2018-06-13,13.5,7.9,27.3,2.00
2018-06-14,13.6,7.7,34.6,1.40
2018-06-15,12.5,7.9,31.8,3.10
2018-06-16,11.8,5.3,24.4,0.00
2018-06-17,11.5,6.9,34.6,31.80
2018-06-18,11.3,5.5,25.1,1.80
2018-06-19,12.8,1.9,10.8,0.00
2018-06-20,13.1,3.8,19.1,0.00
2018-06-21,13.8,2.8,10.5,0.00
2018-06-22,14.2,5.3,13.2,0.10
2018-06-23,14.1,6.1,16.9,1.20
2018-06-24,12.2,7.9,16.5,0.00
2018-06-25,12.4,6.6,9.1,0.10
2018-06-26,13.0,4.8,8.8,0.00
2018-06-27,10.8,3.8,5.0,0.00
2018-06-28,8.9,4.1,8.1,0.00
2018-06-29,12.2,7.9,32.9,0.00
2018-06-30,12.6,7.8,34.1,2.70
2018-07-01,13.3,2.2,12.5,0.00
2018-07-02,13.2,1.3,19.2,0.00
2018-07-03,13.1,6.8,26.3,0.00
2018-07-04,14.6,10.5,38.9,0.00
2018-07-05,16.2,11.7,34.3,3.80
2018-07-06,15.3,9.7,26.8,0.70
2018-07-07,11.5,8.7,33.6,2.40
2018-07-08,12.8,10.2,28.7,1.20
2018-07-09,13.0,8.6,20.2,2.00
2018-07-10,12.5,6.7,9.3,0.00
2018-07-11,11.0,5.7,19.5,0.30
2018-07-12,11.5,1.5,9.6,0.20
2018-07-13,12.5,4.7,9.4,0.50
2018-07-14,13.7,4.8,16.2,0.00
2018-07-15,12.1,5.6,28.8,0.00
2018-07-16,12.7,6.5,32.8,2.70
2018-07-17,15.3,8.2,40.3,0.80
2018-07-18,14.6,5.7,33.1,0.00
2018-07-19,16.3,7.5,32.2,5.10
2018-07-20,11.8,4.9,32.1,0.70
2018-07-21,13.2,5.8,13.7,0.00
2018-07-22,13.1,7.1,24.1,0.00
2018-07-23,13.1,7.4,38.5,2.70
2018-07-24,14.4,8.0,44.7,4.70
2018-07-25,14.7,7.1,17.2,0.70
2018-07-26,14.4,5.2,17.3,0.20
2018-07-27,18.1,8.4,24.7,0.40
2018-07-28,17.0,8.0,21.0,3.40
2018-07-29,12.7,8.5,34.1,4.80
2018-07-30,12.3,7.7,30.5,0.00
2018-07-31,14.2,7.4,37.4,2.30
2018-08-01,13.8,6.4,18.7,0.00
2018-08-02,14.9,5.3,27.3,0.00
2018-08-03,17.1,8.8,33.0,6.00
2018-08-04,13.4,6.4,33.1,0.00
2018-08-05,15.6,9.3,33.1,1.00
2018-08-06,14.7,7.5,32.6,1.90
2018-08-07,13.7,5.9,27.2,0.20
2018-08-08,14.0,6.7,31.1,10.30
2018-08-09,13.0,4.7,25.3,0.00
2018-08-10,17.7,10.2,37.6,0.10
2018-08-11,15.1,6.3,32.0,10.00
2018-08-12,13.5,3.9,24.5,1.00
2018-08-13,15.2,10.3,22.3,0.60
2018-08-14,15.9,6.8,37.1,0.00
2018-08-15,15.6,9.6,36.5,0.40
2018-08-16,13.4,6.7,22.4,0.20
2018-08-17,14.8,6.3,30.7,0.00
2018-08-18,12.2,7.3,31.7,3.10
2018-08-19,11.0,6.4,33.4,6.50
2018-08-20,11.8,6.0,20.5,0.00
2018-08-21,11.9,7.8,23.1,1.30
2018-08-22,13.9,6.9,8.7,0.20
2018-08-23,15.9,2.9,8.9,0.00
2018-08-24,14.9,2.3,10.8,0.00
2018-08-25,15.3,1.4,11.3,0.00
2018-08-26,15.3,3.6,21.3,0.50
2018-08-27,11.3,4.9,19.2,0.40
2018-08-28,10.6,-0.5,12.2,0.10
2018-08-29,12.3,-1.7,11.0,0.00
2018-08-30,12.2,3.1,21.4,3.40
2018-08-31,16.2,9.8,20.9,1.70
2018-09-01,12.8,6.8,25.0,2.60
2018-09-02,11.4,4.7,19.9,0.60
2018-09-03,13.4,3.5,14.1,0.00
2018-09-04,17.8,1.4,10.1,0.10
2018-09-05,18.3,6.5,25.1,0.00
2018-09-06,18.9,10.6,33.7,16.90
2018-09-07,13.6,5.8,11.4,1.00
2018-09-08,16.0,3.4,17.5,0.00
2018-09-09,17.4,9.5,27.9,0.90
2018-09-10,17.1,9.4,11.5,0.10
2018-09-11,21.9,10.3,35.3,0.00
2018-09-12,17.5,7.7,22.1,2.90
2018-09-13,20.1,6.5,22.0,0.00
2018-09-14,21.1,8.8,28.3,0.00
2018-09-15,17.1,5.8,33.0,3.20
2018-09-16,12.9,4.3,19.5,0.40
2018-09-17,16.8,6.6,25.2,0.00
2018-09-18,19.4,9.8,35.4,1.90
2018-09-19,14.0,5.6,21.3,0.60
2018-09-20,15.4,3.1,9.0,0.00
2018-09-21,18.2,7.2,14.7,0.00
2018-09-22,19.5,5.3,22.6,0.00
2018-09-23,12.2,8.8,23.9,1.00
2018-09-24,15.0,4.4,23.7,0.00
2018-09-25,12.7,3.5,21.6,0.30
2018-09-26,18.1,3.2,10.9,0.00
2018-09-27,22.5,7.1,33.1,0.20
2018-09-28,14.4,7.8,20.9,2.20
2018-09-29,12.8,4.2,19.4,0.10
2018-09-30,16.0,4.4,9.7,0.00
2018-10-01,22.4,3.1,18.1,0.00
2018-10-02,24.7,8.4,21.7,0.70
2018-10-03,19.5,11.7,29.3,0.60
2018-10-04,15.2,8.9,20.0,0.20
2018-10-05,20.1,8.1,20.4,0.00
2018-10-06,23.4,6.2,17.1,0.00
2018-10-07,25.3,7.4,17.2,0.00
2018-10-08,27.1,9.3,14.0,0.00
2018-10-09,16.8,11.6,19.6,6.20
2018-10-10,16.1,9.2,29.0,0.00
2018-10-11,20.3,4.4,20.1,0.00
2018-10-12,22.6,6.2,17.5,0.00
2018-10-13,24.8,8.7,22.1,0.00
2018-10-14,25.9,11.7,25.1,0.00
2018-10-15,27.4,17.7,30.4,0.00
2018-10-16,24.5,16.1,32.4,6.80
2018-10-17,21.2,13.5,21.5,1.70
2018-10-18,20.5,14.0,19.4,1.70
2018-10-19,26.7,11.9,27.4,0.00
2018-10-20,21.5,11.0,21.9,7.90
2018-10-21,18.4,7.0,10.1,0.00
2018-10-22,25.3,7.4,28.9,0.00
2018-10-23,18.2,9.2,27.4,2.60
2018-10-24,16.4,7.6,22.1,0.00
2018-10-25,20.3,5.7,20.5,0.00
2018-10-26,17.9,7.8,16.7,0.20
2018-10-27,19.5,8.4,26.5,0.60
2018-10-28,15.7,6.6,20.5,0.10
2018-10-29,17.9,7.5,15.7,0.00
2018-10-30,24.8,6.2,15.9,0.00
2018-10-31,20.0,10.8,14.3,0.80
2018-11-01,32.4,11.2,31.0,0.00
2018-11-02,30.2,16.9,34.0,12.40
2018-11-03,20.0,12.1,22.0,0.00
2018-11-04,23.4,8.7,19.9,0.00
2018-11-05,28.0,13.8,25.1,10.80
2018-11-06,21.3,13.3,18.7,33.80
2018-11-07,15.3,9.0,19.1,4.80
2018-11-08,16.4,6.3,15.6,0.50
2018-11-09,18.7,7.6,17.7,2.30
2018-11-10,19.9,7.6,20.2,0.20
2018-11-11,19.8,9.0,18.2,0.00
2018-11-12,28.9,8.1,16.7,0.00
2018-11-13,30.1,15.5,32.4,2.10
2018-11-14,19.2,14.4,21.4,8.80
2018-11-15,17.3,11.5,25.1,0.30
2018-11-16,18.7,6.6,23.2,0.00
2018-11-17,18.8,9.3,27.8,0.00
2018-11-18,26.9,8.8,19.2,0.00
2018-11-19,30.6,12.6,24.6,0.00
2018-11-20,26.6,15.8,29.6,6.70
2018-11-21,21.3,11.4,23.5,11.10
2018-11-22,15.6,8.8,22.3,6.20
2018-11-23,14.0,10.7,31.2,8.90
2018-11-24,16.2,11.4,26.5,3.20
2018-11-25,18.0,11.4,21.3,2.60
2018-11-26,18.2,10.3,15.5,0.70
2018-11-27,19.6,12.4,25.7,1.00
2018-11-28,20.0,12.8,27.0,0.90
2018-11-29,18.7,13.8,23.1,1.40
2018-11-30,21.0,11.8,22.3,0.40
2018-12-01,30.4,8.1,32.0,0.00
2018-12-02,20.6,12.9,27.2,11.10
2018-12-03,22.4,11.9,29.7,0.40
2018-12-04,19.4,13.0,16.6,1.20
2018-12-05,23.6,10.7,12.9,0.00
2018-12-06,34.0,11.4,28.9,0.00
2018-12-07,38.3,25.2,36.8,0.00
2018-12-08,30.2,17.5,23.3,0.80
2018-12-09,23.1,15.3,15.2,1.80
2018-12-10,20.9,13.9,20.6,0.00
2018-12-11,24.2,12.8,20.6,0.00
2018-12-12,32.7,14.3,28.2,0.00
2018-12-13,22.5,16.6,20.9,15.60
2018-12-14,21.5,15.0,15.8,14.20
2018-12-15,24.1,16.1,16.8,10.80
2018-12-16,23.3,14.8,22.3,3.90
2018-12-17,21.0,14.5,22.4,0.00
2018-12-18,21.3,15.8,20.4,0.20
2018-12-19,27.7,14.3,14.7,1.60
2018-12-20,20.5,15.3,29.5,1.00
2018-12-21,21.2,14.2,22.8,22.30
2018-12-22,18.3,13.5,23.7,2.60
2018-12-23,23.3,8.9,14.5,0.00
2018-12-24,32.3,11.5,20.4,0.00
2018-12-25,24.9,12.6,23.9,0.00
2018-12-26,24.7,13.2,15.5,0.00
2018-12-27,36.1,13.2,27.9,0.00
2018-12-28,35.6,19.9,26.3,0.00
2018-12-29,22.5,17.9,17.1,1.80
2018-12-30,22.8,16.8,19.9,4.60
2018-12-31,24.4,14.8,19.8,0.50
2019-01-01,25.5,13.3,20.7,0.00
2019-01-02,22.4,16.5,25.1,0.50
2019-01-03,27.9,13.3,12.8,0.00
2019-01-04,43.9,17.0,33.8,0.00
2019-01-05,19.8,16.6,20.8,2.10
2019-01-06,22.0,12.6,20.9,0.80
2019-01-07,24.9,13.3,21.7,0.00
2019-01-08,24.9,16.4,28.8,0.00
2019-01-09,20.6,15.1,22.1,0.30
2019-01-10,21.8,11.1,21.2,0.00
2019-01-11,30.7,12.4,16.6,0.00
2019-01-12,25.3,17.1,26.9,0.00
2019-01-13,30.0,13.6,22.6,0.00
2019-01-14,33.6,16.7,21.6,0.00
2019-01-15,33.7,17.6,18.8,0.00
2019-01-16,30.2,17.7,27.4,0.00
2019-01-17,36.0,19.8,20.5,0.40
2019-01-18,30.2,18.9,22.5,1.40
2019-01-19,23.2,15.4,23.5,0.60
2019-01-20,24.7,15.7,20.5,0.00
2019-01-21,27.7,17.3,23.3,0.00
2019-01-22,30.0,18.0,22.0,0.00
2019-01-23,24.8,18.0,25.6,0.00
2019-01-24,40.6,15.8,16.6,0.00
2019-01-25,44.5,20.8,40.7,0.00
2019-01-26,26.6,19.3,22.6,0.00
2019-01-27,27.1,17.3,27.1,0.90
2019-01-28,34.5,13.9,29.6,0.00
2019-01-29,36.3,15.1,29.7,0.00
2019-01-30,39.4,15.6,36.4,4.20
2019-01-31,22.6,15.3,31.8,1.00
2019-02-01,24.3,12.1,27.7,0.00
2019-02-02,36.2,13.3,22.1,0.00
2019-02-03,36.7,16.7,23.8,0.00
2019-02-04,22.7,18.1,28.0,0.30
2019-02-05,25.4,17.0,20.1,0.00
2019-02-06,33.7,17.9,16.7,0.40
2019-02-07,28.6,20.5,14.6,3.30
2019-02-08,22.7,16.4,23.1,0.50
2019-02-09,19.7,13.6,33.1,3.60
2019-02-10,24.0,10.9,24.7,0.00
2019-02-11,27.5,12.2,27.3,0.00
2019-02-12,21.7,11.9,28.5,5.70
2019-02-13,18.9,10.2,22.0,0.10
2019-02-14,23.9,9.8,19.2,0.00
2019-02-15,23.6,15.4,22.3,1.00
2019-02-16,25.9,15.0,21.3,0.00
2019-02-17,28.9,13.5,17.3,0.00
2019-02-18,23.3,16.3,27.4,0.10
2019-02-19,20.6,12.5,21.5,0.10
2019-02-20,23.5,11.0,21.3,0.00
2019-02-21,20.4,13.7,22.7,0.10
2019-02-22,22.4,13.9,28.0,0.00
2019-02-23,24.1,14.2,23.0,0.00
2019-02-24,33.9,12.0,19.8,0.00
2019-02-25,34.9,16.9,25.2,0.00
2019-02-26,23.6,15.6,22.8,0.00
2019-02-27,29.5,11.7,14.1,0.00
2019-02-28,37.4,16.8,32.5,0.00
2019-03-01,37.2,22.6,19.0,0.00
2019-03-02,36.9,22.7,26.4,0.00
2019-03-03,38.1,20.1,27.4,0.00
2019-03-04,27.5,17.6,17.3,0.00
2019-03-05,24.6,16.7,23.9,0.00
2019-03-06,18.7,12.4,30.6,2.20
2019-03-07,23.2,9.7,14.6,0.00
2019-03-08,25.8,13.4,17.5,0.40
2019-03-09,25.2,12.2,15.8,0.00
2019-03-10,27.7,13.3,24.3,0.50
2019-03-11,23.1,16.0,19.7,0.90
2019-03-12,19.4,14.2,25.9,0.00
2019-03-13,18.6,10.3,15.8,0.10
2019-03-14,22.0,10.6,22.9,0.00
2019-03-15,22.6,10.4,24.1,0.00
2019-03-16,28.3,11.7,16.2,0.00
2019-03-17,26.4,14.5,15.1,0.00
2019-03-18,28.1,15.6,20.9,0.00
2019-03-19,24.1,16.6,21.9,0.00
2019-03-20,25.6,18.8,17.4,0.40
2019-03-21,26.2,17.7,16.4,0.10
2019-03-22,30.9,18.0,13.5,0.70
2019-03-23,30.0,18.8,27.8,0.80
2019-03-24,30.2,17.0,32.1,0.70
2019-03-25,20.9,12.5,37.1,2.40
2019-03-26,20.8,12.1,23.7,0.00
2019-03-27,22.1,12.4,15.8,0.00
2019-03-28,27.8,10.8,20.2,0.00
2019-03-29,28.4,11.7,28.1,3.60
2019-03-30,15.5,8.4,28.8,2.20
2019-03-31,17.6,9.9,21.1,2.00
2019-04-01,18.4,11.1,15.6,0.70
2019-04-02,25.2,6.1,22.0,0.00
2019-04-03,25.1,14.7,22.7,0.00
2019-04-04,23.8,12.4,12.1,0.90
2019-04-05,28.0,13.2,35.5,0.10
2019-04-06,24.9,13.2,34.9,0.30
2019-04-07,26.1,9.5,24.7,0.00
2019-04-08,22.5,11.8,26.5,0.80
2019-04-09,16.2,10.1,23.5,1.50
2019-04-10,16.4,9.9,15.5,0.70
2019-04-11,18.2,8.8,15.3,0.00
2019-04-12,25.1,5.2,19.7,0.00
2019-04-13,20.7,6.5,14.5,0.00
2019-04-14,23.2,8.6,12.0,0.00
2019-04-15,26.9,10.9,16.2,0.00
2019-04-16,29.4,18.0,24.9,0.00
2019-04-17,30.3,20.9,37.2,0.10
2019-04-18,18.4,11.0,24.5,0.90
2019-04-19,22.7,9.0,11.6,0.00
2019-04-20,29.8,9.0,18.3,0.00
2019-04-21,27.5,14.3,26.3,5.80
2019-04-22,17.7,13.1,16.4,0.90
2019-04-23,19.0,10.6,15.9,2.10
2019-04-24,21.3,12.3,16.0,1.10
2019-04-25,20.4,8.5,15.5,0.00
2019-04-26,15.2,9.7,33.6,1.70
2019-04-27,16.0,8.0,18.6,0.00
2019-04-28,16.3,12.6,20.0,0.90
2019-04-29,17.4,7.5,8.7,0.00
2019-04-30,22.2,8.7,26.6,0.00
2019-05-01,21.3,16.0,32.8,3.40
2019-05-02,21.2,14.6,25.4,31.10
2019-05-03,19.5,9.4,18.6,0.00
2019-05-04,14.8,11.6,26.0,4.50
2019-05-05,15.8,9.8,19.6,2.10
2019-05-06,15.5,10.4,14.6,1.20
2019-05-07,17.7,6.9,28.1,0.60
2019-05-08,15.6,9.8,24.5,8.30
2019-05-09,15.6,8.8,29.4,0.90
2019-05-10,13.7,10.3,34.0,17.60
2019-05-11,15.8,9.9,20.6,0.00
2019-05-12,16.6,9.1,11.8,1.40
2019-05-13,17.4,10.3,22.3,0.00
2019-05-14,19.5,9.6,18.6,0.10
2019-05-15,16.4,9.7,10.6,0.10
2019-05-16,15.9,5.2,11.3,0.00
2019-05-17,18.5,5.6,9.7,0.00
2019-05-18,19.4,3.9,10.9,0.00
2019-05-19,20.0,7.3,21.7,0.00
2019-05-20,18.1,12.7,31.7,2.50
2019-05-21,18.8,10.5,17.1,0.00
2019-05-22,20.9,10.9,16.8,0.00
2019-05-23,20.0,10.1,31.5,0.50
2019-05-24,18.2,13.1,32.9,1.20
2019-05-25,19.7,12.6,23.7,6.30
2019-05-26,14.5,7.4,29.9,2.50
2019-05-27,12.1,6.8,34.7,2.50
2019-05-28,14.2,8.2,26.5,1.60
2019-05-29,11.4,6.4,32.8,1.10
2019-05-30,11.9,5.9,23.6,4.80
2019-05-31,13.2,11.1,22.9,3.30
2019-06-01,14.4,10.4,17.4,0.50
2019-06-02,14.9,7.7,20.5,7.60
2019-06-03,11.2,7.2,26.0,19.80
2019-06-04,11.6,6.0,21.7,0.90
2019-06-05,12.3,8.3,16.7,0.60
2019-06-06,14.4,9.6,17.1,0.30
2019-06-07,15.9,6.0,8.9,0.00
2019-06-08,16.7,5.3,22.8,0.00
2019-06-09,16.2,9.3,24.1,0.30
2019-06-10,17.4,11.8,32.2,2.10
2019-06-11,17.2,8.4,25.6,0.00
2019-06-12,15.6,11.8,37.1,13.80
2019-06-13,15.9,7.7,20.7,0.00
2019-06-14,16.0,9.1,20.6,0.90
2019-06-15,14.9,7.4,8.9,0.20
2019-06-16,15.8,7.2,11.9,0.20
2019-06-17,16.1,5.4,20.3,0.00
2019-06-18,12.3,6.1,26.6,3.30
2019-06-19,10.8,4.4,14.6,0.20
2019-06-20,10.3,5.7,13.2,7.60
2019-06-21,11.5,5.1,16.1,5.10
2019-06-22,10.9,4.5,10.3,6.30
2019-06-23,11.4,1.9,9.7,0.00
2019-06-24,13.3,1.8,9.4,0.00
2019-06-25,15.8,1.0,13.1,0.00
2019-06-26,16.5,2.8,12.5,0.00
2019-06-27,15.8,5.7,21.6,0.00
2019-06-28,17.6,10.6,26.1,0.00
2019-06-29,15.6,9.3,35.8,18.10
2019-06-30,13.8,7.4,25.8,0.00
2019-07-01,13.4,7.3,34.3,0.00
2019-07-02,15.6,8.0,29.4,1.20
2019-07-03,13.7,5.9,10.9,0.20
2019-07-04,11.4,4.7,11.3,0.00
2019-07-05,15.6,3.4,8.5,0.00
2019-07-06,17.7,4.8,13.5,0.00
2019-07-07,17.1,7.6,22.0,8.40
2019-07-08,15.0,8.1,17.4,2.90
2019-07-09,14.0,5.0,16.1,0.70
2019-07-10,14.2,8.7,47.4,5.20
2019-07-11,13.3,7.6,31.0,7.50
2019-07-12,14.1,8.0,28.1,3.20
2019-07-13,10.5,6.4,30.2,0.90
2019-07-14,12.5,5.5,28.8,2.80
2019-07-15,13.7,8.5,29.7,1.20
2019-07-16,13.8,10.4,22.6,1.00
2019-07-17,13.3,8.6,20.9,1.80
2019-07-18,14.1,6.5,25.8,0.30
2019-07-19,14.1,7.8,25.3,2.70
2019-07-20,15.8,8.1,33.9,0.00
2019-07-21,14.8,8.5,37.0,1.30
2019-07-22,15.3,7.4,34.3,0.00
2019-07-23,13.9,8.6,45.1,4.30
2019-07-24,14.0,5.5,17.4,0.00
2019-07-25,15.7,8.7,20.6,0.00
2019-07-26,15.1,9.8,25.5,8.20
2019-07-27,14.1,8.6,11.6,1.30
2019-07-28,14.3,3.3,12.5,0.00
2019-07-29,14.1,8.2,15.1,1.30
2019-07-30,11.5,5.1,15.7,0.30
2019-07-31,12.2,2.0,9.5,0.00
2019-08-01,13.2,3.6,15.5,0.30
2019-08-02,13.0,7.1,10.9,0.30
2019-08-03,13.8,8.9,17.7,2.60
2019-08-04,12.8,7.1,10.9,0.10
2019-08-05,15.0,7.5,20.2,0.00
2019-08-06,12.7,7.6,33.5,3.10
2019-08-07,13.2,7.5,26.0,4.10
2019-08-08,11.5,6.2,30.2,16.10
2019-08-09,8.8,4.0,40.8,7.80
2019-08-10,10.5,2.8,30.2,6.30
2019-08-11,11.3,4.0,30.8,6.10
2019-08-12,12.0,7.4,22.1,5.90
2019-08-13,12.4,7.6,13.6,1.10
2019-08-14,14.6,6.5,18.8,0.20
2019-08-15,15.0,6.9,29.4,0.00
2019-08-16,15.7,8.0,34.4,8.60
2019-08-17,15.0,4.3,13.0,0.10
2019-08-18,16.6,7.5,35.4,3.00
2019-08-19,11.4,5.1,26.3,1.10
2019-08-20,14.7,7.6,26.6,0.10
2019-08-21,15.2,11.3,27.5,1.60
2019-08-22,12.0,6.8,32.0,0.90
2019-08-23,14.5,2.3,27.0,0.00
2019-08-24,16.6,7.0,34.2,3.10
2019-08-25,12.5,4.4,16.7,0.10
2019-08-26,13.4,4.2,9.7,0.20
2019-08-27,14.6,3.6,12.4,0.00
2019-08-28,14.0,6.7,23.8,6.40
2019-08-29,12.4,5.3,18.4,0.10
2019-08-30,13.5,2.4,10.4,0.00
2019-08-31,16.9,3.2,26.6,0.00
2019-09-01,18.0,9.5,28.5,3.20
2019-09-02,17.4,6.8,22.6,0.00
2019-09-03,19.7,7.8,19.5,0.50
2019-09-04,18.3,6.4,14.3,2.70
2019-09-05,19.5,8.4,12.6,2.80
2019-09-06,15.5,8.5,19.1,15.00
2019-09-07,12.5,7.6,31.0,1.10
2019-09-08,14.4,6.3,28.2,4.40
2019-09-09,12.0,7.0,33.8,1.60
2019-09-10,14.1,5.7,11.8,0.10
2019-09-11,19.1,2.6,23.8,0.00
2019-09-12,19.3,9.7,31.7,6.70
2019-09-13,17.6,7.7,18.9,0.10
2019-09-14,18.3,7.0,15.2,0.00
2019-09-15,20.4,11.9,27.4,16.80
2019-09-16,13.9,6.4,27.8,7.90
2019-09-17,13.1,4.5,20.1,0.00
2019-09-18,18.6,1.8,11.9,0.00
2019-09-19,21.9,6.1,30.3,0.00
2019-09-20,24.5,17.4,35.5,0.00
2019-09-21,21.1,10.8,32.7,2.40
2019-09-22,14.2,5.7,18.9,0.80
2019-09-23,14.1,7.9,19.5,3.20
2019-09-24,14.2,6.5,15.5,1.10
2019-09-25,14.9,5.6,10.1,1.10
2019-09-26,18.8,6.1,21.7,0.00
2019-09-27,19.2,9.0,32.1,6.30
2019-09-28,13.7,7.0,14.0,0.00
2019-09-29,15.2,6.7,18.6,0.70
2019-09-30,13.8,7.1,18.2,0.50
2019-10-01,20.4,2.3,10.1,0.00
2019-10-02,24.9,7.8,21.7,0.00
2019-10-03,27.1,12.4,25.3,0.00
2019-10-04,15.3,10.2,16.3,2.20
2019-10-05,20.0,5.9,16.6,0.40
2019-10-06,23.8,13.8,37.1,0.10
2019-10-07,15.5,10.2,14.5,1.20
2019-10-08,13.4,8.1,32.2,4.30
2019-10-09,14.1,9.3,17.8,2.90
2019-10-10,14.0,9.2,17.4,2.70
2019-10-11,17.4,9.2,20.3,1.40
2019-10-12,19.1,6.3,20.9,0.40
2019-10-13,21.1,7.0,22.2,0.00
2019-10-14,24.8,12.7,24.3,1.40
2019-10-15,17.3,11.9,14.1,0.60
2019-10-16,19.4,10.6,18.4,4.10
2019-10-17,15.1,8.3,29.7,6.00
2019-10-18,19.6,5.9,36.3,0.50
2019-10-19,15.3,7.8,28.2,2.60
2019-10-20,16.7,8.0,20.2,0.10
2019-10-21,16.1,9.7,13.0,0.00
2019-10-22,19.2,9.4,11.2,0.00
2019-10-23,27.7,6.5,14.8,0.00
2019-10-24,31.6,10.6,27.4,0.00
2019-10-25,24.9,14.2,35.5,5.00
2019-10-26,15.0,10.5,38.8,1.80
2019-10-27,17.1,7.6,19.8,0.50
2019-10-28,20.2,8.4,11.6,0.00
2019-10-29,29.2,8.2,23.0,0.00
2019-10-30,25.6,10.7,16.6,0.00
2019-10-31,32.5,14.1,28.9,0.00
2019-11-01,33.8,20.4,35.7,0.00
2019-11-02,25.4,15.4,17.0,18.70
2019-11-03,20.2,12.9,21.2,7.60
2019-11-04,15.8,9.0,14.6,16.00
2019-11-05,17.8,5.9,14.1,0.00
2019-11-06,22.2,11.0,31.7,0.90
2019-11-07,16.1,11.1,32.6,6.60
2019-11-08,13.6,7.9,24.8,7.90
2019-11-09,13.6,6.4,25.1,0.20
2019-11-10,16.8,11.2,23.2,0.20
2019-11-11,26.9,9.3,29.9,0.00
2019-11-12,23.5,9.4,32.9,3.60
2019-11-13,16.1,8.3,28.6,0.10
2019-11-14,21.1,10.9,20.0,0.20
2019-11-15,18.1,11.6,24.2,0.50
2019-11-16,17.1,7.5,18.8,0.20
2019-11-17,15.4,9.5,19.8,0.50
2019-11-18,26.1,7.0,14.1,0.00
2019-11-19,18.6,8.3,17.3,0.00
2019-11-20,32.9,8.2,26.0,0.00
2019-11-21,41.1,14.5,42.1,0.00
2019-11-22,19.6,12.3,20.3,0.90
2019-11-23,25.1,8.8,27.4,0.00
2019-11-24,22.6,11.0,19.5,0.00
2019-11-25,28.8,10.4,27.9,0.00
2019-11-26,20.6,11.1,35.2,12.00
2019-11-27,24.4,6.7,17.0,0.00
2019-11-28,21.8,10.8,24.8,0.00
2019-11-29,20.7,9.6,22.8,4.00
2019-11-30,17.6,10.8,16.0,4.80
2019-12-01,15.7,10.8,29.9,5.30
2019-12-02,14.6,8.8,32.7,0.50
2019-12-03,20.7,10.9,32.1,0.20
2019-12-04,22.5,11.9,24.3,0.10
2019-12-05,23.3,9.7,27.7,0.00
2019-12-06,19.5,11.3,24.8,0.10
2019-12-07,22.4,8.4,26.3,0.00
2019-12-08,24.6,12.2,12.9,0.10
2019-12-09,38.6,14.2,27.5,0.10
2019-12-10,16.7,13.0,23.0,0.70
2019-12-11,19.4,12.7,22.0,0.00
2019-12-12,17.7,12.3,23.9,0.40
2019-12-13,21.7,9.4,20.6,0.00
2019-12-14,20.9,13.8,17.7,0.20
2019-12-15,21.7,14.3,15.5,0.00
2019-12-16,22.0,11.7,14.4,0.00
2019-12-17,30.3,11.0,17.0,0.00
2019-12-18,40.4,13.6,21.6,0.00
2019-12-19,23.8,16.6,17.4,0.00
2019-12-20,43.7,12.0,28.1,0.00
2019-12-21,27.4,14.2,29.6,0.10
2019-12-22,20.4,13.4,24.9,0.00
2019-12-23,21.7,8.7,22.4,0.00
2019-12-24,23.9,12.3,22.4,0.00
2019-12-25,30.1,12.1,19.4,0.00
2019-12-26,21.4,15.0,18.6,0.00
2019-12-27,27.8,13.2,16.0,0.00
2019-12-28,33.2,17.9,24.1,0.00
2019-12-29,33.6,16.5,24.3,0.00
2019-12-30,42.4,18.8,43.5,0.00
2019-12-31,21.2,15.3,24.6,2.80
2020-01-01,25.6,11.2,24.2,0.00
2020-01-02,25.6,12.2,23.7,0.00
2020-01-03,34.9,12.9,9.2,0.00
2020-01-04,26.8,15.5,33.9,0.00
2020-01-05,16.5,12.9,21.4,5.40
2020-01-06,19.1,12.6,19.2,7.90
2020-01-07,21.5,15.2,24.9,0.90
2020-01-08,24.0,16.2,27.7,0.00
2020-01-09,32.7,16.4,14.4,0.00
2020-01-10,35.4,14.1,35.6,10.60
2020-01-11,17.8,13.4,25.7,0.10
2020-01-12,20.1,13.7,25.2,0.40
2020-01-13,31.5,11.0,21.6,0.00
2020-01-14,31.8,15.3,16.1,0.00
2020-01-15,34.7,17.2,29.2,1.40
2020-01-16,18.9,14.4,29.5,1.50
2020-01-17,24.1,14.0,28.3,0.00
2020-01-18,28.4,11.2,19.7,0.20
2020-01-19,28.1,15.3,15.5,0.00
2020-01-20,21.5,15.8,26.8,16.40
2020-01-21,22.0,14.0,21.3,0.70
2020-01-22,32.0,12.6,41.1,2.30
2020-01-23,20.9,13.3,30.8,29.40
2020-01-24,22.4,10.1,16.9,0.00
2020-01-25,26.0,12.1,14.7,0.00
2020-01-26,24.7,14.6,19.8,0.10
2020-01-27,22.8,12.8,17.3,0.00
2020-01-28,23.8,11.7,17.3,0.00
2020-01-29,29.3,15.7,14.2,0.00
2020-01-30,38.1,14.2,20.9,0.00
2020-01-31,42.5,18.9,30.7,0.00
2020-02-01,26.8,16.5,22.1,27.20
2020-02-02,23.8,14.7,21.1,13.60
2020-02-03,16.9,13.2,31.4,0.40
2020-02-04,19.5,12.3,22.4,0.00
2020-02-05,21.2,8.9,22.4,0.00
2020-02-06,26.0,11.6,14.9,0.00
2020-02-07,25.6,16.7,21.0,0.00
2020-02-08,30.1,17.4,30.1,0.00
2020-02-09,29.5,17.7,30.0,0.10
2020-02-10,27.7,17.9,19.6,1.20
2020-02-11,25.6,18.1,19.4,0.30
2020-02-12,26.9,18.7,23.9,0.90
2020-02-13,31.1,18.3,21.2,0.60
2020-02-14,32.5,18.0,17.3,9.50
2020-02-15,20.4,17.3,24.5,5.70
2020-02-16,23.8,15.9,19.6,0.10
2020-02-17,26.5,14.4,14.7,0.00
2020-02-18,21.4,15.3,22.2,21.70
2020-02-19,19.1,14.3,34.5,15.10
2020-02-20,17.7,13.7,20.6,3.90
2020-02-21,18.4,13.9,23.8,3.20
2020-02-22,21.1,10.2,20.9,0.00
2020-02-23,32.2,10.9,22.3,0.00
2020-02-24,25.7,14.2,15.3,0.10
2020-02-25,30.3,17.5,22.3,0.70
2020-02-26,18.8,13.1,26.8,1.30
2020-02-27,19.9,8.9,19.8,0.00
2020-02-28,20.0,13.9,15.5,0.10
2020-02-29,22.2,11.9,17.3,0.00
2020-03-01,31.7,11.7,25.8,0.00
2020-03-02,18.0,13.6,26.3,7.80
2020-03-03,19.6,13.8,18.7,0.00
2020-03-04,21.7,11.8,10.4,4.80
2020-03-05,20.5,16.7,15.8,22.40
2020-03-06,18.3,15.2,24.6,1.40
2020-03-07,19.1,14.9,19.3,1.50
2020-03-08,21.6,12.1,22.5,0.20
2020-03-09,20.2,10.8,21.2,0.00
2020-03-10,21.4,8.8,13.0,0.00
2020-03-11,28.7,12.0,14.1,0.00
2020-03-12,27.9,16.9,23.5,0.00
2020-03-13,27.1,14.3,37.0,3.60
2020-03-14,16.7,13.0,28.5,0.40
2020-03-15,18.7,10.0,18.9,0.10
2020-03-16,25.1,6.9,13.0,0.00
2020-03-17,26.6,11.2,24.1,0.00
2020-03-18,28.8,18.7,27.5,0.00
2020-03-19,32.0,17.9,26.3,0.10
2020-03-20,21.9,14.0,27.4,0.60
2020-03-21,18.0,13.4,16.6,0.20
2020-03-22,17.7,10.7,27.1,0.80
2020-03-23,17.5,11.6,20.7,0.20
2020-03-24,18.5,8.8,18.4,0.00
2020-03-25,17.6,12.6,26.3,1.30
2020-03-26,21.1,11.9,20.1,0.00
2020-03-27,26.8,10.8,15.8,0.00
2020-03-28,27.0,14.5,27.2,0.00
2020-03-29,25.8,19.2,31.0,2.60
2020-03-30,22.0,13.6,15.0,0.00
2020-03-31,20.6,10.4,10.7,0.50
2020-04-01,24.3,8.7,15.2,0.40
2020-04-02,21.4,15.5,19.3,43.90
2020-04-03,22.4,13.9,28.5,1.30
2020-04-04,16.4,9.2,31.0,21.80
2020-04-05,16.5,8.7,32.7,5.90
2020-04-06,15.7,8.8,15.5,0.30
2020-04-07,15.5,11.2,15.3,1.70
2020-04-08,18.3,11.9,17.4,1.40
2020-04-09,20.5,6.8,8.9,0.00
2020-04-10,21.2,11.0,17.8,0.50
2020-04-11,18.5,11.5,44.7,3.90
2020-04-12,14.2,9.6,20.5,2.70
2020-04-13,18.2,7.4,11.5,0.00
2020-04-14,22.0,12.0,19.8,0.00
2020-04-15,23.8,14.2,28.5,0.00
2020-04-16,20.8,11.9,25.3,0.70
2020-04-17,18.2,9.6,24.5,0.40
2020-04-18,16.1,11.1,13.8,1.50
2020-04-19,17.8,8.2,19.6,0.00
2020-04-20,19.8,12.0,43.6,2.40
2020-04-21,18.7,8.2,19.1,0.00
2020-04-22,17.0,11.4,15.1,0.50
2020-04-23,20.3,9.2,27.8,2.20
2020-04-24,20.4,11.6,15.9,0.40
2020-04-25,20.4,10.9,23.9,0.30
2020-04-26,16.9,10.0,22.9,19.90
2020-04-27,16.7,7.2,11.2,0.00
2020-04-28,18.8,7.6,27.1,0.00
2020-04-29,19.0,10.8,27.4,21.60
2020-04-30,13.9,6.6,27.9,1.00
2020-05-01,11.7,7.7,33.5,5.80
2020-05-02,12.8,9.4,32.7,3.10
2020-05-03,13.9,9.8,24.2,0.50
2020-05-04,13.6,10.1,13.1,1.20
2020-05-05,18.5,6.7,22.7,0.00
2020-05-06,18.6,12.0,25.9,0.00
2020-05-07,19.6,15.1,34.3,0.40
2020-05-08,18.6,11.6,25.1,0.00
2020-05-09,14.2,8.0,26.7,6.50
2020-05-10,13.7,6.0,20.5,0.10
2020-05-11,16.2,6.7,15.2,0.50
2020-05-12,15.2,9.5,29.9,0.00
2020-05-13,13.3,9.2,20.5,5.70
2020-05-14,13.4,5.1,11.5,0.10
2020-05-15,14.1,2.2,8.7,0.00
2020-05-16,16.6,3.3,20.7,0.00
2020-05-17,15.9,2.6,10.9,0.00
2020-05-18,17.8,3.5,19.1,0.00
2020-05-19,17.2,9.8,26.0,0.00
2020-05-20,15.4,11.3,27.1,10.80
2020-05-21,12.6,9.2,19.8,15.00
2020-05-22,12.6,7.7,13.5,1.80
2020-05-23,12.9,5.7,24.7,3.30
2020-05-24,12.5,8.9,22.1,1.40
2020-05-25,14.2,4.9,18.5,0.00
2020-05-26,16.7,2.9,13.1,0.00
2020-05-27,15.0,8.2,23.1,0.00
2020-05-28,16.0,9.6,13.7,0.20
2020-05-29,15.8,7.6,20.9,0.00
2020-05-30,16.0,9.8,36.4,0.00
2020-05-31,16.7,11.1,29.7,0.50
2020-06-01,11.6,8.8,32.6,11.60
2020-06-02,13.8,7.9,21.1,0.90
2020-06-03,12.3,8.4,29.9,0.80
2020-06-04,13.0,5.3,10.1,0.00
2020-06-05,13.3,2.4,9.4,0.00
2020-06-06,12.4,4.7,10.5,0.80
2020-06-07,11.4,6.0,12.2,0.00
2020-06-08,11.8,1.8,8.7,0.00
2020-06-09,13.5,1.0,16.9,0.00
2020-06-10,15.8,4.1,14.1,0.10
2020-06-11,14.1,3.4,10.5,0.00
2020-06-12,14.4,2.6,19.2,0.00
2020-06-13,14.4,8.0,28.7,0.10
2020-06-14,14.5,9.1,26.8,11.10
2020-06-15,16.7,12.4,26.0,0.20
2020-06-16,15.9,11.1,23.6,0.80
2020-06-17,13.2,5.6,10.1,0.10
2020-06-18,15.1,3.9,21.6,0.00
2020-06-19,17.0,7.7,29.0,0.00
2020-06-20,16.1,8.9,23.6,4.10
2020-06-21,11.6,7.0,9.3,4.40
2020-06-22,12.0,7.2,18.5,9.20
2020-06-23,13.7,8.6,15.9,4.80
2020-06-24,14.8,9.0,11.9,3.80
2020-06-25,15.1,8.9,20.9,0.10
2020-06-26,13.0,5.4,12.4,0.30
2020-06-27,12.3,5.8,7.5,0.00
2020-06-28,11.2,2.3,5.4,0.00
2020-06-29,14.3,1.1,10.8,0.00
2020-06-30,13.3,3.1,25.7,0.30
2020-07-01,15.5,9.2,31.5,0.10
2020-07-02,14.0,7.9,39.1,1.90
2020-07-03,11.3,5.8,26.9,7.90
2020-07-04,13.1,5.6,22.6,1.20
2020-07-05,11.6,9.2,19.4,1.30
2020-07-06,12.8,8.2,15.3,0.60
2020-07-07,11.8,7.5,9.8,1.20
2020-07-08,13.3,4.7,17.3,0.00
2020-07-09,15.1,5.4,16.3,0.00
2020-07-10,15.4,7.2,18.0,1.00
2020-07-11,10.9,5.9,12.0,9.60
2020-07-12,13.0,8.2,20.1,6.40
2020-07-13,14.2,8.3,19.6,0.70
2020-07-14,13.2,7.5,20.1,0.00
2020-07-15,13.8,4.6,13.0,0.10
2020-07-16,11.2,4.7,10.2,0.00
2020-07-17,12.1,3.0,11.5,0.00
2020-07-18,12.3,3.9,31.3,0.00
2020-07-19,14.3,8.4,29.3,3.10
2020-07-20,12.3,7.0,23.6,0.60
2020-07-21,12.1,7.9,12.9,0.00
2020-07-22,12.4,7.8,15.3,0.20
2020-07-23,11.2,5.9,10.2,0.50
2020-07-24,11.4,3.2,21.0,0.00
2020-07-25,11.0,2.0,9.5,0.00
2020-07-26,12.8,4.9,11.5,0.00
2020-07-27,13.2,8.9,26.6,1.60
2020-07-28,14.0,7.5,21.7,0.10
2020-07-29,14.2,6.1,9.0,0.00
2020-07-30,13.4,6.5,10.9,0.00
2020-07-31,15.3,2.1,16.6,0.00
2020-08-01,15.7,7.8,27.7,0.00
2020-08-02,15.6,7.7,26.8,0.00
2020-08-03,14.2,6.3,15.9,0.30
2020-08-04,8.9,3.9,27.8,6.70
2020-08-05,10.0,4.8,26.0,3.20
2020-08-06,11.3,5.7,15.2,0.80
2020-08-07,11.7,0.2,21.0,2.40
2020-08-08,14.9,9.1,21.4,4.50
2020-08-09,14.1,7.6,24.4,0.20
2020-08-10,13.5,3.4,14.1,0.00
2020-08-11,14.2,4.8,26.8,0.00
2020-08-12,14.4,10.4,25.8,3.30
2020-08-13,16.5,10.3,23.1,2.30
2020-08-14,16.7,10.1,18.0,4.80
2020-08-15,14.2,6.6,16.3,1.50
2020-08-16,13.1,8.9,24.3,3.50
2020-08-17,14.8,8.0,15.2,0.20
2020-08-18,15.7,8.8,24.9,2.10
2020-08-19,11.0,8.1,23.1,6.50
2020-08-20,13.5,8.4,26.5,0.90
2020-08-21,12.1,6.6,29.4,1.30
2020-08-22,9.9,5.7,26.8,12.00
2020-08-23,10.4,6.9,28.5,5.70
2020-08-24,11.2,5.9,16.6,0.70
2020-08-25,11.9,4.0,15.8,1.40
2020-08-26,13.6,4.2,12.6,0.00
2020-08-27,17.8,7.4,36.8,3.50
2020-08-28,15.5,5.5,18.6,0.00
2020-08-29,17.8,7.7,28.1,0.00
2020-08-30,18.6,9.6,40.3,1.40
2020-08-31,10.9,6.5,21.8,0.40
2020-09-01,14.2,4.0,26.1,0.00
2020-09-02,19.3,10.6,43.1,2.10
2020-09-03,18.5,11.1,34.4,1.40
2020-09-04,15.8,7.5,22.7,0.00
2020-09-05,15.9,8.1,23.8,1.60
2020-09-06,18.2,4.7,24.9,0.00
2020-09-07,21.1,10.2,31.3,0.00
2020-09-08,19.9,10.4,43.7,3.20
2020-09-09,14.4,8.4,19.2,0.00
2020-09-10,20.9,5.1,16.4,0.00
2020-09-11,18.9,10.4,30.6,0.10
2020-09-12,16.0,13.3,32.1,6.90
2020-09-13,16.2,10.1,15.3,16.30
2020-09-14,16.0,7.3,16.7,0.00
2020-09-15,14.9,5.5,8.8,0.00
2020-09-16,21.1,6.2,26.3,0.00
2020-09-17,13.5,10.1,18.7,3.70
2020-09-18,18.5,7.9,9.5,0.00
2020-09-19,25.7,11.2,19.5,0.40
2020-09-20,21.9,16.8,29.7,0.00
2020-09-21,18.0,12.6,36.0,2.10
2020-09-22,17.0,10.5,36.2,0.30
2020-09-23,13.4,8.8,22.5,2.30
2020-09-24,13.3,6.7,22.5,0.70
2020-09-25,10.6,5.7,29.5,9.20
2020-09-26,12.7,5.1,28.4,5.50
2020-09-27,12.5,6.5,20.5,1.00
2020-09-28,13.2,5.1,12.7,0.00
2020-09-29,19.2,2.0,22.8,0.00
2020-09-30,17.6,12.1,25.7,7.70
2020-10-01,18.9,7.1,21.3,0.40
2020-10-02,24.3,11.6,36.4,0.00
2020-10-03,25.8,12.9,44.7,0.00
2020-10-04,28.1,10.9,32.0,0.10
2020-10-05,12.1,9.6,22.1,8.60
2020-10-06,12.4,9.4,19.1,1.30
2020-10-07,15.1,9.7,10.7,14.10
2020-10-08,16.0,12.1,35.0,20.60
2020-10-09,15.5,8.8,30.2,1.50
2020-10-10,19.2,8.1,21.6,0.80
2020-10-11,15.4,8.0,13.1,0.00
2020-10-12,22.9,4.4,23.9,0.00
2020-10-13,17.2,11.0,19.0,1.00
2020-10-14,21.2,9.3,15.5,0.00
2020-10-15,23.3,12.4,33.2,7.20
2020-10-16,18.0,8.3,15.1,7.70
2020-10-17,18.5,12.2,23.2,19.00
2020-10-18,13.3,10.1,21.6,1.00
2020-10-19,15.5,7.5,16.9,0.50
2020-10-20,16.1,6.5,12.2,0.00
2020-10-21,16.9,8.6,16.3,0.10
2020-10-22,18.2,7.4,14.4,0.00
2020-10-23,22.3,9.6,9.4,5.10
2020-10-24,15.7,10.1,30.6,20.00
2020-10-25,13.3,9.0,29.7,0.60
2020-10-26,16.8,9.0,30.9,0.00
2020-10-27,18.9,9.5,20.0,0.20
2020-10-28,19.9,8.0,11.5,0.40
2020-10-29,22.7,10.5,21.4,0.30
2020-10-30,19.0,11.2,24.1,1.50
2020-10-31,16.3,12.7,28.1,0.50
2020-11-01,17.5,10.3,18.4,0.00
2020-11-02,27.7,8.0,7.6,0.00
2020-11-03,28.2,13.9,27.9,0.00
2020-11-04,23.5,12.1,32.8,8.50
2020-11-05,14.0,10.4,29.5,2.00
2020-11-06,15.7,9.5,17.3,0.50
2020-11-07,14.9,10.0,22.7,0.60
2020-11-08,19.7,5.9,13.1,0.00
2020-11-09,27.3,8.7,18.7,0.00
2020-11-10,30.3,14.6,28.5,0.00
2020-11-11,27.9,20.4,33.0,4.30
2020-11-12,24.1,17.5,24.6,0.10
2020-11-13,20.6,11.4,14.2,1.00
2020-11-14,19.1,10.6,15.0,0.30
2020-11-15,30.5,10.6,40.4,0.00
2020-11-16,28.4,13.3,46.9,0.00
2020-11-17,20.1,9.4,17.3,0.00
2020-11-18,28.3,8.6,10.4,0.00
2020-11-19,33.4,13.3,28.8,0.00
2020-11-20,24.6,14.0,21.6,0.00
2020-11-21,26.0,11.9,14.6,0.00
2020-11-22,29.8,17.1,16.2,10.70
2020-11-23,19.4,14.7,27.7,21.10
2020-11-24,19.3,12.9,17.1,0.10
2020-11-25,29.2,11.6,11.4,0.00
2020-11-26,18.2,12.5,21.4,0.00
2020-11-27,33.9,8.1,21.3,0.00
2020-11-28,21.7,15.8,24.3,0.30
2020-11-29,18.7,13.6,42.1,7.90
2020-11-30,24.5,10.4,10.5,0.00
2020-12-01,26.7,14.6,29.2,2.90
2020-12-02,18.5,9.8,20.2,0.00
2020-12-03,23.1,8.1,16.8,0.00
2020-12-04,21.9,9.4,15.3,0.00
2020-12-05,26.4,11.1,31.3,5.40
2020-12-06,19.1,12.0,32.2,0.20
2020-12-07,16.0,11.5,27.8,2.80
2020-12-08,16.6,9.6,21.4,0.70
2020-12-09,23.0,9.4,20.4,0.00
2020-12-10,17.1,12.4,27.4,1.50
2020-12-11,21.2,7.3,27.3,0.00
2020-12-12,28.2,8.4,18.4,0.00
2020-12-13,29.2,15.5,24.1,0.00
2020-12-14,32.6,16.7,28.1,0.00
2020-12-15,33.1,17.5,24.3,0.00
2020-12-16,25.4,15.4,21.1,0.00
2020-12-17,27.8,14.7,18.6,2.70
2020-12-18,18.6,13.7,23.2,1.00
2020-12-19,19.1,10.5,24.7,1.00
2020-12-20,20.1,8.6,20.0,0.00
2020-12-21,21.2,8.8,15.1,6.10
2020-12-22,19.5,13.3,32.4,37.60
2020-12-23,18.8,12.1,20.4,1.20
2020-12-24,17.5,12.2,22.9,0.50
2020-12-25,19.5,11.2,23.6,0.20
2020-12-26,25.9,9.1,16.7,0.00
2020-12-27,31.7,13.0,33.3,5.80
2020-12-28,17.1,10.4,21.7,0.40
2020-12-29,21.5,10.4,20.5,0.00
2020-12-30,21.5,11.7,24.7,0.00
2020-12-31,19.9,15.2,21.7,0.10
2021-01-01,26.6,15.3,13.7,7.90
2021-01-02,28.0,16.9,15.7,3.70
2021-01-03,24.9,16.5,18.7,13.60
2021-01-04,17.5,16.0,27.2,7.30
2021-01-05,19.0,15.8,25.4,13.90
2021-01-06,18.1,14.3,25.4,1.30
2021-01-07,24.7,14.1,24.9,0.00
2021-01-08,24.5,11.3,20.0,0.00
2021-01-09,27.2,12.3,15.0,0.00
2021-01-10,30.9,12.7,13.3,0.00
2021-01-11,35.5,18.2,26.1,0.00
2021-01-12,23.2,15.1,23.5,0.30
2021-01-13,29.1,11.1,24.2,0.00
2021-01-14,21.3,14.3,20.8,0.40
2021-01-15,19.5,11.4,29.6,4.00
2021-01-16,18.5,11.2,30.0,1.30
2021-01-17,20.8,12.5,20.3,0.00
2021-01-18,22.8,12.7,24.0,0.50
2021-01-19,17.8,13.4,26.9,0.00
2021-01-20,23.2,9.0,19.0,0.00
2021-01-21,30.9,10.7,17.6,0.00
2021-01-22,24.5,13.1,21.5,0.00
2021-01-23,26.3,14.3,15.4,0.00
2021-01-24,36.4,13.8,14.6,0.00
2021-01-25,39.8,20.7,30.7,0.00
2021-01-26,20.8,15.3,24.3,12.40
2021-01-27,24.3,13.6,25.4,0.00
2021-01-28,26.7,17.0,16.1,1.30
2021-01-29,21.7,17.8,17.1,33.50
2021-01-30,20.5,16.0,24.2,9.20
2021-01-31,20.7,14.6,20.3,0.00
2021-02-01,19.8,11.3,24.4,0.00
2021-02-02,17.5,13.4,24.9,1.90
2021-02-03,24.5,11.3,15.9,0.00
2021-02-04,29.4,11.1,23.1,0.00
2021-02-05,28.4,17.9,33.6,9.80
2021-02-06,23.6,14.9,26.6,1.00
2021-02-07,17.7,14.6,24.9,1.00
2021-02-08,18.3,13.5,20.2,0.20
2021-02-09,23.8,10.9,16.1,0.00
2021-02-10,30.3,11.0,14.5,0.00
2021-02-11,30.7,16.4,28.5,0.00
2021-02-12,23.0,17.1,20.3,11.80
2021-02-13,18.9,12.4,24.2,0.30
2021-02-14,19.8,11.8,24.7,0.00
2021-02-15,25.6,13.8,11.8,0.00
2021-02-16,29.4,13.4,17.0,0.00
2021-02-17,29.8,14.1,14.9,0.00
2021-02-18,30.9,16.6,25.3,0.00
2021-02-19,31.9,19.5,26.7,0.00
2021-02-20,27.6,18.7,20.3,0.00
2021-02-21,21.2,17.2,19.9,0.50
2021-02-22,21.3,13.9,29.2,0.20
2021-02-23,18.6,13.6,24.9,1.90
2021-02-24,20.7,9.8,21.9,0.00
2021-02-25,25.2,10.1,32.6,0.00
2021-02-26,18.9,12.2,18.8,0.10
2021-02-27,19.7,10.5,13.3,0.00
2021-02-28,27.3,9.2,15.9,0.00
2021-03-01,22.0,13.7,31.9,1.30
2021-03-02,16.6,13.1,26.6,0.30
2021-03-03,17.9,13.7,20.0,0.40
2021-03-04,20.2,11.5,21.6,0.30
2021-03-05,16.9,13.5,25.0,0.90
2021-03-06,19.9,13.1,21.9,0.00
2021-03-07,28.8,11.0,16.7,0.00
2021-03-08,19.2,15.2,19.4,4.50
2021-03-09,19.4,13.5,20.7,1.40
2021-03-10,21.5,11.5,14.9,0.40
2021-03-11,25.4,11.5,16.9,0.40
2021-03-12,30.6,14.0,17.2,0.20
2021-03-13,27.8,14.0,25.2,10.50
2021-03-14,17.1,10.8,20.9,0.00
2021-03-15,21.0,10.0,14.8,0.00
2021-03-16,21.4,14.9,18.1,0.20
2021-03-17,26.7,12.0,13.7,0.00
2021-03-18,24.6,12.5,12.4,0.00
2021-03-19,27.2,11.9,19.6,0.00
2021-03-20,27.4,13.2,27.3,0.00
2021-03-21,21.3,16.7,14.5,8.30
2021-03-22,25.6,15.4,20.6,5.10
2021-03-23,20.5,17.1,19.1,11.20
2021-03-24,19.5,15.9,19.8,4.30
2021-03-25,19.5,13.5,22.1,2.20
2021-03-26,21.6,9.4,19.2,0.70
2021-03-27,20.2,13.4,19.0,5.90
2021-03-28,19.4,9.9,16.0,0.20
2021-03-29,17.6,10.8,19.3,0.60
2021-03-30,18.8,7.7,13.1,0.00
2021-03-31,21.7,10.9,9.3,0.00
2021-04-01,28.3,11.5,12.6,0.00
2021-04-02,29.7,11.1,10.1,0.00
2021-04-03,30.6,17.1,23.1,0.00
2021-04-04,23.6,15.4,22.4,0.00
2021-04-05,19.3,13.7,19.6,0.00
2021-04-06,20.1,10.8,18.4,0.00
2021-04-07,22.9,12.1,13.3,0.00
2021-04-08,29.0,14.1,23.2,0.00
2021-04-09,18.1,12.6,23.7,5.50
2021-04-10,17.3,9.3,32.7,0.50
2021-04-11,14.3,7.9,35.0,2.40
2021-04-12,16.0,9.9,20.0,6.20
2021-04-13,18.4,7.1,31.9,0.30
2021-04-14,21.4,13.1,30.2,0.00
2021-04-15,19.5,10.2,23.3,0.20
2021-04-16,15.5,9.8,16.2,0.40
2021-04-17,17.4,8.5,14.5,0.00
2021-04-18,18.5,9.7,11.9,0.40
2021-04-19,19.8,9.6,18.1,0.00
2021-04-20,18.3,9.7,27.7,13.20
2021-04-21,15.0,7.5,12.1,0.10
2021-04-22,17.1,10.3,19.5,0.30
2021-04-23,16.4,10.5,18.6,0.20
2021-04-24,18.1,8.9,14.3,1.40
2021-04-25,17.5,9.9,14.5,1.00
2021-04-26,17.7,9.5,15.3,0.40
2021-04-27,16.3,9.6,11.2,0.40
2021-04-28,16.5,6.8,10.7,0.00
2021-04-29,19.5,5.8,7.8,0.00
2021-04-30,23.4,8.7,18.4,0.00
2021-05-01,23.8,10.4,20.2,0.00
2021-05-02,24.1,14.2,25.2,0.00
2021-05-03,17.6,10.7,15.0,5.90
2021-05-04,14.3,11.5,27.5,28.30
2021-05-05,15.9,8.4,19.7,0.00
2021-05-06,19.7,6.3,11.1,0.00
2021-05-07,20.6,9.0,9.3,0.10
2021-05-08,19.1,8.6,10.8,0.10
2021-05-09,19.6,10.4,16.2,1.10
2021-05-10,16.2,11.1,23.5,1.30
2021-05-11,15.3,10.4,30.6,5.30
2021-05-12,16.7,6.6,15.4,0.00
2021-05-13,16.5,7.4,20.0,4.30
2021-05-14,13.6,6.9,21.4,0.30
2021-05-15,11.8,7.0,33.0,3.90
2021-05-16,14.7,7.0,22.3,0.20
2021-05-17,14.6,9.1,19.1,1.00
2021-05-18,15.8,6.2,10.5,0.10
2021-05-19,17.4,9.2,18.8,0.00
2021-05-20,16.9,10.8,23.9,2.90
2021-05-21,16.3,6.3,10.1,0.00
2021-05-22,17.6,4.1,19.1,0.00
2021-05-23,19.0,6.6,13.7,0.00
2021-05-24,18.9,7.9,20.5,0.00
2021-05-25,19.4,12.2,34.6,15.90
2021-05-26,14.2,8.9,26.5,0.60
2021-05-27,14.4,9.6,21.4,1.40
2021-05-28,12.8,9.4,22.7,0.50
2021-05-29,12.5,5.6,16.9,0.00
2021-05-30,12.8,1.8,10.6,0.00
2021-05-31,14.8,2.9,20.6,0.00
2021-06-01,15.3,6.1,19.8,0.00
2021-06-02,17.9,9.1,17.0,0.00
2021-06-03,16.4,9.2,11.2,1.70
2021-06-04,12.6,7.1,26.7,1.50
2021-06-05,12.4,3.8,30.0,1.80
2021-06-06,14.6,9.2,27.7,1.30
2021-06-07,15.7,10.7,35.0,0.00
2021-06-08,12.5,6.6,32.8,10.10
2021-06-09,11.9,5.6,47.1,23.40
2021-06-10,13.3,7.8,45.0,11.80
2021-06-11,13.3,5.8,11.9,1.40
2021-06-12,14.9,10.4,17.1,6.40
2021-06-13,13.4,9.3,10.4,0.30
2021-06-14,15.5,7.6,10.4,0.00
2021-06-15,14.5,7.1,15.5,0.40
2021-06-16,14.4,8.0,24.0,0.90
2021-06-17,13.0,6.8,13.9,1.00
2021-06-18,12.1,3.8,19.1,8.00
2021-06-19,13.8,7.4,14.8,0.30
2021-06-20,12.8,3.9,10.8,0.10
2021-06-21,14.4,2.8,14.9,0.00
2021-06-22,15.5,2.0,17.6,0.00
2021-06-23,14.5,9.7,31.5,2.20
2021-06-24,15.3,10.5,25.5,3.30
2021-06-25,12.0,8.6,27.6,7.20
2021-06-26,12.1,8.2,18.0,0.60
2021-06-27,14.4,7.9,18.5,0.90
2021-06-28,14.3,5.3,10.9,0.00
2021-06-29,15.4,3.1,17.7,0.00
2021-06-30,15.6,6.8,23.1,0.00
2021-07-01,16.1,9.4,21.6,0.00
2021-07-02,13.9,9.2,27.7,4.20
2021-07-03,9.8,5.0,26.5,1.20
2021-07-04,11.9,5.2,31.8,3.00
2021-07-05,12.0,5.9,15.5,0.40
2021-07-06,12.2,4.8,12.6,0.00
2021-07-07,11.8,3.7,11.5,0.00
2021-07-08,12.4,1.3,9.7,0.00
2021-07-09,10.3,1.0,8.0,0.00
2021-07-10,12.2,3.3,9.1,0.00
2021-07-11,14.2,4.9,17.6,0.00
2021-07-12,14.2,9.0,31.1,1.40
2021-07-13,13.9,7.8,24.5,0.70
2021-07-14,11.8,9.2,29.5,4.20
2021-07-15,14.9,9.9,27.3,0.50
2021-07-16,12.3,9.2,26.3,0.90
2021-07-17,12.9,5.5,20.9,3.60
2021-07-18,13.0,7.5,19.7,1.10
2021-07-19,12.7,7.6,19.3,0.20
2021-07-20,10.3,6.4,37.3,16.80
2021-07-21,11.9,5.6,19.8,1.30
2021-07-22,10.4,5.4,25.9,0.00
2021-07-23,9.7,6.8,18.4,0.30
2021-07-24,12.4,6.9,29.9,2.40
2021-07-25,11.0,5.3,28.4,0.20
2021-07-26,15.6,8.3,27.9,0.00
2021-07-27,15.1,9.0,41.5,0.20
2021-07-28,15.4,8.2,39.3,3.00
2021-07-29,14.2,5.8,19.9,0.30
2021-07-30,13.9,6.8,40.8,0.50
2021-07-31,16.7,9.9,39.3,9.10
2021-08-01,14.2,6.8,17.4,4.30
2021-08-02,14.0,6.5,27.8,0.00
2021-08-03,13.0,7.3,21.7,3.40
2021-08-04,13.6,7.2,23.2,0.50
2021-08-05,14.8,9.2,21.3,0.50
2021-08-06,13.7,9.8,16.7,0.70
2021-08-07,13.5,8.7,18.3,1.30
2021-08-08,15.0,6.8,7.6,0.00
2021-08-09,14.5,7.0,20.2,0.00
2021-08-10,16.4,8.4,40.3,0.00
2021-08-11,17.0,8.9,36.4,5.00
2021-08-12,15.2,7.1,20.9,0.00
2021-08-13,15.9,6.4,25.6,0.10
2021-08-14,16.2,6.3,16.6,0.40
2021-08-15,17.4,9.3,29.6,0.10
2021-08-16,13.3,10.5,30.5,1.00
2021-08-17,11.9,8.7,20.7,2.40
2021-08-18,14.7,6.1,11.0,0.10
2021-08-19,15.9,8.3,22.3,0.10
2021-08-20,15.9,9.6,31.9,0.60
2021-08-21,18.3,9.2,23.7,0.20
2021-08-22,20.0,10.2,34.9,0.00
2021-08-23,16.2,7.8,27.0,6.80
2021-08-24,11.7,8.0,26.1,1.30
2021-08-25,12.2,7.6,22.7,0.90
2021-08-26,12.5,5.3,14.8,0.10
2021-08-27,13.3,3.3,9.9,0.00
2021-08-28,16.3,3.3,22.7,0.10
2021-08-29,14.8,7.6,19.7,9.90
2021-08-30,16.8,6.2,28.8,0.00
2021-08-31,17.9,10.8,35.2,0.10
2021-09-01,21.8,9.2,24.6,0.00
2021-09-02,23.5,15.3,34.0,0.00
2021-09-03,22.8,11.6,39.7,36.10
2021-09-04,12.7,9.7,26.4,3.20
2021-09-05,12.3,9.2,28.2,10.90
2021-09-06,14.9,7.7,23.2,0.20
2021-09-07,14.9,7.3,25.0,0.30
2021-09-08,19.7,6.9,20.6,0.10
2021-09-09,22.8,11.7,34.3,0.00
2021-09-10,17.3,8.4,28.9,0.30
2021-09-11,21.9,13.9,40.7,1.20
2021-09-12,14.6,6.5,21.2,3.20
2021-09-13,13.3,5.9,23.3,2.10
2021-09-14,13.3,2.6,18.7,0.00
2021-09-15,15.1,5.2,21.4,0.00
2021-09-16,16.0,3.5,9.5,0.00
2021-09-17,19.5,6.0,36.2,1.10
2021-09-18,15.2,8.1,30.4,2.70
2021-09-19,17.2,8.0,33.4,2.80
2021-09-20,13.4,5.9,28.0,4.80
2021-09-21,11.9,6.0,26.6,3.10
2021-09-22,17.2,10.0,16.7,1.00
2021-09-23,20.5,8.8,19.7,0.00
2021-09-24,17.0,9.3,32.9,1.70
2021-09-25,11.8,5.3,18.8,0.70
2021-09-26,14.8,3.1,16.3,0.00
2021-09-27,18.0,3.4,21.1,0.00
2021-09-28,22.3,6.7,12.3,0.00
2021-09-29,19.0,9.6,20.8,5.20
2021-09-30,17.6,12.7,13.8,22.80
2021-10-01,20.1,13.0,16.1,11.70
2021-10-02,16.7,12.5,21.3,3.50
2021-10-03,21.3,11.6,23.4,3.40
2021-10-04,16.8,8.9,27.0,3.70
2021-10-05,16.2,8.9,33.4,0.30
2021-10-06,20.8,5.5,21.6,0.10
2021-10-07,14.5,7.9,20.1,1.80
2021-10-08,19.8,6.1,23.7,0.00
2021-10-09,22.7,11.7,26.4,2.80
2021-10-10,13.8,8.4,20.8,1.10
2021-10-11,12.9,5.9,19.4,3.20
2021-10-12,19.2,4.6,10.3,0.10
2021-10-13,19.0,10.0,25.4,2.10
2021-10-14,17.6,6.9,18.8,12.10
2021-10-15,15.4,7.6,31.7,20.80
2021-10-16,14.8,10.4,34.2,8.60
2021-10-17,17.2,6.5,15.4,0.20
2021-10-18,17.1,9.3,20.4,1.40
2021-10-19,15.6,8.8,20.0,1.70
2021-10-20,22.3,7.9,15.5,0.00
2021-10-21,23.9,12.4,22.4,0.00
2021-10-22,26.0,11.9,20.2,0.00
2021-10-23,13.9,10.6,19.5,7.00
2021-10-24,14.2,8.6,27.2,1.30
2021-10-25,14.6,8.4,22.7,1.10
2021-10-26,18.8,3.4,13.3,0.00
2021-10-27,24.5,7.3,25.3,0.00
2021-10-28,26.4,12.8,22.1,4.50
2021-10-29,20.1,8.8,53.1,1.70
2021-10-30,15.2,5.4,20.9,2.90
2021-10-31,18.1,5.4,12.2,0.00
2021-11-01,22.7,6.2,15.2,0.00
2021-11-02,27.8,8.3,24.8,0.00
2021-11-03,22.4,14.9,32.0,32.10
2021-11-04,17.5,11.5,25.5,0.50
2021-11-05,23.1,11.6,12.4,0.00
2021-11-06,25.6,16.1,29.3,5.80
2021-11-07,16.0,12.2,20.9,2.00
2021-11-08,16.0,9.3,16.1,0.00
2021-11-09,19.0,6.2,13.8,0.00
2021-11-10,13.8,9.4,18.5,14.80
2021-11-11,15.9,6.7,23.4,0.60
2021-11-12,13.1,10.6,27.5,23.40
2021-11-13,13.5,8.7,29.3,12.40
2021-11-14,14.4,6.0,31.7,3.50
2021-11-15,13.1,7.4,29.5,2.10
2021-11-16,13.3,7.0,16.1,0.20
2021-11-17,18.2,9.5,13.7,0.40
2021-11-18,24.8,8.9,42.9,1.00
2021-11-19,17.5,12.4,17.5,1.90
2021-11-20,16.2,11.5,21.6,0.10
2021-11-21,16.7,8.1,26.3,0.10
2021-11-22,21.3,8.6,14.1,0.00
2021-11-23,25.3,12.6,23.5,8.50
2021-11-24,26.7,15.5,21.0,1.20
2021-11-25,16.2,14.0,21.7,4.00
2021-11-26,19.6,12.9,30.8,1.50
2021-11-27,19.9,10.5,29.3,0.00
2021-11-28,21.8,8.4,15.9,0.00
2021-11-29,27.6,7.8,16.2,0.00
2021-11-30,30.3,11.6,17.7,0.00
2021-12-01,31.2,15.5,24.7,0.80
2021-12-02,31.7,14.6,22.4,4.00
2021-12-03,19.1,11.7,21.5,0.40
2021-12-04,18.1,9.7,25.6,0.50
2021-12-05,20.3,7.4,17.0,0.00
2021-12-06,26.4,10.9,25.8,5.40
2021-12-07,17.6,12.2,23.4,3.70
2021-12-08,16.2,8.9,29.5,3.90
2021-12-09,17.2,12.0,28.3,1.80
2021-12-10,17.7,12.6,28.5,0.90
2021-12-11,21.5,10.5,20.4,0.20
2021-12-12,27.6,7.4,13.0,0.00
2021-12-13,32.1,12.4,26.3,0.00
2021-12-14,21.3,14.0,18.6,0.00
2021-12-15,17.7,13.4,21.8,0.60
2021-12-16,19.7,12.1,18.4,0.20
2021-12-17,29.9,7.0,23.0,0.00
2021-12-18,32.3,16.2,33.5,0.00
2021-12-19,22.6,12.6,34.2,8.20
2021-12-20,27.5,10.2,23.5,0.00
2021-12-21,25.0,12.0,20.5,0.00
2021-12-22,19.2,14.3,19.7,0.40
2021-12-23,20.2,11.4,19.7,0.00
2021-12-24,27.0,9.7,14.7,0.00
2021-12-25,21.4,15.3,26.4,0.00
2021-12-26,18.4,14.0,27.4,0.60
2021-12-27,22.7,13.5,26.0,0.90
2021-12-28,23.2,10.7,25.1,0.00
2021-12-29,24.1,10.1,21.5,0.00
2021-12-30,32.2,11.1,14.8,0.00
2021-12-31,38.1,16.1,30.1,0.00
2022-01-01,36.7,18.2,21.9,0.20
2022-01-02,30.0,17.5,26.3,0.00
2022-01-03,20.7,15.9,26.6,0.20
2022-01-04,23.8,16.9,20.1,0.10
2022-01-05,28.6,19.0,21.3,15.80
2022-01-06,30.0,17.4,17.7,12.20
2022-01-07,25.9,18.7,17.6,6.50
2022-01-08,19.6,16.8,20.1,3.60
2022-01-09,22.0,15.8,20.3,0.00
2022-01-10,28.8,13.5,17.0,0.00
2022-01-11,28.5,17.5,26.0,0.00
2022-01-12,29.8,16.8,24.8,0.00
2022-01-13,34.0,17.1,12.2,0.50
2022-01-14,31.1,18.5,26.6,4.70
2022-01-15,22.6,17.5,20.0,5.00
2022-01-16,28.9,14.9,13.8,0.20
2022-01-17,23.5,17.5,23.8,0.20
2022-01-18,21.3,16.4,25.9,0.10
2022-01-19,26.7,14.6,30.4,0.00
2022-01-20,28.9,13.4,19.5,0.00
2022-01-21,31.0,15.6,22.4,0.00
2022-01-22,33.1,16.4,25.5,0.00
2022-01-23,33.5,17.4,21.5,0.00
2022-01-24,34.0,19.3,21.6,0.00
2022-01-25,32.8,19.3,19.6,0.00
2022-01-26,36.3,18.1,16.2,0.00
2022-01-27,32.5,23.4,30.1,1.10
2022-01-28,29.5,20.1,28.9,24.00
2022-01-29,22.0,18.6,22.6,37.20
2022-01-30,27.1,17.8,13.8,0.50
2022-01-31,32.7,18.2,14.1,0.00
2022-02-01,24.0,15.5,29.6,0.10
2022-02-02,18.7,14.9,26.3,1.00
2022-02-03,18.2,13.1,32.7,4.60
2022-02-04,23.4,12.3,19.8,0.00
2022-02-05,25.7,11.0,16.4,0.00
2022-02-06,27.4,12.0,19.1,0.00
2022-02-07,28.4,12.8,18.6,0.00
2022-02-08,30.1,13.2,15.0,0.00
2022-02-09,30.5,18.1,28.5,1.90
2022-02-10,23.4,17.8,27.5,0.20
2022-02-11,21.9,16.3,26.3,0.10
2022-02-12,28.8,14.1,26.7,0.00
2022-02-13,32.9,15.9,33.0,0.00
2022-02-14,32.4,16.0,25.6,0.00
2022-02-15,23.6,17.7,18.2,0.00
2022-02-16,25.1,15.6,15.1,0.10
2022-02-17,23.9,16.4,18.0,3.00
2022-02-18,20.9,13.1,27.3,0.40
2022-02-19,22.6,12.1,16.8,0.00
2022-02-20,25.4,11.1,24.5,0.00
2022-02-21,20.0,13.4,20.5,0.30
2022-02-22,24.0,11.5,15.5,0.00
2022-02-23,32.4,13.1,22.9,0.00
2022-02-24,23.8,18.0,20.6,15.90
2022-02-25,22.2,17.0,25.0,0.50
2022-02-26,28.9,17.3,22.3,0.10
2022-02-27,25.8,16.4,16.7,0.00
2022-02-28,24.8,17.5,15.6,0.40
2022-03-01,25.7,18.0,12.9,4.80
2022-03-02,28.5,18.5,14.8,1.70
2022-03-03,30.1,15.8,17.6,0.00
2022-03-04,32.7,16.6,15.3,4.20
2022-03-05,20.8,17.0,26.4,30.50
2022-03-06,20.6,16.3,27.1,5.60
2022-03-07,23.9,14.7,25.8,0.30
2022-03-08,20.5,16.4,28.6,1.60
2022-03-09,21.8,13.6,30.3,0.00
2022-03-10,20.6,10.8,22.4,0.20
2022-03-11,20.1,11.7,14.8,1.10
2022-03-12,21.6,9.1,15.7,0.00
2022-03-13,28.8,12.4,20.5,0.30
2022-03-14,28.7,15.4,16.6,1.10
2022-03-15,27.5,15.6,19.0,3.10
2022-03-16,24.1,17.8,24.6,0.80
2022-03-17,28.7,17.5,18.1,0.50
2022-03-18,21.5,15.6,22.7,1.80
2022-03-19,29.7,12.2,15.0,0.00
2022-03-20,24.2,14.2,22.8,0.00
2022-03-21,28.5,15.7,21.2,0.00
2022-03-22,22.7,16.0,18.9,3.50
2022-03-23,19.4,12.5,22.9,0.90
2022-03-24,20.4,12.6,18.4,0.00
2022-03-25,20.5,12.6,16.2,0.70
2022-03-26,23.7,10.5,12.4,0.00
2022-03-27,28.4,11.9,18.8,0.00
2022-03-28,25.7,16.4,22.7,0.00
2022-03-29,21.7,14.6,19.7,0.10
2022-03-30,19.9,15.2,26.5,0.80
2022-03-31,20.9,13.8,28.4,0.20
2022-04-01,19.8,12.8,28.4,0.00
2022-04-02,18.2,13.9,23.8,0.10
2022-04-03,17.8,13.3,14.8,0.80
2022-04-04,18.3,13.0,15.4,0.20
2022-04-05,19.7,9.1,15.1,0.10
2022-04-06,22.5,14.3,14.3,0.00
2022-04-07,23.2,10.1,22.0,0.50
2022-04-08,24.6,11.4,14.8,0.00
2022-04-09,25.8,15.0,22.7,0.40
2022-04-10,26.8,16.6,27.5,0.00
2022-04-11,20.9,14.1,19.7,1.40
2022-04-12,18.1,12.2,18.9,0.00
2022-04-13,20.3,9.9,18.5,0.00
2022-04-14,24.7,10.0,18.4,0.00
2022-04-15,26.2,15.3,21.6,0.00
2022-04-16,28.1,11.1,19.5,0.00
2022-04-17,27.3,16.2,30.0,0.00
2022-04-18,18.2,15.7,17.2,38.60
2022-04-19,15.5,12.7,22.8,23.60
2022-04-20,17.7,9.0,18.1,0.80
2022-04-21,16.4,9.1,17.3,1.80
2022-04-22,17.3,6.9,15.2,0.00
2022-04-23,16.9,6.3,12.2,0.00
2022-04-24,17.7,6.1,10.5,0.00
2022-04-25,22.4,7.3,11.0,0.00
2022-04-26,22.1,7.8,9.4,0.00
2022-04-27,20.1,11.9,9.0,0.60
2022-04-28,21.6,15.1,20.2,0.00
2022-04-29,21.3,16.2,30.1,11.40
2022-04-30,17.0,11.6,24.5,14.20
2022-05-01,19.3,10.8,19.5,0.70
2022-05-02,20.9,11.9,17.8,0.00
2022-05-03,19.6,11.6,27.8,0.00
2022-05-04,15.8,8.9,20.5,1.10
2022-05-05,13.2,5.3,10.5,1.30
2022-05-06,14.3,3.6,19.2,0.00
2022-05-07,15.7,9.6,26.3,1.50
2022-05-08,15.1,9.6,15.6,0.40
2022-05-09,15.9,9.0,10.1,1.20
2022-05-10,17.3,4.7,10.7,0.00
2022-05-11,18.4,8.4,7.6,0.60
2022-05-12,18.2,11.5,9.8,1.10
2022-05-13,18.0,12.8,8.1,0.90
2022-05-14,17.2,15.2,22.9,1.90
2022-05-15,20.5,12.9,26.3,0.00
2022-05-16,15.8,9.7,20.0,1.90
2022-05-17,15.0,7.8,24.3,0.00
2022-05-18,14.5,9.0,26.4,2.10
2022-05-19,14.6,7.2,19.9,0.10
2022-05-20,15.2,7.3,13.4,0.00
2022-05-21,13.7,4.2,10.4,0.00
2022-05-22,12.3,5.7,7.3,0.00
2022-05-23,16.1,4.0,8.6,0.00
2022-05-24,19.2,5.2,10.9,0.00
2022-05-25,19.1,6.4,13.0,0.00
2022-05-26,16.0,10.7,19.8,14.00
2022-05-27,15.4,8.5,8.8,1.80
2022-05-28,13.9,6.7,8.9,0.50
2022-05-29,15.1,5.6,15.8,1.20
2022-05-30,11.7,7.0,14.9,7.40
2022-05-31,10.3,5.4,27.1,1.30
2022-06-01,11.6,5.2,31.1,10.30
2022-06-02,12.5,3.0,14.8,0.00
2022-06-03,12.1,6.1,26.6,0.00
2022-06-04,13.8,7.7,30.0,0.70
2022-06-05,11.9,8.4,38.2,16.90
2022-06-06,12.0,5.9,28.1,4.30
2022-06-07,10.5,5.7,23.1,4.90
2022-06-08,11.3,7.1,20.8,0.00
2022-06-09,11.3,9.0,24.3,1.80
2022-06-10,12.6,8.3,22.5,4.10
2022-06-11,12.7,7.2,29.0,0.60
2022-06-12,11.2,9.7,23.7,3.40
2022-06-13,12.1,8.0,13.8,3.80
2022-06-14,13.0,6.7,26.8,0.00
2022-06-15,12.5,8.7,34.2,13.30
2022-06-16,13.9,10.9,23.2,9.10
2022-06-17,13.8,7.1,12.8,0.90
2022-06-18,14.7,4.2,9.8,0.20
2022-06-19,15.0,4.1,14.0,0.00
2022-06-20,16.6,9.5,22.9,5.60
2022-06-21,14.3,7.8,19.9,5.30
2022-06-22,15.9,7.3,17.7,5.30
2022-06-23,15.9,10.9,32.2,0.20
2022-06-24,15.4,9.2,33.3,4.50
2022-06-25,15.2,8.1,23.3,0.00
2022-06-26,12.5,7.4,20.0,5.20
2022-06-27,11.7,5.7,15.8,0.50
2022-06-28,12.7,3.8,21.5,0.00
2022-06-29,11.1,6.5,21.4,0.00
2022-06-30,13.1,4.1,14.1,0.00
2022-07-01,12.0,5.7,17.3,1.70
2022-07-02,11.0,6.1,15.5,0.20
2022-07-03,12.3,3.3,19.2,0.00
2022-07-04,12.2,6.7,17.1,0.00
2022-07-05,13.5,6.4,17.9,0.20
2022-07-06,15.3,2.1,12.3,0.00
2022-07-07,12.7,4.0,20.0,0.40
2022-07-08,11.2,8.4,24.5,8.80
2022-07-09,12.2,5.5,14.0,3.70
2022-07-10,13.5,3.8,10.1,0.00
2022-07-11,13.4,6.3,22.4,0.00
2022-07-12,10.5,4.9,10.8,5.60
2022-07-13,11.6,5.9,22.9,6.30
2022-07-14,12.3,5.6,12.1,0.00
2022-07-15,14.6,4.2,17.6,0.00
2022-07-16,12.2,8.4,40.3,4.30
2022-07-17,14.3,7.2,35.9,5.70
2022-07-18,10.2,5.4,21.0,1.60
2022-07-19,12.4,2.0,13.9,0.00
2022-07-20,10.3,-0.9,7.6,0.00
2022-07-21,13.2,-0.8,7.9,0.00
2022-07-22,17.4,2.2,10.7,0.00
2022-07-23,13.9,7.0,18.6,6.30
2022-07-24,17.0,9.2,17.4,3.70
2022-07-25,15.7,8.6,25.1,13.00
2022-07-26,11.6,7.1,27.1,0.40
2022-07-27,15.3,6.7,14.0,1.80
2022-07-28,12.2,6.0,13.8,1.40
2022-07-29,12.3,3.8,10.6,0.20
2022-07-30,12.1,1.0,27.0,0.00
2022-07-31,13.5,8.9,34.6,1.40
2022-08-01,14.1,5.7,30.8,0.40
2022-08-02,15.0,8.3,37.6,0.00
2022-08-03,17.9,10.6,47.9,6.20
2022-08-04,17.5,11.8,28.6,0.50
2022-08-05,13.5,8.3,22.3,4.10
2022-08-06,13.2,5.4,7.8,2.30
2022-08-07,13.6,5.6,8.9,1.10
2022-08-08,13.0,4.9,10.9,0.00
2022-08-09,12.3,0.7,10.1,0.00
2022-08-10,14.1,3.0,23.3,0.00
2022-08-11,14.2,9.6,29.9,4.70
2022-08-12,14.1,9.5,21.4,1.30
2022-08-13,14.0,5.0,9.7,1.90
2022-08-14,13.2,6.1,26.6,0.50
2022-08-15,14.5,9.7,27.8,0.40
2022-08-16,13.0,8.8,23.8,4.40
2022-08-17,14.2,5.3,30.7,1.60
2022-08-18,13.6,10.6,40.7,6.80
2022-08-19,14.9,5.5,19.9,2.20
2022-08-20,12.2,5.9,22.1,8.00
2022-08-21,14.6,3.2,21.3,0.00
2022-08-22,16.8,8.5,33.4,18.50
2022-08-23,11.3,5.0,22.2,3.50
2022-08-24,12.0,6.0,21.6,2.80
2022-08-25,13.7,9.3,19.6,2.10
2022-08-26,13.8,8.6,9.0,1.20
2022-08-27,18.3,8.2,13.7,0.10
2022-08-28,18.8,8.0,22.7,0.00
2022-08-29,16.0,11.7,30.1,8.30
2022-08-30,14.3,8.0,24.5,8.00
2022-08-31,16.1,5.7,12.6,0.00
2022-09-01,15.2,5.5,13.9,1.00
2022-09-02,11.8,7.6,24.5,1.30
2022-09-03,13.3,5.5,17.4,1.70
2022-09-04,12.2,4.7,17.4,0.50
2022-09-05,14.7,5.3,15.8,0.00
2022-09-06,16.2,2.3,9.5,0.00
2022-09-07,18.8,3.4,16.0,0.00
2022-09-08,17.0,11.9,23.5,8.70
2022-09-09,19.0,11.4,21.7,0.10
2022-09-10,14.9,8.6,23.5,6.60
2022-09-11,15.7,6.4,22.4,3.80
2022-09-12,12.3,6.8,21.0,1.30
2022-09-13,12.7,4.6,11.4,0.80
2022-09-14,16.7,1.7,28.9,0.40
2022-09-15,15.7,10.7,23.5,4.10
2022-09-16,16.9,9.9,28.9,2.30
2022-09-17,13.3,8.8,33.6,1.90
2022-09-18,15.0,9.1,18.7,18.20
2022-09-19,15.3,6.4,19.1,1.00
2022-09-20,18.6,6.6,23.5,0.00
2022-09-21,17.5,10.4,8.8,0.40
2022-09-22,17.7,7.5,13.5,0.00
2022-09-23,16.4,11.6,20.2,5.00
2022-09-24,13.9,7.6,21.9,1.40
2022-09-25,17.8,3.2,12.9,0.00
2022-09-26,15.3,10.7,16.9,3.60
2022-09-27,16.0,10.1,21.9,13.30
2022-09-28,14.8,10.3,29.5,10.40
2022-09-29,14.8,9.1,20.6,1.00
2022-09-30,18.8,8.7,20.6,0.50
2022-10-01,17.9,6.3,13.7,0.00
2022-10-02,16.8,4.9,14.0,0.00
2022-10-03,19.8,5.7,11.2,0.00
2022-10-04,15.6,8.2,17.5,0.00
2022-10-05,14.9,9.4,18.0,9.40
2022-10-06,20.4,11.4,28.0,8.30
2022-10-07,19.5,12.5,17.7,12.60
2022-10-08,14.0,6.5,18.0,1.70
2022-10-09,13.5,4.5,15.7,0.40
2022-10-10,16.7,3.0,11.5,0.00
2022-10-11,20.8,6.2,27.5,0.00
2022-10-12,17.8,11.8,27.7,8.20
2022-10-13,17.1,11.2,30.8,40.50
2022-10-14,17.5,9.4,27.4,4.20
2022-10-15,18.0,7.7,15.2,0.10
2022-10-16,15.9,7.4,17.2,2.90
2022-10-17,15.9,3.3,17.9,0.00
2022-10-18,19.6,4.1,10.5,0.00
2022-10-19,21.2,4.9,19.0,0.00
2022-10-20,19.7,8.2,19.0,0.00
2022-10-21,23.7,10.7,9.5,10.60
2022-10-22,18.7,13.9,18.9,15.30
2022-10-23,19.5,12.6,25.5,1.30
2022-10-24,20.9,12.9,26.0,19.30
2022-10-25,21.6,14.0,9.3,21.60
2022-10-26,18.2,15.0,16.3,14.10
2022-10-27,16.9,13.2,18.9,18.50
2022-10-28,13.0,10.1,24.6,4.40
2022-10-29,17.2,7.8,23.8,3.30
2022-10-30,20.3,8.0,42.6,1.40
2022-10-31,20.2,10.3,43.5,14.30
2022-11-01,12.9,7.5,22.9,10.90
2022-11-02,13.6,6.0,26.6,2.70
2022-11-03,15.0,7.7,19.1,1.90
2022-11-04,17.0,9.0,14.2,0.90
2022-11-05,22.3,9.2,16.2,0.10
2022-11-06,24.4,10.3,13.7,0.20
2022-11-07,25.2,12.2,10.0,7.80
2022-11-08,26.4,12.7,17.3,0.00
2022-11-09,27.5,14.0,16.1,0.30
2022-11-10,24.8,17.3,29.2,2.00
2022-11-11,20.2,15.7,20.0,5.60
2022-11-12,18.8,13.3,13.4,0.70
2022-11-13,24.6,14.6,23.1,31.90
2022-11-14,16.7,11.3,31.6,35.40
2022-11-15,12.5,6.9,24.5,4.60
2022-11-16,13.2,6.2,26.6,5.90
2022-11-17,15.1,9.6,18.4,4.60
2022-11-18,22.4,6.0,11.2,0.00
2022-11-19,20.8,14.7,39.3,12.90
2022-11-20,18.8,11.2,29.8,7.30
2022-11-21,12.8,7.8,36.5,4.80
2022-11-22,16.0,7.7,28.4,3.00
2022-11-23,17.0,10.9,22.1,0.80
2022-11-24,16.9,8.8,16.6,1.00
2022-11-25,17.8,9.0,12.3,0.20
2022-11-26,26.1,9.0,28.3,1.30
2022-11-27,19.9,10.4,22.9,2.50
2022-11-28,17.8,7.5,17.7,0.60
2022-11-29,17.6,10.2,20.0,0.50
2022-11-30,18.6,9.0,20.3,0.10
2022-12-01,18.3,11.9,22.6,1.10
2022-12-02,21.6,8.8,16.1,0.00
2022-12-03,30.1,11.0,17.3,0.00
2022-12-04,32.9,14.3,21.1,0.00
2022-12-05,23.4,13.3,35.9,5.40
2022-12-06,19.5,12.1,18.4,4.30
2022-12-07,18.6,9.7,28.7,0.60
2022-12-08,14.4,8.9,30.6,0.50
2022-12-09,17.2,11.2,21.7,0.00
2022-12-10,25.2,6.3,9.7,0.00
2022-12-11,27.5,14.7,38.2,12.60
2022-12-12,17.0,11.3,35.2,19.60
2022-12-13,19.1,9.1,27.3,3.10
2022-12-14,14.5,8.1,35.6,4.30
2022-12-15,15.3,10.9,25.2,3.80
2022-12-16,18.2,10.9,26.3,0.50
2022-12-17,21.1,9.2,24.3,0.00
2022-12-18,22.4,9.9,21.1,0.00
2022-12-19,23.7,7.2,17.2,0.00
2022-12-20,26.3,6.1,13.8,0.00
2022-12-21,28.4,10.0,12.3,0.00
2022-12-22,25.0,16.2,11.8,6.30
2022-12-23,22.4,14.4,18.1,0.30
2022-12-24,22.0,14.6,20.3,0.30
2022-12-25,30.7,10.4,20.6,0.00
2022-12-26,28.9,14.1,16.3,0.00
2022-12-27,35.7,16.3,19.5,0.10
2022-12-28,28.7,15.8,35.6,10.60
2022-12-29,20.4,14.8,24.1,0.20
2022-12-30,25.4,11.9,18.9,0.00
2022-12-31,29.7,14.7,15.1,0.00
2023-01-01,34.4,15.9,23.7,0.00
2023-01-02,29.8,16.9,36.7,10.70
2023-01-03,19.6,15.6,24.2,1.00
2023-01-04,16.3,14.2,33.8,2.30
2023-01-05,21.0,14.1,25.1,0.70
2023-01-06,24.7,12.3,21.9,0.00
2023-01-07,28.7,10.9,13.7,0.00
2023-01-08,30.9,11.3,10.6,0.00
2023-01-09,26.0,16.5,25.6,0.00
2023-01-10,23.5,15.2,22.6,0.00
2023-01-11,31.8,13.0,20.0,0.00
2023-01-12,24.8,16.3,20.1,0.00
2023-01-13,26.3,18.1,19.5,0.20
2023-01-14,36.3,19.1,27.2,0.00
2023-01-15,25.4,15.9,24.9,0.50
2023-01-16,28.9,14.1,14.8,0.00
2023-01-17,36.3,19.1,23.1,0.30
2023-01-18,22.9,14.6,27.7,8.30
2023-01-19,17.9,14.4,27.0,0.10
2023-01-20,21.7,11.3,22.5,0.00
2023-01-21,23.5,12.0,21.1,0.00
2023-01-22,24.5,15.9,20.8,0.00
2023-01-23,27.0,17.1,13.8,0.00
2023-01-24,26.7,15.9,24.0,7.00
2023-01-25,30.1,14.2,25.0,0.00
2023-01-26,21.4,14.0,24.0,0.80
2023-01-27,27.4,11.0,12.1,0.00
2023-01-28,34.8,14.3,22.0,0.00
2023-01-29,23.5,18.1,17.0,2.00
2023-01-30,22.6,16.8,25.1,0.10
2023-01-31,22.7,16.2,19.2,0.10
2023-02-01,21.4,13.2,23.6,0.30
2023-02-02,21.3,11.1,35.5,7.00
2023-02-03,18.9,10.3,30.1,2.10
2023-02-04,20.8,11.6,27.1,9.20
2023-02-05,20.9,11.2,16.4,0.20
2023-02-06,20.6,12.4,17.3,0.50
2023-02-07,20.3,13.3,21.3,1.60
2023-02-08,22.0,11.0,20.2,0.00
2023-02-09,26.9,12.2,16.8,0.00
2023-02-10,26.1,12.4,15.9,0.00
2023-02-11,27.5,13.5,25.9,0.00
2023-02-12,20.0,15.9,27.8,0.10
2023-02-13,19.8,15.4,23.9,0.20
2023-02-14,22.5,12.2,20.5,0.00
2023-02-15,32.7,11.0,21.6,0.00
2023-02-16,37.4,17.1,25.3,0.00
2023-02-17,40.3,18.5,31.9,0.00
2023-02-18,23.3,14.9,20.9,0.00
2023-02-19,27.6,13.9,21.0,0.00
2023-02-20,25.6,12.7,22.3,0.00
2023-02-21,21.7,17.0,26.3,0.20
2023-02-22,30.8,13.8,23.4,0.00
2023-02-23,32.0,18.4,25.4,0.00
2023-02-24,32.6,19.7,27.4,0.00
2023-02-25,29.1,18.3,27.5,1.10
2023-02-26,24.3,15.3,21.0,1.70
2023-02-27,19.8,16.3,21.8,6.40
2023-02-28,17.9,16.1,19.4,0.50
2023-03-01,20.9,13.5,17.6,0.80
2023-03-02,21.0,12.0,19.4,0.20
2023-03-03,20.7,14.3,23.7,0.20
2023-03-04,31.4,12.4,20.2,0.00
2023-03-05,33.4,14.9,29.9,6.50
2023-03-06,24.9,14.2,24.7,2.80
2023-03-07,22.1,13.9,29.7,0.60
2023-03-08,18.2,11.1,23.4,1.30
2023-03-09,21.6,11.8,21.1,0.00
2023-03-10,22.9,11.6,16.1,0.00
2023-03-11,23.9,12.3,20.9,0.00
2023-03-12,20.1,14.4,23.1,0.30
2023-03-13,22.4,11.2,15.4,0.00
2023-03-14,29.3,13.4,16.3,0.00
2023-03-15,25.4,14.1,13.3,0.00
2023-03-16,28.8,14.5,28.8,0.10
2023-03-17,23.8,14.6,19.8,0.50
2023-03-18,36.7,12.9,37.4,0.00
2023-03-19,19.3,16.5,20.3,0.50
2023-03-20,20.1,14.7,26.1,0.00
2023-03-21,21.0,10.2,9.8,4.10
2023-03-22,22.5,12.7,17.4,0.40
2023-03-23,22.8,14.0,14.6,0.00
2023-03-24,20.3,14.7,23.0,0.00
2023-03-25,20.5,12.5,22.8,0.00
2023-03-26,18.1,10.3,10.6,0.00
2023-03-27,20.2,13.8,13.4,8.30
2023-03-28,21.4,14.1,15.1,2.40
2023-03-29,18.2,13.4,25.0,10.80
2023-03-30,18.2,11.3,22.6,0.50
2023-03-31,19.2,12.1,20.1,4.30
2023-04-01,15.6,10.6,22.1,1.90
2023-04-02,18.6,6.1,19.2,0.00
2023-04-03,23.9,6.7,11.2,0.20
2023-04-04,24.7,9.6,19.5,0.00
2023-04-05,19.3,12.3,15.4,0.00
2023-04-06,25.3,9.3,21.3,1.90
2023-04-07,19.3,14.2,19.1,4.80
2023-04-08,17.5,11.7,28.5,2.70
2023-04-09,13.9,10.8,31.2,2.80
2023-04-10,15.2,10.5,24.5,7.70
2023-04-11,18.9,8.5,12.0,1.90
2023-04-12,17.9,12.5,23.4,10.00
2023-04-13,20.7,9.7,16.1,0.70
2023-04-14,23.5,10.3,16.0,0.00
2023-04-15,19.8,14.2,27.8,13.20
2023-04-16,16.7,10.2,23.0,22.10
2023-04-17,20.1,8.4,14.6,1.90
2023-04-18,22.5,12.0,18.2,0.10
2023-04-19,16.9,8.9,20.8,4.90
2023-04-20,17.8,6.4,10.1,0.30
2023-04-21,19.2,9.5,7.9,0.50
2023-04-22,19.3,11.0,11.7,0.40
2023-04-23,19.2,10.2,14.1,0.30
2023-04-24,23.3,9.5,17.9,0.00
2023-04-25,24.0,12.4,13.0,0.00
2023-04-26,23.6,10.3,20.9,0.00
2023-04-27,21.2,15.6,35.1,3.10
2023-04-28,20.9,12.2,28.8,4.50
2023-04-29,15.1,7.4,11.1,0.30
2023-04-30,15.4,3.9,11.7,0.00
2023-05-01,16.3,4.7,9.9,0.00
2023-05-02,19.3,10.0,18.9,3.80
2023-05-03,14.1,10.1,38.2,15.30
2023-05-04,15.7,8.4,10.6,0.50
2023-05-05,17.3,8.0,27.0,3.30
2023-05-06,12.3,7.5,18.2,12.10
2023-05-07,11.1,6.1,24.7,12.10
2023-05-08,13.7,7.4,20.9,2.40
2023-05-09,14.7,10.2,25.4,3.80
2023-05-10,14.9,9.5,15.0,1.50
2023-05-11,16.7,4.8,21.6,0.00
2023-05-12,17.4,8.2,13.3,0.00
2023-05-13,15.2,8.2,8.3,0.00
2023-05-14,19.2,6.2,17.3,0.00
2023-05-15,19.6,10.0,22.3,0.00
2023-05-16,13.1,9.4,23.3,2.80
2023-05-17,14.0,4.9,13.6,0.00
2023-05-18,12.3,3.3,10.8,0.50
2023-05-19,14.9,5.6,14.8,1.80
2023-05-20,13.9,7.7,17.1,7.70
2023-05-21,13.7,9.7,26.7,4.00
2023-05-22,15.7,6.2,12.6,0.00
2023-05-23,16.0,7.9,16.9,0.00
2023-05-24,15.2,7.9,29.9,0.00
2023-05-25,13.8,10.0,35.7,9.50
2023-05-26,12.9,5.9,19.7,0.20
2023-05-27,15.1,8.6,21.0,0.00
2023-05-28,15.5,9.5,23.8,10.40
2023-05-29,15.8,8.7,22.0,0.20
2023-05-30,17.3,11.1,20.7,0.10
2023-05-31,16.0,13.7,29.8,0.10
2023-06-01,15.8,7.9,28.2,3.80
2023-06-02,13.8,3.0,12.6,0.00
2023-06-03,15.0,8.5,11.9,4.70
2023-06-04,17.3,5.8,11.5,0.00
2023-06-05,19.5,8.2,14.6,1.00
2023-06-06,16.8,14.3,24.6,0.30
2023-06-07,17.7,14.8,29.0,10.60
2023-06-08,16.7,12.6,28.3,13.30
2023-06-09,14.0,8.9,26.5,4.80
2023-06-10,15.5,8.3,26.5,0.00
2023-06-11,15.7,8.0,16.6,0.30
2023-06-12,13.9,7.6,22.3,0.00
2023-06-13,13.5,8.8,25.9,0.30
2023-06-14,13.9,8.4,19.4,5.10
2023-06-15,15.4,9.4,23.5,0.40
2023-06-16,15.2,9.5,30.2,0.00
2023-06-17,14.3,9.5,35.3,2.20
2023-06-18,13.6,6.7,29.6,1.60
2023-06-19,11.3,4.8,30.9,10.70
2023-06-20,11.2,1.9,11.2,0.20
2023-06-21,10.8,1.9,18.0,0.00
2023-06-22,13.1,5.4,19.2,1.40
2023-06-23,10.0,6.5,20.7,2.90
2023-06-24,13.5,6.5,33.1,2.00
2023-06-25,12.2,7.5,35.3,4.70
2023-06-26,14.3,8.5,25.4,0.20
2023-06-27,14.2,6.2,22.7,0.00
2023-06-28,11.9,8.1,23.8,3.40
2023-06-29,12.0,6.0,24.5,0.00
2023-06-30,13.8,10.4,20.6,0.50
2023-07-01,12.1,9.4,20.0,1.50
2023-07-02,11.8,9.3,11.4,0.60
2023-07-03,14.3,5.9,10.5,0.00
2023-07-04,12.3,7.6,13.3,10.90
2023-07-05,14.0,8.4,15.1,1.40
2023-07-06,14.0,9.1,26.1,1.20
2023-07-07,14.4,9.1,28.4,0.80
2023-07-08,13.3,9.6,37.4,2.30
2023-07-09,15.1,10.2,27.5,1.80
2023-07-10,16.3,9.0,22.9,0.00
2023-07-11,16.6,10.6,23.3,1.00
2023-07-12,16.7,9.1,18.8,0.00
2023-07-13,14.7,8.9,29.2,0.00
2023-07-14,13.6,10.0,34.3,0.00
2023-07-15,12.5,7.6,31.2,0.90
2023-07-16,14.3,2.7,10.0,0.00
2023-07-17,14.9,3.4,18.7,0.00
2023-07-18,12.6,6.1,25.8,0.30
2023-07-19,12.4,3.2,15.1,0.00
2023-07-20,12.1,7.0,35.0,2.10
2023-07-21,12.8,5.8,14.8,0.10
2023-07-22,14.3,3.4,11.4,0.00
2023-07-23,12.2,6.3,18.2,0.90
2023-07-24,13.4,6.6,9.4,0.20
2023-07-25,14.2,6.0,9.2,0.00
2023-07-26,14.4,3.5,15.2,0.00
2023-07-27,15.5,5.7,31.0,0.10
2023-07-28,17.4,11.1,31.3,1.30
2023-07-29,17.5,9.4,23.1,0.00
2023-07-30,16.6,8.7,30.9,2.20
2023-07-31,15.6,8.1,22.4,0.00
2023-08-01,14.2,7.6,15.8,0.90
2023-08-02,16.0,5.0,24.5,0.00
2023-08-03,17.7,9.8,32.1,0.00
2023-08-04,16.4,11.1,40.2,7.60
2023-08-05,12.7,6.6,15.3,0.10
2023-08-06,13.0,6.7,10.1,0.60
2023-08-07,12.9,5.7,10.2,0.00
2023-08-08,12.8,4.0,8.6,0.00
2023-08-09,16.8,5.6,37.1,0.00
2023-08-10,14.0,9.2,33.9,4.50
2023-08-11,15.2,6.5,16.4,0.00
2023-08-12,15.0,9.7,16.3,4.80
2023-08-13,12.3,3.7,10.3,0.70
2023-08-14,11.4,2.2,12.5,0.00
2023-08-15,12.4,2.6,10.5,0.10
2023-08-16,13.9,1.2,21.6,0.00
2023-08-17,12.9,6.6,27.2,1.70
2023-08-18,11.6,8.1,28.2,9.10
2023-08-19,16.1,8.7,23.2,1.30
2023-08-20,18.3,11.1,18.3,0.00
2023-08-21,16.3,10.5,31.0,0.50
2023-08-22,14.2,10.1,25.2,10.50
2023-08-23,16.6,5.5,15.7,0.00
2023-08-24,17.2,7.3,23.2,0.00
2023-08-25,19.4,9.8,23.4,0.00
2023-08-26,14.6,10.2,14.2,0.00
2023-08-27,14.3,8.2,9.5,0.50
2023-08-28,16.7,7.6,14.4,0.30
2023-08-29,19.4,9.5,33.9,2.00
2023-08-30,16.7,8.7,32.8,8.90
2023-08-31,14.3,6.5,21.6,1.50
2023-09-01,13.9,8.2,17.7,0.40
2023-09-02,16.2,2.9,9.7,0.00
2023-09-03,18.7,4.4,19.1,0.00
2023-09-04,21.0,11.0,30.2,4.00
2023-09-05,13.6,5.5,27.2,2.00
2023-09-06,18.0,4.9,32.2,0.00
2023-09-07,20.7,11.3,34.8,1.80
2023-09-08,10.6,7.8,40.8,0.90
2023-09-09,14.0,5.9,24.2,0.60
2023-09-10,14.7,8.0,14.1,0.60
2023-09-11,15.4,5.9,8.4,0.20
2023-09-12,22.1,9.0,15.9,0.00
2023-09-13,22.3,8.3,11.5,0.00
2023-09-14,22.8,9.7,31.5,0.00
2023-09-15,23.0,13.9,33.5,0.00
2023-09-16,22.9,10.1,26.6,0.00
2023-09-17,22.5,10.6,12.9,0.00
2023-09-18,18.0,11.2,15.5,1.60
2023-09-19,26.2,12.9,25.0,0.40
2023-09-20,17.3,9.6,25.9,8.20
2023-09-21,14.1,7.3,19.0,1.30
2023-09-22,14.3,6.5,14.8,0.30
2023-09-23,16.4,5.1,12.2,0.00
2023-09-24,22.7,6.7,21.3,0.00
2023-09-25,21.6,13.4,27.8,0.10
2023-09-26,16.5,7.6,16.4,0.00
2023-09-27,16.8,7.8,23.9,0.10
2023-09-28,18.6,6.4,11.6,0.00
2023-09-29,27.5,6.5,16.6,0.00
2023-09-30,26.9,15.4,29.0,0.00
2023-10-01,21.3,10.5,42.6,0.00
2023-10-02,26.5,5.8,32.3,0.00
2023-10-03,23.6,12.5,41.5,36.30
2023-10-04,12.8,10.8,26.7,16.40
2023-10-05,16.4,7.7,25.5,2.20
2023-10-06,14.0,9.0,23.6,1.10
2023-10-07,13.7,9.4,18.2,0.00
2023-10-08,15.4,4.3,15.9,0.00
2023-10-09,15.1,6.5,18.8,0.00
2023-10-10,15.9,8.3,11.9,0.40
2023-10-11,23.9,5.8,32.5,0.00
2023-10-12,19.9,10.6,32.9,16.00
2023-10-13,15.5,10.1,22.9,2.60
2023-10-14,17.2,11.0,28.8,0.90
2023-10-15,16.5,8.3,20.1,4.50
2023-10-16,13.9,9.6,36.4,4.30
2023-10-17,15.6,9.8,20.2,0.10
2023-10-18,22.7,6.5,20.2,0.00
2023-10-19,24.9,9.5,13.3,0.00
2023-10-20,27.8,11.7,14.1,0.00
2023-10-21,23.1,12.8,27.7,0.70
2023-10-22,15.1,11.2,34.3,1.30
2023-10-23,16.8,10.4,18.7,0.00
2023-10-24,24.1,12.1,35.3,1.10
2023-10-25,12.8,7.2,25.0,6.80
2023-10-26,13.9,7.6,31.2,3.10
2023-10-27,19.6,8.9,19.5,0.00
2023-10-28,22.1,8.7,32.3,0.00
2023-10-29,20.6,7.4,18.3,0.00
2023-10-30,22.2,10.8,31.0,4.70
2023-10-31,16.0,8.5,31.7,0.30
2023-11-01,15.1,8.9,20.6,0.40
2023-11-02,15.5,10.7,19.5,0.50
2023-11-03,15.3,11.5,20.8,0.80
2023-11-04,17.6,10.3,27.9,0.00
2023-11-05,22.4,8.8,17.8,0.00
2023-11-06,28.0,11.0,24.1,0.20
2023-11-07,29.1,14.9,25.6,0.40
2023-11-08,29.7,15.2,24.6,0.40
2023-11-09,21.0,13.4,15.9,0.00
2023-11-10,31.4,11.6,20.5,0.00
2023-11-11,25.0,12.7,37.1,1.50
2023-11-12,19.4,10.7,29.1,0.00
2023-11-13,18.7,11.4,18.5,0.00
2023-11-14,16.0,11.1,15.7,0.40
2023-11-15,18.0,11.8,19.7,1.30
2023-11-16,16.8,12.6,28.7,1.60
2023-11-17,17.0,12.2,19.9,0.10
2023-11-18,19.2,12.6,18.0,0.00
2023-11-19,21.3,9.5,21.0,0.00
2023-11-20,18.9,12.4,20.1,0.00
2023-11-21,19.2,14.2,21.6,0.10
2023-11-22,18.9,12.9,27.7,0.00
2023-11-23,23.8,14.0,19.6,0.30
2023-11-24,28.4,15.3,22.5,11.90
2023-11-25,26.4,16.5,23.5,8.70
2023-11-26,18.3,15.4,21.3,7.20
2023-11-27,17.5,14.3,18.8,3.80
2023-11-28,23.2,13.7,16.7,0.00
2023-11-29,19.4,14.9,32.8,8.00
2023-11-30,18.2,13.6,26.3,7.70
2023-12-01,21.6,13.6,21.3,3.90
2023-12-02,16.4,14.0,26.2,28.90
2023-12-03,21.3,14.1,24.3,1.20
2023-12-04,30.6,10.8,22.0,0.00
2023-12-05,24.6,13.9,20.6,0.00
2023-12-06,21.5,12.8,15.6,0.10
2023-12-07,23.1,10.5,11.5,0.00
2023-12-08,32.9,19.0,44.7,0.50
2023-12-09,18.1,13.8,22.4,21.40
2023-12-10,20.0,13.8,17.2,0.60
2023-12-11,20.3,16.8,15.9,13.10
2023-12-12,31.7,17.8,12.7,0.00
2023-12-13,33.8,19.4,27.9,4.10
2023-12-14,23.8,15.8,22.1,9.40
2023-12-15,21.7,11.4,21.6,0.10
2023-12-16,22.2,13.4,21.7,0.70
2023-12-17,23.0,11.0,19.1,0.00
2023-12-18,25.3,13.3,23.0,0.40
2023-12-19,18.9,13.4,31.0,5.70
2023-12-20,19.9,12.3,29.0,0.40
2023-12-21,24.9,13.2,25.7,0.00
2023-12-22,23.4,13.1,23.8,0.00
2023-12-23,22.9,11.1,23.7,0.00
2023-12-24,23.2,12.3,29.8,4.20
2023-12-25,21.4,16.0,25.9,33.20
2023-12-26,23.7,15.3,16.7,17.80
2023-12-27,23.1,16.8,23.5,0.90
2023-12-28,18.8,16.3,22.0,0.90
2023-12-29,19.1,13.3,22.9,1.70
2023-12-30,17.2,11.5,27.6,0.90
2023-12-31,20.1,13.4,22.7,0.00
2024-01-01,23.1,10.3,22.2,0.00
2024-01-02,26.2,15.8,19.1,0.10
2024-01-03,26.3,15.4,17.1,2.70
2024-01-04,22.0,17.0,21.7,1.30
2024-01-05,25.7,14.9,13.8,0.00
2024-01-06,30.7,14.3,13.8,0.00
2024-01-07,23.7,20.2,26.2,35.00
2024-01-08,20.1,18.4,24.5,31.50
2024-01-09,23.5,14.5,18.1,0.00
2024-01-10,25.7,14.5,24.4,0.00
2024-01-11,22.3,15.2,24.2,0.30
2024-01-12,31.9,14.5,20.5,0.00
2024-01-13,21.3,15.8,22.5,3.10
2024-01-14,21.8,15.1,30.5,0.00
2024-01-15,28.4,13.9,15.3,0.00
2024-01-16,30.0,18.1,27.0,5.40
2024-01-17,24.7,16.4,23.8,33.80
2024-01-18,21.9,12.9,31.7,0.10
2024-01-19,19.8,14.3,19.2,0.00
2024-01-20,25.8,11.4,26.0,0.00
2024-01-21,23.4,14.7,26.1,0.70
2024-01-22,19.3,14.2,21.7,0.00
2024-01-23,29.8,10.4,18.6,0.00
2024-01-24,29.4,17.3,39.4,0.40
2024-01-25,22.4,15.7,9.5,25.30
2024-01-26,22.5,15.1,28.1,1.60
2024-01-27,24.3,11.0,25.8,0.00
2024-01-28,23.7,12.8,12.8,0.00
2024-01-29,27.3,14.5,27.4,0.00
2024-01-30,23.9,14.7,26.9,0.00
2024-01-31,20.6,14.7,22.4,0.10
2024-02-01,25.1,13.8,22.1,0.00
2024-02-02,21.5,14.6,24.3,0.00
2024-02-03,30.6,10.8,18.1,0.00
2024-02-04,36.6,13.0,29.9,0.00
2024-02-05,21.8,16.1,23.4,0.80
2024-02-06,20.2,15.2,23.8,1.00
2024-02-07,21.9,12.3,25.8,0.00
2024-02-08,22.8,14.2,23.0,0.00
2024-02-09,20.9,16.0,22.9,0.80
2024-02-10,26.2,13.1,20.5,0.10
2024-02-11,32.1,15.2,26.1,0.00
2024-02-12,35.4,16.1,29.6,0.00
2024-02-13,35.1,18.9,39.0,4.80
2024-02-14,18.8,13.6,25.8,0.50
2024-02-15,20.7,10.6,22.6,0.00
2024-02-16,23.0,10.9,23.1,0.00
2024-02-17,23.3,11.9,20.2,0.00
2024-02-18,22.2,13.9,21.6,0.10
2024-02-19,22.1,15.9,22.9,0.00
2024-02-20,30.0,14.0,18.3,0.00
2024-02-21,33.0,19.1,24.9,0.00
2024-02-22,37.4,19.8,35.7,1.20
2024-02-23,21.3,16.8,28.0,0.60
2024-02-24,20.8,14.9,23.3,0.00
2024-02-25,31.0,10.1,24.3,0.00
2024-02-26,20.0,15.2,24.0,0.30
2024-02-27,29.2,10.9,10.7,0.00
2024-02-28,34.0,16.7,30.9,0.00
2024-02-29,25.5,17.1,21.0,0.00
2024-03-01,26.7,13.0,27.9,0.00
2024-03-02,20.4,14.2,23.9,1.00
2024-03-03,19.9,10.9,31.4,0.40
2024-03-04,20.3,12.9,22.6,0.00
2024-03-05,30.9,9.5,22.3,0.00
2024-03-06,26.0,12.4,23.0,0.00
2024-03-07,21.7,15.3,23.0,0.20
2024-03-08,26.5,11.9,15.2,0.00
2024-03-09,37.7,16.5,34.3,0.00
2024-03-10,36.1,26.4,27.7,0.00
2024-03-11,34.6,21.4,24.1,0.00
2024-03-12,27.6,18.1,20.0,0.10
2024-03-13,19.6,17.0,14.0,14.70
2024-03-14,21.6,15.6,27.9,1.40
2024-03-15,26.9,15.1,18.6,0.00
2024-03-16,28.8,13.1,19.5,0.00
2024-03-17,28.9,16.6,19.7,0.00
2024-03-18,30.3,14.9,20.6,0.00
2024-03-19,28.5,19.3,36.7,0.30
2024-03-20,17.4,12.3,29.1,0.10
2024-03-21,19.6,12.0,19.4,0.00
2024-03-22,21.0,8.6,24.4,0.00
2024-03-23,19.4,12.5,21.7,0.40
2024-03-24,22.6,9.8,20.6,0.00
2024-03-25,23.1,11.6,18.9,0.00
2024-03-26,21.5,11.2,18.2,0.00
2024-03-27,20.5,12.3,23.9,1.50
2024-03-28,19.4,13.1,17.0,0.30
2024-03-29,27.6,9.8,15.5,0.00
2024-03-30,22.5,13.4,14.8,0.00
2024-03-31,21.6,12.2,11.2,0.00
2024-04-01,27.3,12.6,27.4,15.40
2024-04-02,20.1,13.7,27.7,30.70
2024-04-03,16.2,11.2,15.9,1.20
2024-04-04,17.9,10.4,16.0,0.00
2024-04-05,19.2,8.8,22.7,0.00
2024-04-06,19.3,12.3,14.8,1.10
2024-04-07,19.7,15.3,15.2,9.50
2024-04-08,19.7,12.6,23.3,7.90
2024-04-09,14.8,9.9,26.6,10.70
2024-04-10,16.8,11.2,20.5,0.30
2024-04-11,17.2,12.3,16.9,1.90
2024-04-12,16.9,11.2,9.1,0.80
2024-04-13,17.8,8.3,9.5,0.00
2024-04-14,18.4,9.1,8.6,0.00
2024-04-15,19.7,7.2,11.2,0.00
2024-04-16,17.3,10.6,13.0,0.80
2024-04-17,16.5,9.7,17.0,0.70
2024-04-18,16.5,10.0,19.4,1.20
2024-04-19,16.5,11.8,22.3,3.30
2024-04-20,15.9,8.9,16.0,0.00
2024-04-21,15.9,6.8,9.2,0.00
2024-04-22,22.1,6.6,21.0,0.00
2024-04-23,22.8,12.5,26.0,0.00
2024-04-24,14.8,9.9,28.9,3.80
2024-04-25,15.4,9.5,22.5,0.30
2024-04-26,15.9,10.6,15.9,0.20
2024-04-27,17.5,5.9,11.4,0.20
2024-04-28,20.8,6.6,21.6,0.00
2024-04-29,15.9,11.2,19.2,2.10
2024-04-30,15.0,11.0,22.0,0.50
2024-05-01,18.1,6.4,20.2,0.00
2024-05-02,15.8,6.5,10.8,0.00
2024-05-03,15.6,6.5,10.4,0.00
2024-05-04,14.9,5.3,9.6,0.00
2024-05-05,16.5,9.0,16.5,0.00
2024-05-06,18.4,9.2,15.5,0.10
2024-05-07,16.1,8.6,10.5,0.00
2024-05-08,18.2,8.6,8.4,0.00
2024-05-09,16.2,9.6,7.3,1.10
2024-05-10,16.9,10.7,9.5,9.80
2024-05-11,18.6,11.6,14.3,0.60
2024-05-12,17.3,8.1,6.5,0.00
2024-05-13,19.0,8.6,16.0,0.00
2024-05-14,15.8,8.4,12.0,0.00
2024-05-15,15.7,4.9,7.6,0.00
2024-05-16,17.6,5.4,7.6,0.00
2024-05-17,15.6,5.8,23.9,2.00
2024-05-18,13.2,5.7,22.8,0.40
2024-05-19,14.2,6.3,21.6,1.60
2024-05-20,13.7,10.4,16.7,5.10
2024-05-21,14.0,8.3,13.7,3.50
2024-05-22,15.3,4.6,8.6,0.00
2024-05-23,14.5,6.6,9.5,0.30
2024-05-24,14.2,4.7,8.8,0.00
2024-05-25,15.3,6.9,9.0,0.00
2024-05-26,15.5,4.9,8.2,0.00
2024-05-27,17.5,4.5,13.1,0.00
2024-05-28,17.6,8.4,18.8,0.00
2024-05-29,18.0,9.4,28.7,0.00
2024-05-30,19.1,14.7,39.6,15.10
2024-05-31,16.5,10.1,27.8,0.40
2024-06-01,12.9,4.8,13.4,1.20
2024-06-02,12.9,5.2,20.7,0.90
2024-06-03,12.3,7.3,17.6,0.80
2024-06-04,13.0,6.0,10.0,0.00
2024-06-05,13.9,6.3,18.8,0.30
2024-06-06,15.3,5.4,15.1,0.00
2024-06-07,15.1,5.8,16.9,0.10
2024-06-08,13.5,7.7,11.6,0.60
2024-06-09,12.3,7.8,12.1,3.00
2024-06-10,13.9,4.1,28.9,0.40
2024-06-11,14.8,11.0,43.4,10.60
2024-06-12,12.4,9.1,30.3,3.20
2024-06-13,10.8,8.5,12.2,0.30
2024-06-14,12.3,5.0,7.2,0.10
2024-06-15,13.2,5.4,17.7,0.10
2024-06-16,12.6,4.8,29.2,1.00
2024-06-17,12.7,5.4,13.5,0.00
2024-06-18,11.7,1.8,9.7,0.00
2024-06-19,11.4,0.4,12.1,0.00
2024-06-20,11.8,3.0,12.9,0.00
2024-06-21,13.0,3.1,15.4,0.00
2024-06-22,12.5,4.6,12.0,0.70
2024-06-23,13.5,2.2,16.7,0.00
2024-06-24,12.3,4.5,23.9,0.00
2024-06-25,14.6,8.6,25.5,0.00
2024-06-26,13.8,7.8,25.8,1.30
2024-06-27,14.6,7.1,18.0,0.80
2024-06-28,14.9,7.2,33.8,0.00
2024-06-29,13.8,7.5,36.7,7.90
2024-06-30,10.9,6.7,23.0,2.40
2024-07-01,11.4,6.3,16.9,0.60
2024-07-02,10.9,2.1,11.4,0.00
2024-07-03,9.6,-0.3,11.3,0.00
2024-07-04,10.8,2.4,12.2,0.00
2024-07-05,11.5,6.4,15.1,0.10
2024-07-06,10.6,2.6,11.0,0.00
2024-07-07,15.3,2.6,10.6,0.00
2024-07-08,16.0,3.5,19.9,2.10
2024-07-09,12.2,10.0,20.0,14.00
2024-07-10,13.4,8.5,21.8,0.30
2024-07-11,11.8,8.8,30.5,1.00
2024-07-12,13.8,7.5,20.5,5.20
2024-07-13,12.3,5.5,17.2,3.90
2024-07-14,10.4,6.2,21.4,7.10
2024-07-15,9.8,6.6,31.9,12.80
2024-07-16,13.3,7.0,33.8,13.40
2024-07-17,12.7,8.1,18.9,5.20
2024-07-18,11.4,7.9,17.7,0.50
2024-07-19,10.3,6.3,37.1,2.90
2024-07-20,11.4,8.4,40.3,7.70
2024-07-21,14.4,6.2,23.2,0.00
2024-07-22,16.2,10.8,26.1,7.20
2024-07-23,15.7,8.8,25.6,0.00
2024-07-24,14.8,9.9,33.9,0.00
2024-07-25,12.6,9.7,37.0,2.90
2024-07-26,13.3,5.8,36.8,0.10
2024-07-27,12.3,5.2,32.0,6.70
2024-07-28,11.0,4.6,29.3,1.60
2024-07-29,10.6,6.7,15.4,4.10
2024-07-30,12.0,4.5,11.2,0.00
2024-07-31,9.5,2.6,7.5,0.00
2024-08-01,14.2,0.8,10.7,0.00
2024-08-02,14.2,4.1,23.9,0.00
2024-08-03,13.4,4.7,21.0,0.30
2024-08-04,13.7,3.1,8.4,0.00
2024-08-05,13.9,5.2,11.9,0.00
2024-08-06,15.8,5.9,24.0,0.00
2024-08-07,17.0,7.5,17.7,0.00
2024-08-08,13.5,9.0,32.4,0.00
2024-08-09,16.1,7.8,17.7,0.80
2024-08-10,15.9,5.8,8.9,0.20
2024-08-11,17.6,3.3,10.1,0.00
2024-08-12,18.9,5.4,24.2,0.00
2024-08-13,18.8,10.3,24.5,0.00
2024-08-14,19.7,11.9,22.7,0.00
2024-08-15,19.6,12.1,19.6,0.00
2024-08-16,15.8,11.7,28.5,2.80
2024-08-17,13.0,9.5,16.3,3.00
2024-08-18,14.6,8.9,11.8,0.60
2024-08-19,17.1,5.2,19.1,0.90
2024-08-20,17.6,9.6,28.8,7.70
2024-08-21,18.0,9.8,20.3,7.00
2024-08-22,17.5,9.4,20.6,4.80
2024-08-23,18.1,9.0,37.5,2.00
2024-08-24,21.0,13.0,41.0,0.10
2024-08-25,22.2,12.2,32.2,4.50
2024-08-26,17.1,11.6,24.7,0.40
2024-08-27,19.0,11.2,39.7,0.00
2024-08-28,19.3,10.2,41.1,0.30
2024-08-29,16.3,9.9,42.9,0.10
2024-08-30,18.2,12.8,44.0,2.20
2024-08-31,17.9,12.5,37.3,0.00
2024-09-01,17.7,13.6,35.3,0.00
2024-09-02,17.8,9.1,46.2,5.00
2024-09-03,16.0,6.8,16.5,0.10
2024-09-04,17.9,9.0,35.2,0.30
2024-09-05,18.4,13.6,42.5,12.80
2024-09-06,23.9,13.2,41.8,1.80
2024-09-07,18.3,8.2,20.3,0.00
2024-09-08,16.6,8.9,33.2,0.40
2024-09-09,16.5,9.6,22.0,0.20
2024-09-10,19.4,6.9,20.2,0.00
2024-09-11,19.6,10.7,23.6,7.40
2024-09-12,13.4,9.5,25.3,0.50
2024-09-13,16.2,7.9,14.5,0.50
2024-09-14,10.4,8.7,30.7,4.90
2024-09-15,11.9,7.8,23.9,0.20
2024-09-16,12.1,6.4,26.6,0.80
2024-09-17,15.3,8.5,16.9,0.00
2024-09-18,18.8,7.0,30.8,0.00
2024-09-19,15.6,9.5,32.3,4.50
2024-09-20,16.7,8.3,30.7,8.30
2024-09-21,15.8,9.9,25.2,0.90
2024-09-22,18.5,10.8,27.3,0.00
2024-09-23,18.3,10.2,23.0,0.20
2024-09-24,22.9,9.4,23.0,1.40
2024-09-25,15.4,9.5,22.4,8.80
2024-09-26,12.6,7.9,25.6,0.30
2024-09-27,15.1,3.7,11.3,0.00
2024-09-28,20.4,5.4,25.2,0.00
2024-09-29,16.2,9.6,38.8,2.30
2024-09-30,18.4,6.2,15.2,0.00
2024-10-01,17.5,7.6,20.9,1.30
2024-10-02,15.4,6.0,14.6,0.00
2024-10-03,24.7,6.3,22.1,0.00
2024-10-04,22.8,13.7,35.7,10.10
2024-10-05,19.1,9.7,24.0,9.60
2024-10-06,19.1,11.4,25.6,2.40
2024-10-07,17.4,10.2,27.6,1.40
2024-10-08,13.3,8.3,22.9,0.20
2024-10-09,17.8,3.2,12.8,0.00
2024-10-10,19.2,9.2,34.6,0.00
2024-10-11,16.5,5.2,19.9,0.00
2024-10-12,16.5,8.4,19.5,0.10
2024-10-13,22.9,6.6,32.3,0.00
2024-10-14,19.1,11.4,23.1,0.10
2024-10-15,26.1,8.4,11.7,0.00
2024-10-16,24.5,14.6,25.5,1.10
2024-10-17,25.5,16.0,26.0,3.30
2024-10-18,21.6,14.8,26.8,29.90
2024-10-19,15.7,13.0,25.1,3.70
2024-10-20,16.9,12.0,23.7,0.40
2024-10-21,24.5,9.0,12.1,0.00
2024-10-22,28.1,14.1,25.1,0.00
2024-10-23,19.8,11.9,30.1,0.20
2024-10-24,16.7,8.9,23.8,0.00
2024-10-25,14.5,8.0,21.2,0.80
2024-10-26,21.3,4.7,18.9,0.00
2024-10-27,25.7,13.9,23.1,0.00
2024-10-28,16.5,11.3,23.5,0.10
2024-10-29,18.0,9.0,18.5,0.00
2024-10-30,19.2,9.3,20.1,0.00
2024-10-31,18.4,10.8,23.2,0.60
2024-11-01,16.2,10.4,20.5,0.30
2024-11-02,25.1,5.9,31.3,0.00
2024-11-03,22.4,13.3,44.2,1.90
2024-11-04,18.0,10.1,17.8,0.20
2024-11-05,25.7,7.5,10.9,0.00
2024-11-06,33.4,15.4,38.4,0.90
2024-11-07,21.1,13.1,14.8,0.50
2024-11-08,19.4,9.9,28.5,1.00
2024-11-09,19.7,7.0,10.7,0.00
2024-11-10,19.7,9.2,18.2,0.20
2024-11-11,23.6,8.0,20.4,0.00
2024-11-12,26.2,13.3,16.1,4.80
2024-11-13,19.0,13.8,20.7,6.90
2024-11-14,16.1,12.1,16.2,0.20
2024-11-15,19.4,9.8,11.3,0.00
2024-11-16,33.0,11.0,23.5,0.00
2024-11-17,28.6,16.1,29.4,3.00
2024-11-18,19.7,12.8,20.9,0.30
2024-11-19,16.7,12.5,16.7,0.50
2024-11-20,18.4,11.9,17.5,0.00
2024-11-21,27.7,10.5,15.5,0.00
2024-11-22,36.0,15.7,15.3,0.00
2024-11-23,37.4,20.6,21.3,0.10
2024-11-24,22.6,17.6,12.7,19.30
2024-11-25,18.9,17.0,10.6,5.90
2024-11-26,22.6,17.3,12.6,1.80
2024-11-27,25.9,16.9,24.7,22.30
2024-11-28,22.0,16.4,16.4,0.40
2024-11-29,27.2,16.6,16.4,0.00
2024-11-30,23.3,18.4,11.9,5.60
2024-12-01,23.6,17.5,20.2,2.10
2024-12-02,29.5,14.5,18.6,0.40
2024-12-03,28.7,15.8,22.9,5.80
2024-12-04,21.1,11.9,12.6,0.00
2024-12-05,31.1,12.5,15.8,0.00
2024-12-06,30.7,18.6,18.4,4.10
2024-12-07,27.3,16.8,19.0,8.20
2024-12-08,20.4,12.7,18.4,0.00
2024-12-09,22.7,11.0,19.9,0.00
2024-12-10,20.0,13.7,16.0,0.00
2024-12-11,26.5,12.2,21.6,0.20
2024-12-12,25.5,14.6,17.3,0.00
2024-12-13,20.7,16.3,15.8,0.40
2024-12-14,24.7,13.5,15.2,0.00
2024-12-15,31.6,13.2,12.8,0.00
2024-12-16,41.5,20.4,28.0,0.00
2024-12-17,24.7,16.9,23.9,4.00
2024-12-18,21.2,14.2,20.2,0.30
2024-12-19,29.8,11.1,13.6,0.00
2024-12-20,36.1,17.1,27.9,0.00
2024-12-21,20.1,15.9,21.3,0.90
2024-12-22,20.3,12.6,24.9,6.50
2024-12-23,17.7,11.1,24.8,1.60
2024-12-24,21.1,13.6,17.9,0.00
2024-12-25,31.5,15.5,13.3,0.00
2024-12-26,38.6,21.8,28.3,0.50
2024-12-27,22.6,15.7,19.8,4.00
2024-12-28,23.3,12.7,16.9,6.20
2024-12-29,23.6,12.5,15.2,0.00
2024-12-30,26.5,14.6,16.0,0.00
2024-12-31,24.3,17.0,18.9,1.00
2025-01-01,20.9,14.7,23.8,0.00
2025-01-02,20.0,14.4,20.9,0.20
2025-01-03,28.3,11.6,15.2,0.00
2025-01-04,38.6,17.3,25.5,0.00
2025-01-05,39.4,23.1,23.8,0.00
2025-01-06,30.1,15.2,20.5,12.10
2025-01-07,24.2,14.8,23.4,0.00
2025-01-08,28.8,12.7,15.7,0.00
2025-01-09,31.0,18.8,19.5,0.00
2025-01-10,29.7,20.2,11.6,0.00
2025-01-11,34.6,19.0,17.1,0.00
2025-01-12,28.1,20.3,17.7,10.00
2025-01-13,24.6,18.4,16.2,0.00
2025-01-14,25.8,16.8,11.9,0.00
2025-01-15,26.8,16.3,25.4,2.20
2025-01-16,19.8,13.2,20.6,0.30
2025-01-17,20.8,16.3,20.9,4.30
2025-01-18,28.6,14.7,15.0,0.00
2025-01-19,33.9,15.9,16.6,0.00
2025-01-20,32.7,18.8,12.8,0.00
2025-01-21,30.2,19.9,19.8,0.00
2025-01-22,21.2,16.4,24.3,1.50
2025-01-23,20.6,14.5,24.4,3.10
2025-01-24,21.4,13.6,19.8,3.70
2025-01-25,23.7,14.6,22.0,0.00
2025-01-26,23.0,16.9,15.6,0.50
2025-01-27,40.7,17.5,24.5,0.20
2025-01-28,21.4,17.2,20.3,1.20
2025-01-29,20.0,14.5,18.9,0.00
2025-01-30,21.0,15.7,18.5,0.00
2025-01-31,22.5,14.5,20.4,0.00
2025-02-01,32.2,14.1,13.5,0.00
2025-02-02,39.5,22.7,24.2,7.00
2025-02-03,36.7,20.3,14.0,11.80
2025-02-04,37.6,19.5,21.8,0.00
2025-02-05,22.9,17.4,17.8,0.90
2025-02-06,32.8,16.3,15.0,0.00
2025-02-07,23.4,18.6,22.0,0.00
2025-02-08,22.4,17.6,18.6,0.80
2025-02-09,27.3,17.0,23.7,2.70
2025-02-10,26.6,17.9,20.8,0.40
2025-02-11,30.2,17.8,16.1,0.00
2025-02-12,33.3,19.0,11.9,0.00
2025-02-13,36.1,22.3,27.2,1.50
2025-02-14,21.5,14.9,18.0,16.20
2025-02-15,16.1,11.1,26.0,3.10
2025-02-16,16.7,11.1,22.3,5.70
2025-02-17,19.4,12.4,11.4,0.00
2025-02-18,20.5,11.5,22.7,0.30
2025-02-19,18.7,14.7,20.1,2.30
2025-02-20,19.8,15.0,17.5,0.10
2025-02-21,31.3,10.1,10.1,0.00
2025-02-22,36.3,19.0,25.4,0.00
2025-02-23,31.0,19.2,32.5,10.50
2025-02-24,21.0,15.1,15.4,0.00
2025-02-25,24.9,13.9,13.8,0.00
2025-02-26,35.5,15.9,20.7,0.00
2025-02-27,26.4,16.9,12.4,0.20
2025-02-28,27.6,17.9,19.8,0.00
2025-03-01,23.3,15.0,15.0,0.00
2025-03-02,21.0,16.0,20.7,0.40
2025-03-03,20.5,12.5,18.1,0.00
2025-03-04,31.8,12.0,8.8,0.00
2025-03-05,34.7,19.6,23.1,0.00
2025-03-06,22.6,18.2,16.2,2.30
2025-03-07,28.9,16.0,13.8,0.00
2025-03-08,32.6,16.7,13.9,0.00
2025-03-09,34.2,20.2,25.7,0.80
2025-03-10,32.4,22.4,13.7,0.00
2025-03-11,32.2,19.9,15.5,0.00
2025-03-12,34.6,20.1,20.3,11.70
2025-03-13,22.9,18.3,12.6,16.90
2025-03-14,25.6,14.0,12.3,0.00
2025-03-15,37.2,17.1,17.6,0.00
2025-03-16,25.0,12.1,22.6,14.90
2025-03-17,17.0,11.6,18.4,0.30
2025-03-18,22.3,10.5,9.6,0.00
2025-03-19,29.7,11.7,13.9,0.00
2025-03-20,25.2,18.9,25.8,15.50
2025-03-21,18.5,15.4,13.0,5.30
2025-03-22,18.8,11.3,10.8,0.00
2025-03-23,20.6,12.3,12.7,0.00
2025-03-24,19.2,14.2,15.2,0.80
2025-03-25,21.7,11.9,13.1,0.00
2025-03-26,20.2,15.4,14.2,0.10
2025-03-27,21.1,12.9,12.0,0.00
2025-03-28,29.3,13.9,18.4,0.00
2025-03-29,21.4,17.5,20.4,4.10
2025-03-30,21.1,15.8,23.0,0.40
2025-03-31,21.4,14.5,20.8,0.00
2025-04-01,22.7,13.6,15.9,0.00
2025-04-02,24.1,11.1,13.9,0.00
2025-04-03,19.9,12.4,17.3,5.80
2025-04-04,17.7,10.7,14.1,0.80
2025-04-05,18.5,10.7,17.8,1.30
2025-04-06,21.4,9.3,24.1,0.10
2025-04-07,16.6,12.2,18.0,0.30
2025-04-08,17.8,9.7,9.7,0.00
2025-04-09,20.5,8.4,11.0,0.00
2025-04-10,27.1,13.7,14.6,0.00
2025-04-11,21.1,16.0,17.2,0.20
2025-04-12,29.7,11.5,9.0,0.00
2025-04-13,32.3,21.2,19.7,0.00
2025-04-14,22.0,17.0,13.3,0.20
2025-04-15,27.3,13.3,8.1,0.00
2025-04-16,27.5,17.0,14.5,0.00
2025-04-17,28.9,15.5,9.0,0.00
2025-04-18,30.6,18.5,21.6,0.00
2025-04-19,29.1,17.5,21.7,0.00
2025-04-20,24.8,17.5,18.0,2.10
2025-04-21,19.8,12.8,20.3,3.50
2025-04-22,18.0,14.5,17.6,0.70
2025-04-23,20.3,12.6,12.5,0.00
2025-04-24,25.8,13.8,19.3,0.00
2025-04-25,23.2,16.9,18.5,9.60
2025-04-26,18.1,15.6,15.1,6.80
2025-04-27,16.9,14.4,14.8,0.50
2025-04-28,17.2,10.6,10.4,1.80
2025-04-29,17.0,13.1,16.5,5.50
2025-04-30,17.0,11.2,15.3,0.00
2025-05-01,16.5,8.5,10.5,0.00
2025-05-02,18.7,6.7,8.1,0.00
2025-05-03,19.2,9.2,16.4,0.00
2025-05-04,21.5,11.2,19.5,0.00
2025-05-05,23.6,14.3,22.3,0.00
2025-05-06,25.5,16.8,25.0,0.00
2025-05-07,19.4,11.6,24.0,2.40
2025-05-08,16.2,9.2,14.5,0.00
2025-05-09,16.8,7.9,5.2,0.00
2025-05-10,17.9,6.7,6.1,0.00
2025-05-11,22.1,9.8,12.8,0.00
2025-05-12,20.1,10.8,9.5,0.00
2025-05-13,21.3,8.7,8.0,0.00
2025-05-14,17.4,9.5,9.4,0.00
2025-05-15,16.6,9.2,6.4,0.00
2025-05-16,17.1,6.7,7.6,0.00
2025-05-17,12.7,9.5,15.9,7.20
2025-05-18,13.4,7.7,16.2,5.50
2025-05-19,13.0,2.5,7.7,0.00
2025-05-20,17.0,3.6,10.3,0.00
2025-05-21,13.6,2.7,5.9,0.00
2025-05-22,15.1,5.4,12.6,0.00
2025-05-23,15.8,10.4,11.9,3.90
2025-05-24,18.1,11.7,22.0,0.80
2025-05-25,17.5,9.5,24.5,0.00
2025-05-26,19.8,12.7,29.0,0.50
2025-05-27,14.0,8.8,20.8,2.80
2025-05-28,14.3,11.5,23.0,2.50
2025-05-29,15.7,11.5,14.5,0.70
2025-05-30,15.0,9.2,10.6,0.00
2025-05-31,15.0,8.7,6.1,0.00
2025-06-01,17.1,6.6,16.3,0.00
2025-06-02,17.9,10.3,15.4,0.00
2025-06-03,13.0,9.4,22.1,4.80
2025-06-04,12.4,8.8,21.4,0.50
2025-06-05,14.2,3.9,13.8,0.00
2025-06-06,12.8,9.4,27.8,2.80
2025-06-07,13.9,8.8,21.5,7.20
2025-06-08,11.2,7.6,18.6,7.30
2025-06-09,12.3,8.5,14.8,11.00
2025-06-10,12.7,7.9,12.7,1.80
2025-06-11,13.5,5.3,7.0,0.00
2025-06-12,13.4,5.6,7.0,0.20
2025-06-13,12.4,3.2,5.5,0.00
2025-06-14,11.7,5.1,23.4,0.00
2025-06-15,12.1,7.7,20.0,0.00
2025-06-16,13.6,8.9,28.1,0.60
2025-06-17,11.7,7.8,22.4,2.20
2025-06-18,12.2,6.0,9.4,0.00
2025-06-19,11.5,6.2,15.4,0.00
2025-06-20,15.0,6.6,12.5,0.00
2025-06-21,12.2,6.2,14.4,0.00
2025-06-22,14.3,5.2,16.8,0.00
2025-06-23,17.4,11.9,29.0,0.10
2025-06-24,14.6,10.1,33.0,1.70
2025-06-25,10.1,7.3,23.9,8.30
2025-06-26,11.4,7.2,14.6,1.10
2025-06-27,12.9,4.7,4.9,0.00
2025-06-28,14.1,5.2,9.0,0.00
2025-06-29,12.7,7.0,9.4,3.10
2025-06-30,12.0,6.7,10.8,1.60
2025-07-01,13.0,6.1,15.5,0.20
2025-07-02,10.8,9.2,18.5,12.50
2025-07-03,12.8,7.8,10.6,0.60
2025-07-04,14.3,4.6,15.9,0.00
2025-07-05,16.1,8.3,16.7,0.00
2025-07-06,14.9,7.7,7.2,0.20
2025-07-07,15.1,4.8,14.6,0.00
2025-07-08,13.9,8.8,38.5,2.50
2025-07-09,11.9,7.1,24.5,0.10
2025-07-10,11.3,8.2,23.6,2.80
2025-07-11,15.4,9.5,19.1,4.30
2025-07-12,16.0,7.4,15.7,0.00
2025-07-13,14.1,9.7,26.0,3.10
2025-07-14,12.8,7.1,18.9,0.00
2025-07-15,12.5,7.4,12.8,4.00
2025-07-16,13.9,8.2,16.7,0.10
2025-07-17,13.5,7.0,18.9,4.00
2025-07-18,14.2,4.5,11.6,0.00
2025-07-19,13.2,6.3,26.3,0.20
2025-07-20,13.8,4.7,9.4,0.00
2025-07-21,15.2,5.9,24.8,0.00
2025-07-22,14.4,10.2,31.3,12.60
2025-07-23,12.0,7.1,20.1,1.20
2025-07-24,15.2,5.4,11.4,0.00
2025-07-25,11.0,7.0,22.6,4.10
2025-07-26,11.8,9.4,32.7,8.00
2025-07-27,13.7,7.5,15.5,15.00
2025-07-28,14.0,9.1,18.5,1.60
2025-07-29,12.6,6.6,8.6,0.80
2025-07-30,11.6,5.0,12.9,0.10
2025-07-31,12.1,5.3,10.0,0.00
2025-08-01,10.9,3.4,10.1,0.00
2025-08-02,13.1,5.0,7.9,0.00
2025-08-03,16.5,2.8,8.2,0.00
2025-08-04,16.9,8.5,22.8,0.00
2025-08-05,15.9,10.1,23.5,3.90
2025-08-06,13.3,8.4,16.4,1.60
2025-08-07,12.2,3.4,7.9,0.00
2025-08-08,12.6,3.7,9.8,0.00
2025-08-09,13.4,6.1,8.5,0.00
2025-08-10,15.3,3.7,7.4,0.00
2025-08-11,17.1,4.4,11.7,0.00
2025-08-12,14.5,6.7,15.9,6.80
2025-08-13,13.7,5.7,12.5,0.70
2025-08-14,17.8,3.7,17.3,0.00
2025-08-15,14.8,9.5,31.3,2.50
2025-08-16,11.7,6.8,16.2,0.80
2025-08-17,12.8,5.5,10.3,0.10
2025-08-18,11.8,4.5,12.9,0.00
2025-08-19,14.9,1.8,6.0,0.00
2025-08-20,16.7,2.6,8.0,0.00
2025-08-21,18.8,4.5,8.6,0.00
2025-08-22,18.9,11.6,17.2,0.50
2025-08-23,14.3,8.4,13.0,0.30
2025-08-24,14.2,4.6,10.1,0.00
2025-08-25,18.2,4.4,16.1,0.10
2025-08-26,15.4,11.8,31.8,23.20
2025-08-27,14.3,9.7,25.9,4.40
2025-08-28,14.2,8.9,22.0,0.50
2025-08-29,12.6,8.4,27.6,2.50
2025-08-30,12.1,6.4,38.2,10.20
2025-08-31,15.4,9.0,16.3,0.90
2025-09-01,15.3,7.9,11.0,0.50
2025-09-02,16.0,8.5,22.1,0.30
2025-09-03,17.4,10.7,19.8,4.40
2025-09-04,13.5,7.7,19.6,3.60
2025-09-05,13.6,4.3,9.3,0.00
2025-09-06,20.0,2.9,18.7,0.20
2025-09-07,18.1,15.7,33.0,7.70
2025-09-08,18.7,11.9,21.3,2.80
2025-09-09,15.7,9.9,16.7,0.70
2025-09-10,12.4,6.8,22.5,1.20
2025-09-11,14.2,8.8,18.0,2.70
2025-09-12,16.1,6.2,16.8,0.40
2025-09-13,17.9,10.9,9.7,0.20
2025-09-14,20.5,9.9,23.9,0.00
2025-09-15,23.8,12.7,38.0,0.00
2025-09-16,21.9,12.0,22.3,7.90
2025-09-17,15.0,9.3,19.1,0.30
2025-09-18,19.1,7.3,23.1,0.00
2025-09-19,21.9,12.6,29.4,3.50
2025-09-20,14.1,7.8,21.2,1.70
2025-09-21,16.4,10.7,19.1,6.20
2025-09-22,13.2,8.0,23.9,2.20
2025-09-23,17.1,8.5,15.7,0.00
2025-09-24,16.0,12.0,20.9,2.90
2025-09-25,16.7,11.5,21.7,1.10
2025-09-26,20.8,11.8,19.1,7.30
2025-09-27,18.6,8.6,22.0,0.00
2025-09-28,15.3,8.9,12.3,0.00
2025-09-29,21.5,6.2,19.3,0.80
2025-09-30,19.9,12.0,25.2,6.90
2025-10-01,16.5,9.5,23.0,2.30
2025-10-02,14.6,8.6,25.6,3.20
2025-10-03,17.4,11.1,22.9,0.20
2025-10-04,24.1,7.6,14.3,0.10
2025-10-05,26.9,15.9,26.7,1.90
2025-10-06,17.7,10.6,21.1,3.00
2025-10-07,20.2,8.7,16.6,0.00
2025-10-08,22.7,9.8,23.0,0.00
2025-10-09,20.4,11.5,28.7,0.00
2025-10-10,21.5,13.1,29.0,0.20
2025-10-11,20.9,12.3,25.7,1.50
2025-10-12,19.7,10.0,21.2,4.20
2025-10-13,16.0,6.0,15.2,0.00
2025-10-14,20.2,8.2,15.9,0.00
2025-10-15,21.6,7.6,14.6,0.00
2025-10-16,30.7,11.4,28.5,1.90
2025-10-17,19.7,12.5,15.7,0.30
2025-10-18,20.0,8.3,13.9,0.00
2025-10-19,28.7,16.0,30.4,0.00
2025-10-20,17.8,12.5,11.5,9.50
2025-10-21,19.5,8.9,16.4,0.00
2025-10-22,20.3,11.6,39.5,14.00
2025-10-23,17.1,10.0,15.6,0.10
2025-10-24,16.4,8.9,10.8,0.40
2025-10-25,16.2,7.2,9.4,1.50
2025-10-26,21.0,12.8,18.1,22.90
2025-10-27,13.1,8.3,25.6,1.90
2025-10-28,16.9,5.2,14.7,0.00
2025-10-29,17.8,6.4,11.3,0.00
2025-10-30,23.6,7.9,11.4,0.00
2025-10-31,19.6,14.4,16.0,7.10
2025-11-01,19.9,11.9,9.9,0.10
2025-11-02,31.6,12.0,22.2,0.00
2025-11-03,18.3,10.4,16.5,32.10
2025-11-04,15.6,9.7,19.1,11.60
2025-11-05,18.4,10.0,20.6,0.30
2025-11-06,24.1,9.1,20.9,0.00
2025-11-07,23.9,13.1,19.7,6.50
2025-11-08,14.4,10.4,27.6,21.60
2025-11-09,14.3,9.9,18.9,4.90
2025-11-10,16.6,9.0,13.7,2.70
2025-11-11,12.5,8.3,24.5,15.80
2025-11-12,19.4,6.5,15.3,0.00
2025-11-13,22.9,9.7,22.5,0.00
2025-11-14,16.6,10.7,13.0,0.00
2025-11-15,21.5,10.1,14.3,19.50
2025-11-16,18.1,11.5,18.7,14.80
2025-11-17,16.0,10.1,19.8,1.00
2025-11-18,22.7,12.5,18.4,0.30
2025-11-19,20.9,11.8,15.4,0.00
2025-11-20,14.7,10.4,17.7,0.10
2025-11-21,18.5,8.0,21.4,0.00
2025-11-22,24.6,9.4,14.3,0.90
2025-11-23,18.1,13.9,16.6,15.40
2025-11-24,25.3,13.3,11.3,0.00
2025-11-25,24.7,16.1,17.9,0.00
2025-11-26,20.3,13.4,29.9,2.60
2025-11-27,18.8,13.0,20.3,0.60
2025-11-28,24.1,9.7,15.5,7.40
2025-11-29,16.4,13.0,19.9,16.70
2025-11-30,15.4,10.8,22.1,7.90
2025-12-01,14.2,10.1,25.1,10.00
2025-12-02,17.6,9.6,16.1,1.40
2025-12-03,28.1,10.1,17.3,0.00
2025-12-04,33.0,15.6,25.6,0.00
2025-12-05,22.6,13.1,11.8,4.00
2025-12-06,20.1,12.8,19.1,7.90
2025-12-07,17.5,8.6,15.7,0.00
2025-12-08,27.4,11.1,16.4,0.70
2025-12-09,19.9,13.9,15.0,1.10
2025-12-10,17.5,10.0,15.5,0.00
2025-12-11,19.9,9.8,17.2,0.00
2025-12-12,31.5,11.1,16.9,0.00
2025-12-13,25.7,16.1,21.6,0.40
2025-12-14,19.7,12.8,26.1,0.90
2025-12-15,16.4,10.1,22.6,0.10
2025-12-16,19.0,12.6,15.4,0.00
2025-12-17,29.4,10.1,15.4,0.00
2025-12-18,38.3,15.5,21.4,0.00
2025-12-19,32.6,23.1,16.8,0.70
2025-12-20,23.6,14.9,12.8,0.10
2025-12-21,17.7,12.7,17.9,17.90
2025-12-22,19.4,11.3,16.2,0.40
2025-12-23,20.2,12.8,17.6,0.10
2025-12-24,19.9,11.2,23.1,0.00
2025-12-25,16.1,11.6,26.5,0.20
2025-12-26,16.0,11.9,21.3,0.50
2025-12-27,20.0,11.7,17.8,0.00
2025-12-28,28.7,10.3,12.5,0.00
2025-12-29,33.9,13.1,13.7,0.00
2025-12-30,33.7,15.8,23.5,0.80
2025-12-31,17.3,13.6,24.1,0.50
2026-01-01,20.2,13.6,22.8,0.00
2026-01-02,25.3,12.4,9.8,0.00
2026-01-03,32.2,14.3,18.0,1.00
2026-01-04,19.9,16.0,18.4,1.20
2026-01-05,21.0,14.2,16.6,0.00
2026-01-06,29.1,13.4,10.9,0.00
2026-01-07,41.7,18.9,25.0,0.00
2026-01-08,30.9,20.2,19.7,0.00
2026-01-09,43.2,17.4,32.6,0.00
2026-01-10,25.8,16.0,24.8,0.20
2026-01-11,18.3,13.9,20.5,1.90
2026-01-12,22.2,11.3,17.6,0.00
2026-01-13,20.5,16.1,18.3,1.30
2026-01-14,25.1,16.1,18.6,0.30
2026-01-15,22.7,16.3,23.2,2.10
2026-01-16,24.8,17.0,26.3,0.30
2026-01-17,28.5,16.6,20.5,0.10
2026-01-18,28.0,15.4,18.3,0.00
2026-01-19,31.7,18.5,18.3,0.20
2026-01-20,26.6,17.8,15.4,0.00
2026-01-21,22.7,15.2,24.7,1.20
2026-01-22,18.8,14.3,24.9,0.60
2026-01-23,24.6,11.5,13.3,0.00
2026-01-24,38.3,14.0,12.5,0.00
2026-01-25,29.4,17.8,15.5,0.00
2026-01-26,32.3,15.1,11.2,0.00
2026-01-27,43.4,15.6,20.5,0.00
2026-01-28,25.3,18.3,18.2,0.00
2026-01-29,23.9,16.8,14.7,0.00
2026-01-30,28.3,19.3,14.9,0.00
2026-01-31,27.6,18.0,17.3,2.10
2026-02-01,20.6,13.9,30.2,0.70
2026-02-02,20.1,12.8,23.7,0.00
2026-02-03,31.0,10.3,18.8,0.00
2026-02-04,32.7,16.9,21.4,0.10
2026-02-05,22.1,15.1,15.5,0.00
2026-02-06,23.4,11.9,15.7,0.00
2026-02-07,25.3,12.9,16.2,0.00
2026-02-08,32.0,17.6,18.6,4.10
2026-02-09,20.9,17.7,16.4,0.70
2026-02-10,22.8,17.0,9.8,0.60
2026-02-11,34.8,15.7,24.0,8.70
2026-02-12,17.1,11.6,24.4,0.40
2026-02-13,19.7,12.3,17.9,0.00
2026-02-14,22.2,13.2,15.4,0.00
2026-02-15,28.2,14.0,14.3,0.00
2026-02-16,34.4,17.5,15.5,0.00
2026-02-17,35.2,16.2,23.9,4.10
2026-02-18,24.2,13.0,13.0,0.20
2026-02-19,23.4,13.4,14.6,0.00
2026-02-20,29.8,12.5,12.0,0.00
2026-02-21,26.8,16.5,16.3,0.00
2026-02-22,27.0,16.1,22.3,10.30
2026-02-23,21.6,13.2,14.0,0.20
2026-02-24,22.4,14.3,10.7,50.60
2026-02-25,19.7,15.8,18.9,0.60
2026-02-26,25.3,13.1,12.6,0.00
2026-02-27,28.2,16.3,7.8,0.20
2026-02-28,29.1,18.9,6.1,0.10
2026-03-01,28.6,21.1,18.0,5.80
2026-03-02,23.0,17.8,17.9,16.10
2026-03-03,19.4,16.0,16.7,1.40
2026-03-04,19.9,16.2,12.7,0.80
2026-03-05,22.9,14.4,11.1,0.00
2026-03-06,23.1,13.6,13.0,0.00
2026-03-07,20.8,16.4,19.2,0.30
2026-03-08,24.4,14.7,17.6,0.00
2026-03-09,29.4,14.1,21.9,0.00
2026-03-10,28.7,16.8,13.9,0.00
2026-03-11,28.2,15.4,32.9,0.20
2026-03-12,17.7,12.7,21.6,0.00
2026-03-13,18.8,14.0,19.4,0.90
2026-03-14,22.2,9.7,13.1,0.00
2026-03-15,27.1,10.9,10.9,0.00
2026-03-16,19.4,15.9,11.1,9.10
2026-03-17,19.3,15.8,13.2,2.30
2026-03-18,20.5,12.7,10.8,0.00
2026-03-19,19.2,15.7,14.1,1.60
2026-03-20,20.2,12.9,11.7,0.00
2026-03-21,21.2,12.2,10.3,0.20
2026-03-22,29.5,14.4,14.1,0.00
2026-03-23,28.3,14.4,9.7,0.00
2026-03-24,26.8,17.5,18.4,3.90
2026-03-25,25.3,17.4,13.5,8.50
2026-03-26,18.0,9.8,23.9,10.50
2026-03-27,15.6,10.9,31.5,8.80
2026-03-28,18.5,12.9,19.8,11.70
2026-03-29,20.4,12.8,9.4,2.50
2026-03-30,25.7,11.0,12.4,0.00
2026-03-31,27.8,14.8,17.9,0.00
2026-04-01,28.1,17.3,21.6,0.00
2026-04-02,23.7,12.5,12.9,0.00
2026-04-03,17.2,13.5,16.2,1.70
2026-04-04,19.0,10.1,14.7,0.00
2026-04-05,25.3,8.5,11.7,0.00
2026-04-06,22.2,14.2,15.1,14.40
2026-04-07,19.5,14.2,20.3,2.90
2026-04-08,18.8,10.4,12.5,1.50
2026-04-09,23.6,15.5,27.6,2.00
2026-04-10,18.9,12.4,22.0,4.70
2026-04-11,15.8,8.1,26.6,0.60
2026-04-12,15.8,10.3,24.4,0.20
2026-04-13,19.2,11.8,20.5,0.90
2026-04-14,19.9,13.2,12.1,0.00
2026-04-15,22.1,12.1,11.5,0.90
2026-04-16,25.2,13.3,20.0,3.90
2026-04-17,16.0,11.8,20.5,0.40
2026-04-18,15.4,10.2,14.4,0.10
2026-04-19,18.5,4.4,8.8,0.00
2026-04-20,20.0,8.5,9.6,0.00
2026-04-21,25.7,10.4,13.7,0.00
2026-04-22,24.8,15.4,14.2,0.00
2026-04-23,25.5,13.0,9.4,0.00
2026-04-24,23.2,12.3,17.8,0.00
2026-04-25,24.9,12.1,18.9,0.00
2026-04-26,26.0,16.0,19.9,0.00
2026-04-27,18.8,12.5,8.3,0.00
2026-04-28,24.9,9.9,15.3,0.00
2026-04-29,21.4,12.4,8.2,0.00
2026-04-30,24.7,13.5,18.2,0.00
2026-05-01,26.6,16.7,18.2,0.00
2026-05-02,24.5,18.7,19.6,0.10
2026-05-03,21.2,14.9,26.7,12.70
2026-05-04,19.0,12.3,29.9,2.80
2026-05-05,17.4,13.3,14.7,0.10
2026-05-06,19.3,10.6,27.4,3.90
2026-05-07,13.0,6.3,22.6,4.70
2026-05-08,16.3,11.6,23.1,1.00
2026-05-09,16.1,12.1,12.2,0.90
2026-05-10,16.5,11.8,9.5,1.00
2026-05-11,17.7,7.4,9.4,0.00
2026-05-12,20.2,7.6,7.1,0.00
2026-05-13,18.7,9.8,8.8,0.00
2026-05-14,20.9,7.8,9.1,0.10
2026-05-15,21.4,10.3,12.4,0.00
2026-05-16,22.3,14.9,17.1,0.00
2026-05-17,17.7,13.7,13.9,20.20
2026-05-18,16.7,12.8,11.4,1.20
2026-05-19,15.2,10.3,14.7,1.10
2026-05-20,16.1,10.3,13.9,1.00
2026-05-21,14.5,8.6,7.3,0.00
2026-05-22,15.6,6.1,6.1,0.00
2026-05-23,17.6,7.7,10.4,0.00
2026-05-24,17.4,8.7,9.9,1.20
2026-05-25,17.4,11.6,12.8,7.90
2026-05-26,18.1,10.5,16.3,0.00
2026-05-27,15.3,10.8,10.9,5.50
2026-05-28,15.0,10.0,7.7,0.00
2026-05-29,15.3,11.2,9.7,0.00
2026-05-30,17.2,10.7,12.5,0.50
2026-05-31,14.6,9.0,18.0,0.00
2026-06-01,12.7,7.3,31.6,7.50
2026-06-02,15.6,10.9,30.3,3.80
2026-06-03,14.2,10.4,21.7,0.90
2026-06-04,14.2,9.6,25.6,29.10
2026-06-05,13.9,9.4,20.8,3.00
2026-06-06,16.0,10.8,11.8,0.20
2026-06-07,17.2,9.7,10.2,0.10
2026-06-08,16.1,8.2,11.3,0.00
2026-06-09,16.9,8.4,20.6,0.00
2026-06-10,17.7,11.4,23.8,3.90
2026-06-11,15.4,7.4,8.3,0.20
2026-06-12,18.6,12.8,21.2,0.00
2026-06-13,17.2,12.4,26.7,7.90
2026-06-14,13.7,8.0,9.8,0.10
2026-06-15,17.0,4.1,18.2,0.00
2026-06-16,17.7,13.7,23.8,7.90
2026-06-17,19.3,15.4,18.2,2.00
2026-06-18,17.6,12.4,27.6,2.50
2026-06-19,14.1,11.1,23.4,0.90
2026-06-20,13.2,10.0,18.9,10.10
2026-06-21,13.7,9.3,9.2,0.50
2026-06-22,13.9,6.4,4.8,0.00
2026-06-23,15.7,6.5,9.0,0.10
2026-06-24,15.5,8.9,9.5,0.60
2026-06-25,12.9,7.4,7.5,0.00
2026-06-26,13.3,7.5,6.4,0.00
2026-06-27,11.4,6.7,4.7,0.00
2026-06-28,14.2,4.9,6.2,0.00
2026-06-29,15.8,7.5,19.9,0.30
2026-06-30,14.9,12.1,24.6,17.10
2026-07-01,15.9,11.4,22.7,2.30
2026-07-02,12.9,10.0,27.9,11.60
2026-07-03,13.7,8.8,20.4,0.70
2026-07-04,13.0,8.9,14.6,0.20
2026-07-05,12.8,6.2,12.2,1.30
2026-07-06,12.0,2.7,5.8,0.00
2026-07-07,10.9,3.4,5.6,0.00
2026-07-08,10.8,4.8,6.0,0.00
2026-07-09,11.2,3.3,6.5,0.00
2026-07-10,14.2,3.2,12.5,0.00
2026-07-11,13.7,7.9,25.6,13.70
2026-07-12,11.9,7.7,24.4,5.30
2026-07-13,14.0,11.2,22.5,0.60
2026-07-14,14.5,9.7,21.9,1.60
2026-07-15,14.4,6.1,12.8,0.00
2026-07-16,14.5,9.2,5.4,0.00
2026-07-17,15.9,4.9,8.6,0.00
2026-07-18,15.1,4.8,8.6,0.00
2026-07-19,16.6,4.1,13.4,0.00
2026-07-20,15.2,6.9,14.4,0.00
2026-07-21,15.4,7.7,15.0,0.00
2026-07-22,16.0,9.0,17.0,5.50
2026-07-23,11.3,7.1,18.6,0.10
2026-07-24,12.5,7.0,15.0,0.00
2026-07-25,14.5,10.8,16.9,1.00
2026-07-26,15.0,9.7,11.5,0.20
2026-07-27,13.9,8.9,18.2,0.00
2026-07-28,15.6,7.9,27.8,5.40
2026-07-29,11.8,7.4,21.5,1.50
2026-07-30,12.2,6.2,12.0,0.00
2026-07-31,12.4,3.4,5.4,0.00
2026-08-01,15.0,2.4,14.8,0.00
2026-08-02,15.8,7.8,18.4,0.00
2026-08-03,13.9,7.3,18.7,0.70
2026-08-04,12.7,7.1,18.0,6.20
2026-08-05,12.8,8.3,15.0,4.80
2026-08-06,15.1,7.2,14.1,0.20
2026-08-07,15.0,9.0,8.8,0.60
2026-08-08,15.9,9.8,18.2,0.40
2026-08-09,13.2,10.0,19.1,5.40
2026-08-10,13.4,9.2,23.5,29.10
2026-08-11,13.9,8.5,18.4,0.10
2026-08-12,14.3,9.3,17.3,3.10
2026-08-13,15.5,9.8,12.3,0.90
2026-08-14,16.3,10.1,11.3,0.50
2026-08-15,13.6,9.0,10.3,0.00
2026-08-16,13.4,6.3,7.6,0.00
2026-08-17,13.9,6.5,7.1,0.00
2026-08-18,19.0,6.5,18.3,1.60
2026-08-19,15.5,12.8,26.5,12.20
2026-08-20,17.1,10.2,14.6,4.50
2026-08-21,14.8,7.6,14.1,0.00
2026-08-22,14.7,9.8,16.9,0.30
2026-08-23,17.1,5.7,15.0,0.00
2026-08-24,17.3,9.2,17.8,0.00
2026-08-25,15.5,11.0,12.7,14.50
2026-08-26,14.1,8.7,16.3,2.10
2026-08-27,15.3,6.2,8.6,0.10
2026-08-28,15.9,7.9,8.7,1.50
2026-08-29,14.3,7.7,10.9,0.00
2026-08-30,14.3,7.4,6.9,0.00
2026-08-31,15.9,9.8,6.2,0.00
2026-09-01,20.6,11.3,25.4,1.70
2026-09-02,16.0,11.1,15.0,4.90
2026-09-03,17.3,9.4,17.8,0.60
2026-09-04,17.6,6.6,19.3,0.20
2026-09-05,17.7,11.9,25.5,16.00
2026-09-06,16.5,10.9,18.7,0.10
2026-09-07,13.5,10.9,22.6,0.70
2026-09-08,15.1,5.9,13.2,0.00
2026-09-09,12.8,9.8,25.5,0.80
2026-09-10,14.3,8.0,15.3,0.00
2026-09-11,15.2,6.1,8.3,0.00
2026-09-12,21.6,5.6,12.6,0.00
2026-09-13,23.6,13.5,21.3,0.00
2026-09-14,18.7,13.7,20.6,0.30
2026-09-15,14.3,9.5,24.5,1.00
2026-09-16,12.6,9.7,22.8,0.40
2026-09-17,14.6,8.5,11.4,0.00
2026-09-18,22.8,5.3,16.3,0.00
2026-09-19,26.8,14.2,18.4,0.00
2026-09-20,28.1,14.7,32.4,0.00
2026-09-21,16.3,10.5,21.0,0.70
2026-09-22,15.5,6.5,15.7,0.00
2026-09-23,18.4,5.4,9.5,0.00
2026-09-24,25.5,10.0,19.3,0.40
2026-09-25,23.2,15.0,12.8,1.80
2026-09-26,14.7,10.9,19.1,9.00
2026-09-27,15.8,8.6,19.8,0.00
2026-09-28,15.9,5.1,11.0,0.00
2026-09-29,22.7,8.8,22.2,0.00
2026-09-30,23.9,17.3,26.4,0.50
2026-10-01,21.9,12.4,24.2,27.10
2026-10-02,16.3,12.1,17.2,14.90
2026-10-03,16.4,12.2,19.5,14.40
2026-10-04,14.8,10.7,13.4,0.00
2026-10-05,16.3,9.8,8.2,0.00
2026-10-06,16.1,10.4,22.8,1.10
